OrderID,OrderDate,CustomerName,Region,Product,Quantity,UnitPrice,Discount,PaymentMode
FX206950,2025-05-13,Aarav Mehta,West,Fish Curry Meals,1,325.71,0.25,Cash on Delivery
FX203535,2025-08-05,Kavya Subramanian,south,Spring Roll,7,160.59,0.0,Cash on Delivery
FX201059,2025-07-21,Rahul Sinha,north,Idli Sambar,6,88.11,0.0,Wallet
FX207512,02-20-2025,Yash Patel,west,Spring Roll,6,159.0,0.0,Card
FX204239,2025-12-21,Diya Nair,north,Chicken Biryani,6,286.11,0.25,Card
FX200204,02-10-2025,Riya Kapoor,North,Chicken Noodles,3,243.78,0.05,Card
FX208764,18/04/2025,Yash Patel,north,Green Salad,1,140.39,0.05,Card
FX206169,23/07/2025,Diya Nair,West,Idli Sambar,3,88.11,0.0,Wallet
FX205278,16/07/2025,Kabir Shah,East,Gulab Jamun,1,99.0,0.15,Wallet
FX201872,2025-10-10,,west,Veg Fried Rice,4,197.01,0.0,UPI
FX203849,2025-10-31,Diya Nair,West,Paneer Butter Masala,1,253.82,0.0,Wallet
FX207608,08/08/2025,Priya Balaji,North,Paneer Butter Masala,4,253.82,0.05,Cash on Delivery
FX204889,2025-01-13,Rohan Pillai,North,Margherita Pizza,6,246.51,,UPI
FX201380,2025-12-11,Aarav Mehta,North,Idli Sambar,3,89.0,0.1,Card
FX204268,2025-02-08,Rahul Sinha,SOUTH,Masala Dosa,8,131.58,0.25,Cash on Delivery
FX205277,28/09/2025,Nikhil Menon,north,Gulab Jamun,4,97.02,0.1,Card
FX200842,18/12/2025,Meera Krishnan,west,Cold Coffee,2,117.81,0.05,Card
FX206033,27/05/2025,Dev Sharma,south,Margherita Pizza,2,251.49,0.05,Wallet
FX205002,2025-03-26,Nisha Gupta,West,Fish Curry Meals,3,332.29,0.2,Card
FX201455,08-31-2025,Kabir Shah,north,Fish Curry Meals,1,332.29,0.05,Wallet
FX202447,06/08/2025,Yash Patel,EAST,Spring Roll,3,160.59,0.15,Wallet
FX205177,2025-08-05,Aditya Ghosh,EAST,Veg Fried Rice,7,200.99,0.05,Card
FX206206,15/04/2025,Aditya Ghosh,west,Chicken Biryani,3,283.22,,Wallet
FX208849,04-05-2025,Vihaan Rao,SOUTH,Spring Roll,8,159.0,0.2,UPI
FX203736,16/03/2025,Karthik Raman,south,Farmhouse Pizza,6,395.01,0.0,Wallet
FX208887,31/03/2025,Ananya Iyer,west,Margherita Pizza,7,249.0,0.0,UPI
FX204228,2025-10-20,Yash Patel,north,Idli Sambar,1,89.0,0.25,Card
FX207560,20/02/2025,Arjun Verma,West,Mango Lassi,5,110.09,0.0,UPI
FX206575,2025-01-16,Rohan Pillai,East,Chicken Biryani,7,291.89,0.0,Wallet
FX207547,16/06/2025,Riya Kapoor,North,Fish Curry Meals,3,329.0,0.0,Cash on Delivery
FX203578,2025-06-18,Arjun Verma,West,Chicken Noodles,4,239.0,0.15,UPI
FX203551,2025-09-26,Rohan Pillai,EAST,Chicken Noodles,8,239.0,0.15,Card
FX202086,2025-07-05,Karthik Raman,south,Chicken Noodles,6,241.39,0.25,Wallet
FX200179,27/05/2025,Kavya Subramanian,EAST,Idli Sambar,1,88.11,0.1,Wallet
FX207806,11-07-2025,Aditya Ghosh,North,Chicken Biryani,5,294.78,0.25,UPI
FX200356,2025-05-10,Nisha Gupta,north,Filter Coffee,8,58.41,0.1,Cash on Delivery
FX204799,10-21-2025,Saanvi Reddy,north,Gulab Jamun,7,97.02,0.2,Cash on Delivery
FX204301,2025-09-29,Saanvi Reddy,south,Cold Coffee,8,116.62,0.0,Cash on Delivery
FX204211,2025-04-22,Yash Patel,west,Paneer Butter Masala,7,253.82,0.1,Wallet
FX200657,03-25-2025,Kabir Shah,West,Fish Curry Meals,3,322.42,,Card
FX203922,2025-05-30,Arjun Verma,North,Filter Coffee,6,57.82,,UPI
FX201989,03-21-2025,Yash Patel,SOUTH,Chicken Biryani,1,291.89,0.0,UPI
FX208571,07-20-2025,Rahul Sinha,North,Butter Naan,8,45.0,0.0,Cash on Delivery
FX201045,2025-02-20,Omkar Deshpande,North,Butter Naan,3,44.1,0.25,UPI
FX206436,12-24-2025,Rohan Pillai,EAST,Paneer Butter Masala,5,253.82,0.05,Cash on Delivery
FX208455,27/04/2025,Nisha Gupta,west,Chocolate Brownie,5,151.98,0.0,Cash on Delivery
FX204872,16/02/2025,Yash Patel,west,Mutton Roll,1,281.79,0.0,Card
FX204809,2025-03-09,Nisha Gupta,west,Gulab Jamun,4,100.98,,Cash on Delivery
FX205986,09-20-2025,Rohan Pillai,west,Green Salad,5,136.22,0.0,Cash on Delivery
FX204605,04/02/2025,Arjun Verma,North,Butter Naan,1,45.9,0.2,UPI
FX201981,06-24-2025,Karthik Raman,north,Masala Dosa,1,131.58,0.1,Card
FX202227,12/11/2025,Ananya Iyer,SOUTH,Farmhouse Pizza,3,406.98,0.25,Cash on Delivery
FX206764,2025-09-25,Ananya Iyer,SOUTH,Spring Roll,6,155.82,0.2,UPI
FX205387,2025-07-13,Omkar Deshpande,west,Paneer Butter Masala,4,253.82,0.0,Cash on Delivery
FX206685,12/02/2025,Nisha Gupta,SOUTH,Chicken Noodles,1,241.39,0.0,UPI
FX201440,2025-02-27,Omkar Deshpande,West,Masala Dosa,1,126.42,0.2,Wallet
FX202108,2025-05-05,Tara Joshi,North,Tandoori Chicken,2,457.98,,Cash on Delivery
FX204223,02-05-2025,Tara Joshi,SOUTH,Paneer Butter Masala,1,256.41,0.0,Card
FX206641,2025-04-12,Rahul Sinha,North,Mango Lassi,1,111.18,0.15,UPI
FX200640,2025-07-14,Nisha Gupta,EAST,Idli Sambar,1,87.22,0.2,Card
FX204918,16/04/2025,Arjun Verma,East,Green Salad,1,139.0,0.0,Card
FX205526,07/09/2025,Manish Tiwari,North,Margherita Pizza,2,253.98,0.2,Wallet
FX206931,08-21-2025,Yash Patel,SOUTH,Chicken Noodles,3,241.39,0.1,Card
FX207697,18/03/2025,Yash Patel,north,Veg Biryani,6,216.81,0.25,Wallet
FX204001,10/03/2025,Aarav Mehta,EAST,Margherita Pizza,1,251.49,0.05,UPI
FX206412,20/11/2025,Vihaan Rao,south,Gulab Jamun,5,98.01,0.0,Card
FX208820,18/01/2025,Saanvi Reddy,west,Idli Sambar,5,90.78,0.2,Cash on Delivery
FX201076,2025-03-29,Priya Balaji,north,Fish Curry Meals,6,325.71,0.0,UPI
FX207052,04-10-2025,Ishita Bose,East,Farmhouse Pizza,3,406.98,0.15,Wallet
FX206048,05-18-2025,Yash Patel,west,Spring Roll,3,162.18,0.0,Cash on Delivery
FX205046,04-13-2025,Diya Nair,SOUTH,Veg Biryani,4,221.19,0.0,Cash on Delivery
FX208138,2025-02-24,Nisha Gupta,North,Veg Fried Rice,3,199.0,0.0,Card
FX208681,26/03/2025,Diya Nair,north,Veg Biryani,4,214.62,0.2,UPI
FX201974,2025-12-13,Aarav Mehta,SOUTH,Paneer Butter Masala,5,256.41,0.0,UPI
FX206902,2025-03-07,Vihaan Rao,East,Paneer Butter Masala,2,264.18,0.15,Wallet
FX204048,04/06/2025,Dev Sharma,West,Farmhouse Pizza,8,395.01,0.0,Wallet
FX207075,2025-01-04,Diya Nair,East,Veg Fried Rice,5,199.0,0.15,UPI
FX202635,2025-07-09,Ananya Iyer,west,Farmhouse Pizza,2,391.02,0.0,Cash on Delivery
FX206378,16/01/2025,Nikhil Menon,East,Mango Lassi,2,107.91,0.05,UPI
FX204351,12-24-2025,Omkar Deshpande,SOUTH,Gulab Jamun,6,99.99,0.15,UPI
FX207039,01-28-2025,Ananya Iyer,SOUTH,Butter Naan,1,45.9,0.2,UPI
FX206071,08-02-2025,Rahul Sinha,north,Veg Biryani,6,216.81,0.15,Wallet
FX201625,2025-03-07,Diya Nair,EAST,Paneer Butter Masala,2,259.0,0.15,UPI
FX206578,01-19-2025,Arjun Verma,North,Idli Sambar,8,89.0,0.2,Wallet
FX206193,2025-03-05,Karthik Raman,EAST,Farmhouse Pizza,4,395.01,0.15,Cash on Delivery
FX200977,01/09/2025,Ananya Iyer,West,Masala Dosa,-7,127.71,0.1,Wallet
FX200747,07/04/2025,Karthik Raman,west,Mutton Roll,6,284.58,0.0,Wallet
FX206041,2025-05-01,Sneha Varma,north,Chocolate Brownie,6,147.51,0.05,Cash on Delivery
FX203474,2025-12-24,Tara Joshi,North,Margherita Pizza,2,244.02,0.05,UPI
FX201576,2025-11-16,Aarav Mehta,East,Fish Curry Meals,5,332.29,0.15,UPI
FX203388,2025-04-16,Saanvi Reddy,EAST,Chicken Biryani,2,286.11,0.2,Wallet
FX206697,2025-01-12,Ishita Bose,North,Margherita Pizza,2,251.49,,UPI
FX207907,26/08/2025,Yash Patel,EAST,Mutton Roll,7,279.0,0.0,Card
FX201254,06-17-2025,Manish Tiwari,west,Chicken Biryani,6,289.0,0.1,Card
FX205949,2025-09-10,Aditya Ghosh,SOUTH,Filter Coffee,5,59.59,0.15,Cash on Delivery
FX201431,04/01/2025,Manish Tiwari,North,Paneer Butter Masala,6,261.59,0.15,Card
FX207403,2025-03-11,Lakshmi Prasad,SOUTH,Margherita Pizza,5,251.49,0.1,Wallet
FX204328,2025-05-16,Saanvi Reddy,south,Chicken Biryani,6,289.0,0.0,UPI
FX203194,2025-01-02,Meera Krishnan,north,Chocolate Brownie,1,150.49,0.0,Cash on Delivery
FX206768,01-26-2025,Aditya Ghosh,West,Filter Coffee,4,60.18,0.1,Wallet
FX204348,03/07/2025,Sneha Varma,West,Green Salad,1,140.39,0.05,Card
FX204689,09-17-2025,Saanvi Reddy,East,Masala Dosa,4,129.0,0.05,Card
FX204194,04/01/2025,Aditya Ghosh,North,Tandoori Chicken,7,444.51,0.1,Cash on Delivery
FX208069,2025-09-19,Nisha Gupta,East,Idli Sambar,5,87.22,0.1,UPI
FX203449,11-17-2025,Riya Kapoor,North,Green Salad,7,140.39,0.0,UPI
FX204929,23/06/2025,Diya Nair,west,Veg Fried Rice,7,202.98,0.0,Wallet
FX203399,08-01-2025,Diya Nair,south,Green Salad,3,137.61,0.1,Cash on Delivery
FX207087,03-03-2025,Arjun Verma,SOUTH,Margherita Pizza,7,246.51,0.0,Cash on Delivery
FX201582,2025-08-01,Arjun Verma,North,Chicken Noodles,5,243.78,0.0,Wallet
FX205009,30/03/2025,Nisha Gupta,west,Fish Curry Meals,5,332.29,0.25,Wallet
FX207944,2025-03-01,Nisha Gupta,North,Fish Curry Meals,7,322.42,0.0,UPI
FX201104,10-13-2025,Kabir Shah,North,Veg Biryani,4,221.19,0.2,UPI
FX202591,10/08/2025,Nikhil Menon,north,Mango Lassi,8,107.91,0.2,UPI
FX207844,2025-11-20,Meera Krishnan,south,Idli Sambar,3,90.78,0.15,Cash on Delivery
FX208923,26/03/2025,Ananya Iyer,west,Idli Sambar,1,90.78,0.2,Wallet
FX201167,22/10/2025,Manish Tiwari,south,Gulab Jamun,3,100.98,0.25,Wallet
FX205799,2025-10-24,Aarav Mehta,SOUTH,Chocolate Brownie,2,150.49,0.1,Cash on Delivery
FX200219,2025-01-15,Aditya Ghosh,EAST,Mango Lassi,5,109.0,0.05,Cash on Delivery
FX200981,09/05/2025,Ananya Iyer,SOUTH,Farmhouse Pizza,3,391.02,0.0,UPI
FX200722,2025-12-09,Nikhil Menon,SOUTH,Veg Biryani,5,223.38,0.2,Wallet
FX205604,09-01-2025,Saanvi Reddy,SOUTH,Paneer Butter Masala,8,253.82,0.1,Cash on Delivery
FX204847,18/11/2025,Lakshmi Prasad,north,Mango Lassi,4,106.82,0.2,Card
FX206691,2025-05-23,Vihaan Rao,south,Mango Lassi,5,107.91,0.05,Wallet
FX200047,2025-11-06,Aarav Mehta,south,Filter Coffee,8,57.82,0.0,Card
FX203010,2025-06-28,Kavya Subramanian,south,Chicken Noodles,5,236.61,0.15,Cash on Delivery
FX206926,12-06-2025,Ananya Iyer,North,Gulab Jamun,5,97.02,0.05,Card
FX207691,04-28-2025,Lakshmi Prasad,West,Veg Biryani,2,223.38,0.0,UPI
FX201718,11/05/2025,Tara Joshi,west,Fish Curry Meals,3,322.42,0.0,Wallet
FX201995,2025-04-24,Sneha Varma,North,Filter Coffee,1,59.59,0.0,UPI
FX204912,11/05/2025,Aditya Ghosh,north,Gulab Jamun,2,97.02,0.0,Wallet
FX202998,2025-05-10,Riya Kapoor,East,Paneer Butter Masala,5,259.0,0.0,Card
FX200924,25/12/2025,Karthik Raman,East,Veg Fried Rice,7,202.98,0.15,Card
FX204165,2025-08-15,Ishita Bose,East,Gulab Jamun,8,99.99,0.2,UPI
FX208644,02/07/2025,Manish Tiwari,north,Masala Dosa,3,129.0,0.0,Cash on Delivery
FX206284,03-28-2025,,SOUTH,Veg Biryani,7,219.0,0.05,Cash on Delivery
FX203835,24/06/2025,Aarav Mehta,East,Margherita Pizza,1,253.98,0.0,UPI
FX206126,29/10/2025,Karthik Raman,EAST,Margherita Pizza,8,246.51,0.15,Cash on Delivery
FX202353,2025-06-06,Rohan Pillai,SOUTH,Paneer Butter Masala,7,253.82,0.0,Cash on Delivery
FX200709,13/10/2025,Vihaan Rao,west,Mango Lassi,6,109.0,0.0,UPI
FX201470,2025-11-26,Dev Sharma,north,Margherita Pizza,1,246.51,0.15,Cash on Delivery
FX204568,2025-03-02,Vihaan Rao,west,Butter Naan,1,45.0,0.0,Wallet
FX200039,09-23-2025,,SOUTH,Tandoori Chicken,6,453.49,0.25,Cash on Delivery
FX206605,2025-04-27,Ananya Iyer,west,Tandoori Chicken,2,444.51,0.2,UPI
FX201614,02/04/2025,Nisha Gupta,north,Veg Biryani,4,214.62,0.0,Wallet
FX200353,2025-08-11,Dev Sharma,West,Paneer Butter Masala,4,264.18,0.1,UPI
FX207717,04-15-2025,Rohan Pillai,west,Mango Lassi,8,111.18,0.15,Cash on Delivery
FX205645,2025-04-09,Saanvi Reddy,north,Green Salad,8,141.78,,Cash on Delivery
FX206784,12/08/2025,Vihaan Rao,North,Margherita Pizza,4,244.02,0.05,Cash on Delivery
FX208476,2025-09-24,Diya Nair,north,Chicken Noodles,8,241.39,0.2,Cash on Delivery
FX200738,04-14-2025,Aditya Ghosh,west,Paneer Butter Masala,2,261.59,0.0,Cash on Delivery
FX201910,08-26-2025,Ananya Iyer,west,Chicken Noodles,2,243.78,0.15,UPI
FX208825,2025-01-22,Manish Tiwari,SOUTH,Chocolate Brownie,2,146.02,0.25,Card
FX203343,13/09/2025,Yash Patel,East,Chicken Noodles,8,239.0,0.25,Cash on Delivery
FX204344,2025-02-23,Tara Joshi,North,Green Salad,2,136.22,0.0,UPI
FX208293,2025-09-08,Sneha Varma,EAST,Chocolate Brownie,7,149.0,0.0,Cash on Delivery
FX204432,2025-10-03,Ishita Bose,west,Mango Lassi,3,111.18,0.15,Card
FX205508,2025-04-14,Nisha Gupta,west,Cold Coffee,6,116.62,0.15,Wallet
FX206026,26/06/2025,Saanvi Reddy,west,Chicken Noodles,2,243.78,0.2,Cash on Delivery
FX208368,04-12-2025,Ananya Iyer,SOUTH,Margherita Pizza,6,253.98,0.15,Cash on Delivery
FX206042,26/06/2025,Aditya Ghosh,west,Farmhouse Pizza,1,395.01,0.15,Wallet
FX204239,2025-12-21,Diya Nair,north,Chicken Biryani,6,286.11,0.25,Card
FX204763,2025-05-28,Dev Sharma,EAST,Gulab Jamun,5,99.99,0.2,UPI
FX205109,12/04/2025,Tara Joshi,SOUTH,Veg Fried Rice,7,195.02,0.05,UPI
FX200477,2025-08-07,Karthik Raman,West,Tandoori Chicken,4,440.02,0.15,Card
FX203264,03/07/2025,Tara Joshi,west,Fish Curry Meals,4,322.42,0.25,Wallet
FX207554,2025-02-22,Kabir Shah,EAST,Mutton Roll,2,276.21,0.15,Wallet
FX200125,05-04-2025,Lakshmi Prasad,West,Fish Curry Meals,4,325.71,0.15,Wallet
FX206635,06/08/2025,Saanvi Reddy,EAST,Butter Naan,2,45.45,0.05,Card
FX201188,06-29-2025,Vihaan Rao,SOUTH,Butter Naan,3,44.1,0.0,Cash on Delivery
FX206087,04/08/2025,Aditya Ghosh,north,Idli Sambar,4,89.0,0.25,Wallet
FX202644,24/04/2025,Priya Balaji,East,Green Salad,3,136.22,0.15,Cash on Delivery
FX204560,2025-06-25,Ananya Iyer,EAST,Farmhouse Pizza,3,391.02,0.2,Card
FX208853,2025-04-18,Rahul Sinha,East,Veg Fried Rice,7,199.0,,Card
FX207910,25/07/2025,,north,Chicken Biryani,4,286.11,0.1,Cash on Delivery
FX202219,18/01/2025,Aarav Mehta,West,Idli Sambar,4,89.0,0.25,Card
FX202401,02-21-2025,Vihaan Rao,EAST,Veg Fried Rice,3,200.99,,Card
FX206083,2025-02-27,Nikhil Menon,West,Chocolate Brownie,4,151.98,0.1,Card
FX208037,2025-05-31,Kavya Subramanian,SOUTH,Margherita Pizza,8,246.51,0.1,Card
FX208467,17/10/2025,Meera Krishnan,north,Margherita Pizza,1,251.49,0.0,Cash on Delivery
FX205153,13/05/2025,Aditya Ghosh,west,Veg Fried Rice,2,202.98,0.05,Cash on Delivery
FX200364,27/05/2025,Ananya Iyer,north,Butter Naan,4,44.1,0.0,UPI
FX202357,27/05/2025,Riya Kapoor,north,Margherita Pizza,4,244.02,0.0,Cash on Delivery
FX200851,2025-02-25,Omkar Deshpande,south,Butter Naan,3,45.45,0.0,Cash on Delivery
FX204767,2025-08-31,Karthik Raman,EAST,Veg Fried Rice,1,197.01,0.0,Cash on Delivery
FX200048,01/03/2025,Lakshmi Prasad,north,Chicken Biryani,4,283.22,0.2,Card
FX204599,2025-08-03,Karthik Raman,EAST,Gulab Jamun,6,98.01,0.1,Cash on Delivery
FX205784,08/03/2025,Priya Balaji,north,Idli Sambar,1,89.89,0.0,Card
FX204173,29/07/2025,Ishita Bose,SOUTH,Margherita Pizza,5,246.51,0.2,Card
FX202580,2025-01-29,Ananya Iyer,North,Spring Roll,7,160.59,,Wallet
FX202339,2025-08-10,Aarav Mehta,North,Veg Biryani,4,221.19,0.05,UPI
FX201745,31/01/2025,Vihaan Rao,south,Chocolate Brownie,6,146.02,0.25,Cash on Delivery
FX207238,2025-10-24,Riya Kapoor,East,Spring Roll,3,160.59,0.05,Wallet
FX200677,29/10/2025,,North,Mango Lassi,1,106.82,0.0,Cash on Delivery
FX201540,2025-09-09,Nisha Gupta,north,Fish Curry Meals,3,335.58,0.0,Cash on Delivery
FX208805,01-02-2025,Dev Sharma,west,Green Salad,7,139.0,,Cash on Delivery
FX205116,2025-07-03,Karthik Raman,East,Tandoori Chicken,6,453.49,0.0,Cash on Delivery
FX208141,03-18-2025,Riya Kapoor,North,Filter Coffee,3,59.59,0.2,Wallet
FX206709,2025-04-04,Aarav Mehta,North,Cold Coffee,7,117.81,0.1,Cash on Delivery
FX207457,12-12-2025,Diya Nair,SOUTH,Spring Roll,8,162.18,0.0,Cash on Delivery
FX201549,14/11/2025,Kavya Subramanian,north,Gulab Jamun,4,99.0,0.0,Cash on Delivery
FX206135,18/01/2025,Karthik Raman,EAST,Butter Naan,2,45.45,0.2,Wallet
FX200978,11-23-2025,Saanvi Reddy,west,Idli Sambar,1,89.0,0.0,UPI
FX204696,2025-04-15,Meera Krishnan,North,Veg Biryani,6,221.19,0.25,Cash on Delivery
FX201039,2025-05-25,Lakshmi Prasad,west,Butter Naan,6,44.55,0.2,Wallet
FX205265,2025-10-17,Ishita Bose,North,Tandoori Chicken,7,440.02,0.05,Card
FX203533,2025-10-12,Manish Tiwari,south,Veg Fried Rice,6,202.98,0.15,UPI
FX203087,07-23-2025,Kabir Shah,East,Mango Lassi,2,110.09,,Cash on Delivery
FX205007,2025-12-24,Ishita Bose,SOUTH,Tandoori Chicken,8,457.98,0.2,UPI
FX201446,2025-09-02,Kavya Subramanian,south,Margherita Pizza,2,253.98,0.0,Cash on Delivery
FX204376,28/04/2025,Arjun Verma,North,Veg Fried Rice,2,197.01,0.25,Cash on Delivery
FX205515,06-05-2025,Riya Kapoor,East,Gulab Jamun,5,100.98,0.1,UPI
FX200421,01-19-2025,Nikhil Menon,EAST,Margherita Pizza,8,249.0,0.05,Card
FX203196,11-03-2025,Nikhil Menon,EAST,Chicken Biryani,3,289.0,0.1,Cash on Delivery
FX207327,2025-09-26,Kavya Subramanian,East,Paneer Butter Masala,7,261.59,0.0,UPI
FX206079,2025-01-13,Yash Patel,north,Cold Coffee,7,120.19,0.0,Cash on Delivery
FX202468,27/07/2025,Dev Sharma,North,Tandoori Chicken,5,449.0,0.0,Wallet
FX208028,2025-01-04,,West,Farmhouse Pizza,7,391.02,0.25,Cash on Delivery
FX202655,2025-12-05,Rohan Pillai,south,Filter Coffee,-4,57.82,0.0,Cash on Delivery
FX201534,2025-08-07,Nisha Gupta,SOUTH,Chicken Noodles,1,241.39,0.0,Card
FX200325,2025-04-19,Diya Nair,East,Veg Fried Rice,5,202.98,0.1,Card
FX206328,2025-08-03,Vihaan Rao,north,Chicken Noodles,-1,234.22,0.2,Wallet
FX203751,2025-12-17,Arjun Verma,SOUTH,Veg Fried Rice,7,199.0,0.2,UPI
FX203489,2025-11-21,Saanvi Reddy,North,Butter Naan,3,45.0,0.2,UPI
FX207228,2025-05-25,Tara Joshi,north,Spring Roll,6,157.41,0.05,Card
FX208834,03/06/2025,Karthik Raman,EAST,Tandoori Chicken,6,449.0,0.2,UPI
FX202041,2025-09-01,Riya Kapoor,SOUTH,Idli Sambar,1,88.11,0.15,UPI
FX204429,10/12/2025,Omkar Deshpande,North,Chicken Biryani,8,283.22,0.2,Card
FX207093,2025-05-20,Ananya Iyer,West,Masala Dosa,7,126.42,0.15,Wallet
FX205489,23/02/2025,Omkar Deshpande,North,Chicken Noodles,5,236.61,0.25,UPI
FX206381,15/09/2025,Diya Nair,East,Farmhouse Pizza,2,391.02,0.15,Card
FX206702,06-26-2025,Sneha Varma,south,Gulab Jamun,1,99.0,0.05,Wallet
FX201632,2025-12-18,Saanvi Reddy,North,Gulab Jamun,3,98.01,0.2,Cash on Delivery
FX207908,2025-04-26,Sneha Varma,SOUTH,Mutton Roll,6,273.42,0.25,UPI
FX208163,2025-04-13,Riya Kapoor,west,Spring Roll,8,157.41,0.0,UPI
FX206674,12-02-2025,Aarav Mehta,East,Chicken Noodles,-4,243.78,0.0,Cash on Delivery
FX202798,17/03/2025,Arjun Verma,West,Idli Sambar,4,88.11,0.15,UPI
FX203269,2025-11-24,Rohan Pillai,south,Chicken Biryani,7,283.22,0.05,Wallet
FX206788,02/02/2025,Aditya Ghosh,West,Gulab Jamun,8,99.99,0.0,UPI
FX202737,2025-12-10,Diya Nair,west,Masala Dosa,2,127.71,0.0,Card
FX208339,2025-06-28,Saanvi Reddy,EAST,Spring Roll,5,157.41,0.25,Cash on Delivery
FX208489,2025-04-14,Dev Sharma,EAST,Filter Coffee,-3,57.82,0.0,Wallet
FX202518,11-16-2025,Priya Balaji,north,Margherita Pizza,3,244.02,0.25,Card
FX208135,2025-05-17,Aditya Ghosh,East,Butter Naan,8,44.55,0.1,Wallet
FX207588,31/08/2025,Aditya Ghosh,north,Tandoori Chicken,6,457.98,0.05,Card
FX201386,25/05/2025,,south,Idli Sambar,4,87.22,0.2,Wallet
FX203965,2025-11-11,Kavya Subramanian,East,Veg Biryani,4,214.62,0.05,Cash on Delivery
FX203065,2025-02-21,Saanvi Reddy,north,Chicken Biryani,3,286.11,0.1,UPI
FX206839,16/12/2025,Tara Joshi,West,Fish Curry Meals,2,335.58,0.1,Cash on Delivery
FX205253,2025-06-17,Ishita Bose,north,Chicken Biryani,1,291.89,0.25,Cash on Delivery
FX207483,03-29-2025,Arjun Verma,south,Butter Naan,6,45.0,0.2,UPI
FX202736,20/06/2025,Rohan Pillai,East,Mango Lassi,2,109.0,0.25,Card
FX208105,2025-11-07,Omkar Deshpande,EAST,Tandoori Chicken,1,440.02,0.2,Card
FX208353,07/08/2025,Riya Kapoor,SOUTH,Filter Coffee,2,59.0,0.2,UPI
FX207189,29/06/2025,Vihaan Rao,north,Chicken Biryani,1,294.78,0.0,Cash on Delivery
FX207294,06-28-2025,Arjun Verma,south,Mango Lassi,4,111.18,0.1,Cash on Delivery
FX202157,24/06/2025,Aarav Mehta,SOUTH,Paneer Butter Masala,7,253.82,0.2,Card
FX206438,10/12/2025,Kavya Subramanian,south,Masala Dosa,4,130.29,0.15,Wallet
FX205912,03-03-2025,Aarav Mehta,south,Chicken Biryani,2,289.0,0.1,Cash on Delivery
FX203614,2025-09-14,Lakshmi Prasad,north,Veg Fried Rice,4,202.98,0.0,Cash on Delivery
FX205818,22/11/2025,Riya Kapoor,EAST,Veg Fried Rice,6,195.02,0.2,UPI
FX205759,2025-09-16,Omkar Deshpande,East,Chicken Biryani,6,289.0,0.15,Card
FX205576,29/12/2025,Riya Kapoor,East,Chocolate Brownie,8,150.49,0.2,Wallet
FX206796,2025-07-23,Saanvi Reddy,west,Chicken Noodles,3,241.39,0.15,Cash on Delivery
FX208175,2025-08-18,Riya Kapoor,SOUTH,Mango Lassi,1,110.09,0.15,Card
FX206065,2025-08-18,Diya Nair,North,Veg Biryani,3,219.0,0.2,Cash on Delivery
FX206037,2025-05-03,Riya Kapoor,SOUTH,Chicken Noodles,-3,241.39,0.0,Cash on Delivery
FX201213,2025-06-24,Aditya Ghosh,EAST,Chicken Noodles,3,243.78,0.15,Wallet
FX203956,2025-05-21,Kavya Subramanian,EAST,Fish Curry Meals,-6,335.58,0.1,Wallet
FX204158,2025-02-09,Omkar Deshpande,EAST,Veg Biryani,5,216.81,0.1,Card
FX208352,07-09-2025,Ishita Bose,west,Chicken Noodles,-6,234.22,0.0,Card
FX202579,12/06/2025,,SOUTH,Gulab Jamun,5,98.01,0.15,Cash on Delivery
FX201803,24/02/2025,Rahul Sinha,south,Spring Roll,6,160.59,0.2,Cash on Delivery
FX208588,18/01/2025,Saanvi Reddy,West,Chicken Biryani,4,283.22,0.25,Cash on Delivery
FX201559,09/04/2025,Lakshmi Prasad,East,Veg Fried Rice,7,197.01,0.0,Cash on Delivery
FX204259,06-12-2025,Ishita Bose,North,Idli Sambar,-6,89.89,0.0,Card
FX203913,2025-08-05,Omkar Deshpande,East,Butter Naan,6,44.55,0.0,Card
FX207081,28/09/2025,Omkar Deshpande,south,Chocolate Brownie,7,150.49,0.0,Card
FX205235,15/11/2025,Priya Balaji,south,Paneer Butter Masala,3,256.41,0.05,Card
FX203137,08-10-2025,Manish Tiwari,West,Gulab Jamun,5,97.02,,Card
FX205481,05-29-2025,Yash Patel,SOUTH,Margherita Pizza,7,251.49,0.15,Cash on Delivery
FX202481,2025-10-14,Priya Balaji,SOUTH,Tandoori Chicken,1,453.49,0.0,Card
FX205421,2025-09-25,Arjun Verma,west,Spring Roll,2,155.82,0.25,Wallet
FX208670,2025-04-12,Saanvi Reddy,North,Veg Fried Rice,3,195.02,0.15,Wallet
FX205719,23/10/2025,Arjun Verma,north,Green Salad,1,137.61,,Wallet
FX200719,2025-08-15,Lakshmi Prasad,south,Green Salad,8,139.0,0.25,Cash on Delivery
FX206617,12/09/2025,Aditya Ghosh,North,Masala Dosa,8,131.58,0.15,UPI
FX206879,2025-04-07,Ishita Bose,West,Cold Coffee,5,119.0,0.0,UPI
FX206553,2025-12-20,Aarav Mehta,North,Fish Curry Meals,3,322.42,0.2,Cash on Delivery
FX205505,10-29-2025,Kabir Shah,west,Tandoori Chicken,6,440.02,0.0,Card
FX203576,2025-12-28,Priya Balaji,East,Fish Curry Meals,3,332.29,0.25,Cash on Delivery
FX208231,2025-11-12,Manish Tiwari,south,Chicken Noodles,7,234.22,0.2,UPI
FX203727,04/12/2025,Tara Joshi,West,Veg Fried Rice,8,200.99,0.0,Wallet
FX202734,2025-02-08,Saanvi Reddy,north,Spring Roll,8,159.0,0.15,Cash on Delivery
FX206640,2025-12-26,Priya Balaji,EAST,Green Salad,6,136.22,0.0,Cash on Delivery
FX201198,2025-09-29,Sneha Varma,north,Green Salad,5,139.0,0.0,Wallet
FX208396,12/02/2025,Dev Sharma,west,Chocolate Brownie,2,149.0,0.0,Wallet
FX208534,2025-05-31,Aditya Ghosh,East,Chicken Biryani,6,294.78,0.2,Card
FX205195,12/01/2025,Tara Joshi,SOUTH,Idli Sambar,5,90.78,0.0,Cash on Delivery
FX202240,2025-10-09,Vihaan Rao,west,Chicken Noodles,4,243.78,0.0,UPI
FX203218,2025-09-23,Aarav Mehta,SOUTH,Mutton Roll,4,281.79,0.1,Wallet
FX207993,2025-03-23,Ishita Bose,south,Mutton Roll,8,284.58,0.25,Card
FX207071,2025-06-01,Kabir Shah,North,Mango Lassi,8,111.18,0.25,Cash on Delivery
FX208451,02-10-2025,Manish Tiwari,SOUTH,Veg Fried Rice,4,199.0,0.25,Wallet
FX208926,23/09/2025,Ananya Iyer,North,Farmhouse Pizza,7,406.98,0.0,Wallet
FX200789,2025-12-04,Kabir Shah,East,Idli Sambar,8,89.0,0.2,Wallet
FX201952,07-10-2025,Nisha Gupta,North,Tandoori Chicken,4,440.02,0.0,Card
FX203372,10-04-2025,Dev Sharma,North,Farmhouse Pizza,1,399.0,0.0,Card
FX203708,06-03-2025,Dev Sharma,west,Filter Coffee,7,60.18,0.2,Wallet
FX206011,05/07/2025,Ananya Iyer,north,Fish Curry Meals,7,325.71,0.25,Card
FX203635,11-29-2025,Priya Balaji,SOUTH,Fish Curry Meals,6,325.71,0.15,Cash on Delivery
FX207441,2025-02-17,Nikhil Menon,west,Masala Dosa,3,130.29,0.0,UPI
FX203585,20/12/2025,Rahul Sinha,North,Mutton Roll,1,281.79,0.0,UPI
FX207729,02-19-2025,Dev Sharma,North,Cold Coffee,4,116.62,0.15,Card
FX202909,23/06/2025,Rahul Sinha,SOUTH,Farmhouse Pizza,3,395.01,0.0,Card
FX202416,2025-03-29,Tara Joshi,North,Tandoori Chicken,6,449.0,0.2,Cash on Delivery
FX206886,07-28-2025,Karthik Raman,North,Paneer Butter Masala,3,253.82,0.2,Cash on Delivery
FX200586,2025-08-19,Manish Tiwari,East,Cold Coffee,1,120.19,0.0,Cash on Delivery
FX207497,2025-06-23,Aditya Ghosh,SOUTH,Filter Coffee,3,59.0,0.0,UPI
FX203124,2025-04-01,Kabir Shah,west,Margherita Pizza,5,253.98,0.0,Cash on Delivery
FX205263,01/04/2025,Tara Joshi,EAST,Chicken Biryani,5,294.78,0.1,Wallet
FX202828,2025-09-13,Rahul Sinha,EAST,Mutton Roll,2,279.0,0.2,UPI
FX205783,2025-11-05,Kabir Shah,SOUTH,Tandoori Chicken,3,457.98,0.2,Card
FX201567,05-16-2025,Aditya Ghosh,North,Filter Coffee,4,57.82,0.0,Card
FX204286,06/07/2025,Dev Sharma,north,Veg Biryani,7,214.62,0.25,Cash on Delivery
FX208266,10-27-2025,Ishita Bose,west,Fish Curry Meals,5,325.71,,UPI
FX200781,2025-05-08,Aditya Ghosh,west,Mutton Roll,1,281.79,0.15,UPI
FX208012,2025-09-02,Karthik Raman,SOUTH,Fish Curry Meals,8,335.58,0.0,UPI
FX205644,2025-08-04,Kavya Subramanian,south,Masala Dosa,4,129.0,,Card
FX208278,07-28-2025,Tara Joshi,EAST,Tandoori Chicken,7,449.0,,UPI
FX205795,05-28-2025,Karthik Raman,East,Filter Coffee,1,58.41,0.25,Cash on Delivery
FX200901,23/11/2025,Manish Tiwari,EAST,Veg Fried Rice,4,199.0,0.0,UPI
FX204127,2025-09-17,Arjun Verma,East,Cold Coffee,4,116.62,0.0,Cash on Delivery
FX206383,07-13-2025,Sneha Varma,North,Idli Sambar,5,89.89,0.1,UPI
FX203101,2025-10-06,Meera Krishnan,EAST,Margherita Pizza,4,251.49,0.0,UPI
FX208239,2025-06-04,Lakshmi Prasad,SOUTH,Farmhouse Pizza,5,395.01,0.15,Wallet
FX206380,23/06/2025,Kabir Shah,west,Butter Naan,5,45.45,0.25,Card
FX201619,11/09/2025,Rohan Pillai,North,Veg Biryani,6,221.19,0.0,Card
FX202248,04/03/2025,Kabir Shah,East,Green Salad,3,141.78,0.25,Card
FX200406,2025-01-05,Riya Kapoor,west,Chocolate Brownie,1,146.02,0.0,Card
FX207210,2025-08-12,Ishita Bose,EAST,Chicken Noodles,1,236.61,0.0,Cash on Delivery
FX206661,2025-11-28,Kavya Subramanian,south,Mango Lassi,2,111.18,0.1,Card
FX203806,2025-04-21,Aditya Ghosh,West,Chicken Biryani,6,286.11,0.0,UPI
FX206194,01-09-2025,Kavya Subramanian,SOUTH,Masala Dosa,5,130.29,0.2,Cash on Delivery
FX205879,09/09/2025,,south,Chocolate Brownie,-5,151.98,0.25,Wallet
FX204156,22/07/2025,,south,Idli Sambar,1,89.89,0.0,Wallet
FX202383,2025-02-25,Sneha Varma,west,Margherita Pizza,8,251.49,0.0,UPI
FX200093,06/04/2025,Rohan Pillai,south,Chicken Noodles,2,239.0,,UPI
FX205976,2025-01-31,Arjun Verma,SOUTH,Fish Curry Meals,8,322.42,0.0,Cash on Delivery
FX206293,11-05-2025,Saanvi Reddy,EAST,Veg Biryani,3,216.81,0.15,Wallet
FX201374,2025-04-29,Manish Tiwari,West,Butter Naan,3,44.1,0.2,Card
FX206018,02/02/2025,Rahul Sinha,SOUTH,Masala Dosa,3,129.0,0.05,Card
FX205766,2025-12-30,Nisha Gupta,EAST,Paneer Butter Masala,8,253.82,0.0,UPI
FX202473,2025-12-24,Manish Tiwari,East,Margherita Pizza,2,249.0,0.1,Card
FX200025,2025-03-03,Aditya Ghosh,south,Margherita Pizza,8,244.02,0.0,UPI
FX201256,01-13-2025,Dev Sharma,north,Chicken Biryani,5,289.0,0.25,Cash on Delivery
FX205420,2025-02-26,,south,Idli Sambar,1,87.22,0.15,Wallet
FX208420,05/02/2025,Sneha Varma,North,Mango Lassi,7,110.09,0.1,Wallet
FX203486,2025-11-29,Yash Patel,West,Idli Sambar,4,89.0,0.1,Cash on Delivery
FX205018,10/06/2025,Rohan Pillai,EAST,Cold Coffee,2,119.0,0.0,Wallet
FX203633,2025-05-18,Rahul Sinha,north,Veg Biryani,2,214.62,0.05,Card
FX208800,2025-02-06,Ananya Iyer,EAST,Margherita Pizza,4,253.98,0.05,UPI
FX204167,08/06/2025,Aarav Mehta,North,Idli Sambar,1,90.78,0.25,Cash on Delivery
FX200162,02/12/2025,Dev Sharma,West,Chicken Biryani,1,294.78,0.05,UPI
FX201060,10/10/2025,Kavya Subramanian,west,Chicken Noodles,3,243.78,0.25,Cash on Delivery
FX200541,09/08/2025,Lakshmi Prasad,EAST,Mango Lassi,3,107.91,0.1,Cash on Delivery
FX202461,07-06-2025,Ishita Bose,north,Veg Biryani,1,219.0,0.0,Card
FX207002,2025-01-02,Ishita Bose,SOUTH,Farmhouse Pizza,2,395.01,0.25,Wallet
FX207987,2025-12-08,Rahul Sinha,SOUTH,Spring Roll,8,155.82,0.25,Cash on Delivery
FX200261,2025-11-15,Sneha Varma,SOUTH,Chicken Noodles,2,236.61,0.15,Cash on Delivery
FX200484,06-21-2025,Priya Balaji,EAST,Mutton Roll,7,281.79,0.2,UPI
FX202143,29/10/2025,Omkar Deshpande,SOUTH,Mango Lassi,5,109.0,0.2,Wallet
FX200172,2025-04-30,Rahul Sinha,north,Masala Dosa,1,129.0,0.1,UPI
FX206855,06/03/2025,Rohan Pillai,west,Veg Fried Rice,1,197.01,0.2,UPI
FX208875,2025-08-19,Lakshmi Prasad,west,Tandoori Chicken,7,457.98,0.15,UPI
FX207877,31/08/2025,Saanvi Reddy,West,Green Salad,-8,136.22,0.25,Cash on Delivery
FX200471,2025-06-03,Aditya Ghosh,SOUTH,Chicken Noodles,3,243.78,0.05,UPI
FX203718,2025-01-14,Saanvi Reddy,East,Spring Roll,2,160.59,0.05,Card
FX203320,11-18-2025,Priya Balaji,West,Green Salad,-8,136.22,0.0,UPI
FX206677,17/01/2025,Rohan Pillai,south,Mango Lassi,4,109.0,0.0,Wallet
FX204407,2025-02-20,Yash Patel,north,Margherita Pizza,1,253.98,0.1,Wallet
FX203685,2025-04-19,Karthik Raman,East,Tandoori Chicken,2,440.02,0.0,UPI
FX202380,05-15-2025,Manish Tiwari,East,Spring Roll,6,162.18,0.1,Card
FX207423,23/05/2025,Diya Nair,west,Mutton Roll,8,279.0,0.05,Wallet
FX208275,2025-03-06,Meera Krishnan,North,Margherita Pizza,3,253.98,0.25,Cash on Delivery
FX202900,03/12/2025,Aarav Mehta,south,Farmhouse Pizza,4,406.98,0.0,Card
FX200086,10/07/2025,Priya Balaji,north,Masala Dosa,6,126.42,0.25,Wallet
FX206713,2025-05-03,Karthik Raman,south,Paneer Butter Masala,3,253.82,0.05,Wallet
FX208014,08/04/2025,Nisha Gupta,SOUTH,Cold Coffee,2,116.62,0.25,Card
FX203537,2025-05-22,Nikhil Menon,East,Veg Biryani,2,214.62,0.15,Card
FX204371,2025-02-02,Rahul Sinha,west,Mango Lassi,2,106.82,0.0,UPI
FX201900,11-21-2025,Rahul Sinha,north,Butter Naan,3,44.55,0.0,Wallet
FX206587,02-07-2025,Kabir Shah,SOUTH,Chicken Noodles,7,239.0,0.25,Cash on Delivery
FX206783,2025-05-30,Manish Tiwari,south,Tandoori Chicken,5,449.0,0.05,UPI
FX206501,2025-01-15,Ishita Bose,EAST,Idli Sambar,6,89.0,0.1,UPI
FX203560,2025-05-15,,SOUTH,Green Salad,6,140.39,0.2,Wallet
FX205888,08/10/2025,Vihaan Rao,East,Filter Coffee,6,58.41,0.0,UPI
FX208132,2025-05-06,Dev Sharma,south,Filter Coffee,3,60.18,0.05,UPI
FX201430,2025-03-17,Vihaan Rao,North,Green Salad,7,139.0,0.1,Cash on Delivery
FX201400,08-26-2025,Ishita Bose,west,Gulab Jamun,8,99.99,0.1,UPI
FX206256,2025-10-13,Rohan Pillai,west,Veg Biryani,-5,221.19,0.15,Cash on Delivery
FX201311,24/02/2025,Dev Sharma,west,Fish Curry Meals,7,335.58,0.15,Wallet
FX204291,11/05/2025,Ananya Iyer,East,Green Salad,5,140.39,0.05,Cash on Delivery
FX200975,04-15-2025,Manish Tiwari,SOUTH,Veg Biryani,1,223.38,0.0,UPI
FX207421,2025-01-09,Ananya Iyer,West,Tandoori Chicken,5,444.51,0.2,Cash on Delivery
FX206201,09/05/2025,Karthik Raman,West,Green Salad,1,140.39,0.0,Card
FX208682,2025-07-28,Diya Nair,west,Gulab Jamun,8,98.01,0.0,Wallet
FX202524,2025-05-09,Karthik Raman,north,Chicken Biryani,1,286.11,0.15,Cash on Delivery
FX201366,2025-03-02,Rohan Pillai,west,Veg Fried Rice,5,202.98,0.0,Cash on Delivery
FX202266,30/06/2025,Lakshmi Prasad,North,Mango Lassi,1,109.0,0.0,Cash on Delivery
FX203587,04-26-2025,Kavya Subramanian,SOUTH,Chocolate Brownie,7,149.0,0.2,Wallet
FX201100,16/12/2025,Nisha Gupta,East,Butter Naan,3,45.0,0.2,Cash on Delivery
FX207857,07-06-2025,Aarav Mehta,East,Farmhouse Pizza,8,406.98,,Cash on Delivery
FX202105,08/08/2025,Omkar Deshpande,north,Tandoori Chicken,7,453.49,0.1,Card
FX207624,2025-04-08,Dev Sharma,south,Butter Naan,1,44.55,0.0,Cash on Delivery
FX208637,2025-04-17,Ishita Bose,north,Chicken Biryani,7,294.78,0.15,Card
FX205558,06/12/2025,Nisha Gupta,EAST,Veg Biryani,1,214.62,0.05,Cash on Delivery
FX201090,2025-10-10,Yash Patel,north,Mango Lassi,4,106.82,0.0,Card
FX205786,08-05-2025,Priya Balaji,West,Veg Biryani,4,216.81,0.25,UPI
FX206019,04-14-2025,Dev Sharma,south,Butter Naan,6,45.9,0.2,Wallet
FX204203,2025-04-29,Rohan Pillai,East,Tandoori Chicken,8,453.49,0.15,Card
FX206831,12-09-2025,Riya Kapoor,west,Spring Roll,1,159.0,0.05,Wallet
FX203833,11-06-2025,Aarav Mehta,EAST,Paneer Butter Masala,4,259.0,0.1,UPI
FX202784,17/08/2025,Aarav Mehta,West,Filter Coffee,7,58.41,0.0,UPI
FX205034,2025-11-16,Vihaan Rao,SOUTH,Masala Dosa,5,131.58,0.0,Cash on Delivery
FX203847,2025-09-02,Arjun Verma,North,Spring Roll,6,155.82,,Cash on Delivery
FX208214,04-17-2025,Kavya Subramanian,West,Chocolate Brownie,8,151.98,0.0,Wallet
FX206015,2025-08-27,Rahul Sinha,West,Tandoori Chicken,1,453.49,0.1,Cash on Delivery
FX205746,12-27-2025,Priya Balaji,EAST,Margherita Pizza,5,249.0,0.0,Card
FX206652,2025-09-27,Saanvi Reddy,West,Masala Dosa,6,126.42,0.25,Card
FX204722,09-13-2025,Kavya Subramanian,East,Filter Coffee,2,60.18,0.15,Cash on Delivery
FX208314,21/03/2025,Aarav Mehta,west,Veg Fried Rice,5,202.98,0.0,Cash on Delivery
FX200895,08-07-2025,Nikhil Menon,East,Gulab Jamun,4,99.99,0.15,UPI
FX200090,22/05/2025,Kavya Subramanian,south,Mango Lassi,5,110.09,0.1,Wallet
FX206761,16/06/2025,Manish Tiwari,EAST,Idli Sambar,2,87.22,0.2,Card
FX201327,08-07-2025,Rohan Pillai,West,Spring Roll,1,155.82,0.05,Cash on Delivery
FX200649,2025-08-16,Karthik Raman,south,Butter Naan,4,44.1,0.1,Cash on Delivery
FX205180,15/02/2025,Lakshmi Prasad,East,Margherita Pizza,1,253.98,0.1,Cash on Delivery
FX204170,2025-10-09,Riya Kapoor,West,Fish Curry Meals,6,325.71,0.0,Wallet
FX208255,10/01/2025,Priya Balaji,west,Filter Coffee,2,59.59,0.25,Cash on Delivery
FX202621,07-25-2025,Nisha Gupta,West,Fish Curry Meals,2,335.58,0.15,Cash on Delivery
FX204553,01/03/2025,Rohan Pillai,East,Paneer Butter Masala,5,256.41,0.0,Cash on Delivery
FX205666,2025-12-04,Ishita Bose,North,Mango Lassi,6,111.18,0.0,Card
FX202387,01-31-2025,Aarav Mehta,EAST,Idli Sambar,6,89.89,0.15,UPI
FX208891,09/02/2025,Priya Balaji,East,Masala Dosa,1,131.58,0.0,UPI
FX200237,2025-01-21,,North,Paneer Butter Masala,5,253.82,0.0,Wallet
FX203627,04-26-2025,Aarav Mehta,west,Veg Fried Rice,4,197.01,,UPI
FX207978,2025-07-31,Diya Nair,North,Butter Naan,3,44.55,0.05,Cash on Delivery
FX203146,2025-07-06,Manish Tiwari,North,Gulab Jamun,5,100.98,0.0,Cash on Delivery
FX208299,11-19-2025,Vihaan Rao,SOUTH,Gulab Jamun,1,99.99,0.0,Cash on Delivery
FX200249,09/09/2025,Diya Nair,EAST,Veg Biryani,1,219.0,0.0,Wallet
FX203144,29/04/2025,Saanvi Reddy,north,Fish Curry Meals,3,332.29,0.25,Cash on Delivery
FX206002,12-14-2025,Rahul Sinha,north,Veg Biryani,4,221.19,,Card
FX202094,2025-06-25,Kavya Subramanian,west,Margherita Pizza,5,246.51,0.15,Card
FX208999,2025-12-04,Ananya Iyer,North,Cold Coffee,4,116.62,0.15,UPI
FX207896,13/04/2025,Meera Krishnan,East,Gulab Jamun,8,97.02,,Card
FX207310,2025-07-23,Omkar Deshpande,west,Green Salad,4,137.61,0.1,UPI
FX203506,10/01/2025,Yash Patel,west,Fish Curry Meals,4,332.29,0.1,UPI
FX200762,2025-01-17,Tara Joshi,West,Spring Roll,5,162.18,0.1,Wallet
FX208829,28/12/2025,Omkar Deshpande,East,Butter Naan,3,44.1,0.0,Wallet
FX200641,2025-10-20,Saanvi Reddy,west,Paneer Butter Masala,3,253.82,0.2,Cash on Delivery
FX206384,2025-05-24,Tara Joshi,North,Cold Coffee,5,120.19,0.0,Wallet
FX203461,2025-01-01,Ananya Iyer,north,Spring Roll,7,157.41,0.05,Wallet
FX208558,2025-04-19,Dev Sharma,south,Veg Fried Rice,3,195.02,0.15,Card
FX206029,2025-05-07,Lakshmi Prasad,south,Green Salad,7,139.0,0.0,UPI
FX202878,01-22-2025,Vihaan Rao,west,Mango Lassi,2,109.0,0.2,UPI
FX203787,07/01/2025,Nikhil Menon,south,Tandoori Chicken,6,449.0,0.0,Cash on Delivery
FX200447,21/11/2025,Aditya Ghosh,EAST,Tandoori Chicken,7,440.02,,UPI
FX204199,16/03/2025,Sneha Varma,north,Paneer Butter Masala,4,256.41,0.0,Card
FX200336,2025-06-27,Rohan Pillai,north,Spring Roll,5,159.0,,Card
FX205605,2025-04-12,Vihaan Rao,south,Veg Fried Rice,8,202.98,0.0,Cash on Delivery
FX203503,06-24-2025,Manish Tiwari,north,Fish Curry Meals,-2,332.29,,UPI
FX204766,07/12/2025,Tara Joshi,west,Chicken Biryani,1,283.22,0.0,Card
FX204620,10-20-2025,Priya Balaji,west,Chicken Noodles,6,239.0,0.25,Wallet
FX201860,09/03/2025,Yash Patel,west,Cold Coffee,2,116.62,0.0,UPI
FX207079,2025-10-19,Ishita Bose,East,Spring Roll,6,162.18,0.1,Cash on Delivery
FX203302,05-05-2025,Priya Balaji,East,Veg Fried Rice,1,197.01,0.2,Card
FX207615,01-03-2025,Sneha Varma,West,Filter Coffee,1,57.82,0.1,Wallet
FX208351,09-23-2025,Omkar Deshpande,SOUTH,Idli Sambar,3,88.11,0.2,UPI
FX207777,2025-05-30,,south,Green Salad,7,137.61,0.0,UPI
FX201526,2025-04-09,Nisha Gupta,North,Mutton Roll,4,284.58,0.0,Cash on Delivery
FX201973,2025-03-25,Tara Joshi,East,Veg Fried Rice,1,200.99,0.05,Cash on Delivery
FX203295,20/01/2025,Karthik Raman,EAST,Margherita Pizza,3,253.98,0.1,Wallet
FX203274,2025-09-27,Aditya Ghosh,North,Masala Dosa,4,126.42,,Card
FX208429,24/02/2025,Sneha Varma,west,Veg Biryani,3,216.81,0.0,Cash on Delivery
FX207502,2025-06-25,Meera Krishnan,south,Filter Coffee,5,58.41,0.0,Wallet
FX208942,27/09/2025,Tara Joshi,North,Mango Lassi,1,109.0,0.05,Wallet
FX203031,13/05/2025,Ananya Iyer,North,Mango Lassi,5,107.91,0.25,UPI
FX208973,28/01/2025,Nikhil Menon,West,Mutton Roll,6,276.21,0.0,Card
FX208669,2025-01-17,Priya Balaji,West,Green Salad,5,141.78,0.0,Cash on Delivery
FX201450,2025-12-18,Rohan Pillai,SOUTH,Chocolate Brownie,3,146.02,0.25,Cash on Delivery
FX202280,2025-04-15,,south,Green Salad,5,140.39,0.0,Card
FX205067,07-02-2025,Kavya Subramanian,North,Chicken Biryani,3,294.78,0.05,Cash on Delivery
FX204277,2025-02-22,Aditya Ghosh,SOUTH,Idli Sambar,2,89.0,0.1,Wallet
FX208748,13/09/2025,Diya Nair,south,Mango Lassi,7,106.82,0.05,Card
FX207407,2025-03-11,Rahul Sinha,East,Masala Dosa,5,130.29,0.0,Cash on Delivery
FX207519,23/04/2025,Kavya Subramanian,EAST,Paneer Butter Masala,6,264.18,0.0,UPI
FX203414,31/12/2025,Nikhil Menon,west,Mango Lassi,1,110.09,0.15,Cash on Delivery
FX208421,2025-12-16,Nisha Gupta,West,Chocolate Brownie,1,150.49,0.0,Cash on Delivery
FX201340,2025-11-20,Aarav Mehta,north,Veg Fried Rice,8,202.98,0.1,Wallet
FX204091,10-22-2025,Ishita Bose,south,Farmhouse Pizza,4,391.02,0.15,Cash on Delivery
FX201750,2025-03-10,Arjun Verma,West,Spring Roll,3,155.82,0.15,Wallet
FX207746,26/08/2025,Aarav Mehta,North,Chocolate Brownie,6,147.51,0.0,Cash on Delivery
FX206368,2025-02-21,Omkar Deshpande,West,Veg Fried Rice,1,197.01,0.2,UPI
FX203675,01-14-2025,Karthik Raman,EAST,Cold Coffee,1,116.62,0.0,Cash on Delivery
FX205218,04/05/2025,Yash Patel,West,Mango Lassi,7,110.09,0.0,Card
FX204402,16/05/2025,Nisha Gupta,SOUTH,Farmhouse Pizza,4,406.98,0.25,Card
FX201698,22/08/2025,Yash Patel,EAST,Fish Curry Meals,8,329.0,0.15,UPI
FX207443,25/12/2025,Dev Sharma,East,Veg Biryani,1,216.81,0.05,Card
FX205333,2025-03-02,Diya Nair,north,Mutton Roll,7,273.42,0.0,Wallet
FX205495,31/01/2025,Priya Balaji,west,Tandoori Chicken,2,444.51,0.1,Wallet
FX202681,21/12/2025,Ananya Iyer,West,Margherita Pizza,6,253.98,0.0,UPI
FX205578,21/08/2025,Dev Sharma,SOUTH,Farmhouse Pizza,3,399.0,0.0,Wallet
FX206161,2025-06-30,Tara Joshi,north,Chocolate Brownie,6,147.51,0.15,UPI
FX205215,20/08/2025,Manish Tiwari,SOUTH,Paneer Butter Masala,8,256.41,,UPI
FX203802,2025-07-14,Kavya Subramanian,East,Veg Fried Rice,2,202.98,0.1,Card
FX208441,2025-08-17,Lakshmi Prasad,SOUTH,Tandoori Chicken,6,444.51,0.25,Wallet
FX207698,22/12/2025,Omkar Deshpande,West,Masala Dosa,2,131.58,0.0,Wallet
FX203613,2025-04-20,Kavya Subramanian,SOUTH,Spring Roll,1,159.0,0.05,Card
FX201742,2025-06-01,Tara Joshi,north,Chicken Noodles,5,241.39,0.0,Wallet
FX205931,24/03/2025,Sneha Varma,EAST,Filter Coffee,5,59.0,0.25,Cash on Delivery
FX204980,2025-11-16,Aarav Mehta,West,Chicken Noodles,2,243.78,0.25,Cash on Delivery
FX201295,01-20-2025,Manish Tiwari,North,Filter Coffee,4,58.41,0.05,UPI
FX207744,2025-11-17,Riya Kapoor,north,Gulab Jamun,5,100.98,0.15,Cash on Delivery
FX203796,2025-09-25,Nikhil Menon,north,Chicken Biryani,3,289.0,0.25,Cash on Delivery
FX201448,2025-10-16,Vihaan Rao,SOUTH,Farmhouse Pizza,5,395.01,0.05,Cash on Delivery
FX206058,2025-09-15,Aditya Ghosh,SOUTH,Green Salad,2,141.78,,UPI
FX205068,23/06/2025,Yash Patel,north,Veg Fried Rice,7,197.01,0.0,Wallet
FX204042,31/08/2025,Meera Krishnan,north,Margherita Pizza,8,253.98,0.0,UPI
FX202083,02-05-2025,Dev Sharma,North,Veg Biryani,7,223.38,0.15,Card
FX201999,2025-07-15,Arjun Verma,west,Masala Dosa,8,126.42,0.15,Cash on Delivery
FX202134,2025-09-16,Priya Balaji,south,Margherita Pizza,4,244.02,0.05,Wallet
FX202140,2025-02-11,Sneha Varma,East,Chicken Biryani,5,283.22,0.2,UPI
FX202304,2025-01-01,Dev Sharma,EAST,Veg Fried Rice,8,202.98,0.1,Cash on Delivery
FX201988,2025-09-27,Ananya Iyer,North,Chicken Biryani,3,294.78,0.15,Cash on Delivery
FX208095,16/09/2025,Ishita Bose,north,Veg Fried Rice,-4,200.99,0.0,UPI
FX208553,2025-04-14,Priya Balaji,North,Veg Biryani,2,219.0,0.0,Wallet
FX205255,2025-11-15,Saanvi Reddy,North,Green Salad,1,137.61,,Card
FX203664,2025-09-16,Meera Krishnan,west,Veg Biryani,7,221.19,0.05,Card
FX205216,12/04/2025,Nikhil Menon,north,Masala Dosa,5,129.0,0.0,Card
FX205191,06/01/2025,Lakshmi Prasad,north,Veg Biryani,3,214.62,0.25,Cash on Delivery
FX204564,11-02-2025,Meera Krishnan,EAST,Farmhouse Pizza,3,391.02,0.15,Cash on Delivery
FX203086,25/01/2025,Yash Patel,West,Mutton Roll,4,273.42,0.25,Card
FX207479,2025-06-17,Rahul Sinha,West,Spring Roll,5,157.41,0.15,Cash on Delivery
FX204418,12-23-2025,Rohan Pillai,north,Paneer Butter Masala,3,261.59,0.25,Cash on Delivery
FX201019,2025-12-06,Manish Tiwari,West,Filter Coffee,4,57.82,0.0,Wallet
FX207372,2025-02-12,Kavya Subramanian,north,Veg Biryani,7,223.38,0.0,Cash on Delivery
FX201276,2025-06-25,Sneha Varma,west,Chicken Biryani,8,286.11,0.0,Wallet
FX206081,2025-07-25,,EAST,Veg Biryani,6,219.0,0.05,Cash on Delivery
FX207035,03-12-2025,Omkar Deshpande,West,Farmhouse Pizza,1,402.99,0.2,UPI
FX202051,2025-09-24,Ananya Iyer,East,Idli Sambar,8,88.11,0.2,Card
FX204145,2025-06-13,Yash Patel,south,Idli Sambar,4,90.78,0.2,Card
FX202903,23/02/2025,Kavya Subramanian,west,Gulab Jamun,3,98.01,0.25,Card
FX200451,07-25-2025,Meera Krishnan,west,Chicken Biryani,6,286.11,0.2,Card
FX200061,2025-10-22,Sneha Varma,north,Fish Curry Meals,8,322.42,0.0,Cash on Delivery
FX203395,14/01/2025,Riya Kapoor,south,Veg Biryani,8,219.0,0.15,Wallet
FX204675,06-16-2025,Yash Patel,East,Chicken Noodles,2,241.39,0.2,UPI
FX206028,2025-01-31,Dev Sharma,SOUTH,Chicken Noodles,8,241.39,,Card
FX208738,03-03-2025,Saanvi Reddy,West,Veg Fried Rice,1,195.02,0.0,UPI
FX203904,19/01/2025,Omkar Deshpande,south,Idli Sambar,4,90.78,0.05,Cash on Delivery
FX206074,03-30-2025,Rahul Sinha,EAST,Veg Biryani,2,216.81,0.0,Wallet
FX200982,26/02/2025,Manish Tiwari,West,Mutton Roll,6,276.21,0.05,UPI
FX204569,2025-08-05,Riya Kapoor,EAST,Veg Biryani,6,223.38,0.0,Cash on Delivery
FX206515,30/09/2025,Sneha Varma,south,Cold Coffee,-1,120.19,0.1,Card
FX203162,09-09-2025,Ishita Bose,East,Veg Biryani,6,223.38,0.25,Wallet
FX208117,02-25-2025,Aditya Ghosh,west,Gulab Jamun,7,98.01,0.2,UPI
FX203770,14/11/2025,Manish Tiwari,West,Filter Coffee,1,59.59,0.0,Card
FX206198,2025-11-20,Rohan Pillai,north,Farmhouse Pizza,5,399.0,0.1,Card
FX201823,2025-09-16,Manish Tiwari,East,Chocolate Brownie,1,146.02,0.15,Cash on Delivery
FX200032,15/05/2025,Dev Sharma,West,Chocolate Brownie,7,146.02,0.0,Card
FX204354,07-05-2025,Lakshmi Prasad,north,Veg Biryani,4,214.62,0.2,Cash on Delivery
FX205086,2025-03-04,Yash Patel,west,Veg Fried Rice,2,197.01,0.05,Cash on Delivery
FX205335,13/02/2025,Dev Sharma,west,Veg Fried Rice,5,202.98,0.1,Card
FX205768,03-03-2025,Karthik Raman,EAST,Spring Roll,7,157.41,0.2,UPI
FX206865,2025-11-20,Lakshmi Prasad,East,Cold Coffee,5,119.0,0.15,Wallet
FX201587,2025-01-10,Rohan Pillai,East,Gulab Jamun,6,99.0,0.0,Card
FX206604,2025-10-06,Yash Patel,SOUTH,Masala Dosa,3,131.58,0.2,Card
FX201103,07-15-2025,Vihaan Rao,north,Mutton Roll,7,284.58,0.0,Wallet
FX208795,2025-01-13,Dev Sharma,SOUTH,Spring Roll,4,160.59,0.2,Cash on Delivery
FX208088,09/11/2025,,north,Cold Coffee,4,121.38,,Wallet
FX207731,12-28-2025,Diya Nair,East,Chocolate Brownie,6,151.98,0.05,Cash on Delivery
FX200248,2025-11-18,Saanvi Reddy,West,Mutton Roll,5,284.58,0.1,Cash on Delivery
FX200193,08/10/2025,Nikhil Menon,EAST,Green Salad,6,137.61,0.0,Card
FX203745,2025-09-08,Karthik Raman,East,Spring Roll,4,155.82,0.0,Wallet
FX200300,16/05/2025,Meera Krishnan,EAST,Butter Naan,4,45.45,0.25,Card
FX207562,2025-12-05,Rahul Sinha,East,Gulab Jamun,2,99.0,0.05,UPI
FX208376,11-26-2025,Tara Joshi,SOUTH,Chicken Noodles,2,243.78,0.25,Card
FX208295,2025-08-11,Vihaan Rao,EAST,Mango Lassi,7,111.18,0.25,UPI
FX201183,08-12-2025,Ishita Bose,North,Paneer Butter Masala,-4,253.82,0.2,UPI
FX207128,2025-07-18,Kavya Subramanian,south,Butter Naan,7,45.0,0.0,UPI
FX204238,09-21-2025,Nikhil Menon,south,Margherita Pizza,5,246.51,0.25,Cash on Delivery
FX208911,06-12-2025,Meera Krishnan,EAST,Chicken Noodles,1,241.39,0.0,Wallet
FX208041,04-18-2025,Lakshmi Prasad,west,Filter Coffee,8,59.59,0.0,UPI
FX204224,2025-11-27,Diya Nair,North,Mutton Roll,5,281.79,0.25,Wallet
FX200389,2025-06-04,Dev Sharma,south,Gulab Jamun,2,100.98,0.0,Wallet
FX208189,2025-01-11,Nikhil Menon,south,Mango Lassi,7,106.82,0.2,Cash on Delivery
FX207472,2025-05-31,Ananya Iyer,North,Farmhouse Pizza,3,399.0,0.2,Wallet
FX204037,2025-08-14,Priya Balaji,SOUTH,Idli Sambar,5,88.11,0.0,Wallet
FX207661,14/09/2025,Priya Balaji,west,Veg Fried Rice,3,202.98,0.1,Cash on Delivery
FX204374,2025-10-19,,south,Farmhouse Pizza,7,406.98,0.0,Cash on Delivery
FX202860,2025-10-21,Rohan Pillai,south,Gulab Jamun,7,99.0,0.0,Wallet
FX203989,2025-11-06,Lakshmi Prasad,south,Chicken Biryani,5,294.78,0.0,Cash on Delivery
FX200463,18/08/2025,Riya Kapoor,West,Green Salad,5,141.78,0.25,UPI
FX206812,05/04/2025,Nikhil Menon,EAST,Fish Curry Meals,8,329.0,0.15,Cash on Delivery
FX206698,2025-01-19,Yash Patel,East,Spring Roll,-2,155.82,0.0,Wallet
FX207533,2025-12-03,Saanvi Reddy,north,Mango Lassi,1,109.0,0.0,UPI
FX201490,09/04/2025,Aarav Mehta,south,Cold Coffee,1,119.0,0.0,Cash on Delivery
FX204320,02-27-2025,Saanvi Reddy,west,Chocolate Brownie,3,146.02,0.0,Cash on Delivery
FX203118,02/10/2025,Kabir Shah,North,Idli Sambar,2,90.78,0.05,Card
FX204901,2025-09-14,Priya Balaji,EAST,Veg Fried Rice,3,195.02,0.25,UPI
FX202613,29/03/2025,Tara Joshi,north,Paneer Butter Masala,6,264.18,0.0,Cash on Delivery
FX201158,2025-05-29,Ishita Bose,EAST,Paneer Butter Masala,1,256.41,0.25,UPI
FX200733,2025-06-04,Dev Sharma,EAST,Gulab Jamun,8,98.01,0.2,Card
FX206948,2025-02-15,Kabir Shah,west,Masala Dosa,2,127.71,0.0,Card
FX207655,2025-11-12,Sneha Varma,south,Butter Naan,5,45.45,0.15,UPI
FX207524,2025-04-16,Karthik Raman,EAST,Chicken Biryani,3,286.11,0.25,Wallet
FX207596,15/05/2025,Tara Joshi,East,Veg Biryani,6,221.19,0.2,UPI
FX202599,2025-09-14,Yash Patel,West,Chicken Noodles,7,234.22,0.0,UPI
FX206429,23/12/2025,Riya Kapoor,North,Butter Naan,3,45.0,0.0,Cash on Delivery
FX200234,08/10/2025,Kavya Subramanian,north,Chocolate Brownie,3,149.0,0.25,Wallet
FX206251,09-04-2025,Kabir Shah,West,Chicken Noodles,7,243.78,0.0,UPI
FX207334,07/11/2025,Meera Krishnan,East,Tandoori Chicken,7,457.98,0.0,UPI
FX201769,2025-04-06,Vihaan Rao,North,Mango Lassi,2,106.82,0.0,Wallet
FX205869,2025-06-03,Yash Patel,EAST,Fish Curry Meals,5,332.29,0.2,Card
FX201831,05-13-2025,Riya Kapoor,East,Veg Biryani,3,219.0,0.1,Card
FX206921,2025-10-28,Rahul Sinha,SOUTH,Mutton Roll,7,281.79,0.15,Card
FX200305,2025-04-09,Aditya Ghosh,south,Filter Coffee,4,59.59,0.0,Wallet
FX206267,2025-09-04,Rohan Pillai,North,Farmhouse Pizza,-8,391.02,0.0,Cash on Delivery
FX202110,2025-07-25,Priya Balaji,SOUTH,Filter Coffee,2,57.82,0.25,Wallet
FX207031,2025-08-27,Arjun Verma,North,Filter Coffee,7,57.82,0.0,Card
FX204438,23/05/2025,Saanvi Reddy,west,Chocolate Brownie,-7,147.51,0.05,Cash on Delivery
FX203114,2025-03-09,Priya Balaji,west,Margherita Pizza,5,253.98,0.0,Wallet
FX208639,02/10/2025,Priya Balaji,North,Filter Coffee,8,60.18,0.15,UPI
FX206711,19/01/2025,Vihaan Rao,East,Veg Fried Rice,6,195.02,0.05,Wallet
FX204590,11-16-2025,Priya Balaji,EAST,Chocolate Brownie,5,151.98,0.2,Wallet
FX206701,23/06/2025,Sneha Varma,North,Masala Dosa,6,127.71,0.25,Card
FX206172,2025-01-06,Meera Krishnan,EAST,Chicken Noodles,7,241.39,0.0,UPI
FX202622,20/05/2025,Rohan Pillai,south,Gulab Jamun,8,98.01,0.0,UPI
FX202969,2025-08-24,Dev Sharma,SOUTH,Masala Dosa,7,131.58,0.05,UPI
FX207208,15/03/2025,Rohan Pillai,North,Butter Naan,7,45.9,0.05,UPI
FX202571,2025-11-16,Tara Joshi,North,Farmhouse Pizza,4,395.01,0.0,Card
FX207614,17/07/2025,Priya Balaji,North,Veg Biryani,5,219.0,0.1,UPI
FX207086,04-12-2025,Dev Sharma,SOUTH,Tandoori Chicken,4,444.51,0.25,UPI
FX201147,02-18-2025,Priya Balaji,East,Farmhouse Pizza,1,395.01,0.0,Wallet
FX206642,2025-08-13,Diya Nair,East,Filter Coffee,5,58.41,0.0,Card
FX205226,13/02/2025,Dev Sharma,west,Veg Fried Rice,6,200.99,,Wallet
FX203997,2025-04-07,Sneha Varma,East,Filter Coffee,1,57.82,0.0,UPI
FX202285,02/01/2025,Tara Joshi,SOUTH,Mango Lassi,3,110.09,0.1,Card
FX204108,2025-10-18,Meera Krishnan,south,Veg Fried Rice,3,202.98,0.15,Cash on Delivery
FX207489,2025-11-24,Ananya Iyer,SOUTH,Gulab Jamun,1,97.02,0.0,UPI
FX201542,28/12/2025,Rohan Pillai,west,Spring Roll,2,162.18,0.0,Card
FX201357,2025-10-31,Priya Balaji,North,Veg Biryani,4,214.62,0.0,Wallet
FX202001,2025-10-17,Ananya Iyer,north,Fish Curry Meals,4,322.42,0.1,Wallet
FX200128,2025-10-25,Nikhil Menon,North,Butter Naan,-4,45.45,0.2,Wallet
FX200807,04-28-2025,Meera Krishnan,EAST,Mutton Roll,-3,281.79,0.2,Cash on Delivery
FX207026,08/11/2025,,west,Farmhouse Pizza,1,406.98,0.0,Cash on Delivery
FX206132,2025-05-02,Arjun Verma,north,Chocolate Brownie,3,149.0,0.0,UPI
FX204231,2025-04-10,Riya Kapoor,south,Mango Lassi,8,110.09,,Card
FX206522,05/11/2025,Riya Kapoor,EAST,Green Salad,3,139.0,0.0,UPI
FX201005,03/08/2025,Riya Kapoor,North,Chocolate Brownie,7,147.51,,UPI
FX208298,30/06/2025,Dev Sharma,EAST,Fish Curry Meals,8,322.42,0.0,Cash on Delivery
FX206422,29/10/2025,Vihaan Rao,SOUTH,Filter Coffee,3,59.59,0.0,Wallet
FX200697,2025-10-14,Omkar Deshpande,North,Idli Sambar,4,89.89,0.25,Card
FX203523,10/05/2025,Kabir Shah,west,Chicken Biryani,6,291.89,0.2,UPI
FX200365,2025-03-09,Omkar Deshpande,SOUTH,Tandoori Chicken,5,453.49,0.0,Wallet
FX204071,2025-10-31,Diya Nair,west,Tandoori Chicken,-7,440.02,0.0,Cash on Delivery
FX202895,21/04/2025,Omkar Deshpande,EAST,Chicken Biryani,7,294.78,0.2,UPI
FX203656,04/03/2025,Dev Sharma,north,Spring Roll,5,160.59,0.1,UPI
FX201519,11-08-2025,Vihaan Rao,north,Mango Lassi,1,107.91,0.0,Wallet
FX207073,11-11-2025,Kavya Subramanian,East,Gulab Jamun,7,97.02,0.15,Wallet
FX201932,2025-12-19,Diya Nair,west,Green Salad,-6,139.0,0.25,Wallet
FX207011,2025-06-23,Priya Balaji,West,Farmhouse Pizza,7,395.01,0.2,Cash on Delivery
FX208624,2025-11-18,Nikhil Menon,EAST,Chocolate Brownie,1,151.98,,UPI
FX201703,2025-04-15,Diya Nair,West,Veg Biryani,7,219.0,0.0,UPI
FX207498,2025-06-21,Meera Krishnan,south,Margherita Pizza,3,253.98,0.0,UPI
FX204755,2025-11-27,Rohan Pillai,EAST,Green Salad,8,141.78,0.0,Wallet
FX207193,2025-05-24,,EAST,Chocolate Brownie,4,151.98,0.0,Card
FX208498,2025-05-08,Diya Nair,EAST,Filter Coffee,5,58.41,0.0,Card
FX201087,2025-09-23,Meera Krishnan,North,Chicken Biryani,4,291.89,0.0,UPI
FX206939,2025-07-19,Priya Balaji,West,Margherita Pizza,4,244.02,0.15,Card
FX207985,09/11/2025,Nisha Gupta,North,Farmhouse Pizza,4,395.01,0.25,Wallet
FX203800,2025-04-03,,West,Veg Fried Rice,1,199.0,0.25,Wallet
FX203878,19/08/2025,Karthik Raman,East,Veg Fried Rice,4,200.99,0.25,Card
FX205269,12-07-2025,Aarav Mehta,East,Idli Sambar,6,89.89,0.0,Wallet
FX200855,2025-05-30,Diya Nair,East,Paneer Butter Masala,5,264.18,0.05,Card
FX201678,05-31-2025,Karthik Raman,north,Gulab Jamun,1,99.0,0.15,Cash on Delivery
FX201895,2025-11-09,Saanvi Reddy,west,Veg Fried Rice,5,202.98,,Wallet
FX204948,2025-10-27,Rahul Sinha,East,Filter Coffee,8,60.18,0.0,Card
FX208042,2025-01-01,Rohan Pillai,EAST,Mutton Roll,4,279.0,0.15,Wallet
FX206414,2025-03-27,Sneha Varma,west,Fish Curry Meals,8,329.0,0.15,Cash on Delivery
FX201160,22/04/2025,,North,Gulab Jamun,3,99.99,0.0,Cash on Delivery
FX206980,14/09/2025,Priya Balaji,North,Green Salad,6,140.39,0.1,Card
FX207448,2025-04-29,Vihaan Rao,SOUTH,Filter Coffee,6,57.82,0.15,UPI
FX206922,24/04/2025,Aditya Ghosh,West,Gulab Jamun,6,99.0,0.25,Cash on Delivery
FX201208,2025-04-01,Arjun Verma,south,Idli Sambar,1,89.89,0.0,Card
FX203527,06/12/2025,Rahul Sinha,West,Chicken Biryani,8,286.11,0.0,Wallet
FX202887,04-13-2025,Lakshmi Prasad,North,Farmhouse Pizza,4,395.01,0.05,Card
FX200801,2025-08-18,Tara Joshi,SOUTH,Butter Naan,7,45.0,0.1,Cash on Delivery
FX207815,23/12/2025,Manish Tiwari,West,Chicken Biryani,4,286.11,,Wallet
FX208486,12-21-2025,Vihaan Rao,EAST,Cold Coffee,4,119.0,0.05,Wallet
FX208260,14/11/2025,Sneha Varma,south,Margherita Pizza,8,253.98,0.0,Wallet
FX200690,21/03/2025,Kabir Shah,SOUTH,Spring Roll,3,157.41,0.05,UPI
FX203189,2025-11-07,Sneha Varma,north,Chicken Biryani,8,294.78,0.0,Cash on Delivery
FX205485,2025-10-21,Manish Tiwari,SOUTH,Spring Roll,3,157.41,0.0,Wallet
FX203308,19/08/2025,Sneha Varma,North,Chicken Noodles,-1,241.39,0.05,UPI
FX206336,06-26-2025,Karthik Raman,north,Farmhouse Pizza,-7,391.02,0.2,Cash on Delivery
FX203168,2025-07-20,Aarav Mehta,west,Paneer Butter Masala,7,261.59,0.0,Cash on Delivery
FX204740,17/08/2025,Riya Kapoor,West,Tandoori Chicken,2,440.02,0.05,UPI
FX203746,2025-09-29,Riya Kapoor,north,Mango Lassi,1,111.18,0.25,Cash on Delivery
FX206398,2025-05-11,Diya Nair,EAST,Paneer Butter Masala,7,261.59,0.0,Cash on Delivery
FX202168,30/11/2025,Ishita Bose,East,Chicken Biryani,4,294.78,0.1,Cash on Delivery
FX203670,27/12/2025,Karthik Raman,East,Mango Lassi,5,111.18,0.2,Wallet
FX206754,21/03/2025,Saanvi Reddy,SOUTH,Spring Roll,1,160.59,0.0,UPI
FX206890,27/08/2025,Nisha Gupta,West,Veg Fried Rice,8,195.02,0.15,Wallet
FX202129,15/06/2025,Manish Tiwari,EAST,Spring Roll,2,159.0,0.0,Wallet
FX208234,2025-08-25,Nikhil Menon,south,Butter Naan,1,45.0,0.1,Cash on Delivery
FX208025,07/07/2025,Nikhil Menon,West,Filter Coffee,2,60.18,0.05,Card
FX208783,10/04/2025,Vihaan Rao,North,Green Salad,7,141.78,0.1,Cash on Delivery
FX207723,2025-06-12,Priya Balaji,north,Spring Roll,4,159.0,0.0,Card
FX206534,2025-09-07,Meera Krishnan,North,Tandoori Chicken,1,457.98,0.1,Cash on Delivery
FX205242,08-07-2025,Manish Tiwari,north,Veg Fried Rice,2,197.01,0.05,Wallet
FX201958,27/06/2025,Sneha Varma,south,Chicken Noodles,8,236.61,0.25,UPI
FX208538,15/02/2025,Karthik Raman,north,Mango Lassi,7,110.09,0.2,Wallet
FX200962,2025-10-31,Diya Nair,West,Chocolate Brownie,8,149.0,0.0,Wallet
FX202141,26/05/2025,Arjun Verma,north,Filter Coffee,5,60.18,0.0,Cash on Delivery
FX206234,06/09/2025,Kabir Shah,East,Chicken Noodles,1,241.39,0.0,Cash on Delivery
FX205123,11-17-2025,Tara Joshi,EAST,Filter Coffee,3,60.18,0.0,Cash on Delivery
FX207279,18/03/2025,Priya Balaji,north,Masala Dosa,3,129.0,0.05,Cash on Delivery
FX203412,10/05/2025,Dev Sharma,north,Idli Sambar,5,87.22,0.2,UPI
FX206538,04-01-2025,Dev Sharma,SOUTH,Fish Curry Meals,2,332.29,0.2,Card
FX204207,09-17-2025,,north,Margherita Pizza,4,244.02,,Card
FX201169,2025-06-17,Nikhil Menon,SOUTH,Chicken Noodles,3,243.78,0.0,UPI
FX203039,26/05/2025,Kabir Shah,West,Farmhouse Pizza,4,391.02,0.2,Wallet
FX204619,11-16-2025,,SOUTH,Spring Roll,5,160.59,0.0,UPI
FX201051,12-22-2025,Kabir Shah,North,Gulab Jamun,5,99.0,0.25,Cash on Delivery
FX204258,2025-03-04,Lakshmi Prasad,EAST,Cold Coffee,2,116.62,0.05,Card
FX203122,2025-11-15,Manish Tiwari,East,Gulab Jamun,4,99.0,0.25,Card
FX208258,01/03/2025,Manish Tiwari,north,Chocolate Brownie,4,150.49,0.0,UPI
FX206797,2025-04-27,Sneha Varma,West,Spring Roll,2,159.0,,Wallet
FX202454,06/05/2025,Diya Nair,West,Gulab Jamun,3,100.98,0.1,Cash on Delivery
FX200087,02/06/2025,Meera Krishnan,East,Fish Curry Meals,4,332.29,0.0,UPI
FX207062,07-30-2025,,SOUTH,Filter Coffee,-3,59.0,0.1,Cash on Delivery
FX205355,2025-12-03,Rahul Sinha,East,Spring Roll,4,155.82,0.1,Wallet
FX200164,12-18-2025,Kabir Shah,East,Chicken Noodles,7,234.22,0.0,Card
FX200055,02-07-2025,Arjun Verma,west,Chicken Biryani,1,289.0,0.05,UPI
FX204690,2025-03-16,Diya Nair,East,Cold Coffee,4,120.19,0.0,Cash on Delivery
FX207256,2025-05-20,Nikhil Menon,south,Green Salad,6,136.22,0.0,Cash on Delivery
FX202739,2025-09-20,Rohan Pillai,north,Tandoori Chicken,8,440.02,0.1,Wallet
FX205259,03-26-2025,Ananya Iyer,west,Filter Coffee,4,59.59,0.25,UPI
FX205674,08-20-2025,Rohan Pillai,EAST,Chocolate Brownie,2,147.51,0.1,Card
FX205518,2025-12-23,Kabir Shah,SOUTH,Cold Coffee,4,117.81,0.05,Wallet
FX200278,2025-04-23,Tara Joshi,North,Cold Coffee,7,119.0,0.2,Cash on Delivery
FX206250,2025-04-25,Tara Joshi,SOUTH,Chicken Noodles,3,239.0,0.1,UPI
FX205637,2025-10-31,Lakshmi Prasad,south,Fish Curry Meals,-4,322.42,0.05,UPI
FX201744,08-25-2025,Ishita Bose,East,Margherita Pizza,1,251.49,0.05,Wallet
FX207021,2025-12-28,Tara Joshi,SOUTH,Spring Roll,3,162.18,0.05,Cash on Delivery
FX201905,23/07/2025,,North,Masala Dosa,6,127.71,0.0,Card
FX208262,02-22-2025,Sneha Varma,North,Green Salad,1,141.78,0.0,Wallet
FX208220,2025-07-11,Omkar Deshpande,SOUTH,Filter Coffee,1,59.0,0.1,Card
FX207693,2025-04-28,Lakshmi Prasad,EAST,Margherita Pizza,7,244.02,0.1,UPI
FX202237,23/03/2025,Rohan Pillai,EAST,Mutton Roll,4,276.21,0.1,Cash on Delivery
FX203373,2025-07-28,Aditya Ghosh,south,Chicken Biryani,3,286.11,0.2,UPI
FX208586,2025-06-24,Riya Kapoor,East,Filter Coffee,3,59.0,,UPI
FX206676,25/07/2025,Aarav Mehta,EAST,Tandoori Chicken,1,453.49,0.15,Wallet
FX206969,2025-04-21,Rohan Pillai,East,Mango Lassi,4,111.18,0.15,Wallet
FX201022,2025-12-22,Nisha Gupta,SOUTH,Green Salad,1,139.0,0.2,UPI
FX206808,23/07/2025,Aditya Ghosh,EAST,Fish Curry Meals,3,335.58,0.0,Cash on Delivery
FX206775,2025-05-02,Yash Patel,north,Idli Sambar,7,88.11,0.25,Cash on Delivery
FX204484,2025-05-20,Rohan Pillai,West,Paneer Butter Masala,8,264.18,0.0,Cash on Delivery
FX202594,2025-07-24,Manish Tiwari,north,Gulab Jamun,2,99.99,0.05,UPI
FX206228,2025-07-11,Arjun Verma,North,Paneer Butter Masala,2,261.59,0.15,Wallet
FX200252,23/08/2025,Nisha Gupta,SOUTH,Green Salad,7,136.22,0.05,Card
FX202726,08-17-2025,Ishita Bose,SOUTH,Cold Coffee,6,120.19,0.15,Card
FX202288,2025-10-05,Nisha Gupta,south,Chocolate Brownie,5,147.51,0.25,Card
FX200088,2025-12-16,Karthik Raman,west,Mango Lassi,7,111.18,0.0,UPI
FX205851,10-17-2025,Kabir Shah,North,Mango Lassi,4,111.18,,Card
FX206526,02-27-2025,Meera Krishnan,west,Green Salad,1,139.0,0.0,UPI
FX205955,2025-11-03,Diya Nair,West,Tandoori Chicken,3,457.98,0.1,UPI
FX200556,2025-02-13,Aarav Mehta,West,Veg Fried Rice,4,200.99,0.05,Cash on Delivery
FX207663,12-05-2025,Riya Kapoor,SOUTH,Filter Coffee,8,57.82,0.15,Cash on Delivery
FX207859,05-17-2025,Yash Patel,south,Spring Roll,3,162.18,0.0,Cash on Delivery
FX207869,2025-03-15,Ishita Bose,south,Farmhouse Pizza,3,402.99,0.15,Card
FX204804,09/05/2025,Tara Joshi,West,Chicken Noodles,5,234.22,0.25,UPI
FX200969,12-08-2025,Arjun Verma,south,Mutton Roll,3,281.79,0.1,Card
FX205625,2025-04-11,Karthik Raman,North,Veg Biryani,1,216.81,0.05,Wallet
FX203210,2025-07-13,Rahul Sinha,West,Chicken Noodles,6,236.61,,Card
FX204833,09-05-2025,Arjun Verma,North,Cold Coffee,4,120.19,0.0,Wallet
FX208646,31/03/2025,Kavya Subramanian,north,Idli Sambar,2,88.11,0.05,Cash on Delivery
FX204791,04/09/2025,Aditya Ghosh,west,Filter Coffee,1,57.82,0.0,Cash on Delivery
FX205618,23/11/2025,Kabir Shah,west,Mango Lassi,5,107.91,0.0,UPI
FX201010,05-10-2025,Dev Sharma,west,Masala Dosa,5,131.58,0.25,Wallet
FX204115,2025-07-09,,north,Gulab Jamun,7,97.02,0.0,Card
FX200369,04-18-2025,Omkar Deshpande,North,Spring Roll,6,157.41,0.2,Cash on Delivery
FX206055,06/02/2025,Saanvi Reddy,EAST,Masala Dosa,3,131.58,0.25,Cash on Delivery
FX203464,19/10/2025,,north,Veg Fried Rice,3,200.99,0.05,Cash on Delivery
FX208082,16/05/2025,Tara Joshi,SOUTH,Gulab Jamun,4,98.01,0.25,Wallet
FX203238,12-05-2025,Manish Tiwari,East,Tandoori Chicken,8,444.51,0.0,Cash on Delivery
FX202091,02/08/2025,Sneha Varma,East,Mango Lassi,5,107.91,0.0,Wallet
FX207101,03/11/2025,Ishita Bose,West,Veg Biryani,6,221.19,0.0,Card
FX204693,2025-10-22,Sneha Varma,south,Paneer Butter Masala,4,256.41,0.2,UPI
FX202459,28/06/2025,,West,Gulab Jamun,2,97.02,0.15,Wallet
FX208768,08-19-2025,Karthik Raman,south,Chicken Biryani,1,291.89,0.2,Card
FX208263,04-01-2025,Nikhil Menon,west,Farmhouse Pizza,5,395.01,0.15,Card
FX205206,11-01-2025,Nisha Gupta,East,Green Salad,7,136.22,0.0,Card
FX200993,05-07-2025,Tara Joshi,East,Filter Coffee,4,58.41,0.2,Card
FX201716,2025-05-10,Tara Joshi,East,Gulab Jamun,7,98.01,0.0,Card
FX200370,2025-01-08,Diya Nair,East,Veg Biryani,5,221.19,0.05,Card
FX208341,2025-04-16,Rohan Pillai,West,Filter Coffee,2,59.0,0.15,Cash on Delivery
FX201120,05/03/2025,,EAST,Masala Dosa,7,131.58,0.1,Wallet
FX205663,2025-02-16,Ananya Iyer,North,Spring Roll,3,160.59,0.25,Cash on Delivery
FX201623,08-26-2025,Kabir Shah,West,Veg Biryani,5,223.38,,Wallet
FX208377,23/01/2025,Omkar Deshpande,North,Chocolate Brownie,5,149.0,0.2,UPI
FX203336,2025-05-04,Karthik Raman,west,Mutton Roll,3,276.21,0.0,Wallet
FX207214,2025-10-09,Rahul Sinha,EAST,Filter Coffee,2,58.41,0.0,UPI
FX208791,2025-03-14,Saanvi Reddy,North,Mango Lassi,-7,106.82,0.0,Cash on Delivery
FX201875,26/02/2025,Aarav Mehta,SOUTH,Cold Coffee,3,119.0,0.25,Wallet
FX207376,07-03-2025,Priya Balaji,south,Spring Roll,3,160.59,0.0,Card
FX207590,2025-03-01,Priya Balaji,SOUTH,Chicken Biryani,8,294.78,0.25,Wallet
FX205624,02-22-2025,Vihaan Rao,west,Gulab Jamun,2,100.98,0.0,Wallet
FX200857,16/09/2025,Riya Kapoor,EAST,Chicken Biryani,2,294.78,0.0,Card
FX203892,2025-06-02,Rahul Sinha,East,Paneer Butter Masala,7,253.82,0.15,UPI
FX204817,07-08-2025,Dev Sharma,North,Veg Biryani,8,221.19,0.1,Cash on Delivery
FX203959,2025-11-23,Rohan Pillai,East,Farmhouse Pizza,7,391.02,0.0,UPI
FX207096,21/11/2025,Ananya Iyer,SOUTH,Margherita Pizza,8,253.98,0.0,Cash on Delivery
FX204940,14/01/2025,Saanvi Reddy,EAST,Cold Coffee,2,120.19,0.1,UPI
FX204154,2025-11-18,Vihaan Rao,North,Butter Naan,-7,45.9,0.15,UPI
FX207316,2025-08-07,Aarav Mehta,North,Cold Coffee,1,116.62,0.1,Wallet
FX205359,2025-12-20,Lakshmi Prasad,West,Masala Dosa,8,130.29,0.1,Card
FX207537,08/08/2025,Rohan Pillai,EAST,Fish Curry Meals,3,332.29,0.15,Card
FX202725,2025-10-21,Rahul Sinha,West,Mutton Roll,7,284.58,,Wallet
FX202415,09-11-2025,Yash Patel,south,Paneer Butter Masala,5,256.41,0.25,Wallet
FX203750,2025-08-09,Kabir Shah,west,Filter Coffee,6,59.59,0.0,Wallet
FX206507,22/07/2025,Meera Krishnan,north,Fish Curry Meals,8,329.0,0.0,Wallet
FX206547,11/07/2025,Tara Joshi,SOUTH,Veg Fried Rice,6,195.02,0.15,Wallet
FX204745,03-19-2025,Aditya Ghosh,west,Chicken Biryani,2,289.0,0.1,Card
FX201041,2025-11-13,Omkar Deshpande,EAST,Spring Roll,2,160.59,0.05,Card
FX206545,05-30-2025,Kabir Shah,west,Paneer Butter Masala,8,261.59,0.0,Cash on Delivery
FX202755,2025-11-09,Vihaan Rao,East,Gulab Jamun,5,97.02,0.0,Card
FX207460,06/06/2025,Ananya Iyer,EAST,Idli Sambar,4,89.89,0.15,Card
FX208406,2025-02-26,Nisha Gupta,EAST,Mutton Roll,8,281.79,0.15,UPI
FX207265,2025-07-27,Nikhil Menon,west,Farmhouse Pizza,3,391.02,,Wallet
FX206989,01-13-2025,Riya Kapoor,north,Veg Biryani,6,221.19,0.25,UPI
FX205587,2025-11-08,Nikhil Menon,West,Gulab Jamun,-4,99.99,0.2,UPI
FX205441,2025-04-01,Kabir Shah,EAST,Farmhouse Pizza,3,391.02,0.1,Card
FX200246,25/01/2025,Ishita Bose,south,Spring Roll,7,157.41,0.0,Card
FX202425,09-13-2025,Karthik Raman,EAST,Mutton Roll,7,284.58,0.15,Wallet
FX203170,21/07/2025,Aditya Ghosh,north,Veg Biryani,2,216.81,0.1,Cash on Delivery
FX201193,26/12/2025,Riya Kapoor,West,Mutton Roll,6,281.79,0.25,Cash on Delivery
FX203799,28/10/2025,Tara Joshi,SOUTH,Chicken Noodles,8,241.39,0.25,UPI
FX203219,11-25-2025,Rohan Pillai,EAST,Spring Roll,8,155.82,0.05,Card
FX204216,2025-12-16,Karthik Raman,North,Tandoori Chicken,7,457.98,0.05,UPI
FX206122,04/08/2025,Kabir Shah,West,Margherita Pizza,2,244.02,0.2,UPI
FX200481,2025-07-28,Nikhil Menon,West,Spring Roll,4,157.41,0.0,Wallet
FX204858,22/02/2025,Saanvi Reddy,East,Butter Naan,8,45.0,0.05,Card
FX201017,2025-10-30,Ishita Bose,south,Veg Biryani,6,216.81,0.1,Cash on Delivery
FX206149,10-06-2025,Priya Balaji,North,Chicken Noodles,2,234.22,0.0,Card
FX201294,2025-08-15,Meera Krishnan,west,Masala Dosa,8,126.42,0.1,Cash on Delivery
FX202948,2025-12-30,Vihaan Rao,East,Cold Coffee,8,121.38,0.05,Wallet
FX201508,12/04/2025,Ishita Bose,SOUTH,Mango Lassi,3,110.09,0.15,Wallet
FX200695,06-05-2025,,west,Filter Coffee,5,59.0,0.15,Wallet
FX201343,2025-06-17,Kabir Shah,south,Masala Dosa,5,127.71,0.05,Card
FX204882,2025-12-25,Karthik Raman,East,Tandoori Chicken,3,457.98,0.0,Cash on Delivery
FX205044,2025-09-08,Lakshmi Prasad,west,Idli Sambar,7,89.89,0.0,Card
FX202519,2025-01-01,,East,Farmhouse Pizza,6,391.02,0.25,UPI
FX206755,05-17-2025,Riya Kapoor,west,Fish Curry Meals,7,332.29,0.15,UPI
FX204875,14/08/2025,Riya Kapoor,south,Butter Naan,5,45.45,0.1,UPI
FX206316,10/11/2025,Aarav Mehta,SOUTH,Masala Dosa,2,130.29,0.25,Card
FX208465,2025-09-21,Saanvi Reddy,west,Chicken Noodles,8,241.39,0.05,Card
FX201738,2025-10-12,Ananya Iyer,SOUTH,Chicken Noodles,4,236.61,0.2,Wallet
FX201333,03-17-2025,Yash Patel,SOUTH,Spring Roll,5,155.82,0.15,Cash on Delivery
FX208993,2025-01-25,Ishita Bose,East,Mango Lassi,4,110.09,0.0,Card
FX202701,2025-04-17,Ishita Bose,north,Cold Coffee,2,120.19,0.15,Card
FX208110,24/07/2025,Ananya Iyer,SOUTH,Chicken Noodles,1,243.78,0.15,Wallet
FX203602,12-11-2025,Sneha Varma,north,Margherita Pizza,4,249.0,0.25,UPI
FX201046,03-10-2025,Kabir Shah,West,Paneer Butter Masala,4,261.59,0.0,Card
FX200480,07-25-2025,Diya Nair,west,Gulab Jamun,-6,100.98,0.2,UPI
FX201285,30/04/2025,,west,Margherita Pizza,1,249.0,0.0,Card
FX205679,14/10/2025,Kavya Subramanian,south,Chicken Noodles,4,236.61,0.0,Cash on Delivery
FX201500,2025-02-08,Sneha Varma,East,Idli Sambar,8,87.22,0.15,UPI
FX207651,11/12/2025,Ananya Iyer,west,Paneer Butter Masala,4,256.41,0.0,Wallet
FX202495,06-23-2025,Nikhil Menon,west,Chocolate Brownie,5,150.49,0.0,Cash on Delivery
FX206729,2025-07-04,Yash Patel,North,Green Salad,4,140.39,0.25,UPI
FX201605,2025-06-21,Rahul Sinha,East,Gulab Jamun,4,97.02,0.15,Wallet
FX200746,28/02/2025,Aarav Mehta,West,Filter Coffee,4,60.18,0.0,Cash on Delivery
FX202508,2025-03-26,Aarav Mehta,EAST,Butter Naan,4,44.55,0.0,UPI
FX208651,2025-08-12,Vihaan Rao,East,Paneer Butter Masala,7,256.41,0.05,Wallet
FX200409,2025-06-30,Rahul Sinha,EAST,Masala Dosa,5,127.71,0.25,UPI
FX206945,10-07-2025,Karthik Raman,SOUTH,Chicken Biryani,1,283.22,0.0,Cash on Delivery
FX205969,2025-06-19,Diya Nair,north,Spring Roll,1,157.41,0.0,Cash on Delivery
FX203003,2025-05-02,Ishita Bose,north,Cold Coffee,6,119.0,0.0,UPI
FX203475,09-18-2025,Vihaan Rao,EAST,Masala Dosa,2,130.29,0.0,Card
FX208161,07-09-2025,Ishita Bose,West,Filter Coffee,2,60.18,0.1,Card
FX200195,20/02/2025,Kavya Subramanian,north,Gulab Jamun,6,97.02,0.2,Cash on Delivery
FX207155,2025-12-24,Arjun Verma,East,Cold Coffee,8,116.62,0.0,Wallet
FX208714,22/08/2025,Nikhil Menon,north,Farmhouse Pizza,6,391.02,0.1,Wallet
FX208910,2025-06-21,Saanvi Reddy,North,Gulab Jamun,4,98.01,0.1,UPI
FX207681,11-21-2025,Ananya Iyer,West,Chocolate Brownie,7,150.49,0.05,UPI
FX207433,2025-02-14,Dev Sharma,west,Butter Naan,6,45.9,0.1,Cash on Delivery
FX208964,2025-08-08,Nikhil Menon,EAST,Margherita Pizza,2,246.51,,Cash on Delivery
FX203392,30/10/2025,Nikhil Menon,SOUTH,Cold Coffee,5,121.38,0.05,Card
FX204060,13/08/2025,Manish Tiwari,East,Masala Dosa,5,126.42,0.0,Card
FX201709,01-28-2025,Vihaan Rao,SOUTH,Margherita Pizza,1,244.02,0.05,UPI
FX208240,2025-05-26,Omkar Deshpande,EAST,Green Salad,3,140.39,0.0,Card
FX206944,06/09/2025,Karthik Raman,west,Farmhouse Pizza,1,395.01,0.25,Wallet
FX208246,01-11-2025,Tara Joshi,SOUTH,Idli Sambar,4,87.22,0.15,Card
FX201139,2025-06-25,Vihaan Rao,north,Farmhouse Pizza,7,391.02,0.0,Card
FX203740,07/01/2025,Omkar Deshpande,north,Cold Coffee,7,116.62,0.0,Wallet
FX203632,16/12/2025,Meera Krishnan,north,Paneer Butter Masala,7,261.59,0.0,Wallet
FX205368,2025-02-12,,west,Veg Fried Rice,1,202.98,0.05,UPI
FX202792,09-01-2025,Diya Nair,North,Spring Roll,7,159.0,,Cash on Delivery
FX203025,2025-03-21,Nikhil Menon,south,Farmhouse Pizza,3,402.99,0.2,Wallet
FX207425,2025-07-24,Dev Sharma,North,Margherita Pizza,2,244.02,0.15,Cash on Delivery
FX205079,20/08/2025,Priya Balaji,EAST,Butter Naan,5,45.0,0.25,Wallet
FX203220,04-04-2025,Aarav Mehta,EAST,Green Salad,7,139.0,0.2,Cash on Delivery
FX201903,2025-09-25,Saanvi Reddy,north,Farmhouse Pizza,8,391.02,0.15,Card
FX207247,2025-06-11,,west,Filter Coffee,6,60.18,0.25,Cash on Delivery
FX206943,05-27-2025,Aditya Ghosh,East,Chocolate Brownie,2,147.51,0.0,Wallet
FX201642,17/10/2025,Kavya Subramanian,SOUTH,Mango Lassi,3,110.09,,UPI
FX200256,2025-10-03,,North,Mango Lassi,1,106.82,0.0,UPI
FX207046,2025-07-06,Omkar Deshpande,North,Butter Naan,8,45.45,0.05,UPI
FX205509,08/09/2025,Nisha Gupta,west,Fish Curry Meals,2,322.42,0.0,Wallet
FX204116,08-29-2025,Saanvi Reddy,East,Fish Curry Meals,8,335.58,,UPI
FX200836,20/04/2025,,west,Veg Fried Rice,5,199.0,0.2,UPI
FX207457,12-12-2025,Diya Nair,SOUTH,Spring Roll,8,162.18,0.0,Cash on Delivery
FX208920,01-20-2025,Kavya Subramanian,west,Spring Roll,4,162.18,0.2,Cash on Delivery
FX200415,07/12/2025,Rahul Sinha,North,Masala Dosa,6,130.29,,Wallet
FX200462,2025-07-13,Nisha Gupta,East,Chicken Biryani,6,289.0,0.15,Cash on Delivery
FX208003,31/07/2025,Nikhil Menon,south,Mango Lassi,8,106.82,0.2,Card
FX202564,03/08/2025,Karthik Raman,south,Mango Lassi,4,111.18,,Wallet
FX200894,09-11-2025,Ananya Iyer,west,Paneer Butter Masala,3,259.0,0.0,UPI
FX206325,10/07/2025,Nisha Gupta,south,Butter Naan,7,44.55,0.0,Cash on Delivery
FX207641,03/06/2025,Meera Krishnan,North,Farmhouse Pizza,7,399.0,0.0,Wallet
FX203993,2025-07-18,Omkar Deshpande,East,Margherita Pizza,6,244.02,0.2,Card
FX203350,04-20-2025,Aarav Mehta,west,Chicken Noodles,5,236.61,0.05,UPI
FX203279,2025-10-01,Ishita Bose,East,Tandoori Chicken,6,440.02,0.05,Cash on Delivery
FX204878,09/08/2025,Ananya Iyer,west,Butter Naan,7,45.45,0.05,Wallet
FX207756,2025-06-22,Lakshmi Prasad,West,Veg Biryani,1,216.81,0.25,Wallet
FX205567,07-27-2025,Nisha Gupta,East,Margherita Pizza,1,253.98,0.05,Wallet
FX206621,10-07-2025,Lakshmi Prasad,West,Filter Coffee,6,58.41,0.1,Card
FX204373,27/10/2025,Ishita Bose,EAST,Idli Sambar,3,89.89,0.25,Cash on Delivery
FX204490,09-28-2025,Rohan Pillai,West,Mango Lassi,2,107.91,,Cash on Delivery
FX201912,18/02/2025,Yash Patel,west,Butter Naan,6,44.1,0.1,Cash on Delivery
FX207911,15/05/2025,Saanvi Reddy,EAST,Veg Biryani,5,223.38,0.1,Card
FX202236,05-12-2025,Arjun Verma,East,Chicken Noodles,4,241.39,0.0,UPI
FX207118,19/02/2025,Sneha Varma,East,Masala Dosa,7,127.71,,Cash on Delivery
FX205202,10/01/2025,Vihaan Rao,East,Veg Fried Rice,8,200.99,0.05,UPI
FX202955,14/06/2025,Dev Sharma,north,Mutton Roll,4,273.42,0.1,Cash on Delivery
FX201820,16/04/2025,Priya Balaji,EAST,Butter Naan,5,44.55,0.0,UPI
FX201754,02-11-2025,Omkar Deshpande,north,Chicken Noodles,5,239.0,0.05,Wallet
FX208856,2025-05-30,Aditya Ghosh,SOUTH,Mutton Roll,6,273.42,0.0,Card
FX205952,2025-10-10,Rahul Sinha,North,Veg Fried Rice,3,202.98,0.1,Wallet
FX205376,2025-07-03,Vihaan Rao,SOUTH,Veg Biryani,4,221.19,0.0,UPI
FX206492,23/11/2025,Lakshmi Prasad,EAST,Mango Lassi,3,110.09,0.15,Cash on Delivery
FX207643,09-25-2025,Kabir Shah,SOUTH,Gulab Jamun,4,99.0,0.1,UPI
FX201407,2025-03-24,Aarav Mehta,SOUTH,Masala Dosa,6,126.42,0.0,Card
FX205945,2025-05-27,Rohan Pillai,west,Cold Coffee,8,119.0,0.15,Wallet
FX208863,03/03/2025,Saanvi Reddy,west,Chicken Biryani,7,291.89,0.2,Card
FX202702,2025-08-04,Karthik Raman,EAST,Gulab Jamun,2,98.01,0.0,Cash on Delivery
FX201069,06-30-2025,Nikhil Menon,North,Filter Coffee,2,57.82,0.25,UPI
FX203330,16/02/2025,Saanvi Reddy,south,Filter Coffee,2,60.18,0.25,Wallet
FX201756,22/03/2025,Nisha Gupta,North,Idli Sambar,1,89.0,0.2,Wallet
FX204123,2025-10-24,Rohan Pillai,North,Veg Fried Rice,8,202.98,0.25,Card
FX207343,12/09/2025,Rohan Pillai,East,Chicken Biryani,5,291.89,0.1,Wallet
FX205559,2025-05-13,Meera Krishnan,West,Cold Coffee,7,117.81,0.25,Cash on Delivery
FX200752,2025-07-18,Ananya Iyer,north,Filter Coffee,1,60.18,0.0,Cash on Delivery
FX207669,2025-10-18,Lakshmi Prasad,north,Gulab Jamun,8,97.02,0.2,Wallet
FX203363,2025-05-20,Kabir Shah,south,Tandoori Chicken,4,444.51,0.05,Wallet
FX202561,03-01-2025,Rohan Pillai,north,Spring Roll,4,160.59,0.2,Cash on Delivery
FX207022,03-27-2025,Omkar Deshpande,west,Green Salad,6,139.0,0.2,Cash on Delivery
FX202777,2025-04-01,Tara Joshi,West,Fish Curry Meals,6,322.42,0.0,Cash on Delivery
FX200680,20/10/2025,Manish Tiwari,south,Filter Coffee,-4,58.41,0.1,Wallet
FX200603,18/08/2025,Kavya Subramanian,East,Filter Coffee,7,60.18,0.0,Card
FX203717,24/01/2025,Yash Patel,West,Chocolate Brownie,3,150.49,,UPI
FX204967,2025-09-28,Ishita Bose,north,Margherita Pizza,4,246.51,0.1,Cash on Delivery
FX202835,2025-04-05,Rohan Pillai,EAST,Green Salad,7,139.0,0.05,UPI
FX206557,2025-06-02,Sneha Varma,SOUTH,Paneer Butter Masala,4,264.18,0.0,Wallet
FX200769,2025-05-12,Meera Krishnan,EAST,Cold Coffee,6,121.38,0.2,Cash on Delivery
FX200682,12/02/2025,Riya Kapoor,north,Margherita Pizza,3,251.49,0.0,Card
FX204801,25/07/2025,Dev Sharma,SOUTH,Green Salad,2,141.78,0.0,Wallet
FX206628,28/10/2025,Priya Balaji,EAST,Mango Lassi,4,109.0,0.05,UPI
FX204415,27/10/2025,Kavya Subramanian,west,Chicken Biryani,8,291.89,0.25,UPI
FX203794,2025-07-23,Yash Patel,west,Farmhouse Pizza,5,406.98,,Card
FX207889,10-12-2025,Karthik Raman,north,Veg Fried Rice,2,200.99,0.05,Cash on Delivery
FX208912,2025-10-05,Rahul Sinha,SOUTH,Farmhouse Pizza,3,402.99,0.0,Card
FX207242,11/04/2025,Kabir Shah,East,Cold Coffee,2,120.19,0.0,Card
FX204583,26/11/2025,Riya Kapoor,East,Margherita Pizza,4,251.49,0.2,Cash on Delivery
FX201957,2025-07-02,Manish Tiwari,SOUTH,Mutton Roll,6,281.79,0.0,Wallet
FX202408,2025-11-13,Ishita Bose,west,Fish Curry Meals,4,332.29,0.05,Card
FX207309,2025-02-23,Saanvi Reddy,East,Mango Lassi,3,106.82,0.0,Card
FX203479,2025-06-25,Meera Krishnan,south,Paneer Butter Masala,7,259.0,0.0,Card
FX201003,05-17-2025,Ishita Bose,SOUTH,Cold Coffee,4,119.0,0.1,Card
FX203347,12/07/2025,Manish Tiwari,East,Gulab Jamun,8,97.02,0.15,UPI
FX203070,2025-11-26,Aditya Ghosh,west,Green Salad,6,139.0,0.25,Card
FX202836,2025-06-01,Manish Tiwari,West,Idli Sambar,2,90.78,0.0,Wallet
FX201631,01/10/2025,Lakshmi Prasad,EAST,Idli Sambar,2,89.0,0.0,Wallet
FX207928,2025-09-28,Ishita Bose,north,Veg Biryani,5,214.62,0.25,Wallet
FX201091,2025-12-05,Aditya Ghosh,west,Idli Sambar,4,87.22,0.0,UPI
FX205647,29/10/2025,Diya Nair,north,Spring Roll,8,160.59,,Wallet
FX201647,2025-03-10,Aditya Ghosh,EAST,Butter Naan,6,45.45,0.1,UPI
FX203566,04-27-2025,Saanvi Reddy,West,Butter Naan,1,45.0,0.1,Cash on Delivery
FX203229,2025-09-29,Yash Patel,East,Spring Roll,7,162.18,0.25,Card
FX200269,16/08/2025,Lakshmi Prasad,EAST,Mango Lassi,5,109.0,0.05,Wallet
FX201728,12/07/2025,Karthik Raman,SOUTH,Paneer Butter Masala,3,259.0,0.0,UPI
FX203286,2025-04-13,Diya Nair,EAST,Mango Lassi,3,111.18,0.05,Cash on Delivery
FX205965,2025-11-11,Diya Nair,south,Filter Coffee,2,58.41,,Cash on Delivery
FX200613,2025-12-23,Meera Krishnan,south,Margherita Pizza,6,246.51,0.05,Card
FX205989,26/01/2025,Riya Kapoor,south,Veg Fried Rice,2,200.99,0.2,Cash on Delivery
FX203102,03/06/2025,Sneha Varma,East,Veg Biryani,5,221.19,0.2,Cash on Delivery
FX207820,2025-12-28,Nikhil Menon,EAST,Margherita Pizza,6,249.0,0.1,Cash on Delivery
FX201284,2025-06-27,Aarav Mehta,North,Fish Curry Meals,2,332.29,0.1,UPI
FX202258,05-16-2025,Tara Joshi,south,Paneer Butter Masala,3,253.82,0.0,Cash on Delivery
FX208364,2025-05-29,Priya Balaji,south,Chocolate Brownie,1,146.02,0.0,Cash on Delivery
FX200543,2025-08-21,Sneha Varma,west,Veg Biryani,6,223.38,,Cash on Delivery
FX200475,30/01/2025,Rohan Pillai,West,Veg Biryani,4,214.62,0.0,Wallet
FX202385,09/05/2025,Saanvi Reddy,EAST,Mutton Roll,5,281.79,0.0,Wallet
FX207467,2025-07-07,Arjun Verma,North,Chocolate Brownie,1,146.02,,Wallet
FX207529,01/01/2025,Priya Balaji,SOUTH,Tandoori Chicken,5,444.51,0.05,UPI
FX206732,12-21-2025,Omkar Deshpande,north,Chicken Noodles,4,241.39,0.05,UPI
FX202382,2025-02-11,Dev Sharma,SOUTH,Butter Naan,6,44.1,0.0,Cash on Delivery
FX208136,04/05/2025,Omkar Deshpande,East,Veg Fried Rice,3,195.02,0.15,Wallet
FX200335,2025-06-26,Diya Nair,West,Chocolate Brownie,7,151.98,0.25,Wallet
FX205060,15/06/2025,Ishita Bose,EAST,Fish Curry Meals,5,329.0,0.0,Card
FX202225,2025-07-02,Rahul Sinha,north,Mango Lassi,5,107.91,0.25,UPI
FX206302,06-16-2025,Sneha Varma,south,Cold Coffee,5,121.38,0.15,Wallet
FX205540,04/05/2025,Priya Balaji,EAST,Mango Lassi,7,111.18,0.0,Cash on Delivery
FX204171,25/03/2025,Meera Krishnan,West,Idli Sambar,1,90.78,0.25,Card
FX201909,2025-08-25,Kabir Shah,North,Mango Lassi,2,109.0,0.1,Card
FX201238,05-30-2025,Kabir Shah,north,Green Salad,8,140.39,,Cash on Delivery
FX208722,2025-05-01,Rahul Sinha,EAST,Idli Sambar,2,89.89,,Cash on Delivery
FX207500,12-03-2025,Ishita Bose,west,Veg Biryani,1,221.19,0.25,UPI
FX208355,16/01/2025,Diya Nair,SOUTH,Idli Sambar,3,88.11,0.0,UPI
FX207988,01/04/2025,Rohan Pillai,north,Veg Biryani,7,223.38,0.2,Cash on Delivery
FX206878,2025-04-12,Karthik Raman,north,Chicken Biryani,5,283.22,0.0,Card
FX205676,04-23-2025,Rohan Pillai,EAST,Tandoori Chicken,3,440.02,0.0,Wallet
FX208777,23/01/2025,Riya Kapoor,west,Chocolate Brownie,5,151.98,0.0,Card
FX202818,2025-05-31,Aditya Ghosh,SOUTH,Veg Fried Rice,8,197.01,0.15,Card
FX202986,11/11/2025,Dev Sharma,East,Chicken Biryani,2,291.89,0.0,Wallet
FX206186,11-06-2025,Arjun Verma,East,Mango Lassi,8,110.09,0.0,UPI
FX203519,2025-06-28,Yash Patel,West,Tandoori Chicken,5,444.51,0.0,Card
FX206552,01-05-2025,Dev Sharma,SOUTH,Mutton Roll,-2,279.0,,Card
FX205091,2025-11-06,,north,Mutton Roll,7,279.0,0.25,UPI
FX205414,2025-03-29,Dev Sharma,East,Filter Coffee,2,59.59,0.0,Wallet
FX208882,29/12/2025,Ishita Bose,south,Fish Curry Meals,2,322.42,0.25,UPI
FX201878,2025-05-21,Meera Krishnan,west,Idli Sambar,8,87.22,0.1,Card
FX200904,2025-12-26,Tara Joshi,East,Farmhouse Pizza,4,399.0,0.0,Card
FX202610,12/11/2025,Aarav Mehta,East,Chocolate Brownie,6,151.98,0.05,UPI
FX206472,01-30-2025,Diya Nair,north,Butter Naan,1,45.45,0.0,Card
FX208030,2025-07-09,Meera Krishnan,EAST,Farmhouse Pizza,7,406.98,0.2,Cash on Delivery
FX206564,19/09/2025,Vihaan Rao,East,Butter Naan,3,45.45,0.0,Cash on Delivery
FX200023,2025-10-31,Nikhil Menon,west,Chocolate Brownie,5,146.02,0.15,Cash on Delivery
FX207763,04-01-2025,Aarav Mehta,East,Chicken Noodles,5,243.78,0.1,Wallet
FX206954,06-10-2025,Saanvi Reddy,EAST,Spring Roll,8,155.82,0.2,Cash on Delivery
FX208789,03-31-2025,Diya Nair,East,Mutton Roll,7,276.21,0.0,Card
FX200197,11/10/2025,Kavya Subramanian,North,Mango Lassi,8,106.82,0.05,Wallet
FX206146,11-04-2025,Kavya Subramanian,East,Veg Biryani,1,219.0,,Cash on Delivery
FX207796,2025-02-16,Kavya Subramanian,SOUTH,Fish Curry Meals,8,325.71,0.25,Cash on Delivery
FX207632,2025-01-29,Kabir Shah,East,Butter Naan,7,44.55,0.0,Cash on Delivery
FX204650,05/08/2025,Yash Patel,North,Fish Curry Meals,7,329.0,0.25,Cash on Delivery
FX201998,05/08/2025,Aarav Mehta,North,Veg Biryani,4,216.81,0.0,UPI
FX207320,03-09-2025,Dev Sharma,West,Paneer Butter Masala,4,264.18,0.0,UPI
FX201242,2025-06-06,Ishita Bose,EAST,Mango Lassi,6,109.0,0.0,Cash on Delivery
FX203113,2025-12-25,Manish Tiwari,West,Idli Sambar,2,89.89,0.0,Card
FX203929,2025-09-19,Nisha Gupta,south,Cold Coffee,7,117.81,0.2,Card
FX202944,10-26-2025,Karthik Raman,SOUTH,Cold Coffee,1,116.62,0.0,Card
FX202278,2025-02-07,Priya Balaji,EAST,Gulab Jamun,4,100.98,0.15,Card
FX202884,2025-06-28,Yash Patel,West,Green Salad,3,141.78,0.25,UPI
FX201511,2025-03-08,Ishita Bose,SOUTH,Gulab Jamun,3,100.98,0.0,Cash on Delivery
FX204752,2025-11-09,Manish Tiwari,West,Mutton Roll,8,284.58,0.05,Card
FX206370,05/03/2025,Diya Nair,south,Gulab Jamun,8,97.02,0.25,Wallet
FX205570,2025-11-17,Rahul Sinha,north,Spring Roll,7,155.82,0.25,Card
FX201174,13/12/2025,Arjun Verma,north,Mango Lassi,5,106.82,0.0,Cash on Delivery
FX206389,06-15-2025,Tara Joshi,south,Mutton Roll,6,273.42,0.0,UPI
FX200342,2025-10-24,Dev Sharma,north,Spring Roll,2,162.18,0.0,Card
FX207875,2025-08-21,Ananya Iyer,south,Gulab Jamun,6,97.02,0.2,Cash on Delivery
FX202642,2025-11-23,Omkar Deshpande,south,Idli Sambar,8,88.11,0.0,Card
FX203842,2025-02-27,,north,Green Salad,1,140.39,0.05,Card
FX208287,2025-05-28,Rahul Sinha,West,Mutton Roll,7,279.0,0.2,Wallet
FX208900,23/08/2025,Kabir Shah,north,Green Salad,4,137.61,0.1,UPI
FX208204,11/07/2025,Manish Tiwari,EAST,Idli Sambar,5,89.89,0.2,Cash on Delivery
FX201383,2025-03-28,Diya Nair,North,Idli Sambar,5,90.78,0.0,Card
FX201493,11/08/2025,Nisha Gupta,SOUTH,Gulab Jamun,8,99.99,0.1,UPI
FX202906,2025-11-11,Saanvi Reddy,North,Margherita Pizza,7,246.51,0.05,UPI
FX203753,09-07-2025,Yash Patel,south,Paneer Butter Masala,3,261.59,0.15,Cash on Delivery
FX204092,2025-08-17,Aarav Mehta,West,Veg Fried Rice,4,197.01,0.1,Cash on Delivery
FX201675,08-23-2025,Ananya Iyer,south,Spring Roll,4,159.0,0.0,Wallet
FX206299,2025-09-09,Priya Balaji,south,Masala Dosa,1,127.71,0.0,Cash on Delivery
FX202588,2025-03-31,Aarav Mehta,south,Veg Biryani,6,221.19,0.05,Wallet
FX201987,2025-06-27,Priya Balaji,north,Mutton Roll,2,273.42,0.05,Wallet
FX203141,27/11/2025,Rohan Pillai,EAST,Tandoori Chicken,1,449.0,,UPI
FX207355,16/02/2025,Vihaan Rao,south,Gulab Jamun,6,97.02,0.05,Card
FX206291,11-29-2025,Saanvi Reddy,East,Green Salad,7,136.22,0.25,UPI
FX204963,2025-08-07,Ananya Iyer,west,Mutton Roll,6,284.58,0.15,Card
FX200413,2025-08-16,Riya Kapoor,SOUTH,Margherita Pizza,8,244.02,0.25,UPI
FX206589,2025-06-21,Ananya Iyer,West,Veg Fried Rice,1,202.98,0.1,Card
FX207573,2025-07-26,Aarav Mehta,south,Margherita Pizza,3,246.51,0.05,Wallet
FX206726,19/07/2025,Diya Nair,SOUTH,Masala Dosa,6,127.71,0.1,Card
FX206254,01/03/2025,Aditya Ghosh,West,Veg Fried Rice,2,202.98,,Cash on Delivery
FX208494,12/06/2025,Saanvi Reddy,north,Green Salad,2,140.39,0.0,UPI
FX204892,2025-09-02,Dev Sharma,West,Gulab Jamun,5,98.01,0.05,UPI
FX204107,2025-04-01,Aditya Ghosh,West,Idli Sambar,1,89.0,0.1,Card
FX207043,19/07/2025,Diya Nair,south,Fish Curry Meals,6,332.29,,UPI
FX200738,04-14-2025,Aditya Ghosh,west,Paneer Butter Masala,2,261.59,0.0,Cash on Delivery
FX207753,31/08/2025,Kabir Shah,EAST,Chicken Noodles,2,234.22,0.05,UPI
FX207179,2025-01-22,Dev Sharma,north,Margherita Pizza,4,253.98,0.0,Cash on Delivery
FX203005,2025-09-05,Kavya Subramanian,SOUTH,Fish Curry Meals,1,332.29,0.0,UPI
FX201433,2025-09-20,Kavya Subramanian,EAST,Butter Naan,6,45.9,0.25,Card
FX202420,2025-06-16,Lakshmi Prasad,West,Gulab Jamun,4,97.02,0.2,Wallet
FX204762,2025-11-30,Nikhil Menon,SOUTH,Margherita Pizza,7,253.98,0.0,UPI
FX201853,06/12/2025,Arjun Verma,EAST,Veg Fried Rice,5,200.99,0.0,Card
FX200111,15/07/2025,Kavya Subramanian,North,Chicken Biryani,6,291.89,0.0,Cash on Delivery
FX207989,07-02-2025,Aditya Ghosh,south,Tandoori Chicken,7,449.0,0.05,Cash on Delivery
FX206916,04-25-2025,Manish Tiwari,East,Veg Fried Rice,4,197.01,0.2,Card
FX202016,2025-05-01,Sneha Varma,North,Butter Naan,8,45.0,0.15,Wallet
FX202291,2025-11-14,,north,Veg Fried Rice,8,200.99,0.15,Wallet
FX208418,03-21-2025,Kavya Subramanian,north,Margherita Pizza,8,251.49,0.25,Wallet
FX207953,2025-05-08,Kabir Shah,SOUTH,Masala Dosa,6,130.29,0.15,Card
FX205386,12/02/2025,Sneha Varma,south,Masala Dosa,1,127.71,,UPI
FX208075,2025-10-05,Nikhil Menon,West,Masala Dosa,2,130.29,0.05,UPI
FX202827,29/11/2025,Saanvi Reddy,west,Idli Sambar,1,89.0,0.0,Cash on Delivery
FX207186,07/06/2025,Rahul Sinha,north,Gulab Jamun,4,98.01,0.0,Wallet
FX203645,13/06/2025,Karthik Raman,west,Margherita Pizza,6,246.51,0.15,Wallet
FX206338,2025-03-31,Kabir Shah,North,Idli Sambar,5,89.89,0.1,Cash on Delivery
FX200508,2025-01-17,Dev Sharma,west,Filter Coffee,8,58.41,0.1,Cash on Delivery
FX202174,07-08-2025,Riya Kapoor,West,Veg Fried Rice,6,200.99,0.0,Wallet
FX207272,2025-08-04,Dev Sharma,west,Green Salad,-6,141.78,0.05,UPI
FX202510,2025-09-11,Tara Joshi,south,Fish Curry Meals,4,329.0,0.2,UPI
FX206021,2025-05-03,Nikhil Menon,East,Farmhouse Pizza,1,402.99,0.15,Cash on Delivery
FX202267,17/10/2025,Saanvi Reddy,west,Idli Sambar,4,89.0,0.1,Wallet
FX207550,04-02-2025,Aarav Mehta,north,Tandoori Chicken,2,453.49,0.05,UPI
FX202289,26/04/2025,Rohan Pillai,south,Idli Sambar,2,89.0,0.15,Cash on Delivery
FX200152,20/04/2025,Kabir Shah,EAST,Mango Lassi,5,106.82,0.1,Cash on Delivery
FX207365,2025-05-31,Dev Sharma,west,Veg Biryani,4,216.81,0.0,UPI
FX204310,09/03/2025,Kabir Shah,EAST,Filter Coffee,3,59.0,0.0,Card
FX200317,11/05/2025,Vihaan Rao,SOUTH,Farmhouse Pizza,4,391.02,0.0,Card
FX204508,07/03/2025,Yash Patel,south,Cold Coffee,7,116.62,0.0,Card
FX207954,27/12/2025,Ananya Iyer,North,Mutton Roll,6,281.79,0.0,Wallet
FX206218,08/10/2025,Nisha Gupta,SOUTH,Idli Sambar,6,88.11,0.25,Wallet
FX202586,02-10-2025,Nikhil Menon,south,Filter Coffee,4,58.41,0.0,Wallet
FX200148,2025-04-30,Ishita Bose,North,Butter Naan,3,45.0,0.05,UPI
FX205640,2025-07-03,Nikhil Menon,SOUTH,Farmhouse Pizza,8,399.0,0.1,UPI
FX205723,29/01/2025,Priya Balaji,south,Mutton Roll,8,273.42,0.2,Card
FX204100,2025-03-29,Nisha Gupta,SOUTH,Mutton Roll,1,276.21,0.2,Wallet
FX204455,14/07/2025,Kavya Subramanian,North,Tandoori Chicken,4,444.51,0.0,Card
FX201226,2025-06-07,Yash Patel,SOUTH,Gulab Jamun,7,99.0,0.0,UPI
FX204571,2025-01-02,Sneha Varma,West,Tandoori Chicken,5,449.0,0.2,Card
FX201532,2025-01-24,Meera Krishnan,SOUTH,Fish Curry Meals,3,329.0,0.25,Cash on Delivery
FX208572,13/03/2025,Karthik Raman,north,Spring Roll,5,162.18,0.1,Card
FX207678,19/03/2025,Arjun Verma,EAST,Mango Lassi,2,111.18,0.15,Card
FX201476,16/07/2025,Ananya Iyer,EAST,Masala Dosa,8,126.42,0.25,UPI
FX208056,2025-06-15,Sneha Varma,SOUTH,Spring Roll,4,155.82,0.1,Card
FX205174,27/10/2025,Karthik Raman,north,Filter Coffee,2,58.41,0.15,UPI
FX203458,27/09/2025,Riya Kapoor,EAST,Fish Curry Meals,4,325.71,0.25,Wallet
FX204058,02/04/2025,Tara Joshi,SOUTH,Veg Fried Rice,7,199.0,0.0,Wallet
FX204744,2025-02-25,Saanvi Reddy,North,Tandoori Chicken,8,444.51,0.1,UPI
FX204771,2025-10-24,Meera Krishnan,West,Veg Fried Rice,8,199.0,0.0,UPI
FX206393,28/12/2025,Riya Kapoor,East,Chicken Noodles,2,234.22,0.0,Cash on Delivery
FX201049,21/12/2025,Sneha Varma,West,Fish Curry Meals,7,325.71,0.0,Cash on Delivery
FX208967,06-08-2025,Diya Nair,south,Filter Coffee,8,57.82,0.15,UPI
FX208861,2025-12-01,Yash Patel,East,Spring Roll,6,155.82,0.25,UPI
FX208137,2025-06-02,Karthik Raman,North,Filter Coffee,3,59.59,0.0,Cash on Delivery
FX206584,2025-04-24,Meera Krishnan,north,Fish Curry Meals,6,322.42,0.15,Card
FX201097,12-15-2025,Kabir Shah,EAST,Gulab Jamun,7,97.02,0.1,UPI
FX207388,2025-05-28,Riya Kapoor,south,Idli Sambar,4,89.89,0.25,Cash on Delivery
FX203843,2025-01-17,Vihaan Rao,EAST,Cold Coffee,5,119.0,0.1,Wallet
FX201599,29/03/2025,Karthik Raman,East,Chicken Noodles,2,234.22,0.0,UPI
FX204434,2025-04-13,Nikhil Menon,north,Margherita Pizza,3,244.02,0.0,Wallet
FX205686,2025-04-22,Rahul Sinha,North,Spring Roll,3,160.59,0.2,Wallet
FX205101,08-23-2025,,west,Veg Biryani,2,219.0,0.25,Card
FX205715,2025-11-15,Aarav Mehta,south,Green Salad,8,137.61,0.2,Wallet
FX206984,20/12/2025,Nikhil Menon,East,Masala Dosa,7,131.58,0.15,Wallet
FX202359,2025-10-13,Lakshmi Prasad,West,Tandoori Chicken,6,440.02,0.1,Cash on Delivery
FX208859,2025-09-16,,West,Tandoori Chicken,2,457.98,0.0,Cash on Delivery
FX207955,28/04/2025,Tara Joshi,EAST,Mutton Roll,4,273.42,0.0,Wallet
FX205850,2025-06-17,Sneha Varma,south,Fish Curry Meals,8,325.71,0.1,Wallet
FX207981,22/02/2025,Rahul Sinha,north,Green Salad,6,136.22,0.1,Card
FX202882,2025-08-27,Yash Patel,West,Chicken Noodles,2,236.61,0.25,UPI
FX202147,07-03-2025,Sneha Varma,East,Chicken Biryani,3,289.0,0.05,UPI
FX204535,2025-09-07,Vihaan Rao,North,Mutton Roll,5,284.58,0.15,Cash on Delivery
FX200268,25/03/2025,Nikhil Menon,south,Margherita Pizza,5,251.49,0.05,Card
FX208355,16/01/2025,Diya Nair,SOUTH,Idli Sambar,3,88.11,0.0,UPI
FX207445,29/03/2025,Meera Krishnan,East,Chocolate Brownie,6,147.51,0.15,UPI
FX203672,2025-04-23,Omkar Deshpande,East,Paneer Butter Masala,7,256.41,0.0,Cash on Delivery
FX202617,2025-06-11,Aarav Mehta,SOUTH,Butter Naan,8,45.45,0.1,Cash on Delivery
FX205991,12/11/2025,Diya Nair,west,Veg Biryani,6,216.81,0.2,UPI
FX202394,2025-12-01,Ananya Iyer,East,Idli Sambar,6,88.11,0.1,Card
FX202381,2025-07-31,Aditya Ghosh,West,Mango Lassi,8,107.91,0.25,Cash on Delivery
FX204550,09-13-2025,Priya Balaji,North,Chicken Biryani,5,289.0,0.25,Cash on Delivery
FX200456,2025-05-04,Yash Patel,West,Veg Fried Rice,5,199.0,,Wallet
FX203440,06-11-2025,Nisha Gupta,North,Veg Biryani,2,216.81,0.1,Card
FX200491,09-13-2025,Ananya Iyer,North,Mutton Roll,2,281.79,0.15,Card
FX204364,2025-08-12,Aditya Ghosh,west,Butter Naan,8,44.1,0.0,Wallet
FX201075,08-02-2025,Aditya Ghosh,west,Margherita Pizza,3,253.98,0.0,Card
FX200482,2025-06-25,Yash Patel,North,Green Salad,7,141.78,0.0,Wallet
FX206665,2025-03-31,Nikhil Menon,west,Cold Coffee,7,121.38,0.0,Cash on Delivery
FX207126,2025-10-26,Aarav Mehta,West,Veg Biryani,4,216.81,0.05,Card
FX204004,2025-10-17,Kavya Subramanian,West,Veg Biryani,7,219.0,0.2,Card
FX207352,13/02/2025,Saanvi Reddy,West,Gulab Jamun,5,100.98,0.05,Cash on Delivery
FX208750,14/05/2025,Ananya Iyer,North,Veg Biryani,4,219.0,0.0,UPI
FX204449,12/11/2025,Nisha Gupta,North,Butter Naan,1,45.9,0.0,UPI
FX207603,06-05-2025,Diya Nair,North,Spring Roll,7,162.18,0.0,Cash on Delivery
FX200312,2025-01-14,Sneha Varma,EAST,Spring Roll,2,157.41,0.15,Cash on Delivery
FX207606,2025-05-08,Karthik Raman,north,Spring Roll,6,160.59,0.05,Wallet
FX200805,05-06-2025,Manish Tiwari,south,Cold Coffee,2,121.38,0.15,Card
FX204446,09-07-2025,Vihaan Rao,north,Green Salad,2,140.39,0.1,Cash on Delivery
FX206167,01-26-2025,,North,Cold Coffee,6,120.19,0.0,UPI
FX204602,06-29-2025,Karthik Raman,south,Paneer Butter Masala,1,256.41,0.0,Wallet
FX202826,2025-02-19,Aditya Ghosh,north,Margherita Pizza,2,251.49,,Card
FX200065,2025-07-17,Riya Kapoor,north,Chocolate Brownie,4,149.0,0.15,UPI
FX208226,16/12/2025,Kavya Subramanian,East,Cold Coffee,1,121.38,0.2,Wallet
FX206498,18/02/2025,Lakshmi Prasad,West,Green Salad,1,141.78,0.05,Card
FX203339,11/02/2025,Meera Krishnan,EAST,Fish Curry Meals,4,329.0,0.0,Wallet
FX200080,07/05/2025,Arjun Verma,EAST,Paneer Butter Masala,2,264.18,0.0,UPI
FX208007,03/08/2025,Ishita Bose,East,Veg Biryani,4,221.19,0.05,Wallet
FX207912,02-15-2025,Kavya Subramanian,SOUTH,Veg Biryani,2,216.81,0.15,UPI
FX201123,2025-12-24,Manish Tiwari,West,Veg Fried Rice,5,195.02,0.0,Wallet
FX208438,2025-06-03,Sneha Varma,south,Veg Biryani,2,223.38,,Cash on Delivery
FX200887,2025-06-17,Tara Joshi,EAST,Filter Coffee,7,60.18,0.0,Wallet
FX200405,10-14-2025,Yash Patel,south,Fish Curry Meals,2,335.58,0.05,UPI
FX201732,20/03/2025,Omkar Deshpande,West,Chicken Noodles,8,241.39,0.1,UPI
FX206480,2025-05-02,Tara Joshi,west,Green Salad,5,137.61,0.0,Wallet
FX202556,08/12/2025,Yash Patel,north,Chicken Biryani,8,291.89,0.0,Wallet
FX204661,2025-10-26,Vihaan Rao,West,Farmhouse Pizza,4,402.99,0.05,UPI
FX204563,11/03/2025,Rahul Sinha,East,Paneer Butter Masala,5,256.41,0.0,UPI
FX201048,2025-01-13,Aarav Mehta,East,Chocolate Brownie,4,146.02,0.2,Wallet
FX200479,2025-10-19,Meera Krishnan,EAST,Green Salad,7,139.0,0.1,UPI
FX205657,26/09/2025,Riya Kapoor,EAST,Farmhouse Pizza,5,406.98,0.25,Cash on Delivery
FX205687,2025-01-23,Diya Nair,West,Gulab Jamun,3,99.0,0.0,UPI
FX207119,2025-11-26,Kabir Shah,North,Idli Sambar,3,89.0,0.1,UPI
FX204305,06-26-2025,Saanvi Reddy,East,Masala Dosa,3,126.42,0.0,Card
FX201065,06/02/2025,Nisha Gupta,west,Veg Biryani,2,221.19,0.15,UPI
FX205796,16/12/2025,Vihaan Rao,west,Green Salad,8,136.22,0.0,UPI
FX201402,14/02/2025,Manish Tiwari,west,Chicken Noodles,4,234.22,0.1,Card
FX208357,03-09-2025,Dev Sharma,west,Cold Coffee,6,116.62,0.2,Card
FX202439,05/09/2025,Nisha Gupta,East,Filter Coffee,1,60.18,0.25,Card
FX201507,2025-10-31,Sneha Varma,East,Gulab Jamun,3,97.02,0.1,Cash on Delivery
FX202740,2025-10-22,Rahul Sinha,south,Farmhouse Pizza,8,391.02,,Cash on Delivery
FX201985,2025-01-12,Lakshmi Prasad,north,Veg Biryani,8,219.0,0.05,Card
FX206742,01-05-2025,Arjun Verma,south,Paneer Butter Masala,5,259.0,0.2,Cash on Delivery
FX200665,2025-08-17,Omkar Deshpande,north,Filter Coffee,7,59.0,0.25,UPI
FX201768,03/03/2025,Arjun Verma,SOUTH,Chicken Biryani,3,286.11,0.15,Cash on Delivery
FX207915,2025-06-21,Tara Joshi,North,Mutton Roll,3,273.42,0.1,Cash on Delivery
FX200757,2025-11-29,Meera Krishnan,West,Mutton Roll,7,273.42,0.1,UPI
FX207013,2025-02-01,Tara Joshi,East,Tandoori Chicken,4,449.0,0.0,Wallet
FX204030,2025-03-04,Tara Joshi,West,Mutton Roll,8,279.0,0.05,Wallet
FX202193,07-15-2025,Ishita Bose,North,Veg Fried Rice,7,197.01,0.2,Cash on Delivery
FX207245,04/07/2025,Tara Joshi,East,Chicken Noodles,8,234.22,0.1,Cash on Delivery
FX207227,03-20-2025,Manish Tiwari,EAST,Green Salad,5,140.39,0.2,UPI
FX203547,04/09/2025,Nikhil Menon,West,Veg Fried Rice,1,197.01,0.0,UPI
FX203304,2025-05-06,Omkar Deshpande,West,Spring Roll,8,157.41,0.1,Cash on Delivery
FX205651,28/12/2025,Saanvi Reddy,North,Cold Coffee,6,120.19,0.1,Card
FX204652,09/05/2025,Dev Sharma,East,Margherita Pizza,7,244.02,0.2,Wallet
FX205233,04-10-2025,Karthik Raman,North,Butter Naan,4,45.9,0.0,UPI
FX208563,2025-05-03,Rohan Pillai,East,Green Salad,2,140.39,0.25,UPI
FX207942,02-16-2025,Lakshmi Prasad,North,Spring Roll,2,157.41,0.1,Wallet
FX203692,2025-12-21,Nikhil Menon,north,Idli Sambar,7,89.0,0.0,Cash on Delivery
FX207123,2025-05-11,Arjun Verma,West,Veg Biryani,5,223.38,0.0,UPI
FX204461,30/08/2025,Riya Kapoor,North,Mutton Roll,1,281.79,0.25,Card
FX208475,19/10/2025,Manish Tiwari,West,Chicken Biryani,8,291.89,0.0,Cash on Delivery
FX203866,14/04/2025,Meera Krishnan,North,Gulab Jamun,3,99.0,,Wallet
FX200685,18/09/2025,Saanvi Reddy,north,Chicken Biryani,5,294.78,0.0,Wallet
FX208240,2025-05-26,Omkar Deshpande,EAST,Green Salad,3,140.39,0.0,Card
FX206156,2025-01-08,Manish Tiwari,West,Farmhouse Pizza,7,399.0,,Card
FX208955,2025-06-12,Sneha Varma,west,Butter Naan,4,44.1,0.2,UPI
FX201196,15/07/2025,Yash Patel,north,Tandoori Chicken,2,453.49,0.05,Cash on Delivery
FX207998,2025-04-23,Meera Krishnan,west,Cold Coffee,3,120.19,0.0,UPI
FX205568,22/07/2025,Riya Kapoor,south,Chicken Noodles,1,236.61,0.15,UPI
FX208257,07/04/2025,Lakshmi Prasad,East,Fish Curry Meals,5,325.71,0.0,Cash on Delivery
FX203840,11-07-2025,Karthik Raman,north,Mango Lassi,5,107.91,0.0,Card
FX203539,21/10/2025,Omkar Deshpande,south,Butter Naan,3,45.9,0.25,UPI
FX205140,2025-03-01,Aarav Mehta,East,Butter Naan,1,44.1,0.1,Wallet
FX202130,05/01/2025,Dev Sharma,west,Masala Dosa,8,129.0,0.1,Wallet
FX208804,14/06/2025,Dev Sharma,North,Gulab Jamun,5,100.98,0.25,Card
FX206728,10-22-2025,Kavya Subramanian,north,Margherita Pizza,4,246.51,0.0,Cash on Delivery
FX202647,01/12/2025,Nikhil Menon,north,Gulab Jamun,2,98.01,0.0,Card
FX202789,2025-12-10,Dev Sharma,west,Margherita Pizza,6,253.98,0.0,Card
FX207140,2025-03-29,Diya Nair,West,Mutton Roll,1,279.0,0.0,Card
FX205805,06/12/2025,Tara Joshi,EAST,Cold Coffee,8,116.62,0.2,UPI
FX207050,28/09/2025,Omkar Deshpande,north,Chicken Biryani,-8,294.78,0.05,Cash on Delivery
FX206695,2025-07-31,Priya Balaji,west,Paneer Butter Masala,3,264.18,0.05,Card
FX202221,12-13-2025,Ananya Iyer,north,Gulab Jamun,8,99.0,0.1,Cash on Delivery
FX205023,2025-03-17,Riya Kapoor,North,Fish Curry Meals,3,325.71,0.0,Cash on Delivery
FX200767,06-10-2025,,west,Idli Sambar,7,88.11,0.0,UPI
FX203998,2025-04-08,Vihaan Rao,north,Green Salad,2,137.61,0.1,Wallet
FX207826,12/08/2025,Manish Tiwari,East,Cold Coffee,1,121.38,0.25,Wallet
FX200915,18/02/2025,Lakshmi Prasad,North,Butter Naan,1,45.0,0.0,Cash on Delivery
FX206576,2025-12-05,Riya Kapoor,West,Cold Coffee,4,116.62,0.05,Card
FX206294,26/05/2025,Lakshmi Prasad,East,Margherita Pizza,2,249.0,0.15,Card
FX206292,2025-09-05,Rohan Pillai,EAST,Gulab Jamun,4,99.99,0.0,UPI
FX203907,2025-12-28,Tara Joshi,West,Margherita Pizza,3,246.51,0.0,Wallet
FX207535,2025-06-02,Rahul Sinha,West,Green Salad,7,136.22,0.0,Cash on Delivery
FX203455,15/05/2025,Lakshmi Prasad,north,Mango Lassi,5,106.82,0.2,Card
FX201849,2025-11-05,Ishita Bose,SOUTH,Chocolate Brownie,5,146.02,0.1,Card
FX200729,2025-07-24,Tara Joshi,north,Chicken Noodles,6,236.61,0.05,UPI
FX206362,24/06/2025,Dev Sharma,SOUTH,Fish Curry Meals,3,322.42,0.0,Card
FX203863,16/12/2025,Yash Patel,north,Tandoori Chicken,4,449.0,0.0,Card
FX204398,02/12/2025,Sneha Varma,west,Gulab Jamun,8,100.98,0.15,Cash on Delivery
FX205494,01-17-2025,Aarav Mehta,West,Spring Roll,5,155.82,0.25,Wallet
FX203827,2025-01-01,Nisha Gupta,west,Spring Roll,8,159.0,0.1,Card
FX203234,05-10-2025,Kavya Subramanian,south,Veg Fried Rice,6,195.02,0.0,Card
FX208284,2025-03-05,Rohan Pillai,north,Cold Coffee,7,116.62,0.0,Card
FX205058,12-22-2025,Lakshmi Prasad,SOUTH,Idli Sambar,6,89.0,0.0,Wallet
FX201591,20/12/2025,Manish Tiwari,West,Margherita Pizza,2,253.98,0.2,Cash on Delivery
FX203176,2025-05-28,Ishita Bose,south,Gulab Jamun,5,100.98,0.2,Card
FX200846,29/11/2025,Vihaan Rao,North,Spring Roll,6,160.59,0.25,UPI
FX203711,26/07/2025,Aditya Ghosh,north,Cold Coffee,4,119.0,0.25,Wallet
FX204232,01/01/2025,Arjun Verma,EAST,Mutton Roll,1,279.0,0.0,Card
FX206510,06-21-2025,Omkar Deshpande,North,Margherita Pizza,6,251.49,0.05,Card
FX205006,2025-01-19,Vihaan Rao,West,Masala Dosa,-7,131.58,0.0,Card
FX200437,2025-05-31,Diya Nair,East,Cold Coffee,2,116.62,0.0,Card
FX200420,12-28-2025,Aarav Mehta,North,Green Salad,4,140.39,0.1,UPI
FX200458,16/06/2025,Saanvi Reddy,north,Fish Curry Meals,3,329.0,0.0,Cash on Delivery
FX200145,2025-11-04,Yash Patel,SOUTH,Veg Fried Rice,5,202.98,0.05,Cash on Delivery
FX200117,07/02/2025,Rahul Sinha,North,Chicken Biryani,8,289.0,0.15,UPI
FX201218,11/03/2025,Diya Nair,North,Paneer Butter Masala,2,264.18,0.15,Cash on Delivery
FX206230,21/08/2025,Saanvi Reddy,west,Idli Sambar,1,87.22,0.1,UPI
FX204070,08-15-2025,Sneha Varma,North,Masala Dosa,7,129.0,,Card
FX204626,09-19-2025,Vihaan Rao,SOUTH,Idli Sambar,4,87.22,0.0,UPI
FX201826,05-13-2025,Yash Patel,North,Mutton Roll,3,279.0,0.0,UPI
FX200791,02/02/2025,Ananya Iyer,EAST,Veg Fried Rice,3,199.0,0.05,Wallet
FX206208,12/12/2025,Lakshmi Prasad,north,Green Salad,2,137.61,0.2,Card
FX201651,2025-05-08,Karthik Raman,West,Fish Curry Meals,4,332.29,0.05,Card
FX206762,21/01/2025,Nisha Gupta,south,Veg Biryani,3,223.38,0.05,UPI
FX207268,2025-08-21,Karthik Raman,West,Butter Naan,8,45.45,,Wallet
FX202056,2025-05-04,Priya Balaji,East,Tandoori Chicken,4,457.98,0.1,UPI
FX208692,16/09/2025,Omkar Deshpande,south,Paneer Butter Masala,7,256.41,0.15,Cash on Delivery
FX202432,04-08-2025,Aarav Mehta,West,Paneer Butter Masala,5,256.41,0.0,Wallet
FX203484,03/07/2025,Kavya Subramanian,East,Paneer Butter Masala,1,256.41,0.0,Cash on Delivery
FX205017,08-16-2025,Dev Sharma,North,Veg Fried Rice,4,197.01,0.05,Card
FX201778,2025-11-03,Aarav Mehta,south,Farmhouse Pizza,3,406.98,0.0,Cash on Delivery
FX202438,10-13-2025,Ananya Iyer,West,Green Salad,8,137.61,0.2,Cash on Delivery
FX203340,2025-02-27,Karthik Raman,West,Tandoori Chicken,8,449.0,0.0,Wallet
FX204365,22/02/2025,Saanvi Reddy,EAST,Green Salad,6,141.78,0.1,Cash on Delivery
FX200701,2025-06-21,Nikhil Menon,south,Masala Dosa,8,131.58,0.25,Wallet
FX205856,2025-07-11,Dev Sharma,north,Masala Dosa,4,127.71,0.0,Card
FX206571,2025-01-25,Diya Nair,West,Farmhouse Pizza,6,395.01,0.0,Cash on Delivery
FX206318,2025-11-15,Vihaan Rao,East,Butter Naan,1,45.45,0.1,UPI
FX201141,25/04/2025,Nikhil Menon,south,Masala Dosa,4,127.71,0.15,Card
FX201702,05/01/2025,Kavya Subramanian,East,Chicken Noodles,6,239.0,0.15,Card
FX204785,25/12/2025,Diya Nair,East,Paneer Butter Masala,4,256.41,0.2,Card
FX208283,19/05/2025,Rahul Sinha,south,Chicken Noodles,8,243.78,,Wallet
FX208707,2025-11-01,Dev Sharma,north,Tandoori Chicken,8,457.98,0.2,Cash on Delivery
FX208422,25/03/2025,Nisha Gupta,East,Mango Lassi,4,111.18,0.25,Wallet
FX201938,2025-06-07,Tara Joshi,north,Green Salad,4,137.61,,Wallet
FX200926,20/09/2025,Saanvi Reddy,south,Mango Lassi,4,106.82,0.15,Cash on Delivery
FX208978,2025-04-30,Aarav Mehta,West,Paneer Butter Masala,4,253.82,0.2,Wallet
FX204312,24/08/2025,Karthik Raman,SOUTH,Spring Roll,4,159.0,0.15,UPI
FX201013,2025-07-21,Sneha Varma,West,Paneer Butter Masala,3,264.18,0.25,Cash on Delivery
FX202283,2025-12-24,Riya Kapoor,south,Cold Coffee,2,121.38,0.05,Cash on Delivery
FX208881,2025-05-15,Karthik Raman,west,Chicken Noodles,3,234.22,0.05,Cash on Delivery
FX201734,25/04/2025,Sneha Varma,SOUTH,Tandoori Chicken,7,444.51,,Card
FX204786,2025-01-29,Tara Joshi,EAST,Cold Coffee,3,117.81,0.0,Card
FX204056,29/01/2025,Tara Joshi,SOUTH,Veg Biryani,1,216.81,0.1,UPI
FX207473,27/03/2025,Manish Tiwari,south,Gulab Jamun,3,100.98,0.0,UPI
FX201848,10-29-2025,Sneha Varma,EAST,Gulab Jamun,3,98.01,0.2,Wallet
FX207659,2025-01-01,Ananya Iyer,south,Margherita Pizza,2,251.49,0.0,Cash on Delivery
FX203559,2025-12-08,Yash Patel,East,Butter Naan,8,45.0,0.05,UPI
FX207077,05/11/2025,Tara Joshi,East,Chocolate Brownie,7,146.02,0.0,UPI
FX206614,2025-12-10,Nisha Gupta,EAST,Margherita Pizza,5,244.02,0.05,UPI
FX200521,08-30-2025,Riya Kapoor,SOUTH,Masala Dosa,4,126.42,,Cash on Delivery
FX205949,2025-09-10,Aditya Ghosh,SOUTH,Filter Coffee,5,59.59,0.15,Cash on Delivery
FX201543,09-13-2025,Meera Krishnan,West,Idli Sambar,7,87.22,0.1,Cash on Delivery
FX200001,06-22-2025,Lakshmi Prasad,south,Farmhouse Pizza,4,406.98,0.0,UPI
FX200655,18/07/2025,Aarav Mehta,North,Idli Sambar,5,89.89,0.0,Cash on Delivery
FX203051,15/01/2025,Ishita Bose,south,Tandoori Chicken,6,440.02,0.0,Wallet
FX208186,18/10/2025,Manish Tiwari,North,Green Salad,7,140.39,,Wallet
FX201855,2025-03-12,Rahul Sinha,North,Tandoori Chicken,2,444.51,0.1,Cash on Delivery
FX205196,11-25-2025,Ishita Bose,EAST,Paneer Butter Masala,1,256.41,0.1,Card
FX203594,2025-01-04,Yash Patel,south,Mutton Roll,2,276.21,0.0,Cash on Delivery
FX201315,12-01-2025,Rohan Pillai,north,Filter Coffee,8,59.0,0.1,Card
FX205142,07-05-2025,Kavya Subramanian,North,Filter Coffee,3,57.82,0.2,Wallet
FX207201,10/07/2025,Saanvi Reddy,west,Tandoori Chicken,3,453.49,0.0,Wallet
FX203167,2025-07-30,Nisha Gupta,West,Farmhouse Pizza,8,395.01,0.25,Cash on Delivery
FX207649,20/04/2025,Meera Krishnan,SOUTH,Green Salad,2,141.78,0.1,Wallet
FX204757,2025-08-19,Aditya Ghosh,EAST,Paneer Butter Masala,1,253.82,0.1,UPI
FX208819,01-08-2025,Kabir Shah,north,Farmhouse Pizza,1,391.02,0.2,Wallet
FX201529,30/10/2025,Kabir Shah,SOUTH,Idli Sambar,6,87.22,0.25,Cash on Delivery
FX203382,2025-10-25,Riya Kapoor,West,Chocolate Brownie,2,147.51,0.0,Card
FX208439,2025-07-24,,East,Filter Coffee,1,57.82,0.15,Wallet
FX203505,2025-09-03,Yash Patel,East,Chicken Noodles,3,239.0,0.2,Card
FX204714,2025-01-21,Aarav Mehta,East,Farmhouse Pizza,4,406.98,0.0,Wallet
FX207066,05-26-2025,Ananya Iyer,west,Green Salad,8,139.0,0.2,UPI
FX200605,02/05/2025,Ishita Bose,West,Mutton Roll,6,284.58,0.0,Card
FX203940,2025-07-17,Nikhil Menon,North,Mango Lassi,4,110.09,0.0,Wallet
FX201263,25/08/2025,,SOUTH,Veg Biryani,7,214.62,0.0,Card
FX207428,17/01/2025,Yash Patel,North,Farmhouse Pizza,6,406.98,0.0,Card
FX206789,14/10/2025,Ananya Iyer,south,Chocolate Brownie,7,149.0,0.25,Cash on Delivery
FX201356,2025-08-30,Diya Nair,south,Veg Biryani,7,216.81,0.15,UPI
FX200642,2025-05-03,Vihaan Rao,SOUTH,Fish Curry Meals,5,322.42,0.2,Wallet
FX207523,28/08/2025,Karthik Raman,north,Tandoori Chicken,8,444.51,0.2,UPI
FX203280,09-08-2025,Karthik Raman,west,Paneer Butter Masala,1,259.0,0.2,Cash on Delivery
FX200727,2025-01-27,Kabir Shah,south,Tandoori Chicken,4,449.0,0.05,Cash on Delivery
FX200210,29/04/2025,Vihaan Rao,SOUTH,Chicken Noodles,3,243.78,0.0,Cash on Delivery
FX201121,22/11/2025,Meera Krishnan,EAST,Paneer Butter Masala,1,261.59,0.0,Wallet
FX202704,2025-02-04,Lakshmi Prasad,East,Gulab Jamun,8,99.99,0.15,UPI
FX204579,05/07/2025,Manish Tiwari,west,Mutton Roll,3,284.58,0.15,Cash on Delivery
FX207497,2025-06-23,Aditya Ghosh,SOUTH,Filter Coffee,3,59.0,0.0,UPI
FX204869,2025-08-08,Sneha Varma,SOUTH,Margherita Pizza,7,244.02,0.25,UPI
FX206819,2025-05-21,Saanvi Reddy,North,Paneer Butter Masala,1,253.82,0.25,UPI
FX202614,2025-07-17,Kabir Shah,EAST,Veg Fried Rice,4,197.01,0.0,Wallet
FX202332,2025-06-02,Rohan Pillai,north,Paneer Butter Masala,1,264.18,0.15,UPI
FX205982,07/08/2025,Dev Sharma,west,Tandoori Chicken,2,457.98,0.0,UPI
FX205361,07-07-2025,Nisha Gupta,West,Tandoori Chicken,1,440.02,0.05,Card
FX208309,2025-05-07,Kabir Shah,North,Tandoori Chicken,2,453.49,0.0,Wallet
FX208564,2025-03-05,Aarav Mehta,EAST,Green Salad,8,136.22,0.15,Card
FX202996,2025-08-29,Priya Balaji,West,Mutton Roll,6,284.58,0.25,UPI
FX200006,09/03/2025,Manish Tiwari,North,Green Salad,1,136.22,0.1,Wallet
FX205575,08/08/2025,Sneha Varma,south,Veg Biryani,3,214.62,0.0,UPI
FX207824,31/12/2025,Omkar Deshpande,north,Green Salad,-6,141.78,0.0,Card
FX201079,10-11-2025,Vihaan Rao,north,Mutton Roll,6,273.42,0.2,Wallet
FX207931,27/04/2025,Ishita Bose,SOUTH,Veg Fried Rice,6,202.98,0.0,Card
FX204404,24/02/2025,Vihaan Rao,EAST,Margherita Pizza,1,251.49,0.0,Card
FX202550,11-30-2025,Karthik Raman,EAST,Fish Curry Meals,5,335.58,0.0,Card
FX203325,2025-05-05,Yash Patel,SOUTH,Chocolate Brownie,1,150.49,0.2,Cash on Delivery
FX201229,2025-12-03,Dev Sharma,North,Farmhouse Pizza,6,406.98,0.15,Wallet
FX207701,2025-10-18,Karthik Raman,North,Chicken Biryani,7,286.11,0.05,Wallet
FX200431,2025-06-20,Manish Tiwari,north,Paneer Butter Masala,4,261.59,0.0,Card
FX201417,2025-04-01,Rahul Sinha,North,Filter Coffee,4,59.59,0.15,UPI
FX205826,01-11-2025,Lakshmi Prasad,West,Paneer Butter Masala,4,259.0,0.1,Wallet
FX206143,2025-11-14,Dev Sharma,North,Chocolate Brownie,1,149.0,0.25,Wallet
FX201458,07-13-2025,Omkar Deshpande,west,Filter Coffee,3,57.82,0.15,UPI
FX206532,04/11/2025,Saanvi Reddy,north,Chicken Biryani,1,291.89,0.0,Wallet
FX201634,23/01/2025,Omkar Deshpande,north,Veg Biryani,7,221.19,0.0,UPI
FX208391,18/08/2025,Vihaan Rao,North,Fish Curry Meals,6,322.42,0.0,Wallet
FX200057,27/04/2025,Lakshmi Prasad,south,Tandoori Chicken,3,457.98,0.05,UPI
FX205507,10-15-2025,Vihaan Rao,west,Fish Curry Meals,2,322.42,0.0,Wallet
FX206145,15/06/2025,Diya Nair,EAST,Gulab Jamun,5,97.02,0.0,Cash on Delivery
FX202749,2025-04-07,Priya Balaji,south,Cold Coffee,3,116.62,0.2,Card
FX204597,2025-03-22,Karthik Raman,west,Chocolate Brownie,4,146.02,0.0,Wallet
FX200785,08/12/2025,Rohan Pillai,west,Gulab Jamun,3,97.02,0.15,Wallet
FX200760,27/02/2025,Kabir Shah,EAST,Butter Naan,8,45.45,0.0,Wallet
FX203342,2025-11-06,,EAST,Green Salad,4,140.39,0.2,Cash on Delivery
FX200103,2025-06-02,Rahul Sinha,North,Filter Coffee,5,58.41,0.15,Card
FX204120,01-07-2025,Saanvi Reddy,North,Tandoori Chicken,3,444.51,,Wallet
FX201834,20/06/2025,Diya Nair,north,Farmhouse Pizza,3,402.99,0.25,UPI
FX200303,07/02/2025,Dev Sharma,SOUTH,Cold Coffee,7,120.19,0.0,Cash on Delivery
FX206706,13/12/2025,Meera Krishnan,south,Tandoori Chicken,1,457.98,,Wallet
FX205846,2025-02-02,Yash Patel,West,Gulab Jamun,8,97.02,0.0,UPI
FX205065,2025-06-18,Ishita Bose,North,Cold Coffee,4,116.62,,Cash on Delivery
FX200823,2025-03-06,,south,Chocolate Brownie,8,146.02,0.25,Wallet
FX205623,16/03/2025,Ishita Bose,West,Paneer Butter Masala,4,261.59,0.15,Wallet
FX202466,2025-07-28,Meera Krishnan,west,Cold Coffee,8,117.81,0.1,Wallet
FX206277,2025-01-10,Saanvi Reddy,West,Chicken Noodles,7,241.39,0.2,Wallet
FX200914,07/01/2025,Tara Joshi,north,Cold Coffee,7,117.81,0.0,Wallet
FX202861,10-22-2025,Ishita Bose,north,Idli Sambar,2,87.22,0.1,Cash on Delivery
FX204462,07/02/2025,Ishita Bose,west,Cold Coffee,-4,121.38,0.2,Wallet
FX202793,2025-07-30,Dev Sharma,East,Tandoori Chicken,4,457.98,0.25,UPI
FX200790,2025-02-15,,West,Cold Coffee,7,116.62,0.05,Wallet
FX206130,03-17-2025,Vihaan Rao,West,Mutton Roll,5,279.0,0.0,Cash on Delivery
FX207175,05-07-2025,,south,Filter Coffee,5,59.59,0.0,Wallet
FX207487,18/09/2025,Rohan Pillai,EAST,Chicken Biryani,4,283.22,0.15,UPI
FX206267,2025-09-04,Rohan Pillai,North,Farmhouse Pizza,-8,391.02,0.0,Cash on Delivery
FX207598,2025-01-20,Ananya Iyer,North,Margherita Pizza,3,246.51,0.15,Card
FX204724,2025-06-19,Aditya Ghosh,north,Tandoori Chicken,3,457.98,0.15,Wallet
FX200254,2025-06-05,Dev Sharma,west,Veg Biryani,2,219.0,0.25,Cash on Delivery
FX207341,2025-10-22,Nisha Gupta,west,Tandoori Chicken,7,444.51,0.25,Wallet
FX203879,2025-01-12,Meera Krishnan,East,Veg Biryani,2,219.0,0.0,Wallet
FX208720,2025-11-25,Riya Kapoor,East,Filter Coffee,8,59.59,0.2,UPI
FX202715,11-19-2025,Aditya Ghosh,south,Green Salad,7,139.0,0.2,Wallet
FX200759,17/11/2025,Yash Patel,EAST,Farmhouse Pizza,3,399.0,0.25,UPI
FX203052,04/05/2025,Nisha Gupta,East,Paneer Butter Masala,4,264.18,0.1,Card
FX205514,2025-04-02,Rahul Sinha,East,Chicken Biryani,6,286.11,0.0,Cash on Delivery
FX202478,04-05-2025,Nisha Gupta,SOUTH,Tandoori Chicken,4,453.49,0.2,Card
FX207601,10-20-2025,Diya Nair,SOUTH,Idli Sambar,8,87.22,0.0,Cash on Delivery
FX203611,2025-09-11,Rahul Sinha,East,Paneer Butter Masala,2,253.82,0.0,UPI
FX201173,2025-09-30,Aditya Ghosh,south,Green Salad,7,137.61,0.1,Card
FX207503,2025-07-18,Kavya Subramanian,North,Masala Dosa,8,127.71,0.15,Card
FX200970,2025-06-03,Kabir Shah,North,Paneer Butter Masala,2,253.82,0.2,Wallet
FX202340,16/08/2025,Diya Nair,East,Green Salad,4,140.39,0.25,UPI
FX201514,01-28-2025,Arjun Verma,East,Mutton Roll,7,273.42,0.0,Card
FX207677,17/12/2025,Lakshmi Prasad,north,Chocolate Brownie,1,151.98,0.0,Wallet
FX205083,2025-11-13,Kabir Shah,SOUTH,Fish Curry Meals,5,332.29,,Card
FX208227,03/03/2025,Kabir Shah,west,Veg Fried Rice,7,202.98,0.0,Card
FX205877,2025-07-11,Dev Sharma,East,Gulab Jamun,7,97.02,0.1,Card
FX204953,2025-08-22,Priya Balaji,West,Mango Lassi,1,107.91,0.05,UPI
FX207435,2025-05-29,Saanvi Reddy,SOUTH,Spring Roll,1,160.59,0.15,Cash on Delivery
FX203531,09/11/2025,Arjun Verma,north,Gulab Jamun,1,99.99,0.05,UPI
FX208249,11-26-2025,Kabir Shah,West,Masala Dosa,6,126.42,0.0,Card
FX208739,14/04/2025,Rohan Pillai,EAST,Farmhouse Pizza,8,391.02,0.15,UPI
FX206602,2025-01-26,Ananya Iyer,west,Green Salad,6,136.22,0.0,Wallet
FX207542,2025-06-02,Sneha Varma,EAST,Mutton Roll,8,284.58,0.15,Wallet
FX203205,01/04/2025,Ananya Iyer,West,Butter Naan,1,44.1,0.2,UPI
FX207251,11-18-2025,Vihaan Rao,north,Chocolate Brownie,8,147.51,0.05,Wallet
FX201947,16/06/2025,Karthik Raman,south,Farmhouse Pizza,2,402.99,0.25,Wallet
FX202673,05/07/2025,Ishita Bose,West,Margherita Pizza,8,251.49,0.1,Wallet
FX208243,2025-01-16,Karthik Raman,EAST,Chicken Biryani,5,294.78,0.05,Card
FX200973,2025-11-11,Riya Kapoor,west,Spring Roll,2,157.41,0.0,UPI
FX208575,2025-09-11,Meera Krishnan,West,Green Salad,5,141.78,0.2,Wallet
FX206413,23/10/2025,Karthik Raman,north,Fish Curry Meals,3,332.29,0.0,Cash on Delivery
FX201084,01-13-2025,Saanvi Reddy,north,Gulab Jamun,4,99.0,,Wallet
FX203923,04-04-2025,Dev Sharma,EAST,Mango Lassi,4,109.0,0.05,UPI
FX206460,2025-02-10,Aditya Ghosh,EAST,Gulab Jamun,7,100.98,0.25,Cash on Delivery
FX203201,04-05-2025,Rohan Pillai,EAST,Chicken Noodles,8,234.22,0.15,Card
FX203297,10/01/2025,Rohan Pillai,south,Mango Lassi,6,109.0,0.1,UPI
FX202694,2025-06-19,Meera Krishnan,west,Mutton Roll,5,273.42,,Wallet
FX204022,2025-02-24,Ishita Bose,SOUTH,Masala Dosa,3,130.29,0.0,UPI
FX206109,2025-10-19,Ananya Iyer,West,Idli Sambar,2,87.22,0.15,Wallet
FX203872,07-25-2025,Yash Patel,North,Butter Naan,3,44.55,,UPI
FX201635,2025-04-09,,west,Fish Curry Meals,2,322.42,0.0,UPI
FX202780,09-23-2025,Omkar Deshpande,North,Mutton Roll,2,284.58,0.1,UPI
FX204827,08-25-2025,Ishita Bose,North,Masala Dosa,2,130.29,,Cash on Delivery
FX207605,04-02-2025,Kabir Shah,East,Margherita Pizza,8,249.0,0.0,UPI
FX203104,2025-10-07,Kavya Subramanian,North,Farmhouse Pizza,2,402.99,,Card
FX204389,2025-01-16,Nisha Gupta,North,Filter Coffee,6,60.18,0.0,UPI
FX208315,2025-07-05,Ananya Iyer,North,Cold Coffee,6,116.62,0.05,UPI
FX203019,2025-05-06,Ananya Iyer,North,Paneer Butter Masala,7,264.18,0.2,Card
FX205364,12/12/2025,Saanvi Reddy,East,Farmhouse Pizza,6,399.0,0.05,Cash on Delivery
FX203608,2025-02-25,Priya Balaji,west,Masala Dosa,5,131.58,0.0,Card
FX200373,2025-11-09,Nisha Gupta,West,Tandoori Chicken,4,444.51,0.25,Cash on Delivery
FX205677,2025-03-11,Ishita Bose,SOUTH,Idli Sambar,4,88.11,0.25,UPI
FX207447,11-09-2025,Vihaan Rao,EAST,Butter Naan,2,44.55,0.2,UPI
FX206920,08/05/2025,Dev Sharma,East,Farmhouse Pizza,8,391.02,0.0,Wallet
FX205247,30/10/2025,Rohan Pillai,EAST,Green Salad,2,136.22,0.25,UPI
FX205089,10/10/2025,Dev Sharma,EAST,Spring Roll,4,157.41,0.15,UPI
FX207505,2025-03-09,Manish Tiwari,West,Margherita Pizza,1,249.0,0.0,Wallet
FX203988,18/04/2025,Manish Tiwari,EAST,Chicken Biryani,4,286.11,0.0,Cash on Delivery
FX204604,30/01/2025,Sneha Varma,North,Farmhouse Pizza,8,395.01,0.0,Wallet
FX200078,2025-08-07,Saanvi Reddy,West,Masala Dosa,1,129.0,0.0,Cash on Delivery
FX202567,07/10/2025,Dev Sharma,East,Margherita Pizza,5,249.0,0.25,UPI
FX205599,10-17-2025,Lakshmi Prasad,south,Butter Naan,4,45.45,0.15,Wallet
FX202318,09-28-2025,Diya Nair,north,Chocolate Brownie,1,149.0,,Cash on Delivery
FX201288,14/04/2025,Yash Patel,north,Chocolate Brownie,8,146.02,0.0,Cash on Delivery
FX205833,04-22-2025,Lakshmi Prasad,west,Gulab Jamun,2,98.01,0.25,Wallet
FX207482,2025-04-21,Vihaan Rao,EAST,Farmhouse Pizza,5,406.98,0.25,Wallet
FX208321,03-17-2025,Yash Patel,west,Spring Roll,8,155.82,0.25,Cash on Delivery
FX200239,29/07/2025,Ishita Bose,North,Chicken Biryani,6,283.22,0.1,UPI
FX200346,06-30-2025,Rohan Pillai,East,Mutton Roll,1,273.42,0.2,Card
FX205716,2025-02-19,Nisha Gupta,north,Mango Lassi,7,110.09,0.2,Card
FX206636,2025-11-18,Arjun Verma,West,Farmhouse Pizza,4,399.0,0.1,Card
FX206057,2025-01-21,Rahul Sinha,EAST,Paneer Butter Masala,6,256.41,0.25,Cash on Delivery
FX207338,22/06/2025,Aditya Ghosh,north,Gulab Jamun,7,99.0,0.0,Cash on Delivery
FX202898,14/04/2025,,south,Paneer Butter Masala,1,256.41,0.0,Wallet
FX205158,08/08/2025,Nisha Gupta,south,Idli Sambar,1,90.78,,Cash on Delivery
FX200527,31/08/2025,Nisha Gupta,West,Mutton Roll,7,273.42,0.25,Wallet
FX205236,2025-11-19,Tara Joshi,north,Veg Fried Rice,3,197.01,0.25,UPI
FX202388,2025-03-11,Rohan Pillai,SOUTH,Masala Dosa,4,127.71,0.2,UPI
FX200232,06-25-2025,Diya Nair,North,Gulab Jamun,4,99.99,0.0,UPI
FX202092,29/11/2025,Arjun Verma,West,Margherita Pizza,7,253.98,0.15,Card
FX206446,23/01/2025,Tara Joshi,south,Farmhouse Pizza,2,391.02,0.2,Cash on Delivery
FX208957,05-05-2025,Riya Kapoor,north,Veg Biryani,1,221.19,0.25,Card
FX205127,2025-07-30,Rahul Sinha,west,Green Salad,7,136.22,0.15,UPI
FX205435,2025-04-11,Aarav Mehta,West,Butter Naan,-5,45.45,0.0,UPI
FX208218,01-28-2025,Aditya Ghosh,SOUTH,Chicken Noodles,6,236.61,0.25,Card
FX203660,10/06/2025,Aditya Ghosh,West,Chocolate Brownie,6,149.0,0.0,Cash on Delivery
FX201280,10/08/2025,Lakshmi Prasad,EAST,Spring Roll,7,160.59,0.15,Wallet
FX200691,2025-11-21,Dev Sharma,south,Mutton Roll,8,279.0,0.15,Cash on Delivery
FX207081,28/09/2025,Omkar Deshpande,south,Chocolate Brownie,7,150.49,0.0,Card
FX204470,2025-07-08,Nisha Gupta,north,Mutton Roll,5,284.58,,UPI
FX207866,2025-09-28,Nikhil Menon,East,Tandoori Chicken,1,449.0,0.1,Wallet
FX204915,2025-01-30,Sneha Varma,East,Chicken Biryani,3,283.22,0.15,UPI
FX207235,2025-10-11,Ananya Iyer,West,Spring Roll,3,157.41,0.0,UPI
FX204943,12/04/2025,Yash Patel,EAST,Fish Curry Meals,2,335.58,0.1,Cash on Delivery
FX208788,12/11/2025,Aditya Ghosh,EAST,Green Salad,5,141.78,0.2,Cash on Delivery
FX204707,2025-05-22,Tara Joshi,north,Fish Curry Meals,2,332.29,0.0,Wallet
FX200950,25/07/2025,Kavya Subramanian,north,Mango Lassi,8,109.0,0.25,UPI
FX208280,2025-03-30,Aarav Mehta,north,Tandoori Chicken,3,440.02,0.05,Cash on Delivery
FX206361,15/08/2025,Aarav Mehta,south,Mango Lassi,7,109.0,0.0,UPI
FX204666,2025-04-11,Kavya Subramanian,EAST,Filter Coffee,1,59.59,0.25,Card
FX200518,2025-01-14,Kabir Shah,West,Spring Roll,6,162.18,0.0,Card
FX208449,29/04/2025,Kavya Subramanian,East,Veg Fried Rice,2,195.02,0.0,UPI
FX201877,2025-03-27,Kabir Shah,west,Spring Roll,2,160.59,0.0,Cash on Delivery
FX203142,01-19-2025,Sneha Varma,East,Veg Fried Rice,3,200.99,0.0,Card
FX200675,2025-09-17,Tara Joshi,south,Paneer Butter Masala,1,253.82,0.15,Cash on Delivery
FX206346,14/09/2025,Kavya Subramanian,West,Mango Lassi,3,111.18,0.05,Card
FX202294,2025-05-17,Riya Kapoor,East,Masala Dosa,5,129.0,0.25,Cash on Delivery
FX206377,03/09/2025,Tara Joshi,West,Chicken Biryani,4,294.78,0.1,Wallet
FX205178,08-13-2025,Tara Joshi,SOUTH,Spring Roll,3,160.59,0.1,Wallet
FX201752,31/01/2025,Priya Balaji,North,Fish Curry Meals,8,322.42,0.0,Card
FX205391,26/08/2025,Rohan Pillai,North,Spring Roll,3,157.41,0.15,Wallet
FX207225,15/03/2025,,south,Chicken Biryani,5,294.78,0.05,Cash on Delivery
FX207089,31/07/2025,Nikhil Menon,North,Spring Roll,5,157.41,0.15,Card
FX201035,2025-10-17,Omkar Deshpande,East,Chicken Noodles,6,239.0,0.2,Card
FX207841,04-20-2025,Riya Kapoor,south,Idli Sambar,1,89.0,,UPI
FX208006,2025-11-26,Vihaan Rao,SOUTH,Green Salad,4,136.22,0.2,Card
FX202273,2025-11-29,Rohan Pillai,SOUTH,Mango Lassi,1,109.0,0.0,Cash on Delivery
FX207108,10/01/2025,Yash Patel,SOUTH,Farmhouse Pizza,3,402.99,0.0,UPI
FX201021,2025-12-28,Ananya Iyer,north,Tandoori Chicken,4,457.98,,Card
FX205694,2025-09-11,Riya Kapoor,North,Tandoori Chicken,7,449.0,0.2,Cash on Delivery
FX206997,03-29-2025,Arjun Verma,SOUTH,Cold Coffee,4,121.38,0.25,Wallet
FX202787,2025-03-01,Aarav Mehta,north,Fish Curry Meals,3,325.71,0.25,Cash on Delivery
FX201261,19/05/2025,Kabir Shah,North,Chicken Biryani,3,286.11,,UPI
FX200844,10-15-2025,Aarav Mehta,EAST,Gulab Jamun,1,97.02,0.0,Card
FX201025,2025-04-08,Priya Balaji,West,Chicken Noodles,3,243.78,0.0,Cash on Delivery
FX204509,2025-01-14,Nikhil Menon,East,Margherita Pizza,5,246.51,0.0,UPI
FX202366,2025-11-02,Kabir Shah,West,Tandoori Chicken,1,444.51,0.0,Wallet
FX201361,2025-06-04,Meera Krishnan,south,Filter Coffee,5,59.0,0.15,UPI
FX202815,2025-09-24,Dev Sharma,SOUTH,Chicken Noodles,2,243.78,0.2,UPI
FX206108,2025-08-12,Vihaan Rao,west,Chicken Noodles,6,241.39,0.25,UPI
FX204316,22/04/2025,Saanvi Reddy,EAST,Gulab Jamun,6,100.98,0.05,Cash on Delivery
FX205590,2025-02-22,Dev Sharma,SOUTH,Filter Coffee,5,60.18,0.0,Cash on Delivery
FX203226,12/05/2025,Priya Balaji,West,Gulab Jamun,8,99.0,0.2,Card
FX204142,06-17-2025,Rohan Pillai,East,Mango Lassi,4,110.09,0.15,UPI
FX206373,08/06/2025,Aditya Ghosh,East,Paneer Butter Masala,4,259.0,0.2,UPI
FX204421,2025-05-05,Vihaan Rao,south,Spring Roll,4,157.41,0.05,Card
FX208832,01/04/2025,Ananya Iyer,North,Spring Roll,4,159.0,0.25,Wallet
FX200432,19/04/2025,Dev Sharma,EAST,Veg Biryani,7,223.38,0.1,Card
FX203383,12/07/2025,Arjun Verma,East,Mutton Roll,5,273.42,0.05,UPI
FX208831,2025-02-04,Aarav Mehta,East,Spring Roll,2,160.59,0.0,UPI
FX204923,17/10/2025,Meera Krishnan,EAST,Butter Naan,2,45.9,,Cash on Delivery
FX203253,11-17-2025,Aarav Mehta,West,Chicken Noodles,7,234.22,0.0,Card
FX206612,2025-11-07,Arjun Verma,SOUTH,Tandoori Chicken,5,440.02,0.15,Wallet
FX207675,2025-08-13,Omkar Deshpande,East,Gulab Jamun,8,98.01,0.1,Wallet
FX201176,12-03-2025,Arjun Verma,EAST,Butter Naan,4,45.45,0.0,Wallet
FX206050,2025-09-24,Tara Joshi,north,Fish Curry Meals,5,322.42,0.1,Wallet
FX208112,2025-12-12,Rohan Pillai,East,Chocolate Brownie,7,147.51,0.1,UPI
FX204937,20/08/2025,Aarav Mehta,south,Tandoori Chicken,1,449.0,0.25,Card
FX204019,02/01/2025,Ananya Iyer,East,Chicken Biryani,8,291.89,0.2,Cash on Delivery
FX208977,09-22-2025,Meera Krishnan,EAST,Tandoori Chicken,7,440.02,0.2,Card
FX202627,2025-09-29,Rahul Sinha,north,Margherita Pizza,4,251.49,0.0,Cash on Delivery
FX200882,05-22-2025,Aarav Mehta,SOUTH,Spring Roll,5,162.18,0.05,UPI
FX204161,09-01-2025,,North,Margherita Pizza,2,251.49,0.2,Wallet
FX204250,09-19-2025,Arjun Verma,West,Fish Curry Meals,1,329.0,0.0,UPI
FX202163,22/07/2025,Nisha Gupta,West,Farmhouse Pizza,7,391.02,0.0,Card
FX204511,2025-06-21,Rohan Pillai,north,Mutton Roll,1,279.0,0.2,Cash on Delivery
FX207220,2025-08-18,Aditya Ghosh,west,Spring Roll,5,155.82,0.05,Wallet
FX206993,25/03/2025,Omkar Deshpande,north,Chicken Biryani,1,289.0,0.0,Wallet
FX204657,2025-11-10,Kabir Shah,EAST,Filter Coffee,7,59.0,0.05,Cash on Delivery
FX200479,2025-10-19,Meera Krishnan,EAST,Green Salad,7,139.0,0.1,UPI
FX207389,17/11/2025,Rahul Sinha,west,Tandoori Chicken,6,457.98,0.0,UPI
FX201911,06-25-2025,Arjun Verma,south,Fish Curry Meals,7,335.58,0.0,Card
FX202899,06-29-2025,Ishita Bose,West,Butter Naan,7,44.1,0.05,Wallet
FX200777,2025-07-29,Vihaan Rao,north,Chocolate Brownie,2,151.98,0.0,Cash on Delivery
FX205822,2025-07-01,Vihaan Rao,north,Veg Fried Rice,-4,202.98,0.15,Card
FX200140,09-28-2025,Karthik Raman,West,Veg Fried Rice,8,195.02,0.25,Wallet
FX203901,30/11/2025,Nikhil Menon,south,Veg Biryani,7,219.0,0.05,Cash on Delivery
FX206053,21/03/2025,Yash Patel,west,Tandoori Chicken,5,444.51,0.25,Wallet
FX201885,08-12-2025,Aarav Mehta,EAST,Chocolate Brownie,7,149.0,0.05,UPI
FX204054,31/01/2025,Omkar Deshpande,North,Idli Sambar,4,89.0,0.25,UPI
FX208127,2025-06-22,Diya Nair,SOUTH,Paneer Butter Masala,7,259.0,0.05,Card
FX201297,20/12/2025,Nikhil Menon,south,Veg Fried Rice,8,202.98,0.05,Wallet
FX208965,10/09/2025,Karthik Raman,EAST,Green Salad,6,137.61,0.25,UPI
FX203899,02/06/2025,Aarav Mehta,EAST,Margherita Pizza,4,244.02,0.0,Wallet
FX208618,2025-02-15,Priya Balaji,East,Tandoori Chicken,4,440.02,0.15,Card
FX207213,09-04-2025,Manish Tiwari,EAST,Butter Naan,6,44.1,,Cash on Delivery
FX200167,03-19-2025,Priya Balaji,north,Chicken Noodles,8,236.61,0.0,Card
FX201643,2025-08-05,Dev Sharma,West,Spring Roll,7,160.59,,Card
FX202938,14/01/2025,Dev Sharma,EAST,Spring Roll,3,155.82,0.15,Wallet
FX205141,09-01-2025,Manish Tiwari,south,Mutton Roll,3,273.42,0.2,Wallet
FX205000,2025-10-18,Nisha Gupta,north,Mango Lassi,5,107.91,0.05,UPI
FX208081,10-04-2025,Priya Balaji,west,Gulab Jamun,6,99.99,0.0,Cash on Delivery
FX204928,20/09/2025,Rohan Pillai,west,Spring Roll,3,157.41,0.0,UPI
FX205398,12-06-2025,Nisha Gupta,EAST,Masala Dosa,2,129.0,0.15,Cash on Delivery
FX201204,2025-08-06,Arjun Verma,EAST,Chocolate Brownie,2,151.98,0.05,Cash on Delivery
FX207350,29/01/2025,Saanvi Reddy,West,Green Salad,2,139.0,0.0,UPI
FX202507,2025-10-15,Arjun Verma,SOUTH,Margherita Pizza,7,249.0,0.1,Cash on Delivery
FX202801,2025-04-26,Kabir Shah,North,Mango Lassi,1,110.09,0.0,Cash on Delivery
FX202270,2025-04-27,Ananya Iyer,west,Mango Lassi,8,107.91,0.0,Wallet
FX206907,05/07/2025,Sneha Varma,SOUTH,Chicken Noodles,6,236.61,0.15,Cash on Delivery
FX206497,10/01/2025,Aarav Mehta,west,Margherita Pizza,3,246.51,0.0,Cash on Delivery
FX205473,12-04-2025,Meera Krishnan,EAST,Veg Biryani,2,216.81,0.15,Card
FX201352,2025-04-18,Riya Kapoor,East,Chicken Biryani,4,289.0,0.0,Cash on Delivery
FX201407,2025-03-24,Aarav Mehta,SOUTH,Masala Dosa,6,126.42,0.0,Card
FX200133,2025-12-04,Rohan Pillai,south,Fish Curry Meals,6,322.42,0.1,Card
FX208822,2025-12-05,Dev Sharma,West,Paneer Butter Masala,8,261.59,0.1,Cash on Delivery
FX207405,25/12/2025,Vihaan Rao,East,Farmhouse Pizza,5,391.02,0.05,Card
FX201521,12-19-2025,Karthik Raman,West,Veg Fried Rice,6,200.99,0.05,Wallet
FX203054,2025-11-24,Vihaan Rao,North,Gulab Jamun,8,97.02,0.1,Wallet
FX205987,19/04/2025,Aditya Ghosh,North,Veg Biryani,3,223.38,0.15,Card
FX202553,2025-04-09,Kabir Shah,East,Veg Biryani,6,214.62,,Card
FX207580,2025-11-01,Ananya Iyer,north,Margherita Pizza,5,249.0,0.15,Wallet
FX206447,2025-11-12,Kavya Subramanian,west,Masala Dosa,7,129.0,0.05,Cash on Delivery
FX201965,09/12/2025,Kavya Subramanian,North,Chicken Noodles,5,236.61,0.2,Card
FX205798,02/04/2025,Vihaan Rao,East,Veg Biryani,3,214.62,0.25,UPI
FX203615,02-07-2025,,East,Farmhouse Pizza,8,406.98,0.25,UPI
FX200343,02/03/2025,Diya Nair,North,Cold Coffee,7,117.81,0.15,Cash on Delivery
FX203073,2025-12-05,Nisha Gupta,north,Masala Dosa,6,131.58,0.1,Cash on Delivery
FX206102,2025-02-16,Riya Kapoor,EAST,Fish Curry Meals,3,325.71,0.15,Card
FX206514,2025-03-16,Lakshmi Prasad,west,Veg Biryani,2,223.38,0.2,UPI
FX204357,2025-08-18,Kabir Shah,West,Chicken Biryani,8,289.0,0.2,Cash on Delivery
FX207518,07-13-2025,Kavya Subramanian,SOUTH,Margherita Pizza,6,251.49,0.15,Card
FX205963,12/03/2025,,SOUTH,Chicken Biryani,8,294.78,0.25,UPI
FX207735,24/10/2025,Nisha Gupta,North,Green Salad,6,137.61,0.15,Cash on Delivery
FX203498,2025-01-12,Karthik Raman,SOUTH,Mutton Roll,2,281.79,0.05,Cash on Delivery
FX207486,2025-05-30,Aditya Ghosh,SOUTH,Chicken Biryani,5,283.22,0.0,Card
FX204538,07-27-2025,Nikhil Menon,west,Farmhouse Pizza,7,399.0,0.2,Cash on Delivery
FX205868,2025-09-23,Kabir Shah,West,Veg Fried Rice,8,200.99,0.0,Card
FX201338,2025-03-01,Vihaan Rao,north,Margherita Pizza,8,251.49,0.15,UPI
FX207302,03-08-2025,Lakshmi Prasad,East,Chicken Noodles,6,243.78,0.2,Card
FX208332,01/12/2025,Nisha Gupta,West,Farmhouse Pizza,7,395.01,0.2,UPI
FX208413,2025-03-13,Lakshmi Prasad,west,Chicken Noodles,5,234.22,0.05,Cash on Delivery
FX205553,2025-04-05,Ishita Bose,North,Butter Naan,7,44.1,0.2,Cash on Delivery
FX203631,01/05/2025,Aarav Mehta,west,Chocolate Brownie,7,147.51,0.05,UPI
FX201029,13/12/2025,,SOUTH,Idli Sambar,6,89.89,0.2,Cash on Delivery
FX200905,2025-07-08,Sneha Varma,EAST,Idli Sambar,1,90.78,0.0,Cash on Delivery
FX202492,06/01/2025,Karthik Raman,West,Idli Sambar,2,89.89,0.0,Wallet
FX207137,08/05/2025,Kabir Shah,North,Mutton Roll,8,284.58,0.0,Card
FX206539,04-20-2025,Manish Tiwari,south,Cold Coffee,5,117.81,0.0,Card
FX201550,2025-05-31,Arjun Verma,SOUTH,Cold Coffee,5,117.81,0.05,Cash on Delivery
FX205890,2025-02-22,Meera Krishnan,SOUTH,Veg Fried Rice,3,197.01,0.0,Cash on Delivery
FX205112,18/10/2025,Nisha Gupta,North,Chicken Biryani,4,283.22,0.15,Card
FX206009,17/11/2025,Nikhil Menon,EAST,Chicken Noodles,2,236.61,0.0,Card
FX200594,2025-06-11,Saanvi Reddy,SOUTH,Filter Coffee,8,59.59,0.25,Cash on Delivery
FX204226,2025-07-20,Aarav Mehta,west,Chicken Noodles,4,234.22,0.0,UPI
FX208593,04-28-2025,Lakshmi Prasad,North,Margherita Pizza,2,244.02,0.0,Wallet
FX208316,08-27-2025,Nisha Gupta,West,Gulab Jamun,3,100.98,0.1,Card
FX208428,2025-08-19,Tara Joshi,EAST,Mango Lassi,8,107.91,0.0,Wallet
FX204151,10-13-2025,Diya Nair,north,Fish Curry Meals,4,325.71,0.2,UPI
FX202862,2025-04-07,Priya Balaji,North,Idli Sambar,2,87.22,0.1,UPI
FX200109,2025-10-31,Vihaan Rao,East,Veg Fried Rice,2,199.0,0.1,Wallet
FX207150,2025-03-07,Yash Patel,EAST,Filter Coffee,7,59.0,0.2,Cash on Delivery
FX201530,18/02/2025,Ishita Bose,East,Farmhouse Pizza,2,402.99,0.2,Cash on Delivery
FX201304,11-23-2025,Sneha Varma,SOUTH,Butter Naan,5,45.45,0.2,Cash on Delivery
FX202004,27/01/2025,Manish Tiwari,west,Tandoori Chicken,5,449.0,0.0,Wallet
FX205892,01-01-2025,Ishita Bose,north,Butter Naan,5,45.45,0.0,Card
FX203525,2025-09-23,Ishita Bose,west,Mutton Roll,5,281.79,0.15,Wallet
FX202741,07/07/2025,Aarav Mehta,south,Tandoori Chicken,1,453.49,,Wallet
FX208390,28/11/2025,Ishita Bose,SOUTH,Idli Sambar,7,87.22,0.15,Card
FX205437,2025-01-03,Vihaan Rao,south,Mutton Roll,3,276.21,0.25,UPI
FX205490,23/09/2025,Arjun Verma,SOUTH,Spring Roll,2,157.41,0.15,Card
FX203140,2025-03-20,Omkar Deshpande,west,Masala Dosa,8,130.29,0.05,Wallet
FX202002,2025-08-09,Nisha Gupta,West,Veg Biryani,1,216.81,0.15,Card
FX207236,2025-11-14,,West,Masala Dosa,8,131.58,0.1,UPI
FX205670,22/05/2025,Manish Tiwari,North,Masala Dosa,1,130.29,0.0,Wallet
FX205074,2025-07-01,Arjun Verma,EAST,Mango Lassi,1,107.91,,Cash on Delivery
FX206469,2025-04-15,Nisha Gupta,EAST,Spring Roll,3,160.59,0.25,Wallet
FX204743,24/01/2025,Yash Patel,south,Gulab Jamun,4,99.99,0.0,UPI
FX205589,2025-08-17,Meera Krishnan,west,Chicken Biryani,4,294.78,0.05,UPI
FX206929,2025-10-24,Sneha Varma,EAST,Veg Fried Rice,2,202.98,0.2,UPI
FX200027,05-20-2025,Ishita Bose,SOUTH,Tandoori Chicken,3,444.51,0.2,Cash on Delivery
FX206618,2025-11-01,Nikhil Menon,north,Paneer Butter Masala,2,261.59,0.15,Cash on Delivery
FX207936,08/02/2025,Dev Sharma,west,Veg Fried Rice,3,195.02,0.0,Card
FX200282,2025-08-12,Sneha Varma,North,Green Salad,2,136.22,,Cash on Delivery
FX203013,2025-06-19,Kavya Subramanian,SOUTH,Farmhouse Pizza,8,399.0,0.15,Wallet
FX205551,11-05-2025,Kabir Shah,west,Mutton Roll,7,276.21,,Wallet
FX207001,2025-06-17,Lakshmi Prasad,west,Mutton Roll,1,276.21,0.0,Wallet
FX205078,2025-10-03,Manish Tiwari,EAST,Veg Fried Rice,4,197.01,0.1,UPI
FX207759,11/06/2025,Rahul Sinha,North,Margherita Pizza,-7,244.02,0.1,UPI
FX205922,2025-03-24,Meera Krishnan,East,Filter Coffee,7,59.59,0.15,UPI
FX206182,21/07/2025,Aditya Ghosh,south,Masala Dosa,8,127.71,0.25,Card
FX203275,2025-01-27,Saanvi Reddy,West,Margherita Pizza,2,249.0,0.15,Cash on Delivery
FX205340,07/02/2025,Rahul Sinha,East,Paneer Butter Masala,1,261.59,0.25,Card
FX204412,2025-02-18,Yash Patel,North,Paneer Butter Masala,2,261.59,0.2,Wallet
FX207521,2025-06-20,Arjun Verma,North,Mutton Roll,8,279.0,0.25,Card
FX204163,2025-01-30,,North,Green Salad,1,137.61,,UPI
FX207359,09-11-2025,Rohan Pillai,south,Chocolate Brownie,1,150.49,0.05,UPI
FX206912,25/07/2025,Vihaan Rao,East,Veg Fried Rice,4,197.01,0.1,Wallet
FX206298,30/01/2025,Lakshmi Prasad,SOUTH,Green Salad,2,136.22,0.15,Cash on Delivery
FX206342,04-14-2025,Rohan Pillai,North,Chicken Noodles,8,239.0,0.25,Wallet
FX206588,2025-09-23,Aarav Mehta,west,Veg Fried Rice,5,199.0,0.0,Card
FX207725,2025-08-06,Ishita Bose,East,Gulab Jamun,3,99.99,0.15,Wallet
FX208279,20/08/2025,Karthik Raman,SOUTH,Fish Curry Meals,6,322.42,0.25,UPI
FX201719,2025-01-18,Riya Kapoor,north,Fish Curry Meals,4,335.58,0.1,Card
FX206687,08-20-2025,Sneha Varma,West,Paneer Butter Masala,5,261.59,0.0,UPI
FX202568,27/11/2025,Priya Balaji,North,Idli Sambar,1,88.11,0.15,Cash on Delivery
FX204073,17/06/2025,Arjun Verma,North,Gulab Jamun,8,97.02,0.1,Card
FX201052,16/04/2025,Kavya Subramanian,south,Chocolate Brownie,4,150.49,0.1,Cash on Delivery
FX206464,05/03/2025,Saanvi Reddy,EAST,Chocolate Brownie,5,151.98,0.0,Card
FX201879,10-01-2025,Kavya Subramanian,North,Cold Coffee,7,119.0,0.0,Cash on Delivery
FX202434,2025-10-23,Rahul Sinha,north,Tandoori Chicken,3,453.49,0.25,Card
FX206558,2025-06-14,Ananya Iyer,North,Filter Coffee,1,60.18,0.0,Card
FX201125,2025-05-06,Ananya Iyer,North,Chocolate Brownie,6,146.02,0.2,Cash on Delivery
FX203276,2025-12-23,Kavya Subramanian,south,Margherita Pizza,1,246.51,0.25,Card
FX205506,2025-06-23,Ananya Iyer,west,Idli Sambar,2,87.22,0.1,Card
FX207949,04/02/2025,Kavya Subramanian,East,Paneer Butter Masala,-7,261.59,0.25,Card
FX202314,2025-06-05,Saanvi Reddy,West,Butter Naan,2,45.45,0.0,UPI
FX200514,2025-07-17,Ishita Bose,EAST,Cold Coffee,3,117.81,0.25,UPI
FX205520,2025-08-26,Aarav Mehta,south,Gulab Jamun,7,99.99,0.25,UPI
FX206244,05-19-2025,Ananya Iyer,north,Green Salad,4,140.39,0.2,Cash on Delivery
FX205554,11-09-2025,Aarav Mehta,north,Mango Lassi,2,106.82,0.05,Card
FX206391,29/01/2025,Rahul Sinha,south,Filter Coffee,3,59.59,0.05,Card
FX204124,06-25-2025,Karthik Raman,North,Green Salad,2,139.0,0.2,Card
FX205290,2025-10-12,Rahul Sinha,north,Mutton Roll,8,273.42,0.25,Card
FX207004,05-01-2025,Meera Krishnan,EAST,Butter Naan,3,44.1,0.0,Wallet
FX200704,22/01/2025,Priya Balaji,north,Tandoori Chicken,5,457.98,0.05,Cash on Delivery
FX207300,12/10/2025,Manish Tiwari,West,Gulab Jamun,8,99.99,0.2,UPI
FX201456,2025-05-08,Karthik Raman,north,Veg Biryani,6,216.81,0.0,UPI
FX206518,12/05/2025,Meera Krishnan,North,Gulab Jamun,3,99.99,0.0,Card
FX202760,2025-01-23,Vihaan Rao,west,Filter Coffee,8,60.18,0.05,Wallet
FX207369,2025-01-15,Sneha Varma,North,Farmhouse Pizza,3,399.0,0.0,Wallet
FX205813,11/08/2025,,south,Chocolate Brownie,6,151.98,0.2,Card
FX200570,2025-08-16,Yash Patel,North,Mutton Roll,6,276.21,,Wallet
FX203216,18/05/2025,Saanvi Reddy,SOUTH,Tandoori Chicken,4,449.0,0.0,UPI
FX202796,11-01-2025,Kavya Subramanian,SOUTH,Veg Fried Rice,7,195.02,0.05,UPI
FX208985,08/06/2025,Tara Joshi,SOUTH,Butter Naan,1,44.1,0.05,Wallet
FX203921,2025-12-30,Nisha Gupta,SOUTH,Green Salad,5,136.22,0.25,Card
FX205090,03/07/2025,Vihaan Rao,East,Paneer Butter Masala,7,256.41,0.2,Cash on Delivery
FX202293,2025-10-27,Arjun Verma,SOUTH,Spring Roll,7,162.18,0.0,Wallet
FX207558,2025-02-17,Vihaan Rao,West,Margherita Pizza,1,251.49,0.1,Cash on Delivery
FX208679,2025-12-12,Priya Balaji,EAST,Butter Naan,1,44.55,0.25,Card
FX203911,06/01/2025,Diya Nair,West,Chicken Noodles,4,243.78,0.0,Card
FX208077,2025-02-22,Riya Kapoor,North,Margherita Pizza,4,249.0,0.05,Cash on Delivery
FX203621,2025-01-05,Manish Tiwari,north,Filter Coffee,1,59.0,,UPI
FX205929,2025-01-13,Manish Tiwari,East,Masala Dosa,8,129.0,0.05,Cash on Delivery
FX208673,07/07/2025,Aditya Ghosh,south,Veg Fried Rice,7,197.01,0.2,Cash on Delivery
FX202697,2025-08-16,Kabir Shah,west,Chicken Noodles,3,243.78,0.25,Cash on Delivery
FX204152,2025-04-22,Aarav Mehta,North,Veg Biryani,4,223.38,0.1,Cash on Delivery
FX200880,2025-09-25,Kabir Shah,West,Fish Curry Meals,4,322.42,,Cash on Delivery
FX205709,2025-10-13,Arjun Verma,south,Filter Coffee,7,60.18,0.0,Cash on Delivery
FX203434,2025-04-27,Tara Joshi,West,Fish Curry Meals,5,329.0,0.1,Card
FX202992,21/04/2025,Karthik Raman,west,Gulab Jamun,2,99.99,0.2,Cash on Delivery
FX200199,2025-02-21,Saanvi Reddy,north,Idli Sambar,1,88.11,0.15,Wallet
FX204065,2025-09-14,,East,Chicken Noodles,3,243.78,0.0,UPI
FX203287,2025-10-13,Nisha Gupta,SOUTH,Chicken Noodles,8,241.39,0.25,Cash on Delivery
FX204639,11-12-2025,Priya Balaji,East,Chocolate Brownie,1,151.98,0.1,Wallet
FX204674,2025-12-19,Diya Nair,EAST,Veg Biryani,6,214.62,0.0,Cash on Delivery
FX205675,2025-07-10,Diya Nair,west,Masala Dosa,5,131.58,,Card
FX206190,22/04/2025,Vihaan Rao,West,Mutton Roll,5,273.42,0.0,Wallet
FX205472,18/04/2025,Saanvi Reddy,West,Spring Roll,4,160.59,0.25,Wallet
FX207003,07-24-2025,Nikhil Menon,West,Chicken Biryani,3,289.0,,UPI
FX205394,07-19-2025,Priya Balaji,north,Cold Coffee,3,120.19,,UPI
FX203647,01-30-2025,Meera Krishnan,East,Gulab Jamun,4,100.98,0.05,Cash on Delivery
FX202708,2025-02-22,Tara Joshi,EAST,Chocolate Brownie,5,149.0,0.15,Cash on Delivery
FX201670,07-08-2025,Tara Joshi,East,Spring Roll,8,160.59,0.0,Cash on Delivery
FX208767,01/04/2025,Omkar Deshpande,south,Gulab Jamun,6,97.02,0.0,UPI
FX204934,08/01/2025,Ananya Iyer,west,Filter Coffee,7,57.82,0.05,Wallet
FX204876,2025-02-28,Riya Kapoor,East,Veg Fried Rice,2,202.98,0.15,Wallet
FX208400,03/12/2025,Kabir Shah,East,Filter Coffee,8,58.41,0.05,UPI
FX205056,04/12/2025,Priya Balaji,north,Margherita Pizza,1,253.98,0.05,UPI
FX203119,12/08/2025,Nisha Gupta,north,Mutton Roll,-3,281.79,0.0,Cash on Delivery
FX205597,12/11/2025,Arjun Verma,north,Mango Lassi,6,110.09,0.05,UPI
FX208388,2025-08-08,Kavya Subramanian,south,Chicken Noodles,4,241.39,0.15,UPI
FX202501,2025-05-28,Diya Nair,south,Chicken Noodles,7,241.39,0.0,Card
FX204304,08/03/2025,Diya Nair,SOUTH,Masala Dosa,6,129.0,0.0,UPI
FX206555,11-04-2025,Aditya Ghosh,East,Gulab Jamun,7,98.01,0.0,Wallet
FX205513,06/09/2025,Arjun Verma,south,Veg Biryani,6,223.38,0.15,Wallet
FX208913,2025-07-02,Karthik Raman,west,Mutton Roll,1,276.21,0.15,Cash on Delivery
FX207779,21/04/2025,Aditya Ghosh,North,Idli Sambar,1,87.22,0.2,UPI
FX200413,2025-08-16,Riya Kapoor,SOUTH,Margherita Pizza,8,244.02,0.25,UPI
FX202759,06-05-2025,Aditya Ghosh,south,Chicken Biryani,1,294.78,0.0,Cash on Delivery
FX208466,11-30-2025,Lakshmi Prasad,EAST,Green Salad,6,139.0,0.0,Cash on Delivery
FX202619,01/08/2025,Manish Tiwari,North,Mango Lassi,8,110.09,0.0,UPI
FX204122,04/11/2025,,East,Spring Roll,3,155.82,0.1,Cash on Delivery
FX204952,2025-05-28,Diya Nair,west,Mutton Roll,8,281.79,0.2,Cash on Delivery
FX202649,2025-01-28,,west,Fish Curry Meals,8,335.58,0.0,UPI
FX200399,03-06-2025,Manish Tiwari,west,Gulab Jamun,1,97.02,0.05,UPI
FX201581,22/07/2025,Riya Kapoor,north,Idli Sambar,3,89.89,0.2,UPI
FX204076,2025-11-22,Diya Nair,west,Mutton Roll,4,276.21,0.05,UPI
FX205502,2025-11-07,Arjun Verma,south,Paneer Butter Masala,4,253.82,0.1,Cash on Delivery
FX200703,21/12/2025,Yash Patel,West,Paneer Butter Masala,2,256.41,,Wallet
FX202245,2025-11-02,Meera Krishnan,North,Paneer Butter Masala,6,256.41,,UPI
FX205608,01/04/2025,Tara Joshi,North,Farmhouse Pizza,1,391.02,0.0,Cash on Delivery
FX203318,09/05/2025,Nisha Gupta,north,Veg Biryani,5,214.62,0.15,UPI
FX206365,19/12/2025,Nisha Gupta,East,Gulab Jamun,3,100.98,0.05,Card
FX201657,2025-10-26,Dev Sharma,EAST,Chocolate Brownie,2,149.0,0.25,Wallet
FX207475,29/08/2025,Lakshmi Prasad,north,Mango Lassi,5,106.82,0.2,Card
FX201936,2025-12-14,Nisha Gupta,west,Gulab Jamun,2,99.0,0.1,Card
FX207383,28/10/2025,Ishita Bose,North,Veg Fried Rice,8,202.98,0.2,Card
FX201762,17/04/2025,Meera Krishnan,North,Chicken Biryani,2,289.0,0.15,Wallet
FX204622,2025-02-16,Manish Tiwari,SOUTH,Green Salad,5,140.39,0.05,Cash on Delivery
FX205326,2025-02-01,Rohan Pillai,West,Masala Dosa,5,129.0,0.15,Card
FX202791,2025-02-11,Nisha Gupta,EAST,Spring Roll,2,157.41,0.2,Cash on Delivery
FX207879,2025-07-01,Diya Nair,west,Green Salad,1,140.39,0.15,Cash on Delivery
FX204627,2025-09-15,Aditya Ghosh,north,Butter Naan,3,44.1,0.2,Cash on Delivery
FX207044,06-22-2025,Manish Tiwari,south,Gulab Jamun,8,98.01,0.0,Wallet
FX208442,2025-08-23,Vihaan Rao,North,Gulab Jamun,3,98.01,0.25,Cash on Delivery
FX201115,11-15-2025,Rahul Sinha,SOUTH,Tandoori Chicken,7,457.98,,Card
FX207970,04-11-2025,Ishita Bose,East,Masala Dosa,6,127.71,0.25,Wallet
FX202148,2025-04-13,Aditya Ghosh,SOUTH,Farmhouse Pizza,1,402.99,0.25,UPI
FX206152,30/03/2025,Yash Patel,west,Margherita Pizza,2,249.0,0.0,Card
FX207930,2025-12-29,Rohan Pillai,SOUTH,Idli Sambar,7,89.0,0.0,Card
FX205925,03/06/2025,Riya Kapoor,west,Gulab Jamun,5,99.0,0.0,Card
FX205614,19/10/2025,Nikhil Menon,west,Chocolate Brownie,4,147.51,0.25,Wallet
FX208567,08-31-2025,Kavya Subramanian,North,Masala Dosa,8,131.58,0.1,Cash on Delivery
FX205436,2025-05-31,Kabir Shah,SOUTH,Fish Curry Meals,8,325.71,0.0,Cash on Delivery
FX204359,2025-06-18,Karthik Raman,East,Paneer Butter Masala,8,256.41,0.15,Wallet
FX205705,01/06/2025,Kabir Shah,north,Masala Dosa,4,126.42,0.05,Card
FX207366,11-23-2025,Arjun Verma,East,Masala Dosa,1,129.0,0.25,UPI
FX201691,2025-11-29,Riya Kapoor,North,Veg Biryani,5,221.19,0.1,Cash on Delivery
FX208979,2025-01-20,Ananya Iyer,west,Masala Dosa,8,129.0,0.0,UPI
FX207579,2025-04-27,Rohan Pillai,south,Cold Coffee,7,121.38,0.0,UPI
FX206084,2025-07-17,Saanvi Reddy,SOUTH,Masala Dosa,2,131.58,0.1,Card
FX205700,2025-10-20,Manish Tiwari,SOUTH,Mutton Roll,3,273.42,0.05,Card
FX200607,11-30-2025,Ishita Bose,North,Mango Lassi,1,109.0,0.0,Cash on Delivery
FX203439,2025-11-14,Riya Kapoor,East,Spring Roll,8,162.18,0.05,Wallet
FX200631,09-09-2025,Vihaan Rao,West,Tandoori Chicken,2,449.0,0.25,Card
FX207629,2025-04-05,Lakshmi Prasad,East,Cold Coffee,5,119.0,0.2,UPI
FX204046,22/12/2025,Dev Sharma,west,Fish Curry Meals,5,329.0,0.05,UPI
FX200002,23/02/2025,Kabir Shah,SOUTH,Fish Curry Meals,2,325.71,0.05,UPI
FX202202,11-27-2025,Arjun Verma,west,Chocolate Brownie,7,146.02,0.25,Wallet
FX200459,09-08-2025,Karthik Raman,south,Masala Dosa,-3,131.58,0.0,Wallet
FX201157,2025-08-08,Ananya Iyer,North,Margherita Pizza,8,249.0,0.2,Wallet
FX203595,27/03/2025,Nisha Gupta,EAST,Paneer Butter Masala,3,261.59,0.0,Cash on Delivery
FX203111,07/11/2025,Riya Kapoor,East,Fish Curry Meals,1,335.58,0.0,UPI
FX200425,27/03/2025,Manish Tiwari,East,Veg Fried Rice,6,197.01,0.2,Wallet
FX200247,2025-01-02,Yash Patel,West,Margherita Pizza,3,251.49,0.15,Cash on Delivery
FX207254,10-10-2025,Manish Tiwari,south,Fish Curry Meals,5,335.58,0.05,UPI
FX207399,2025-05-22,Nikhil Menon,North,Butter Naan,5,45.45,0.1,Wallet
FX207808,2025-02-05,Priya Balaji,north,Fish Curry Meals,3,335.58,0.15,UPI
FX206633,02/02/2025,Kavya Subramanian,East,Fish Curry Meals,2,332.29,0.15,UPI
FX208174,07-03-2025,Meera Krishnan,SOUTH,Tandoori Chicken,7,449.0,0.1,Wallet
FX206170,2025-06-06,Sneha Varma,West,Butter Naan,3,45.0,,Card
FX205193,01-07-2025,Nikhil Menon,West,Green Salad,3,139.0,0.15,Card
FX201934,03/08/2025,Saanvi Reddy,East,Chicken Biryani,5,283.22,0.05,UPI
FX201646,12/07/2025,Diya Nair,EAST,Veg Fried Rice,5,199.0,0.2,Wallet
FX205915,2025-02-20,Omkar Deshpande,EAST,Filter Coffee,8,57.82,0.25,Cash on Delivery
FX208916,2025-01-15,Nisha Gupta,East,Farmhouse Pizza,4,399.0,0.05,UPI
FX205093,06/09/2025,Meera Krishnan,north,Spring Roll,8,157.41,0.05,Card
FX202253,23/08/2025,Diya Nair,west,Chicken Noodles,2,241.39,,Cash on Delivery
FX205413,30/01/2025,Vihaan Rao,North,Farmhouse Pizza,1,391.02,0.1,Cash on Delivery
FX201906,2025-01-17,Yash Patel,North,Spring Roll,1,157.41,0.0,Wallet
FX202262,28/11/2025,Meera Krishnan,EAST,Farmhouse Pizza,5,391.02,0.25,Wallet
FX201807,19/06/2025,Saanvi Reddy,EAST,Chicken Noodles,1,236.61,0.15,Wallet
FX207530,2025-07-01,Arjun Verma,north,Farmhouse Pizza,7,399.0,0.0,Wallet
FX204968,09-17-2025,Riya Kapoor,EAST,Mutton Roll,1,279.0,0.0,Wallet
FX204688,19/04/2025,Karthik Raman,North,Spring Roll,7,155.82,,Wallet
FX203227,2025-12-19,Kabir Shah,north,Veg Biryani,2,216.81,0.0,Cash on Delivery
FX208700,2025-10-13,Priya Balaji,west,Green Salad,5,141.78,0.0,Cash on Delivery
FX205120,04-21-2025,Ishita Bose,East,Chicken Biryani,2,289.0,0.05,Wallet
FX208423,07-30-2025,Aarav Mehta,north,Filter Coffee,2,59.59,0.25,Wallet
FX208048,24/12/2025,Ananya Iyer,EAST,Green Salad,5,139.0,0.05,Cash on Delivery
FX206035,07/10/2025,Yash Patel,West,Mutton Roll,2,279.0,0.2,Wallet
FX201010,05-10-2025,Dev Sharma,west,Masala Dosa,5,131.58,0.25,Wallet
FX208179,2025-03-11,Priya Balaji,North,Chicken Noodles,6,234.22,0.25,UPI
FX206741,2025-07-09,Kavya Subramanian,EAST,Paneer Butter Masala,5,256.41,0.15,UPI
FX207382,2025-02-19,Yash Patel,SOUTH,Fish Curry Meals,8,325.71,0.25,Card
FX208427,08-22-2025,Rahul Sinha,North,Mutton Roll,8,281.79,0.1,Cash on Delivery
FX201669,21/07/2025,Vihaan Rao,West,Mutton Roll,2,279.0,0.15,Card
FX206964,2025-07-14,Lakshmi Prasad,East,Farmhouse Pizza,1,391.02,0.05,Wallet
FX206082,2025-03-11,Tara Joshi,West,Idli Sambar,3,88.11,0.0,Card
FX208765,04-20-2025,,north,Chicken Noodles,5,243.78,0.0,UPI
FX200845,2025-05-10,Saanvi Reddy,SOUTH,Gulab Jamun,5,100.98,0.05,Cash on Delivery
FX207616,05-15-2025,,west,Green Salad,5,137.61,0.25,Cash on Delivery
FX208507,2025-10-21,Kabir Shah,East,Tandoori Chicken,6,449.0,0.15,Card
FX204198,12-19-2025,Karthik Raman,EAST,Margherita Pizza,1,251.49,0.05,Wallet
FX202851,2025-07-31,Karthik Raman,EAST,Chicken Noodles,2,236.61,0.05,UPI
FX202156,2025-03-16,Ishita Bose,west,Chicken Biryani,5,286.11,0.0,UPI
FX204522,2025-07-03,Riya Kapoor,EAST,Veg Biryani,1,219.0,0.25,Wallet
FX200940,10/08/2025,Vihaan Rao,East,Green Salad,4,141.78,0.25,Cash on Delivery
FX205432,2025-12-13,Tara Joshi,North,Paneer Butter Masala,5,253.82,0.0,UPI
FX202685,31/07/2025,Rohan Pillai,SOUTH,Masala Dosa,6,126.42,0.0,Wallet
FX201401,2025-05-06,Diya Nair,East,Spring Roll,8,160.59,0.2,Card
FX206551,2025-09-26,Aditya Ghosh,EAST,Veg Fried Rice,3,199.0,0.25,Wallet
FX206985,13/07/2025,Vihaan Rao,EAST,Veg Fried Rice,6,199.0,0.0,UPI
FX203860,07-20-2025,Riya Kapoor,West,Veg Biryani,6,214.62,0.15,UPI
FX203912,2025-08-10,Saanvi Reddy,south,Filter Coffee,6,59.0,0.0,Cash on Delivery
FX204069,2025-10-04,Rohan Pillai,SOUTH,Idli Sambar,6,89.89,0.05,Cash on Delivery
FX202014,12/08/2025,Tara Joshi,West,Mutton Roll,1,279.0,0.05,Cash on Delivery
FX207999,10-30-2025,Sneha Varma,north,Mango Lassi,8,109.0,0.15,UPI
FX206968,10-30-2025,Rohan Pillai,north,Mutton Roll,3,273.42,0.0,Card
FX208864,2025-06-02,Vihaan Rao,south,Gulab Jamun,1,99.0,0.25,UPI
FX205465,20/12/2025,Aarav Mehta,West,Paneer Butter Masala,4,264.18,0.05,UPI
FX203540,08/06/2025,Ananya Iyer,EAST,Filter Coffee,2,59.59,0.05,UPI
FX205182,12-11-2025,Dev Sharma,West,Mango Lassi,4,110.09,0.05,Card
FX207918,02-08-2025,Vihaan Rao,south,Idli Sambar,7,88.11,0.2,UPI
FX201441,2025-05-16,Riya Kapoor,north,Veg Fried Rice,3,197.01,0.2,UPI
FX206617,12/09/2025,Aditya Ghosh,North,Masala Dosa,8,131.58,0.15,UPI
FX202023,22/09/2025,Saanvi Reddy,North,Chocolate Brownie,7,150.49,,Card
FX207816,2025-01-06,Rahul Sinha,West,Chicken Noodles,4,239.0,0.25,UPI
FX203099,2025-05-03,Vihaan Rao,north,Veg Fried Rice,7,195.02,0.05,Wallet
FX206784,12/08/2025,Vihaan Rao,North,Margherita Pizza,4,244.02,0.05,Cash on Delivery
FX201331,08-04-2025,Kavya Subramanian,south,Farmhouse Pizza,8,402.99,0.0,Card
FX204787,2025-11-25,Priya Balaji,SOUTH,Tandoori Chicken,5,457.98,0.2,UPI
FX205668,2025-08-09,Ishita Bose,west,Spring Roll,7,160.59,0.05,UPI
FX207152,23/10/2025,Kavya Subramanian,west,Filter Coffee,8,59.59,0.25,Wallet
FX204082,2025-10-13,Kavya Subramanian,SOUTH,Gulab Jamun,6,99.99,0.1,Card
FX201522,11-16-2025,Diya Nair,west,Chocolate Brownie,5,146.02,0.0,Cash on Delivery
FX205451,2025-07-16,Saanvi Reddy,West,Fish Curry Meals,7,335.58,0.1,Card
FX202101,2025-10-18,Priya Balaji,EAST,Fish Curry Meals,2,329.0,0.25,Card
FX202724,04-02-2025,Omkar Deshpande,SOUTH,Green Salad,7,137.61,0.0,Card
FX207168,2025-01-26,Saanvi Reddy,south,Chicken Biryani,2,289.0,0.1,Cash on Delivery
FX207157,22/10/2025,Meera Krishnan,SOUTH,Margherita Pizza,6,244.02,0.2,Cash on Delivery
FX208780,16/09/2025,Kabir Shah,north,Green Salad,5,139.0,0.05,UPI
FX205282,2025-09-01,Priya Balaji,SOUTH,Spring Roll,2,162.18,0.0,Cash on Delivery
FX208776,04-22-2025,Kabir Shah,West,Paneer Butter Masala,2,253.82,0.25,UPI
FX201713,2025-04-20,,north,Farmhouse Pizza,6,391.02,0.1,UPI
FX204382,2025-08-31,Dev Sharma,North,Green Salad,6,137.61,0.0,Card
FX208566,2025-04-03,Tara Joshi,west,Chocolate Brownie,4,151.98,0.2,Card
FX205049,2025-11-29,Rahul Sinha,West,Spring Roll,3,155.82,0.1,Cash on Delivery
FX200700,2025-11-23,Saanvi Reddy,west,Margherita Pizza,8,244.02,0.2,Card
FX201726,11/11/2025,Meera Krishnan,north,Chocolate Brownie,3,150.49,0.2,Card
FX202940,11-26-2025,Manish Tiwari,south,Farmhouse Pizza,4,399.0,0.1,UPI
FX201527,20/04/2025,Rahul Sinha,East,Mutton Roll,8,276.21,0.25,Card
FX208401,10/02/2025,Rohan Pillai,East,Spring Roll,2,160.59,0.1,Cash on Delivery
FX200764,2025-01-02,Aarav Mehta,EAST,Fish Curry Meals,6,329.0,0.15,Card
FX205973,2025-11-17,Lakshmi Prasad,North,Filter Coffee,4,59.59,0.0,Wallet
FX207412,02/01/2025,Omkar Deshpande,north,Margherita Pizza,2,249.0,0.2,UPI
FX206494,06/05/2025,Riya Kapoor,north,Paneer Butter Masala,7,256.41,0.0,UPI
FX204515,2025-02-05,Yash Patel,north,Veg Biryani,7,219.0,0.0,Card
FX202012,02-02-2025,Nikhil Menon,SOUTH,Masala Dosa,5,130.29,0.05,UPI
FX201322,14/11/2025,Lakshmi Prasad,West,Paneer Butter Masala,2,261.59,0.1,Card
FX200243,11-21-2025,Arjun Verma,north,Chicken Noodles,7,236.61,0.15,UPI
FX203346,2025-06-01,Dev Sharma,West,Filter Coffee,4,58.41,,Card
FX205177,2025-08-05,Aditya Ghosh,EAST,Veg Fried Rice,7,200.99,0.05,Card
FX202833,2025-12-19,Aarav Mehta,south,Butter Naan,5,44.55,,Wallet
FX208590,2025-02-13,Kabir Shah,East,Gulab Jamun,7,97.02,0.15,Card
FX206451,2025-07-23,Manish Tiwari,EAST,Filter Coffee,6,60.18,0.0,Cash on Delivery
FX200403,14/01/2025,,EAST,Chicken Noodles,2,236.61,0.1,Wallet
FX203831,07-24-2025,Ananya Iyer,East,Chicken Noodles,7,243.78,0.0,UPI
FX204295,2025-09-27,Ananya Iyer,west,Chocolate Brownie,3,147.51,0.15,UPI
FX206656,2025-11-25,Manish Tiwari,East,Gulab Jamun,6,99.0,0.15,Cash on Delivery
FX208578,2025-02-26,Saanvi Reddy,West,Mango Lassi,8,106.82,0.0,UPI
FX205399,2025-01-11,Priya Balaji,North,Fish Curry Meals,6,335.58,0.2,Cash on Delivery
FX205861,2025-10-04,Kabir Shah,East,Veg Fried Rice,7,199.0,0.0,Card
FX201917,10-19-2025,Ananya Iyer,south,Green Salad,-2,141.78,0.0,Wallet
FX206329,09/09/2025,Nikhil Menon,north,Mutton Roll,2,279.0,0.15,Card
FX208980,2025-02-19,Rohan Pillai,west,Mango Lassi,3,111.18,0.15,Wallet
FX203071,2025-01-24,Aditya Ghosh,East,Farmhouse Pizza,6,391.02,0.2,Card
FX207620,10/01/2025,Lakshmi Prasad,south,Butter Naan,8,45.45,0.0,UPI
FX200304,10-14-2025,Kavya Subramanian,West,Gulab Jamun,1,98.01,0.0,UPI
FX205299,2025-11-15,,south,Chicken Biryani,7,283.22,0.25,Cash on Delivery
FX204697,09-13-2025,Karthik Raman,West,Farmhouse Pizza,5,402.99,0.05,Wallet
FX202047,19/01/2025,Tara Joshi,West,Margherita Pizza,2,249.0,0.0,Cash on Delivery
FX203981,28/09/2025,Omkar Deshpande,East,Margherita Pizza,4,249.0,0.2,Cash on Delivery
FX202554,31/10/2025,Dev Sharma,SOUTH,Chocolate Brownie,1,149.0,0.1,UPI
FX200266,2025-04-21,Kabir Shah,EAST,Margherita Pizza,8,253.98,0.2,Card
FX202741,07/07/2025,Aarav Mehta,south,Tandoori Chicken,1,453.49,,Wallet
FX208338,2025-10-04,Vihaan Rao,East,Gulab Jamun,7,97.02,0.0,Card
FX203522,27/01/2025,Vihaan Rao,East,Chicken Noodles,4,234.22,0.0,Wallet
FX202603,2025-11-09,Sneha Varma,West,Chicken Biryani,1,291.89,0.2,Card
FX202735,2025-03-05,Omkar Deshpande,EAST,Tandoori Chicken,2,449.0,0.25,Wallet
FX203726,2025-12-22,Diya Nair,North,Filter Coffee,5,60.18,0.0,Card
FX201679,06-12-2025,Omkar Deshpande,west,Veg Fried Rice,3,195.02,,UPI
FX206279,2025-11-17,Tara Joshi,West,Green Salad,1,140.39,0.0,Cash on Delivery
FX201968,2025-04-09,Sneha Varma,south,Masala Dosa,4,131.58,0.1,Wallet
FX201168,2025-07-21,Karthik Raman,West,Spring Roll,1,160.59,0.1,Wallet
FX203358,01-16-2025,Tara Joshi,north,Green Salad,6,141.78,0.1,Wallet
FX206248,2025-12-08,Vihaan Rao,north,Veg Biryani,3,223.38,0.2,UPI
FX203055,2025-08-15,Rohan Pillai,south,Chicken Biryani,8,291.89,0.15,Cash on Delivery
FX204896,2025-11-12,Diya Nair,north,Mango Lassi,2,111.18,0.0,Cash on Delivery
FX207301,08-07-2025,Omkar Deshpande,west,Cold Coffee,2,117.81,0.1,Card
FX206600,10-12-2025,Lakshmi Prasad,north,Idli Sambar,4,87.22,0.25,Wallet
FX202200,09/12/2025,,West,Butter Naan,6,44.1,0.25,Card
FX208202,02-06-2025,Omkar Deshpande,SOUTH,Fish Curry Meals,7,329.0,0.0,UPI
FX205541,07/05/2025,Kavya Subramanian,south,Tandoori Chicken,8,444.51,0.0,Wallet
FX205882,11-14-2025,Rohan Pillai,SOUTH,Veg Fried Rice,5,200.99,0.0,UPI
FX205772,05/03/2025,Aarav Mehta,EAST,Spring Roll,2,155.82,0.05,UPI
FX203521,06-28-2025,Diya Nair,North,Chicken Noodles,2,239.0,0.0,Wallet
FX206407,2025-06-30,Ananya Iyer,EAST,Filter Coffee,8,59.59,0.0,Cash on Delivery
FX200110,2025-04-07,Meera Krishnan,north,Cold Coffee,8,119.0,0.0,UPI
FX208546,30/05/2025,Diya Nair,West,Chocolate Brownie,7,146.02,0.0,UPI
FX200730,02-07-2025,Kabir Shah,south,Masala Dosa,4,126.42,0.0,Cash on Delivery
FX204733,2025-07-30,Rahul Sinha,North,Fish Curry Meals,7,335.58,0.1,UPI
FX200077,02-23-2025,Kabir Shah,West,Butter Naan,8,44.1,0.0,UPI
FX206066,2025-09-21,Arjun Verma,North,Mutton Roll,4,276.21,0.15,Cash on Delivery
FX202145,2025-11-06,Priya Balaji,west,Chicken Noodles,4,239.0,0.05,Card
FX201454,2025-09-03,Yash Patel,north,Chocolate Brownie,1,149.0,0.15,Card
FX208194,2025-09-05,Yash Patel,south,Paneer Butter Masala,6,256.41,0.0,Card
FX202817,2025-03-13,Omkar Deshpande,west,Mutton Roll,6,279.0,0.2,Cash on Delivery
FX205396,16/04/2025,Ananya Iyer,south,Chicken Noodles,8,241.39,0.15,Card
FX203376,09/07/2025,,EAST,Idli Sambar,1,90.78,0.0,Card
FX201364,05-13-2025,Saanvi Reddy,West,Veg Biryani,7,223.38,0.0,Cash on Delivery
FX200171,2025-08-31,Riya Kapoor,East,Margherita Pizza,6,253.98,0.25,UPI
FX208068,14/06/2025,Diya Nair,west,Gulab Jamun,4,100.98,0.0,Cash on Delivery
FX203415,2025-05-02,Meera Krishnan,West,Paneer Butter Masala,8,259.0,0.15,Cash on Delivery
FX206039,11-26-2025,Riya Kapoor,west,Masala Dosa,5,130.29,,Wallet
FX203856,2025-12-18,Riya Kapoor,EAST,Gulab Jamun,5,99.0,0.0,UPI
FX201478,09/11/2025,Yash Patel,EAST,Cold Coffee,5,119.0,0.0,Wallet
FX203859,19/10/2025,Ishita Bose,North,Cold Coffee,2,116.62,0.05,Card
FX206441,09-21-2025,Karthik Raman,West,Tandoori Chicken,7,453.49,0.1,Wallet
FX205734,2025-12-19,Yash Patel,West,Cold Coffee,1,119.0,,Card
FX205785,09/07/2025,Sneha Varma,EAST,Butter Naan,2,45.0,0.2,UPI
FX202231,2025-12-30,,west,Filter Coffee,3,58.41,,Card
FX202338,2025-01-30,Nisha Gupta,East,Veg Fried Rice,4,202.98,0.05,UPI
FX203282,05-20-2025,Saanvi Reddy,north,Green Salad,6,141.78,0.0,Cash on Delivery
FX203418,04-06-2025,Nisha Gupta,East,Butter Naan,4,45.45,0.15,Wallet
FX207484,2025-11-19,,SOUTH,Spring Roll,3,155.82,0.2,Card
FX208582,25/05/2025,Karthik Raman,East,Mutton Roll,8,281.79,0.15,UPI
FX205860,08-14-2025,Priya Balaji,West,Veg Biryani,7,216.81,0.1,Card
FX202695,08/05/2025,Nisha Gupta,north,Tandoori Chicken,2,444.51,0.1,Card
FX200105,2025-04-02,Arjun Verma,North,Fish Curry Meals,4,329.0,0.0,Cash on Delivery
FX203331,08/11/2025,Nikhil Menon,west,Fish Curry Meals,6,332.29,0.2,Wallet
FX206241,2025-01-16,Lakshmi Prasad,north,Filter Coffee,7,59.0,0.2,UPI
FX201517,23/02/2025,Kavya Subramanian,EAST,Mutton Roll,7,279.0,0.15,UPI
FX206098,2025-06-04,Yash Patel,south,Cold Coffee,6,119.0,,Cash on Delivery
FX202807,13/01/2025,Lakshmi Prasad,East,Fish Curry Meals,4,335.58,0.25,Cash on Delivery
FX208203,2025-01-18,Dev Sharma,north,Chicken Biryani,1,289.0,0.0,Card
FX202889,2025-10-07,Rahul Sinha,south,Veg Fried Rice,8,195.02,0.2,Wallet
FX206592,2025-04-09,Priya Balaji,south,Margherita Pizza,8,246.51,0.0,Cash on Delivery
FX203834,03-24-2025,Omkar Deshpande,East,Cold Coffee,4,121.38,0.05,Cash on Delivery
FX207995,2025-10-08,Dev Sharma,SOUTH,Mutton Roll,4,273.42,0.0,Card
FX207946,2025-11-22,Riya Kapoor,East,Farmhouse Pizza,1,395.01,0.05,Wallet
FX204610,2025-06-24,Kavya Subramanian,EAST,Mutton Roll,2,281.79,0.25,Card
FX208365,2025-07-18,Diya Nair,EAST,Chocolate Brownie,1,147.51,0.2,Wallet
FX205315,08-12-2025,Arjun Verma,SOUTH,Green Salad,7,141.78,0.0,Cash on Delivery
FX208701,2025-09-12,Rohan Pillai,north,Veg Biryani,1,223.38,0.25,Wallet
FX206694,2025-06-17,Rohan Pillai,North,Chicken Biryani,4,291.89,0.05,Cash on Delivery
FX203299,04-07-2025,Ishita Bose,north,Spring Roll,3,157.41,0.1,Card
FX204218,15/04/2025,Tara Joshi,SOUTH,Filter Coffee,4,59.0,0.05,Card
FX207513,27/03/2025,Sneha Varma,west,Veg Fried Rice,4,197.01,0.05,Cash on Delivery
FX200997,05-07-2025,Dev Sharma,EAST,Masala Dosa,4,126.42,0.2,Cash on Delivery
FX208178,16/09/2025,Yash Patel,south,Fish Curry Meals,3,322.42,0.0,Cash on Delivery
FX200674,2025-08-24,Ishita Bose,west,Gulab Jamun,2,100.98,0.05,Wallet
FX208826,04/09/2025,Omkar Deshpande,SOUTH,Chocolate Brownie,2,149.0,0.15,UPI
FX200587,02-19-2025,Saanvi Reddy,West,Chicken Biryani,7,289.0,0.15,UPI
FX208513,31/08/2025,Meera Krishnan,west,Veg Fried Rice,3,200.99,0.05,Wallet
FX201106,08-27-2025,Omkar Deshpande,south,Idli Sambar,3,89.0,0.0,UPI
FX204119,2025-12-12,,EAST,Veg Biryani,7,216.81,0.05,UPI
FX206005,24/12/2025,Rohan Pillai,west,Paneer Butter Masala,6,253.82,0.0,Cash on Delivery
FX204242,2025-02-03,,north,Chocolate Brownie,8,146.02,0.0,Wallet
FX205024,10-16-2025,Omkar Deshpande,west,Paneer Butter Masala,7,253.82,0.1,Cash on Delivery
FX206914,2025-02-11,Manish Tiwari,north,Chicken Noodles,1,239.0,0.0,Card
FX200251,10/08/2025,Riya Kapoor,north,Fish Curry Meals,3,322.42,0.05,Card
FX203735,09-30-2025,Aditya Ghosh,EAST,Masala Dosa,2,130.29,0.0,Cash on Delivery
FX200843,2025-03-06,Saanvi Reddy,East,Tandoori Chicken,2,449.0,,UPI
FX207427,2025-12-28,Manish Tiwari,north,Chicken Biryani,4,286.11,0.0,Card
FX202164,09-27-2025,Nisha Gupta,East,Mutton Roll,2,273.42,0.0,UPI
FX201667,31/05/2025,Meera Krishnan,SOUTH,Gulab Jamun,4,98.01,0.0,Cash on Delivery
FX204566,04/11/2025,Diya Nair,EAST,Farmhouse Pizza,8,402.99,0.0,Wallet
FX207741,07/07/2025,Manish Tiwari,west,Cold Coffee,7,121.38,0.0,Card
FX200056,04-28-2025,Arjun Verma,West,Masala Dosa,2,127.71,0.2,Card
FX203061,17/02/2025,,west,Mutton Roll,3,284.58,0.25,Cash on Delivery
FX201799,07/03/2025,Manish Tiwari,south,Butter Naan,5,45.9,0.0,UPI
FX200913,01-23-2025,Saanvi Reddy,West,Tandoori Chicken,5,457.98,0.2,UPI
FX207587,2025-12-12,Manish Tiwari,north,Farmhouse Pizza,8,395.01,0.0,Cash on Delivery
FX208744,13/09/2025,Kavya Subramanian,south,Green Salad,7,136.22,0.15,Wallet
FX200563,31/12/2025,Aarav Mehta,North,Veg Biryani,2,223.38,0.15,UPI
FX202640,05/01/2025,,SOUTH,Paneer Butter Masala,8,253.82,0.05,Card
FX205486,09-11-2025,Riya Kapoor,north,Veg Fried Rice,4,202.98,0.15,UPI
FX205103,02-25-2025,Nikhil Menon,south,Chocolate Brownie,7,149.0,0.0,Card
FX204867,15/06/2025,Ananya Iyer,East,Mango Lassi,3,110.09,0.15,UPI
FX202745,31/12/2025,Arjun Verma,west,Butter Naan,4,44.55,0.05,Cash on Delivery
FX201899,02/01/2025,Aarav Mehta,East,Gulab Jamun,4,97.02,0.05,UPI
FX204313,29/08/2025,Meera Krishnan,West,Mango Lassi,8,106.82,0.0,Wallet
FX204962,2025-03-08,Arjun Verma,south,Filter Coffee,2,59.59,0.0,Cash on Delivery
FX200750,2025-04-17,Kavya Subramanian,west,Butter Naan,6,45.0,0.15,Card
FX208650,11-05-2025,Tara Joshi,West,Fish Curry Meals,3,335.58,0.25,UPI
FX201650,2025-08-03,Ananya Iyer,EAST,Filter Coffee,5,57.82,0.0,Cash on Delivery
FX202904,10-25-2025,Nisha Gupta,north,Fish Curry Meals,2,322.42,0.0,UPI
FX204331,09/10/2025,Lakshmi Prasad,EAST,Gulab Jamun,5,99.0,0.05,UPI
FX207111,05-12-2025,Aditya Ghosh,south,Veg Biryani,1,219.0,0.05,Wallet
FX207865,2025-02-23,Vihaan Rao,West,Margherita Pizza,8,246.51,,Cash on Delivery
FX204110,2025-01-08,Dev Sharma,north,Mutton Roll,8,284.58,0.0,Cash on Delivery
FX204870,2025-04-15,Tara Joshi,SOUTH,Tandoori Chicken,8,449.0,0.0,UPI
FX204920,2025-02-27,Saanvi Reddy,south,Chicken Biryani,6,291.89,0.05,Card
FX202630,2025-09-15,Nikhil Menon,EAST,Veg Biryani,3,223.38,0.1,Wallet
FX201538,2025-12-09,Rahul Sinha,West,Cold Coffee,-3,117.81,0.1,UPI
FX207991,2025-11-05,Riya Kapoor,North,Chocolate Brownie,3,147.51,0.15,Cash on Delivery
FX203326,2025-03-21,Rohan Pillai,East,Fish Curry Meals,2,335.58,0.2,Card
FX203581,2025-05-03,Diya Nair,south,Paneer Butter Masala,6,256.41,0.05,Cash on Delivery
FX200602,01-23-2025,Aditya Ghosh,North,Farmhouse Pizza,4,391.02,0.2,Wallet
FX207570,2025-03-19,Tara Joshi,SOUTH,Veg Fried Rice,8,195.02,0.05,Cash on Delivery
FX208013,17/08/2025,Kavya Subramanian,south,Tandoori Chicken,1,457.98,0.25,Card
FX204957,2025-02-10,Aarav Mehta,East,Cold Coffee,8,117.81,0.05,UPI
FX207261,28/08/2025,Priya Balaji,North,Farmhouse Pizza,4,395.01,0.25,UPI
FX208770,2025-07-29,Saanvi Reddy,SOUTH,Cold Coffee,-4,120.19,0.0,Card
FX203389,10/05/2025,Sneha Varma,west,Paneer Butter Masala,5,253.82,0.0,Card
FX202247,2025-01-12,Nisha Gupta,north,Chicken Biryani,7,283.22,0.1,Cash on Delivery
FX207437,08-08-2025,Rahul Sinha,west,Spring Roll,7,157.41,0.0,UPI
FX201814,04/02/2025,Manish Tiwari,East,Chicken Biryani,3,283.22,0.15,Card
FX203173,2025-06-02,Sneha Varma,south,Fish Curry Meals,2,335.58,0.15,Card
FX206822,2025-04-24,,East,Idli Sambar,3,90.78,0.0,Wallet
FX206245,2025-05-24,Ananya Iyer,south,Veg Fried Rice,2,195.02,0.0,Cash on Delivery
FX205887,04/11/2025,Manish Tiwari,south,Idli Sambar,1,90.78,0.1,Card
FX202629,25/07/2025,Lakshmi Prasad,EAST,Gulab Jamun,7,99.0,0.0,Card
FX200960,2025-01-23,Lakshmi Prasad,south,Tandoori Chicken,8,440.02,0.2,Wallet
FX204378,10/05/2025,Kabir Shah,SOUTH,Fish Curry Meals,7,325.71,0.15,Cash on Delivery
FX203419,2025-04-02,,south,Fish Curry Meals,4,322.42,0.0,Wallet
FX200669,09/12/2025,Rohan Pillai,East,Gulab Jamun,3,99.99,0.1,Cash on Delivery
FX207141,2025-12-06,Ananya Iyer,south,Paneer Butter Masala,3,256.41,0.2,Wallet
FX201398,06-19-2025,Ananya Iyer,EAST,Chicken Biryani,6,294.78,0.15,Card
FX206720,2025-03-25,Nikhil Menon,north,Chicken Noodles,1,234.22,0.1,Wallet
FX202460,2025-12-24,Ishita Bose,East,Margherita Pizza,6,251.49,0.2,Cash on Delivery
FX207461,2025-12-15,Saanvi Reddy,East,Chocolate Brownie,1,149.0,0.0,Card
FX200742,10/06/2025,Tara Joshi,West,Cold Coffee,6,119.0,0.0,Card
FX208269,20/04/2025,Priya Balaji,North,Cold Coffee,7,119.0,0.0,Cash on Delivery
FX203112,2025-07-21,Dev Sharma,south,Green Salad,2,141.78,0.0,Card
FX202243,11/11/2025,Saanvi Reddy,north,Green Salad,3,139.0,0.15,Cash on Delivery
FX204381,11-07-2025,Yash Patel,west,Paneer Butter Masala,2,264.18,0.0,UPI
FX204026,04-30-2025,Omkar Deshpande,north,Veg Fried Rice,5,199.0,0.2,Cash on Delivery
FX200852,2025-01-25,Karthik Raman,west,Gulab Jamun,4,100.98,0.25,Wallet
FX202222,2025-06-09,Nikhil Menon,SOUTH,Filter Coffee,6,59.59,0.0,Card
FX201110,01-07-2025,Riya Kapoor,West,Butter Naan,8,45.45,0.0,Card
FX201392,2025-08-10,Rahul Sinha,East,Chocolate Brownie,3,146.02,0.05,UPI
FX202038,2025-07-04,Nikhil Menon,North,Tandoori Chicken,-1,449.0,0.15,Wallet
FX202186,06-13-2025,Kabir Shah,SOUTH,Mango Lassi,3,107.91,0.2,Card
FX205477,02-14-2025,Omkar Deshpande,north,Cold Coffee,7,119.0,0.05,Wallet
FX200022,2025-03-15,Priya Balaji,north,Tandoori Chicken,2,457.98,0.0,Card
FX206314,2025-11-26,Rahul Sinha,EAST,Masala Dosa,7,126.42,,UPI
FX205592,03-08-2025,,north,Chicken Noodles,7,241.39,0.2,Card
FX202587,18/04/2025,Nisha Gupta,south,Tandoori Chicken,1,453.49,0.2,UPI
FX208074,2025-07-27,Kabir Shah,EAST,Butter Naan,2,44.1,0.0,Card
FX208549,2025-12-07,Kavya Subramanian,EAST,Spring Roll,6,157.41,0.25,UPI
FX201232,10-06-2025,Yash Patel,north,Paneer Butter Masala,7,256.41,0.15,Cash on Delivery
FX204392,13/09/2025,Saanvi Reddy,West,Gulab Jamun,8,98.01,0.05,Cash on Delivery
FX203014,2025-06-09,Kavya Subramanian,west,Fish Curry Meals,5,325.71,0.0,UPI
FX205548,26/04/2025,Rohan Pillai,SOUTH,Spring Roll,6,160.59,0.05,Card
FX207833,10-26-2025,Manish Tiwari,EAST,Green Salad,4,137.61,0.15,Card
FX203079,08-22-2025,Aditya Ghosh,west,Tandoori Chicken,8,449.0,0.2,Card
FX203097,07/08/2025,Priya Balaji,East,Filter Coffee,7,60.18,0.25,Wallet
FX208271,21/06/2025,Meera Krishnan,west,Masala Dosa,7,126.42,0.1,Card
FX208708,12-31-2025,,south,Gulab Jamun,1,99.99,0.25,UPI
FX205582,2025-08-25,Dev Sharma,north,Filter Coffee,4,59.0,0.0,UPI
FX202592,2025-10-05,Ishita Bose,SOUTH,Margherita Pizza,5,251.49,0.25,Wallet
FX205182,12-11-2025,Dev Sharma,West,Mango Lassi,4,110.09,0.05,Card
FX208528,19/10/2025,Rohan Pillai,East,Tandoori Chicken,7,444.51,0.1,Wallet
FX201477,03-05-2025,Omkar Deshpande,south,Chocolate Brownie,4,150.49,0.0,Wallet
FX201068,18/06/2025,Kavya Subramanian,south,Chocolate Brownie,6,149.0,0.05,UPI
FX201962,07-29-2025,Aarav Mehta,SOUTH,Tandoori Chicken,8,457.98,0.25,UPI
FX200654,2025-07-14,,West,Veg Biryani,8,216.81,0.15,Cash on Delivery
FX203174,25/01/2025,,south,Chicken Biryani,6,294.78,0.0,Card
FX206927,09-14-2025,Lakshmi Prasad,West,Gulab Jamun,2,99.99,0.1,Wallet
FX200861,29/09/2025,Tara Joshi,North,Chicken Biryani,4,291.89,,Wallet
FX206411,01-12-2025,,SOUTH,Filter Coffee,2,60.18,0.0,Wallet
FX206112,2025-12-23,Nikhil Menon,North,Tandoori Chicken,6,453.49,0.1,Cash on Delivery
FX200035,2025-12-05,Lakshmi Prasad,south,Paneer Butter Masala,6,261.59,0.25,Card
FX205331,2025-10-07,Priya Balaji,EAST,Paneer Butter Masala,3,256.41,0.1,Card
FX206141,2025-02-04,Rohan Pillai,EAST,Filter Coffee,1,57.82,0.0,UPI
FX208219,2025-08-23,,EAST,Masala Dosa,1,127.71,0.05,Card
FX206715,21/05/2025,Riya Kapoor,North,Veg Biryani,8,223.38,0.1,Cash on Delivery
FX205008,2025-09-16,Meera Krishnan,EAST,Gulab Jamun,5,98.01,0.15,Card
FX200560,2025-10-11,Omkar Deshpande,SOUTH,Idli Sambar,2,88.11,0.0,Wallet
FX207984,03/05/2025,Karthik Raman,East,Mango Lassi,8,111.18,0.2,Wallet
FX205422,2025-05-12,Riya Kapoor,EAST,Margherita Pizza,6,249.0,0.15,Wallet
FX207139,01-07-2025,Omkar Deshpande,EAST,Mango Lassi,3,111.18,0.05,Wallet
FX203812,2025-10-11,Sneha Varma,North,Veg Biryani,8,216.81,0.0,Wallet
FX201330,25/11/2025,Meera Krishnan,North,Veg Fried Rice,2,199.0,,Card
FX204916,2025-04-19,Dev Sharma,west,Filter Coffee,1,59.59,0.0,UPI
FX201996,11-22-2025,Riya Kapoor,SOUTH,Mutton Roll,6,279.0,0.1,Wallet
FX208306,2025-10-12,,north,Mutton Roll,5,276.21,0.0,UPI
FX206804,2025-11-24,Vihaan Rao,SOUTH,Veg Fried Rice,5,197.01,0.05,Cash on Delivery
FX201244,2025-11-19,,west,Gulab Jamun,1,99.0,0.05,UPI
FX201767,2025-11-03,Kabir Shah,west,Veg Biryani,2,219.0,0.05,UPI
FX203468,2025-08-31,,East,Filter Coffee,3,58.41,0.0,UPI
FX204806,2025-03-03,Karthik Raman,West,Chicken Noodles,-2,241.39,0.05,UPI
FX202127,06-25-2025,Saanvi Reddy,North,Spring Roll,5,157.41,0.25,Cash on Delivery
FX200265,02-17-2025,Aditya Ghosh,North,Farmhouse Pizza,2,395.01,0.2,Wallet
FX201903,2025-09-25,Saanvi Reddy,north,Farmhouse Pizza,8,391.02,0.15,Card
FX200208,2025-06-17,Ananya Iyer,west,Margherita Pizza,3,246.51,0.0,UPI
FX204843,07/04/2025,Sneha Varma,south,Green Salad,4,141.78,0.15,Wallet
FX200033,01-30-2025,Kabir Shah,south,Margherita Pizza,3,251.49,0.0,Cash on Delivery
FX201267,15/11/2025,Kabir Shah,south,Paneer Butter Masala,3,261.59,0.0,Card
FX204419,03-02-2025,Sneha Varma,EAST,Filter Coffee,6,57.82,0.0,Wallet
FX206705,2025-09-15,Nikhil Menon,North,Chicken Biryani,6,291.89,,Cash on Delivery
FX208107,08-08-2025,Dev Sharma,SOUTH,Green Salad,5,136.22,0.05,Wallet
FX206779,2025-04-04,Priya Balaji,SOUTH,Gulab Jamun,2,97.02,0.0,Card
FX208808,20/12/2025,Manish Tiwari,west,Chicken Biryani,6,283.22,0.1,UPI
FX202217,08/09/2025,Aarav Mehta,SOUTH,Green Salad,1,141.78,,Card
FX204902,2025-09-26,Dev Sharma,north,Paneer Butter Masala,3,261.59,0.25,Wallet
FX205842,2025-09-07,,SOUTH,Fish Curry Meals,6,332.29,0.0,Card
FX202839,2025-10-31,Lakshmi Prasad,North,Chocolate Brownie,4,150.49,0.05,UPI
FX206566,2025-04-25,Meera Krishnan,East,Spring Roll,1,157.41,0.05,Card
FX204219,06/03/2025,Rohan Pillai,West,Gulab Jamun,4,97.02,0.0,UPI
FX201253,10-19-2025,Meera Krishnan,north,Farmhouse Pizza,1,395.01,0.25,Cash on Delivery
FX201611,10-15-2025,Dev Sharma,West,Green Salad,3,141.78,0.0,Wallet
FX204884,2025-02-01,Vihaan Rao,north,Chicken Biryani,8,291.89,0.0,UPI
FX203127,2025-05-25,Manish Tiwari,north,Gulab Jamun,3,99.99,0.0,UPI
FX205330,25/08/2025,Sneha Varma,south,Filter Coffee,2,60.18,0.25,Wallet
FX202042,2025-02-03,Nisha Gupta,East,Paneer Butter Masala,1,264.18,,UPI
FX207827,2025-12-17,Priya Balaji,West,Cold Coffee,5,121.38,0.05,UPI
FX207566,10/06/2025,Karthik Raman,EAST,Mango Lassi,8,109.0,0.0,Card
FX206321,2025-03-20,Arjun Verma,SOUTH,Fish Curry Meals,7,335.58,0.0,Cash on Delivery
FX203994,28/08/2025,Omkar Deshpande,EAST,Margherita Pizza,6,246.51,0.2,Card
FX204472,14/06/2025,Aditya Ghosh,East,Fish Curry Meals,8,325.71,0.2,Wallet
FX206340,2025-01-15,Arjun Verma,EAST,Veg Biryani,8,216.81,0.25,Wallet
FX203973,30/09/2025,Rahul Sinha,south,Chicken Biryani,6,289.0,0.1,Cash on Delivery
FX200036,30/09/2025,Omkar Deshpande,SOUTH,Chicken Biryani,6,294.78,0.0,UPI
FX208503,2025-11-08,Priya Balaji,North,Butter Naan,4,44.55,0.05,UPI
FX202017,19/04/2025,Ananya Iyer,West,Mutton Roll,7,276.21,0.1,UPI
FX201887,06-05-2025,Kabir Shah,west,Fish Curry Meals,6,335.58,0.25,Wallet
FX206178,2025-11-20,Ananya Iyer,West,Tandoori Chicken,4,440.02,0.0,Wallet
FX203240,05/08/2025,Omkar Deshpande,East,Idli Sambar,3,89.0,0.15,Wallet
FX201640,20/10/2025,Ananya Iyer,North,Chicken Biryani,6,283.22,0.05,Card
FX205130,2025-09-05,Aditya Ghosh,North,Chocolate Brownie,4,151.98,0.0,Card
FX202956,2025-06-26,Ishita Bose,north,Chicken Biryani,6,286.11,0.0,UPI
FX202648,12/01/2025,Aarav Mehta,North,Mutton Roll,7,281.79,0.0,Card
FX207966,2025-12-29,Aarav Mehta,north,Filter Coffee,3,57.82,0.0,Wallet
FX204812,2025-08-09,Meera Krishnan,SOUTH,Cold Coffee,1,121.38,0.0,Wallet
FX201326,2025-11-21,Diya Nair,EAST,Chicken Biryani,5,283.22,0.15,Cash on Delivery
FX203873,06/11/2025,Rahul Sinha,west,Butter Naan,1,44.1,0.2,Card
FX208921,07-18-2025,Lakshmi Prasad,North,Veg Fried Rice,8,197.01,0.15,UPI
FX202088,2025-07-17,Riya Kapoor,EAST,Spring Roll,5,160.59,0.2,Card
FX206183,01/06/2025,,West,Fish Curry Meals,3,325.71,,UPI
FX207215,04-13-2025,Nikhil Menon,west,Idli Sambar,1,89.89,0.15,Cash on Delivery
FX201323,12/10/2025,Karthik Raman,West,Mango Lassi,3,111.18,0.0,Wallet
FX206265,2025-08-27,Manish Tiwari,North,Chocolate Brownie,4,150.49,0.2,Card
FX204586,2025-03-23,Dev Sharma,East,Veg Biryani,4,216.81,0.0,Wallet
FX201904,03/02/2025,Omkar Deshpande,North,Filter Coffee,8,59.59,0.05,Card
FX204554,2025-07-12,Yash Patel,north,Chicken Noodles,8,243.78,0.15,Card
FX203856,2025-12-18,Riya Kapoor,EAST,Gulab Jamun,5,99.0,0.0,UPI
FX201461,2025-11-20,Kavya Subramanian,EAST,Farmhouse Pizza,3,406.98,,Card
FX202428,21/09/2025,Nisha Gupta,west,Margherita Pizza,8,253.98,0.25,UPI
FX200236,10-20-2025,Omkar Deshpande,North,Spring Roll,-5,159.0,,Card
FX201444,2025-05-02,Nikhil Menon,south,Filter Coffee,8,60.18,0.2,UPI
FX203246,27/01/2025,Nisha Gupta,west,Chicken Noodles,6,236.61,0.15,Card
FX201714,2025-08-10,Yash Patel,west,Butter Naan,4,44.1,0.0,Wallet
FX200337,11-14-2025,Riya Kapoor,west,Farmhouse Pizza,3,391.02,0.1,UPI
FX205883,07/08/2025,Arjun Verma,south,Mutton Roll,5,276.21,0.05,Card
FX202063,05-16-2025,,west,Tandoori Chicken,8,444.51,0.1,Wallet
FX208867,2025-04-21,Diya Nair,East,Chicken Noodles,3,241.39,0.0,Wallet
FX201972,2025-12-30,Diya Nair,East,Veg Biryani,8,221.19,,UPI
FX207807,2025-08-18,Lakshmi Prasad,East,Idli Sambar,8,89.89,,Cash on Delivery
FX203691,21/08/2025,,EAST,Tandoori Chicken,8,453.49,0.15,Cash on Delivery
FX202873,2025-06-19,Kabir Shah,EAST,Idli Sambar,6,89.89,,Wallet
FX200466,2025-05-13,Arjun Verma,East,Gulab Jamun,6,100.98,0.0,Card
FX205621,2025-06-13,Priya Balaji,SOUTH,Farmhouse Pizza,6,399.0,0.05,Wallet
FX200005,18/12/2025,Tara Joshi,south,Green Salad,2,141.78,0.0,Card
FX205802,2025-02-03,Aditya Ghosh,East,Margherita Pizza,2,253.98,0.05,UPI
FX200386,07-18-2025,Meera Krishnan,north,Veg Biryani,3,219.0,0.15,Card
FX205016,09-06-2025,Rahul Sinha,west,Fish Curry Meals,5,335.58,0.0,Card
FX207770,2025-06-26,,North,Chocolate Brownie,1,149.0,,Cash on Delivery
FX207395,2025-03-26,Nisha Gupta,North,Butter Naan,7,45.0,0.25,Wallet
FX201250,2025-08-31,Yash Patel,south,Idli Sambar,6,89.0,0.1,UPI
FX207203,17/10/2025,Riya Kapoor,North,Gulab Jamun,7,100.98,0.0,Card
FX207415,2025-03-14,Nikhil Menon,EAST,Veg Biryani,7,216.81,0.05,UPI
FX208034,05-18-2025,Lakshmi Prasad,West,Veg Biryani,2,214.62,0.15,Card
FX206421,19/12/2025,Nikhil Menon,west,Idli Sambar,3,89.89,0.0,UPI
FX206573,21/03/2025,Kabir Shah,EAST,Veg Biryani,4,223.38,0.25,Wallet
FX203784,09/03/2025,Diya Nair,EAST,Farmhouse Pizza,6,395.01,0.0,Card
FX206974,2025-01-09,Kabir Shah,EAST,Paneer Butter Masala,7,256.41,0.15,Card
FX206528,2025-01-18,Dev Sharma,west,Chicken Biryani,8,283.22,0.05,Card
FX202321,03-19-2025,Ishita Bose,south,Mutton Roll,4,279.0,0.15,UPI
FX202446,09-25-2025,Rohan Pillai,East,Chicken Biryani,1,286.11,0.0,UPI
FX203018,03-31-2025,Nisha Gupta,North,Masala Dosa,6,126.42,0.2,Cash on Delivery
FX202050,16/10/2025,Manish Tiwari,north,Veg Fried Rice,3,202.98,0.1,Card
FX201111,24/02/2025,Rohan Pillai,south,Chocolate Brownie,7,149.0,,UPI
FX208561,06-17-2025,Tara Joshi,East,Green Salad,8,136.22,0.2,UPI
FX208615,2025-06-20,Arjun Verma,SOUTH,Mutton Roll,4,281.79,0.15,Wallet
FX207904,2025-05-07,Lakshmi Prasad,west,Idli Sambar,3,89.89,0.0,Wallet
FX207835,08/03/2025,Ananya Iyer,West,Filter Coffee,8,59.59,0.05,Cash on Delivery
FX205268,2025-10-06,Tara Joshi,East,Farmhouse Pizza,8,391.02,0.05,Cash on Delivery
FX201396,29/10/2025,Manish Tiwari,EAST,Spring Roll,3,159.0,0.0,UPI
FX205793,12-29-2025,Priya Balaji,west,Chicken Biryani,1,283.22,0.0,Card
FX200748,03/05/2025,Rohan Pillai,SOUTH,Mutton Roll,5,284.58,0.15,Cash on Delivery
FX206456,2025-07-14,Nikhil Menon,West,Spring Roll,4,157.41,0.05,Wallet
FX200144,08/06/2025,Rohan Pillai,south,Farmhouse Pizza,6,395.01,0.0,Wallet
FX207664,09/06/2025,Karthik Raman,East,Chocolate Brownie,6,149.0,,UPI
FX203009,2025-05-23,Saanvi Reddy,North,Chicken Biryani,2,291.89,0.05,Wallet
FX201808,2025-10-28,Riya Kapoor,west,Tandoori Chicken,7,449.0,0.0,UPI
FX204400,2025-06-06,Vihaan Rao,West,Gulab Jamun,5,100.98,0.2,UPI
FX200374,2025-03-15,Aditya Ghosh,south,Mango Lassi,5,107.91,0.0,Wallet
FX206397,12/05/2025,Diya Nair,West,Green Salad,4,136.22,0.05,UPI
FX201319,2025-04-18,Vihaan Rao,EAST,Spring Roll,2,159.0,0.1,Cash on Delivery
FX203935,2025-05-09,,EAST,Idli Sambar,8,89.89,0.0,Cash on Delivery
FX202958,02-15-2025,Rahul Sinha,West,Cold Coffee,5,116.62,0.0,Card
FX203139,09-15-2025,Saanvi Reddy,north,Tandoori Chicken,4,444.51,0.1,Card
FX203157,06-20-2025,Rohan Pillai,west,Idli Sambar,6,89.0,,Cash on Delivery
FX200428,2025-10-08,Manish Tiwari,EAST,Mutton Roll,6,284.58,0.0,UPI
FX200579,2025-08-03,Vihaan Rao,East,Mutton Roll,5,281.79,0.0,Cash on Delivery
FX201206,2025-03-31,Vihaan Rao,EAST,Butter Naan,4,44.1,0.15,Card
FX203713,2025-10-05,Aarav Mehta,North,Margherita Pizza,4,244.02,0.0,UPI
FX208329,2025-09-23,Priya Balaji,West,Butter Naan,3,45.0,0.0,Card
FX202208,09-03-2025,Ishita Bose,West,Margherita Pizza,3,251.49,0.0,Wallet
FX207424,12/04/2025,Nikhil Menon,East,Chicken Biryani,3,294.78,0.15,Wallet
FX207187,2025-07-25,Ananya Iyer,north,Idli Sambar,5,87.22,0.1,UPI
FX208289,2025-04-10,Omkar Deshpande,north,Mango Lassi,4,110.09,0.25,Wallet
FX206748,05-20-2025,Karthik Raman,North,Green Salad,7,137.61,0.0,Card
FX203925,08/11/2025,,West,Tandoori Chicken,5,440.02,0.0,Cash on Delivery
FX205260,05/11/2025,Sneha Varma,north,Chocolate Brownie,6,146.02,0.15,UPI
FX203112,2025-07-21,Dev Sharma,south,Green Salad,2,141.78,0.0,Card
FX200987,15/11/2025,Karthik Raman,west,Mango Lassi,3,106.82,0.05,UPI
FX205761,16/09/2025,Priya Balaji,north,Filter Coffee,3,59.59,0.0,Wallet
FX203696,10-09-2025,Priya Balaji,south,Chocolate Brownie,3,147.51,,UPI
FX208755,2025-10-13,Arjun Verma,south,Spring Roll,8,157.41,0.0,Wallet
FX208961,04/08/2025,Priya Balaji,west,Farmhouse Pizza,5,399.0,0.0,Wallet
FX205722,27/04/2025,Tara Joshi,south,Margherita Pizza,6,244.02,0.1,Card
FX201817,26/07/2025,Ishita Bose,north,Green Salad,5,139.0,0.05,Wallet
FX205939,02-24-2025,Dev Sharma,SOUTH,Veg Biryani,8,216.81,0.25,Cash on Delivery
FX206488,14/03/2025,Sneha Varma,EAST,Masala Dosa,1,131.58,0.0,UPI
FX203823,2025-01-19,Aarav Mehta,north,Veg Biryani,7,216.81,0.0,Card
FX206727,10-28-2025,Ishita Bose,west,Chocolate Brownie,8,150.49,0.0,Card
FX202386,27/11/2025,Karthik Raman,West,Chocolate Brownie,1,146.02,0.1,Wallet
FX200326,10-07-2025,Riya Kapoor,north,Farmhouse Pizza,8,402.99,0.15,Cash on Delivery
FX208641,23/02/2025,Sneha Varma,SOUTH,Chicken Noodles,7,243.78,0.25,Cash on Delivery
FX206315,2025-02-02,Meera Krishnan,East,Margherita Pizza,6,249.0,0.1,Cash on Delivery
FX200339,2025-02-01,Omkar Deshpande,West,Butter Naan,1,45.45,,UPI
FX200833,21/03/2025,Karthik Raman,East,Paneer Butter Masala,1,259.0,0.2,UPI
FX208267,2025-03-28,,south,Butter Naan,7,44.55,0.2,Cash on Delivery
FX206838,02-09-2025,Kavya Subramanian,SOUTH,Green Salad,2,139.0,0.0,UPI
FX203049,06-22-2025,Rohan Pillai,East,Cold Coffee,4,117.81,0.0,Cash on Delivery
FX200984,2025-02-05,Arjun Verma,North,Tandoori Chicken,4,440.02,0.15,Wallet
FX200308,2025-11-27,Arjun Verma,North,Idli Sambar,6,87.22,0.0,Cash on Delivery
FX201290,2025-02-01,Meera Krishnan,west,Mango Lassi,7,110.09,0.0,Card
FX200325,2025-04-19,Diya Nair,East,Veg Fried Rice,5,202.98,0.1,Card
FX202600,2025-10-03,Karthik Raman,East,Mango Lassi,4,111.18,0.25,Wallet
FX206216,2025-01-12,Diya Nair,north,Chicken Noodles,2,236.61,0.0,UPI
FX203779,07-25-2025,Sneha Varma,West,Tandoori Chicken,7,444.51,0.15,Cash on Delivery
FX203980,2025-05-13,Meera Krishnan,EAST,Butter Naan,4,44.55,0.2,Card
FX202517,2025-04-21,Yash Patel,south,Paneer Butter Masala,2,256.41,0.0,Wallet
FX206546,2025-10-18,Ishita Bose,north,Veg Fried Rice,8,199.0,0.0,Wallet
FX205098,2025-04-19,Kabir Shah,south,Butter Naan,6,45.9,,Wallet
FX200802,19/03/2025,Nisha Gupta,East,Veg Biryani,7,223.38,,Card
FX204225,05-11-2025,Manish Tiwari,SOUTH,Chicken Noodles,7,243.78,0.1,UPI
FX208043,2025-01-16,Aditya Ghosh,East,Filter Coffee,4,60.18,0.0,UPI
FX203477,2025-08-22,Kavya Subramanian,west,Veg Biryani,2,221.19,0.0,Wallet
FX206736,2025-09-14,Arjun Verma,North,Butter Naan,7,45.0,0.05,Card
FX201116,05/05/2025,Yash Patel,EAST,Cold Coffee,5,116.62,0.0,Card
FX208297,02-20-2025,Tara Joshi,north,Idli Sambar,7,90.78,0.05,Card
FX202634,27/05/2025,,south,Gulab Jamun,6,100.98,,Cash on Delivery
FX201588,2025-10-23,Kabir Shah,North,Spring Roll,4,155.82,0.0,Cash on Delivery
FX204192,12/10/2025,Kavya Subramanian,West,Masala Dosa,8,130.29,0.2,UPI
FX206419,13/05/2025,Nikhil Menon,EAST,Chocolate Brownie,1,151.98,0.0,Wallet
FX205139,2025-08-03,Kavya Subramanian,North,Chicken Noodles,3,239.0,0.0,Cash on Delivery
FX204922,26/11/2025,Yash Patel,south,Veg Fried Rice,8,195.02,0.25,Cash on Delivery
FX200650,07-10-2025,Rohan Pillai,EAST,Chocolate Brownie,6,147.51,0.25,Wallet
FX208665,02/11/2025,Nisha Gupta,West,Spring Roll,7,157.41,0.0,Cash on Delivery
FX201787,04-27-2025,Aarav Mehta,EAST,Cold Coffee,3,121.38,0.25,Cash on Delivery
FX207555,07/08/2025,Nisha Gupta,south,Cold Coffee,3,120.19,,Cash on Delivery
FX208994,03/08/2025,Vihaan Rao,north,Fish Curry Meals,7,329.0,0.25,Wallet
FX203805,2025-12-28,Omkar Deshpande,north,Filter Coffee,8,59.59,0.2,Wallet
FX205791,22/01/2025,Arjun Verma,south,Chocolate Brownie,8,146.02,0.25,UPI
FX201997,2025-04-09,Tara Joshi,north,Gulab Jamun,4,100.98,0.2,UPI
FX204271,2025-07-04,Nikhil Menon,west,Idli Sambar,6,90.78,0.25,UPI
FX207314,05/11/2025,Ananya Iyer,west,Cold Coffee,2,121.38,0.05,UPI
FX202532,29/05/2025,Diya Nair,west,Gulab Jamun,7,98.01,0.05,Wallet
FX202167,11/11/2025,Rohan Pillai,West,Mango Lassi,5,109.0,0.0,Card
FX204397,2025-05-23,Diya Nair,North,Paneer Butter Masala,6,259.0,0.0,Cash on Delivery
FX201264,2025-10-25,Vihaan Rao,North,Veg Biryani,8,223.38,0.0,Wallet
FX202037,2025-08-06,Riya Kapoor,West,Veg Fried Rice,8,202.98,0.0,UPI
FX201600,2025-08-30,Riya Kapoor,SOUTH,Chocolate Brownie,6,147.51,0.0,Wallet
FX208143,2025-06-18,Diya Nair,west,Fish Curry Meals,5,332.29,0.05,UPI
FX201653,2025-01-01,Rahul Sinha,West,Chicken Biryani,6,286.11,0.0,Card
FX205157,2025-08-12,Aditya Ghosh,west,Farmhouse Pizza,4,402.99,0.25,UPI
FX207322,01-28-2025,Yash Patel,SOUTH,Gulab Jamun,1,99.99,0.05,UPI
FX205105,21/04/2025,Aditya Ghosh,North,Mango Lassi,6,111.18,0.0,Card
FX201094,2025-08-26,Rahul Sinha,SOUTH,Farmhouse Pizza,7,402.99,0.0,Card
FX208781,2025-03-31,,west,Veg Biryani,6,219.0,,Card
FX201237,08-04-2025,Kabir Shah,south,Butter Naan,-4,44.55,0.15,UPI
FX204614,2025-07-09,Ishita Bose,SOUTH,Cold Coffee,1,116.62,,Wallet
FX204452,09/04/2025,Ananya Iyer,EAST,Butter Naan,3,44.55,0.05,UPI
FX203908,01/11/2025,Riya Kapoor,west,Butter Naan,7,45.45,0.0,Cash on Delivery
FX203938,08/11/2025,Kavya Subramanian,North,Veg Fried Rice,6,197.01,0.15,Wallet
FX201248,17/02/2025,Rahul Sinha,North,Idli Sambar,7,88.11,0.0,Card
FX207273,08-25-2025,Aarav Mehta,East,Chocolate Brownie,3,150.49,,Wallet
FX206717,23/10/2025,Diya Nair,south,Fish Curry Meals,5,329.0,0.15,UPI
FX204345,31/03/2025,Rohan Pillai,East,Farmhouse Pizza,4,406.98,0.1,Cash on Delivery
FX202472,2025-05-14,Rohan Pillai,EAST,Farmhouse Pizza,1,395.01,0.05,Wallet
FX206533,25/04/2025,Lakshmi Prasad,North,Farmhouse Pizza,7,391.02,0.0,UPI
FX208661,2025-05-28,Aarav Mehta,SOUTH,Chicken Biryani,2,294.78,0.25,Wallet
FX204265,08-30-2025,Diya Nair,North,Tandoori Chicken,5,444.51,0.25,Card
FX207957,09/08/2025,Aarav Mehta,East,Mango Lassi,4,109.0,0.25,Cash on Delivery
FX208443,2025-07-09,Ishita Bose,SOUTH,Gulab Jamun,2,97.02,0.05,UPI
FX201757,2025-11-29,Kavya Subramanian,west,Cold Coffee,4,117.81,0.05,Card
FX204850,21/05/2025,,SOUTH,Margherita Pizza,3,246.51,,Wallet
FX203214,2025-12-16,Vihaan Rao,West,Chicken Biryani,8,294.78,0.2,Wallet
FX205954,2025-04-17,Aarav Mehta,North,Butter Naan,4,45.9,0.0,UPI
FX205322,02-04-2025,Diya Nair,East,Butter Naan,-5,45.0,0.05,Cash on Delivery
FX206077,2025-05-19,Rohan Pillai,West,Veg Biryani,5,223.38,0.0,Wallet
FX208190,02-10-2025,Aditya Ghosh,SOUTH,Fish Curry Meals,3,322.42,0.1,Card
FX208544,04-14-2025,Aditya Ghosh,SOUTH,Green Salad,4,141.78,0.1,UPI
FX202994,13/06/2025,Nisha Gupta,EAST,Farmhouse Pizza,7,406.98,0.25,UPI
FX200320,01-14-2025,Meera Krishnan,south,Chocolate Brownie,2,146.02,0.25,UPI
FX205424,02-27-2025,Tara Joshi,West,Spring Roll,2,160.59,0.0,Wallet
FX208447,22/09/2025,Meera Krishnan,north,Filter Coffee,2,59.59,0.1,Card
FX205388,29/07/2025,Kabir Shah,EAST,Veg Biryani,5,221.19,0.15,Card
FX201739,20/01/2025,Ananya Iyer,East,Tandoori Chicken,6,444.51,0.25,UPI
FX203813,2025-09-25,Tara Joshi,north,Mutton Roll,6,276.21,0.0,Wallet
FX208294,07-27-2025,Ishita Bose,south,Farmhouse Pizza,7,402.99,0.25,Wallet
FX207870,2025-09-05,Arjun Verma,south,Chicken Biryani,8,283.22,0.25,Cash on Delivery
FX208180,29/11/2025,Omkar Deshpande,North,Filter Coffee,8,59.0,0.25,UPI
FX208463,26/04/2025,Manish Tiwari,north,Chicken Noodles,1,239.0,0.25,Cash on Delivery
FX207628,05/03/2025,Nisha Gupta,West,Veg Fried Rice,4,200.99,0.25,Wallet
FX200102,24/10/2025,Kabir Shah,East,Paneer Butter Masala,1,253.82,0.2,Card
FX208152,12-30-2025,Priya Balaji,North,Cold Coffee,8,116.62,0.0,UPI
FX204132,04/10/2025,Meera Krishnan,west,Spring Roll,2,155.82,0.0,Card
FX203249,2025-08-13,Arjun Verma,EAST,Farmhouse Pizza,5,395.01,0.05,Wallet
FX205615,2025-09-25,Omkar Deshpande,EAST,Paneer Butter Masala,8,256.41,0.2,UPI
FX205187,2025-08-19,Yash Patel,North,Cold Coffee,1,116.62,0.25,Cash on Delivery
FX202536,2025-08-26,Diya Nair,North,Tandoori Chicken,5,453.49,0.25,Wallet
FX207973,04/01/2025,Omkar Deshpande,west,Idli Sambar,7,89.0,0.25,Card
FX204281,01/12/2025,Manish Tiwari,north,Gulab Jamun,4,99.99,,Card
FX207902,2025-12-24,Kabir Shah,south,Filter Coffee,-5,60.18,,Cash on Delivery
FX206782,30/03/2025,Tara Joshi,SOUTH,Fish Curry Meals,4,325.71,0.15,Wallet
FX204279,2025-08-01,Ananya Iyer,south,Idli Sambar,2,87.22,0.0,UPI
FX208743,2025-09-19,Kavya Subramanian,North,Gulab Jamun,2,99.0,0.0,Cash on Delivery
FX206468,09-24-2025,Kabir Shah,East,Fish Curry Meals,8,335.58,0.0,Cash on Delivery
FX201243,2025-05-31,Lakshmi Prasad,East,Veg Biryani,7,223.38,0.1,Wallet
FX201524,08/04/2025,Ananya Iyer,north,Chicken Biryani,5,286.11,0.25,Wallet
FX202866,26/09/2025,Arjun Verma,north,Fish Curry Meals,8,325.71,,UPI
FX204133,14/06/2025,Meera Krishnan,North,Farmhouse Pizza,7,399.0,0.15,Wallet
FX201813,06/10/2025,Ananya Iyer,north,Chicken Noodles,5,243.78,0.25,Wallet
FX206425,05-29-2025,Ananya Iyer,south,Margherita Pizza,8,249.0,0.1,Card
FX201544,2025-01-31,Tara Joshi,EAST,Veg Fried Rice,6,202.98,0.15,Card
FX203520,19/03/2025,,SOUTH,Margherita Pizza,5,251.49,0.05,Wallet
FX207559,20/02/2025,Diya Nair,south,Green Salad,6,141.78,0.0,UPI
FX200053,01-28-2025,Manish Tiwari,West,Margherita Pizza,5,249.0,0.25,UPI
FX205547,03-23-2025,Dev Sharma,West,Gulab Jamun,1,97.02,0.1,UPI
FX200408,09-20-2025,Riya Kapoor,West,Margherita Pizza,3,249.0,0.0,Wallet
FX208819,01-08-2025,Kabir Shah,north,Farmhouse Pizza,1,391.02,0.2,Wallet
FX202317,2025-09-10,Dev Sharma,south,Spring Roll,1,162.18,0.0,Cash on Delivery
FX201274,2025-07-18,Lakshmi Prasad,EAST,Chocolate Brownie,3,147.51,0.05,UPI
FX202880,01-10-2025,Karthik Raman,EAST,Idli Sambar,5,89.89,0.25,Cash on Delivery
FX207349,2025-01-16,Dev Sharma,north,Tandoori Chicken,4,457.98,0.1,Card
FX200332,31/07/2025,Aarav Mehta,west,Cold Coffee,5,120.19,0.2,Card
FX203116,06-01-2025,Manish Tiwari,EAST,Margherita Pizza,5,246.51,,Card
FX206675,05/12/2025,Lakshmi Prasad,North,Cold Coffee,5,116.62,0.05,Card
FX203257,07-17-2025,Manish Tiwari,West,Tandoori Chicken,-8,444.51,0.0,Wallet
FX202191,05-09-2025,Tara Joshi,SOUTH,Spring Roll,8,155.82,0.05,UPI
FX201686,29/01/2025,Vihaan Rao,west,Cold Coffee,7,121.38,0.0,Cash on Delivery
FX204600,19/08/2025,Kavya Subramanian,West,Butter Naan,3,45.45,0.1,Card
FX201773,26/12/2025,Aditya Ghosh,North,Farmhouse Pizza,8,402.99,0.25,Wallet
FX203542,2025-11-02,Saanvi Reddy,East,Fish Curry Meals,5,329.0,0.05,UPI
FX204618,30/07/2025,Aditya Ghosh,north,Mutton Roll,1,273.42,,UPI
FX203848,11/01/2025,Lakshmi Prasad,EAST,Veg Fried Rice,7,197.01,0.05,UPI
FX203862,2025-07-13,Dev Sharma,East,Margherita Pizza,2,249.0,0.0,UPI
FX204659,23/09/2025,Rahul Sinha,SOUTH,Masala Dosa,5,130.29,0.2,UPI
FX206763,2025-12-29,Saanvi Reddy,North,Chicken Biryani,2,291.89,0.15,Card
FX206375,2025-05-24,Priya Balaji,west,Veg Biryani,1,221.19,0.15,Cash on Delivery
FX202786,02-23-2025,Ishita Bose,SOUTH,Idli Sambar,6,87.22,0.1,UPI
FX201782,2025-03-05,Kabir Shah,west,Margherita Pizza,5,253.98,0.0,Wallet
FX208844,2025-12-24,Rohan Pillai,south,Spring Roll,2,159.0,0.05,UPI
FX205736,11-02-2025,Vihaan Rao,SOUTH,Tandoori Chicken,8,453.49,0.1,Cash on Delivery
FX204699,18/07/2025,Dev Sharma,SOUTH,Chicken Biryani,7,291.89,0.05,UPI
FX200985,27/07/2025,Ananya Iyer,EAST,Masala Dosa,4,126.42,0.0,UPI
FX203915,2025-10-27,Ananya Iyer,SOUTH,Tandoori Chicken,6,453.49,0.05,Wallet
FX207040,09-09-2025,Riya Kapoor,south,Farmhouse Pizza,4,406.98,0.0,Wallet
FX201058,2025-09-22,Yash Patel,north,Chocolate Brownie,4,149.0,0.0,UPI
FX200991,2025-11-11,Tara Joshi,north,Veg Fried Rice,5,197.01,0.25,Cash on Delivery
FX201874,2025-03-10,Aarav Mehta,East,Mutton Roll,8,273.42,0.2,Wallet
FX200728,2025-06-30,,North,Spring Roll,7,159.0,0.0,UPI
FX205951,02-07-2025,Arjun Verma,north,Paneer Butter Masala,7,261.59,0.1,UPI
FX207275,16/06/2025,Lakshmi Prasad,SOUTH,Chocolate Brownie,3,147.51,0.25,Cash on Delivery
FX202003,2025-08-31,Lakshmi Prasad,SOUTH,Farmhouse Pizza,8,395.01,0.25,Cash on Delivery
FX205727,18/03/2025,Karthik Raman,West,Mango Lassi,6,111.18,0.0,Wallet
FX208276,2025-05-07,Arjun Verma,East,Gulab Jamun,5,97.02,0.0,Cash on Delivery
FX200120,04-08-2025,Tara Joshi,south,Spring Roll,4,160.59,0.05,Card
FX205946,23/08/2025,Saanvi Reddy,EAST,Chicken Biryani,5,286.11,0.15,UPI
FX208893,15/04/2025,Dev Sharma,SOUTH,Paneer Butter Masala,6,256.41,0.15,Wallet
FX204067,2025-08-07,Tara Joshi,SOUTH,Mango Lassi,5,107.91,0.0,Wallet
FX206700,05-25-2025,Vihaan Rao,south,Margherita Pizza,6,249.0,0.05,Wallet
FX200042,23/05/2025,Tara Joshi,south,Mango Lassi,5,109.0,0.0,UPI
FX207976,23/01/2025,Diya Nair,EAST,Tandoori Chicken,7,449.0,0.0,Cash on Delivery
FX204410,2025-07-03,Lakshmi Prasad,north,Cold Coffee,4,117.81,0.1,Card
FX205128,30/09/2025,Riya Kapoor,SOUTH,Idli Sambar,6,89.89,0.15,Wallet
FX203047,12/11/2025,Ishita Bose,North,Fish Curry Meals,4,329.0,0.1,UPI
FX204593,24/10/2025,Tara Joshi,SOUTH,Mutton Roll,3,273.42,0.0,Card
FX202888,2025-05-25,Sneha Varma,West,Cold Coffee,1,117.81,0.0,Card
FX206351,2025-10-12,Rahul Sinha,EAST,Chocolate Brownie,7,146.02,0.15,Cash on Delivery
FX202527,2025-06-18,Nikhil Menon,north,Chicken Noodles,5,239.0,0.1,UPI
FX205932,02/01/2025,Yash Patel,EAST,Fish Curry Meals,7,329.0,0.0,Wallet
FX207716,2025-09-26,Aditya Ghosh,north,Margherita Pizza,3,244.02,0.25,UPI
FX203743,2025-03-09,Lakshmi Prasad,south,Chocolate Brownie,8,146.02,0.25,Card
FX208944,11-18-2025,Kavya Subramanian,west,Spring Roll,7,162.18,0.1,UPI
FX208213,22/11/2025,Priya Balaji,north,Mutton Roll,3,273.42,0.0,Card
FX206016,2025-02-22,Diya Nair,EAST,Idli Sambar,7,88.11,,UPI
FX205880,2025-03-30,Rohan Pillai,East,Masala Dosa,5,131.58,0.25,Wallet
FX203329,12-30-2025,Sneha Varma,East,Butter Naan,8,44.55,0.15,Cash on Delivery
FX207709,04-07-2025,Meera Krishnan,East,Tandoori Chicken,7,444.51,0.15,UPI
FX200168,2025-02-12,Tara Joshi,West,Green Salad,5,137.61,0.2,Cash on Delivery
FX207594,10/03/2025,Omkar Deshpande,EAST,Chicken Biryani,1,283.22,0.15,UPI
FX208114,27/02/2025,Karthik Raman,East,Tandoori Chicken,8,449.0,0.1,Wallet
FX202758,2025-12-14,Kavya Subramanian,south,Gulab Jamun,6,98.01,0.0,Cash on Delivery
FX204485,2025-04-14,Riya Kapoor,SOUTH,Filter Coffee,2,58.41,0.05,UPI
FX207363,07/10/2025,Aditya Ghosh,North,Veg Biryani,-3,219.0,0.0,Cash on Delivery
FX200160,15/05/2025,Ishita Bose,north,Chicken Noodles,6,234.22,0.0,Card
FX205658,2025-01-31,Kabir Shah,west,Mutton Roll,5,279.0,0.2,Cash on Delivery
FX204422,2025-05-09,Sneha Varma,North,Margherita Pizza,8,249.0,0.1,Wallet
FX200839,2025-02-07,Dev Sharma,East,Veg Biryani,-1,214.62,0.25,UPI
FX201961,2025-03-17,Lakshmi Prasad,north,Veg Fried Rice,8,199.0,0.25,UPI
FX208010,2025-03-20,Karthik Raman,West,Masala Dosa,8,129.0,0.05,Wallet
FX206165,22/12/2025,Vihaan Rao,south,Filter Coffee,3,58.41,0.0,Card
FX208580,24/04/2025,Meera Krishnan,West,Masala Dosa,7,131.58,0.1,Card
FX208725,2025-09-12,Riya Kapoor,south,Margherita Pizza,1,253.98,0.1,Wallet
FX205838,07-02-2025,,West,Chicken Biryani,7,283.22,0.05,Wallet
FX200542,03-13-2025,Aarav Mehta,SOUTH,Chocolate Brownie,2,151.98,0.15,Card
FX202393,2025-02-27,Karthik Raman,SOUTH,Idli Sambar,1,89.0,0.1,Cash on Delivery
FX201602,2025-07-23,Arjun Verma,North,Gulab Jamun,5,100.98,0.0,Cash on Delivery
FX206388,2025-08-17,Aditya Ghosh,north,Fish Curry Meals,5,332.29,0.1,Card
FX205453,09/05/2025,Manish Tiwari,EAST,Mango Lassi,5,110.09,0.15,UPI
FX201971,2025-07-27,Omkar Deshpande,north,Margherita Pizza,3,253.98,0.15,Wallet
FX200014,2025-06-05,Dev Sharma,west,Chicken Biryani,1,286.11,0.05,Cash on Delivery
FX200670,2025-10-21,Nikhil Menon,East,Mutton Roll,4,281.79,0.0,Cash on Delivery
FX205037,19/01/2025,Manish Tiwari,West,Chicken Biryani,3,291.89,0.05,Wallet
FX208244,18/07/2025,Rahul Sinha,west,Butter Naan,8,44.55,0.0,Cash on Delivery
FX206908,2025-08-30,Aditya Ghosh,North,Chicken Noodles,2,236.61,0.2,Card
FX200534,21/01/2025,Kavya Subramanian,west,Chicken Noodles,8,234.22,0.0,Card
FX200318,06-25-2025,Yash Patel,north,Veg Biryani,3,219.0,0.1,UPI
FX201822,2025-02-25,Vihaan Rao,west,Mutton Roll,7,276.21,,UPI
FX204149,2025-01-02,Kabir Shah,EAST,Paneer Butter Masala,8,264.18,0.1,Wallet
FX205460,2025-07-07,Saanvi Reddy,north,Green Salad,4,136.22,0.0,UPI
FX201234,19/02/2025,Kabir Shah,north,Spring Roll,4,162.18,0.2,Wallet
FX207016,2025-05-29,Dev Sharma,EAST,Chicken Noodles,6,241.39,0.15,Cash on Delivery
FX207898,01/03/2025,Vihaan Rao,south,Farmhouse Pizza,1,395.01,0.25,Cash on Delivery
FX202549,19/05/2025,Priya Balaji,EAST,Filter Coffee,8,58.41,0.25,Wallet
FX202216,08-03-2025,Aditya Ghosh,North,Mango Lassi,8,107.91,0.0,UPI
FX205132,03-31-2025,Lakshmi Prasad,EAST,Paneer Butter Masala,2,261.59,0.15,UPI
FX207926,05-14-2025,Tara Joshi,south,Green Salad,3,139.0,0.2,Cash on Delivery
FX205530,10/01/2025,Ishita Bose,SOUTH,Veg Biryani,3,221.19,0.15,Card
FX201901,2025-12-11,Ishita Bose,East,Mutton Roll,7,281.79,0.25,UPI
FX206880,12/06/2025,Ishita Bose,West,Gulab Jamun,8,99.99,0.0,Cash on Delivery
FX207754,11/03/2025,Dev Sharma,EAST,Chicken Noodles,3,241.39,0.15,Cash on Delivery
FX204066,04-20-2025,Saanvi Reddy,EAST,Mango Lassi,2,110.09,,Wallet
FX203971,04-27-2025,Yash Patel,SOUTH,Chicken Noodles,1,241.39,0.1,Card
FX208104,23/09/2025,Nisha Gupta,West,Green Salad,2,139.0,0.2,Wallet
FX208790,2025-12-17,Meera Krishnan,EAST,Paneer Butter Masala,3,259.0,0.2,Wallet
FX204796,03/09/2025,Nisha Gupta,west,Masala Dosa,8,131.58,0.0,Wallet
FX205744,26/12/2025,Lakshmi Prasad,south,Cold Coffee,3,116.62,0.0,UPI
FX208517,10/08/2025,Diya Nair,south,Green Salad,2,136.22,0.0,Cash on Delivery
FX207034,22/12/2025,Karthik Raman,north,Cold Coffee,2,121.38,0.1,Wallet
FX208860,16/03/2025,Nikhil Menon,north,Paneer Butter Masala,3,256.41,,UPI
FX204831,2025-08-17,Rahul Sinha,south,Margherita Pizza,2,251.49,0.0,UPI
FX202410,2025-09-30,Aarav Mehta,west,Chocolate Brownie,2,146.02,0.25,Wallet
FX200646,02/11/2025,Rahul Sinha,West,Chocolate Brownie,7,146.02,0.0,UPI
FX204851,02/08/2025,Diya Nair,East,Butter Naan,8,45.45,0.0,Wallet
FX200687,2025-09-02,Priya Balaji,West,Tandoori Chicken,8,457.98,0.15,Card
FX205015,2025-06-23,Manish Tiwari,SOUTH,Butter Naan,1,45.0,0.25,UPI
FX206355,10-09-2025,Vihaan Rao,west,Fish Curry Meals,3,332.29,0.0,UPI
FX201830,12-27-2025,Priya Balaji,west,Mutton Roll,4,273.42,0.25,Card
FX208042,2025-01-01,Rohan Pillai,EAST,Mutton Roll,4,279.0,0.15,Wallet
FX205184,2025-03-02,Arjun Verma,North,Fish Curry Meals,5,332.29,0.15,Card
FX201377,2025-11-24,Kabir Shah,North,Chicken Noodles,8,241.39,0.0,UPI
FX206032,04-15-2025,Saanvi Reddy,North,Spring Roll,3,155.82,0.25,Cash on Delivery
FX206813,06/07/2025,Arjun Verma,west,Chicken Noodles,3,241.39,0.15,Cash on Delivery
FX202189,2025-09-15,Karthik Raman,north,Gulab Jamun,5,99.0,0.25,UPI
FX202905,2025-02-12,Dev Sharma,North,Chocolate Brownie,6,146.02,0.0,UPI
FX205749,23/07/2025,Lakshmi Prasad,North,Gulab Jamun,8,98.01,,Cash on Delivery
FX208629,2025-04-06,Ishita Bose,south,Farmhouse Pizza,6,406.98,0.05,Card
FX201391,2025-11-06,Arjun Verma,West,Idli Sambar,3,90.78,0.1,Cash on Delivery
FX205613,08/10/2025,Rohan Pillai,North,Mutton Roll,3,284.58,0.25,UPI
FX206282,2025-03-05,Tara Joshi,west,Fish Curry Meals,1,325.71,0.0,Wallet
FX202941,11-15-2025,Arjun Verma,North,Chicken Biryani,8,289.0,0.25,UPI
FX200381,05-14-2025,Omkar Deshpande,East,Gulab Jamun,8,99.0,0.15,Wallet
FX205497,2025-12-24,Karthik Raman,EAST,Spring Roll,3,159.0,0.0,Wallet
FX204746,06-10-2025,Sneha Varma,SOUTH,Gulab Jamun,8,98.01,0.0,Cash on Delivery
FX202869,04-10-2025,Nikhil Menon,West,Chicken Noodles,4,239.0,0.0,Card
FX208732,07-13-2025,Saanvi Reddy,west,Paneer Butter Masala,6,256.41,0.2,Wallet
FX208554,2025-06-13,Nikhil Menon,EAST,Veg Biryani,6,216.81,0.2,Wallet
FX208623,28/11/2025,Dev Sharma,East,Idli Sambar,2,89.89,0.0,UPI
FX200221,2025-07-28,Rahul Sinha,south,Idli Sambar,5,88.11,0.0,Wallet
FX205654,2025-11-28,Yash Patel,East,Gulab Jamun,4,99.99,0.0,UPI
FX202075,2025-11-21,Aditya Ghosh,West,Mango Lassi,8,109.0,0.0,UPI
FX204085,07-27-2025,Tara Joshi,West,Spring Roll,6,162.18,0.0,Cash on Delivery
FX208718,2025-07-05,Diya Nair,West,Idli Sambar,8,87.22,0.05,Card
FX203103,07/11/2025,Rahul Sinha,south,Masala Dosa,4,126.42,0.15,Card
FX206243,02/09/2025,Dev Sharma,west,Mango Lassi,5,110.09,0.05,Card
FX208369,24/06/2025,Priya Balaji,SOUTH,Spring Roll,4,159.0,0.05,Wallet
FX204939,01/04/2025,Meera Krishnan,EAST,Chocolate Brownie,6,150.49,0.05,UPI
FX204284,12-28-2025,Kabir Shah,west,Farmhouse Pizza,5,406.98,0.0,Card
FX202333,2025-01-02,Sneha Varma,EAST,Idli Sambar,8,89.89,0.2,Cash on Delivery
FX205656,26/06/2025,Rahul Sinha,south,Veg Fried Rice,6,202.98,0.0,Wallet
FX205974,2025-01-26,Rohan Pillai,West,Mutton Roll,6,279.0,0.0,Card
FX206845,2025-09-19,Omkar Deshpande,west,Tandoori Chicken,6,440.02,0.2,Card
FX203939,29/06/2025,Kabir Shah,west,Farmhouse Pizza,1,406.98,0.25,Card
FX205173,12-01-2025,Yash Patel,North,Chicken Noodles,8,234.22,,UPI
FX202707,10/01/2025,Nisha Gupta,south,Mutton Roll,3,276.21,0.25,UPI
FX204617,2025-09-16,Meera Krishnan,West,Chicken Noodles,3,241.39,0.2,UPI
FX206246,2025-10-12,Ananya Iyer,west,Tandoori Chicken,8,440.02,0.0,Wallet
FX206832,2025-07-13,Nisha Gupta,EAST,Farmhouse Pizza,4,406.98,0.0,Card
FX205539,2025-09-03,Rahul Sinha,SOUTH,Fish Curry Meals,3,335.58,0.15,Cash on Delivery
FX206253,28/07/2025,Rahul Sinha,west,Mango Lassi,7,106.82,0.25,Cash on Delivery
FX204919,20/10/2025,Vihaan Rao,west,Gulab Jamun,2,98.01,0.25,Card
FX205565,2025-01-05,Meera Krishnan,south,Margherita Pizza,5,244.02,0.1,Wallet
FX203949,2025-05-07,Riya Kapoor,north,Farmhouse Pizza,6,399.0,0.15,Wallet
FX208040,2025-09-19,Manish Tiwari,west,Butter Naan,1,45.0,0.1,Card
FX208868,26/05/2025,Omkar Deshpande,south,Filter Coffee,1,60.18,0.2,Wallet
FX204553,01/03/2025,Rohan Pillai,East,Paneer Butter Masala,5,256.41,0.0,Cash on Delivery
FX202112,2025-10-05,Lakshmi Prasad,North,Tandoori Chicken,4,453.49,0.1,Card
FX204701,06-11-2025,Riya Kapoor,EAST,Farmhouse Pizza,8,402.99,0.1,Cash on Delivery
FX203661,28/11/2025,Meera Krishnan,West,Masala Dosa,5,131.58,0.15,UPI
FX204027,26/08/2025,Yash Patel,north,Veg Biryani,7,219.0,0.25,Wallet
FX205602,20/08/2025,Riya Kapoor,south,Veg Fried Rice,1,195.02,0.15,Wallet
FX200395,2025-01-21,Ananya Iyer,EAST,Chicken Biryani,6,289.0,0.0,UPI
FX208541,2025-04-09,Yash Patel,West,Idli Sambar,4,88.11,0.0,Wallet
FX200141,24/03/2025,Vihaan Rao,west,Chocolate Brownie,8,150.49,0.0,Cash on Delivery
FX203450,15/04/2025,Kavya Subramanian,north,Fish Curry Meals,7,332.29,0.2,Wallet
FX202558,2025-02-05,Karthik Raman,EAST,Chicken Biryani,4,283.22,0.0,UPI
FX205125,13/09/2025,Vihaan Rao,East,Idli Sambar,3,87.22,0.1,Card
FX204783,01-30-2025,Nikhil Menon,south,Fish Curry Meals,6,332.29,0.05,Card
FX205944,01-05-2025,Yash Patel,East,Chocolate Brownie,7,151.98,,Cash on Delivery
FX201806,05/07/2025,Kabir Shah,West,Fish Curry Meals,4,329.0,0.0,Card
FX200242,2025-01-22,Dev Sharma,south,Chicken Noodles,4,234.22,0.05,Card
FX205810,2025-02-21,Riya Kapoor,East,Fish Curry Meals,4,332.29,,Cash on Delivery
FX203702,14/01/2025,Nisha Gupta,EAST,Margherita Pizza,1,249.0,0.0,UPI
FX200879,2025-10-01,Lakshmi Prasad,West,Fish Curry Meals,3,325.71,0.15,Cash on Delivery
FX200330,25/05/2025,Nikhil Menon,SOUTH,Veg Biryani,3,223.38,0.1,UPI
FX202761,29/05/2025,Saanvi Reddy,West,Mango Lassi,8,109.0,0.2,UPI
FX206936,11-12-2025,Priya Balaji,West,Idli Sambar,4,89.89,0.0,UPI
FX208201,03/05/2025,Ananya Iyer,west,Veg Fried Rice,6,199.0,0.0,UPI
FX201891,11/06/2025,Kabir Shah,west,Farmhouse Pizza,2,391.02,0.25,UPI
FX204917,27/04/2025,Saanvi Reddy,EAST,Chocolate Brownie,2,149.0,0.1,Wallet
FX205122,11-17-2025,Ishita Bose,North,Cold Coffee,6,117.81,0.0,Card
FX208695,2025-02-21,Omkar Deshpande,north,Tandoori Chicken,3,453.49,0.0,UPI
FX206417,07-03-2025,Ishita Bose,south,Green Salad,5,136.22,0.1,Cash on Delivery
FX201354,2025-06-12,Dev Sharma,north,Veg Fried Rice,4,195.02,0.0,Cash on Delivery
FX202071,2025-09-11,Tara Joshi,West,Filter Coffee,2,59.0,0.2,UPI
FX202802,2025-05-30,Ishita Bose,North,Green Salad,6,139.0,0.0,Cash on Delivery
FX202264,2025-12-05,Kabir Shah,west,Idli Sambar,2,89.0,0.0,UPI
FX201676,07-07-2025,Lakshmi Prasad,West,Fish Curry Meals,7,325.71,0.25,Cash on Delivery
FX202506,2025-02-12,Priya Balaji,West,Spring Roll,2,155.82,0.1,Cash on Delivery
FX201117,11/09/2025,,North,Gulab Jamun,2,98.01,0.15,Cash on Delivery
FX207183,23/06/2025,Nikhil Menon,North,Butter Naan,4,44.1,0.0,Card
FX202960,2025-07-29,Saanvi Reddy,west,Farmhouse Pizza,8,406.98,,Card
FX200976,2025-05-15,Meera Krishnan,SOUTH,Green Salad,2,141.78,0.05,Card
FX200979,01-15-2025,Ishita Bose,south,Chocolate Brownie,1,150.49,0.2,Cash on Delivery
FX208445,10-26-2025,Tara Joshi,West,Margherita Pizza,7,244.02,0.25,UPI
FX205372,11/08/2025,Arjun Verma,SOUTH,Fish Curry Meals,6,332.29,0.0,UPI
FX208536,2025-08-01,Nisha Gupta,SOUTH,Gulab Jamun,2,99.0,0.0,Wallet
FX203117,09/01/2025,Saanvi Reddy,North,Spring Roll,6,160.59,0.0,Cash on Delivery
FX204672,2025-09-13,Meera Krishnan,EAST,Veg Biryani,6,223.38,0.25,UPI
FX204800,02-10-2025,Nisha Gupta,East,Mutton Roll,2,281.79,0.0,Cash on Delivery
FX204842,14/04/2025,Tara Joshi,west,Veg Fried Rice,7,197.01,0.0,UPI
FX202486,2025-05-19,Aarav Mehta,North,Chicken Noodles,4,234.22,0.0,UPI
FX201706,2025-05-19,Aarav Mehta,North,Cold Coffee,2,120.19,0.0,Wallet
FX201935,2025-11-09,Saanvi Reddy,West,Farmhouse Pizza,8,402.99,0.2,Wallet
FX204336,08-16-2025,Karthik Raman,West,Paneer Butter Masala,4,253.82,0.0,Wallet
FX207747,2025-07-24,Omkar Deshpande,west,Cold Coffee,7,121.38,0.0,UPI
FX208100,2025-03-17,Dev Sharma,EAST,Chicken Noodles,2,241.39,,Card
FX204141,19/05/2025,Saanvi Reddy,SOUTH,Filter Coffee,7,58.41,0.0,UPI
FX207446,2025-11-07,Rohan Pillai,south,Butter Naan,8,45.0,0.0,Card
FX201324,10-22-2025,Arjun Verma,south,Veg Fried Rice,3,195.02,0.2,Cash on Delivery
FX200178,07-12-2025,Saanvi Reddy,EAST,Veg Fried Rice,6,202.98,0.0,UPI
FX205886,31/01/2025,Aarav Mehta,west,Fish Curry Meals,6,329.0,0.05,Wallet
FX200081,2025-12-17,Nisha Gupta,south,Mutton Roll,3,281.79,0.0,UPI
FX208208,24/02/2025,Priya Balaji,SOUTH,Chicken Noodles,8,236.61,0.05,Card
FX206671,11/09/2025,Yash Patel,SOUTH,Chicken Noodles,6,241.39,0.1,Cash on Delivery
FX201093,08/11/2025,Riya Kapoor,west,Tandoori Chicken,5,457.98,,Card
FX200526,14/11/2025,Ananya Iyer,EAST,Farmhouse Pizza,4,402.99,0.2,Wallet
FX200956,12-01-2025,Meera Krishnan,south,Tandoori Chicken,5,440.02,0.0,Cash on Delivery
FX207758,2025-07-03,Vihaan Rao,East,Mango Lassi,6,107.91,0.1,Card
FX204240,08-04-2025,Priya Balaji,West,Butter Naan,1,44.55,0.0,Wallet
FX202781,2025-09-10,Manish Tiwari,west,Idli Sambar,8,90.78,0.1,UPI
FX205988,2025-06-06,Ishita Bose,West,Margherita Pizza,5,246.51,0.0,Card
FX200565,2025-05-15,Priya Balaji,SOUTH,Margherita Pizza,5,253.98,0.0,Wallet
FX205261,25/12/2025,Yash Patel,north,Gulab Jamun,8,99.0,0.0,Cash on Delivery
FX200699,11-26-2025,Nisha Gupta,East,Veg Biryani,1,219.0,,UPI
FX206353,2025-01-03,Aditya Ghosh,north,Cold Coffee,7,121.38,,Card
FX207054,06/01/2025,Nisha Gupta,south,Filter Coffee,8,58.41,0.05,Cash on Delivery
FX203344,2025-06-26,Riya Kapoor,North,Mango Lassi,-8,109.0,0.0,Card
FX201487,08/07/2025,Arjun Verma,EAST,Green Salad,5,140.39,0.0,Wallet
FX203591,2025-09-21,Nisha Gupta,North,Mutton Roll,5,284.58,0.0,Cash on Delivery
FX204629,01-11-2025,Riya Kapoor,North,Veg Fried Rice,-2,200.99,0.0,Wallet
FX201146,2025-07-01,Nisha Gupta,north,Masala Dosa,8,126.42,0.05,UPI
FX201666,18/01/2025,Rahul Sinha,EAST,Farmhouse Pizza,2,399.0,,Wallet
FX207318,2025-09-11,,SOUTH,Mutton Roll,5,276.21,0.15,Wallet
FX201215,05/05/2025,Nikhil Menon,SOUTH,Cold Coffee,7,121.38,0.25,Cash on Delivery
FX205029,2025-11-24,Saanvi Reddy,north,Butter Naan,4,45.9,0.0,UPI
FX200108,2025-10-28,Sneha Varma,West,Green Salad,5,136.22,0.0,Wallet
FX201851,2025-03-05,Ishita Bose,EAST,Mutton Roll,1,273.42,0.0,Card
FX201156,2025-12-03,Vihaan Rao,West,Farmhouse Pizza,6,399.0,,Cash on Delivery
FX208745,01-21-2025,Ishita Bose,south,Filter Coffee,1,59.0,0.0,Card
FX202551,23/10/2025,Aarav Mehta,north,Mutton Roll,4,276.21,0.15,Wallet
FX200215,20/12/2025,Kabir Shah,North,Chicken Noodles,4,236.61,0.0,Cash on Delivery
FX206599,2025-07-23,Lakshmi Prasad,North,Chicken Biryani,2,289.0,0.15,Cash on Delivery
FX205129,2025-07-05,Priya Balaji,north,Chicken Noodles,8,234.22,0.25,UPI
FX205858,2025-08-03,Saanvi Reddy,EAST,Veg Fried Rice,4,199.0,0.05,Cash on Delivery
FX205118,07-30-2025,Ananya Iyer,south,Idli Sambar,1,87.22,,Wallet
FX208039,2025-02-03,Diya Nair,west,Chocolate Brownie,4,150.49,,Cash on Delivery
FX204101,03-27-2025,Tara Joshi,West,Farmhouse Pizza,3,391.02,0.1,Card
FX202953,2025-09-26,Aarav Mehta,north,Mutton Roll,2,284.58,0.25,Wallet
FX200511,2025-09-19,Aarav Mehta,north,Veg Fried Rice,5,199.0,0.2,Cash on Delivery
FX205627,08/11/2025,Manish Tiwari,East,Tandoori Chicken,4,449.0,0.0,UPI
FX204897,12-14-2025,Aditya Ghosh,West,Chicken Noodles,5,236.61,0.05,Cash on Delivery
FX201944,08-05-2025,Karthik Raman,North,Butter Naan,6,45.0,0.2,Card
FX205620,20/03/2025,Meera Krishnan,East,Idli Sambar,7,90.78,0.15,Wallet
FX201871,2025-07-31,Saanvi Reddy,south,Tandoori Chicken,6,444.51,0.0,UPI
FX208478,12/11/2025,Tara Joshi,SOUTH,Margherita Pizza,4,251.49,0.2,Cash on Delivery
FX203273,2025-07-29,,EAST,Cold Coffee,3,119.0,0.25,Wallet
FX201370,26/12/2025,Rohan Pillai,west,Chicken Biryani,8,294.78,0.0,Wallet
FX204437,2025-02-17,Sneha Varma,East,Veg Fried Rice,6,199.0,0.05,Wallet
FX205710,2025-06-29,Dev Sharma,north,Cold Coffee,6,117.81,0.2,Cash on Delivery
FX202727,2025-09-24,Lakshmi Prasad,East,Mango Lassi,1,107.91,0.2,Card
FX200515,2025-07-09,Saanvi Reddy,south,Butter Naan,3,45.0,0.0,Card
FX202801,2025-04-26,Kabir Shah,North,Mango Lassi,1,110.09,0.0,Cash on Delivery
FX208207,2025-03-07,Dev Sharma,West,Mango Lassi,7,111.18,0.0,Cash on Delivery
FX203303,29/03/2025,Riya Kapoor,west,Idli Sambar,6,89.89,0.0,UPI
FX203883,29/09/2025,Diya Nair,North,Tandoori Chicken,7,449.0,0.0,Cash on Delivery
FX206192,08/09/2025,Manish Tiwari,EAST,Chicken Biryani,8,291.89,0.05,Cash on Delivery
FX207068,2025-01-24,Arjun Verma,SOUTH,Mango Lassi,8,110.09,0.0,UPI
FX206113,2025-01-21,,south,Mango Lassi,7,111.18,0.25,Card
FX200776,19/05/2025,Rahul Sinha,west,Tandoori Chicken,8,449.0,0.0,Wallet
FX206306,11-01-2025,Ishita Bose,West,Chocolate Brownie,4,146.02,0.0,Cash on Delivery
FX201278,2025-03-26,Sneha Varma,north,Margherita Pizza,7,249.0,0.25,Wallet
FX204013,05/08/2025,Vihaan Rao,west,Tandoori Chicken,4,457.98,0.05,Card
FX208773,15/03/2025,Vihaan Rao,SOUTH,Mutton Roll,7,279.0,,Card
FX202628,2025-10-13,Dev Sharma,SOUTH,Margherita Pizza,8,244.02,0.05,Wallet
FX206624,2025-05-27,Rohan Pillai,west,Veg Biryani,8,214.62,,Cash on Delivery
FX204573,21/03/2025,Lakshmi Prasad,EAST,Gulab Jamun,6,100.98,0.0,Card
FX208987,2025-06-11,Yash Patel,West,Green Salad,5,139.0,0.0,Cash on Delivery
FX205742,2025-12-28,Kavya Subramanian,west,Filter Coffee,1,59.0,,Wallet
FX208943,2025-11-03,Arjun Verma,SOUTH,Mango Lassi,8,111.18,0.15,UPI
FX201967,2025-07-11,Ananya Iyer,West,Butter Naan,6,44.1,0.1,UPI
FX203625,17/05/2025,,west,Paneer Butter Masala,5,256.41,0.0,Cash on Delivery
FX204510,22/05/2025,Rohan Pillai,south,Mango Lassi,5,107.91,0.2,Wallet
FX203294,2025-06-15,Rohan Pillai,west,Farmhouse Pizza,5,395.01,0.05,Cash on Delivery
FX202665,04/07/2025,Diya Nair,west,Filter Coffee,4,59.59,0.0,Wallet
FX203089,02-08-2025,Arjun Verma,North,Butter Naan,8,44.55,0.1,Card
FX204890,2025-04-07,Meera Krishnan,south,Spring Roll,6,155.82,0.1,Card
FX208168,09-03-2025,Vihaan Rao,north,Gulab Jamun,1,97.02,0.0,Card
FX203473,19/11/2025,Aditya Ghosh,north,Masala Dosa,3,127.71,0.1,UPI
FX200183,2025-03-31,Vihaan Rao,north,Paneer Butter Masala,8,253.82,0.05,UPI
FX202936,08-27-2025,Meera Krishnan,south,Butter Naan,3,44.1,0.0,Cash on Delivery
FX205257,2025-01-17,Aditya Ghosh,EAST,Chicken Noodles,8,234.22,0.15,Cash on Delivery
FX204694,12-17-2025,Rahul Sinha,south,Veg Fried Rice,1,202.98,0.05,Card
FX207308,05/09/2025,Rohan Pillai,south,Chocolate Brownie,1,150.49,,UPI
FX201169,2025-06-17,Nikhil Menon,SOUTH,Chicken Noodles,3,243.78,0.0,UPI
FX202040,2025-05-18,,west,Mutton Roll,1,273.42,0.0,Wallet
FX205181,2025-03-15,Vihaan Rao,south,Chocolate Brownie,2,151.98,0.1,UPI
FX206231,2025-06-11,Priya Balaji,West,Cold Coffee,6,116.62,0.0,UPI
FX201092,2025-12-20,Kabir Shah,West,Green Salad,1,137.61,,Wallet
FX200920,11-03-2025,Manish Tiwari,East,Chicken Noodles,7,239.0,0.0,Card
FX207736,04/07/2025,Tara Joshi,West,Filter Coffee,7,57.82,0.05,Cash on Delivery
FX205718,2025-10-30,Kabir Shah,south,Butter Naan,3,45.0,0.0,Card
FX204557,13/07/2025,Ananya Iyer,North,Veg Biryani,8,219.0,0.0,Wallet
FX207982,2025-03-25,Diya Nair,SOUTH,Chicken Biryani,1,289.0,0.0,UPI
FX204825,2025-01-29,Vihaan Rao,north,Paneer Butter Masala,5,264.18,0.05,Wallet
FX204737,2025-12-05,Arjun Verma,West,Veg Biryani,7,221.19,0.05,UPI
FX207134,08-18-2025,Rohan Pillai,West,Cold Coffee,1,117.81,0.15,UPI
FX208876,12/09/2025,Nikhil Menon,south,Chocolate Brownie,7,150.49,0.0,Cash on Delivery
FX206266,2025-04-09,Riya Kapoor,west,Green Salad,7,140.39,0.05,Cash on Delivery
FX200137,2025-09-04,Diya Nair,SOUTH,Gulab Jamun,5,100.98,0.1,Wallet
FX205434,06-06-2025,Ishita Bose,south,Chicken Noodles,2,243.78,0.25,Card
FX200945,2025-04-11,Rohan Pillai,south,Gulab Jamun,2,99.99,0.0,UPI
FX204765,2025-10-14,Karthik Raman,south,Margherita Pizza,7,251.49,0.1,Wallet
FX201067,30/07/2025,Karthik Raman,north,Mango Lassi,3,106.82,0.0,Card
FX205134,2025-09-02,Aarav Mehta,SOUTH,Filter Coffee,3,60.18,0.0,UPI
FX202039,26/08/2025,Dev Sharma,North,Chicken Noodles,3,236.61,0.15,Card
FX206627,03-18-2025,Dev Sharma,south,Mango Lassi,6,110.09,0.2,UPI
FX200245,2025-11-29,Omkar Deshpande,East,Fish Curry Meals,4,322.42,0.15,UPI
FX201948,11-06-2025,Aditya Ghosh,West,Chicken Noodles,2,236.61,0.0,Cash on Delivery
FX200220,07/09/2025,Aarav Mehta,East,Veg Biryani,8,214.62,0.25,Cash on Delivery
FX206957,02-15-2025,Omkar Deshpande,north,Mutton Roll,7,273.42,0.0,Cash on Delivery
FX206204,12/08/2025,Vihaan Rao,SOUTH,Veg Fried Rice,8,202.98,0.0,Cash on Delivery
FX200540,2025-09-07,Priya Balaji,West,Cold Coffee,4,117.81,0.0,Cash on Delivery
FX202118,2025-04-02,Yash Patel,North,Paneer Butter Masala,6,253.82,0.15,UPI
FX204788,2025-06-24,Kavya Subramanian,north,Spring Roll,5,162.18,0.0,UPI
FX205841,05/02/2025,Meera Krishnan,EAST,Green Salad,2,139.0,0.25,Cash on Delivery
FX205738,06/11/2025,Priya Balaji,south,Chocolate Brownie,5,149.0,0.0,Wallet
FX201066,2025-04-20,Yash Patel,North,Chicken Biryani,6,283.22,0.05,Card
FX207676,23/10/2025,Kabir Shah,south,Chicken Noodles,7,234.22,0.1,UPI
FX205302,03-22-2025,Ananya Iyer,West,Gulab Jamun,3,99.99,0.05,Wallet
FX202146,14/05/2025,Diya Nair,north,Veg Fried Rice,3,202.98,0.1,Card
FX203033,2025-07-01,Manish Tiwari,West,Tandoori Chicken,1,444.51,0.1,Wallet
FX202820,01/05/2025,Saanvi Reddy,EAST,Filter Coffee,4,59.59,,Wallet
FX200806,2025-11-12,Kabir Shah,EAST,Gulab Jamun,1,99.0,,Cash on Delivery
FX205660,06/12/2025,Yash Patel,EAST,Spring Roll,5,157.41,0.0,Cash on Delivery
FX200656,12-26-2025,Nikhil Menon,north,Fish Curry Meals,1,332.29,0.0,Cash on Delivery
FX208743,2025-09-19,Kavya Subramanian,North,Gulab Jamun,2,99.0,0.0,Cash on Delivery
FX202100,18/12/2025,Arjun Verma,West,Fish Curry Meals,4,332.29,0.0,Card
FX200449,2025-06-10,,south,Fish Curry Meals,1,329.0,0.0,UPI
FX205542,26/05/2025,Manish Tiwari,EAST,Filter Coffee,1,57.82,0.1,Wallet
FX206901,2025-12-08,Rohan Pillai,south,Veg Biryani,6,216.81,0.25,UPI
FX207744,2025-11-17,Riya Kapoor,north,Gulab Jamun,5,100.98,0.15,Cash on Delivery
FX205366,23/11/2025,Ananya Iyer,north,Veg Biryani,4,219.0,0.1,Cash on Delivery
FX205064,2025-10-06,Kabir Shah,North,Margherita Pizza,2,244.02,0.05,Wallet
FX207313,27/08/2025,Priya Balaji,north,Mango Lassi,2,109.0,0.2,Cash on Delivery
FX205472,18/04/2025,Saanvi Reddy,West,Spring Roll,4,160.59,0.25,Wallet
FX202614,2025-07-17,Kabir Shah,EAST,Veg Fried Rice,4,197.01,0.0,Wallet
FX205252,2025-06-25,Vihaan Rao,EAST,Margherita Pizza,3,244.02,0.2,Wallet
FX200015,21/01/2025,Arjun Verma,west,Butter Naan,5,45.45,0.25,Wallet
FX202764,22/05/2025,Saanvi Reddy,EAST,Gulab Jamun,6,99.99,0.2,UPI
FX201341,24/12/2025,Omkar Deshpande,south,Mutton Roll,8,273.42,0.15,Cash on Delivery
FX204848,25/09/2025,Karthik Raman,East,Veg Fried Rice,3,202.98,0.0,Card
FX208044,08-26-2025,Riya Kapoor,EAST,Veg Biryani,2,219.0,0.1,Cash on Delivery
FX206861,2025-12-18,Omkar Deshpande,west,Masala Dosa,1,126.42,0.2,UPI
FX207209,2025-06-07,Rahul Sinha,west,Spring Roll,4,160.59,0.2,Card
FX204055,24/03/2025,Arjun Verma,East,Paneer Butter Masala,4,261.59,0.25,UPI
FX201724,04/02/2025,Ishita Bose,west,Chocolate Brownie,1,147.51,0.1,Card
FX207609,28/11/2025,Yash Patel,West,Idli Sambar,1,89.0,0.15,UPI
FX205711,21/07/2025,Ishita Bose,south,Butter Naan,2,44.55,0.0,Wallet
FX200026,2025-06-07,Omkar Deshpande,south,Paneer Butter Masala,1,256.41,0.15,Cash on Delivery
FX207266,2025-01-13,,south,Farmhouse Pizza,2,395.01,0.0,UPI
FX206678,06/02/2025,Riya Kapoor,SOUTH,Chocolate Brownie,5,149.0,0.15,Cash on Delivery
FX206051,08-09-2025,Vihaan Rao,south,Gulab Jamun,6,97.02,0.0,Cash on Delivery
FX200820,20/05/2025,Tara Joshi,EAST,Idli Sambar,3,87.22,0.25,Cash on Delivery
FX207398,2025-06-04,Meera Krishnan,North,Tandoori Chicken,4,440.02,0.0,Cash on Delivery
FX201553,08/04/2025,Priya Balaji,EAST,Idli Sambar,1,89.89,0.15,UPI
FX200548,29/08/2025,Rohan Pillai,north,Margherita Pizza,1,251.49,0.1,UPI
FX203765,2025-02-08,Nisha Gupta,North,Gulab Jamun,-2,98.01,0.15,Cash on Delivery
FX208774,2025-07-28,Sneha Varma,north,Veg Biryani,5,219.0,0.0,Card
FX200817,2025-03-02,Karthik Raman,north,Chocolate Brownie,3,146.02,0.1,Wallet
FX205426,2025-04-26,Dev Sharma,north,Mutton Roll,4,281.79,0.05,UPI
FX207850,03/02/2025,Rahul Sinha,south,Butter Naan,5,44.1,0.1,Wallet
FX202984,10-03-2025,Karthik Raman,SOUTH,Spring Roll,7,157.41,0.25,Wallet
FX206774,15/02/2025,Diya Nair,North,Margherita Pizza,8,244.02,,Cash on Delivery
FX207329,12-12-2025,Yash Patel,west,Veg Biryani,6,216.81,0.0,Cash on Delivery
FX203909,2025-11-27,Yash Patel,north,Chocolate Brownie,8,146.02,0.2,UPI
FX206052,09-09-2025,Yash Patel,EAST,Veg Biryani,4,216.81,0.0,Cash on Delivery
FX202848,10-17-2025,Saanvi Reddy,North,Margherita Pizza,6,249.0,0.25,Wallet
FX201610,2025-07-07,Nisha Gupta,West,Chocolate Brownie,5,146.02,0.0,Card
FX205279,2025-04-08,Rahul Sinha,south,Spring Roll,8,155.82,0.2,UPI
FX208188,21/04/2025,Nisha Gupta,East,Gulab Jamun,2,98.01,0.0,Cash on Delivery
FX202767,06-11-2025,Karthik Raman,west,Green Salad,1,136.22,0.0,Wallet
FX200483,12/10/2025,,west,Mango Lassi,2,109.0,0.15,Card
FX202930,13/03/2025,Ananya Iyer,SOUTH,Green Salad,1,139.0,0.15,Cash on Delivery
FX207658,30/01/2025,Nisha Gupta,West,Mutton Roll,3,281.79,0.1,Wallet
FX204730,2025-11-20,Kavya Subramanian,West,Chicken Noodles,3,236.61,0.15,Cash on Delivery
FX203798,03-15-2025,Yash Patel,south,Chicken Noodles,6,241.39,0.05,UPI
FX200726,2025-01-22,Lakshmi Prasad,north,Spring Roll,5,162.18,0.05,Card
FX208697,07-09-2025,Nikhil Menon,East,Mango Lassi,8,110.09,0.25,Card
FX204264,21/10/2025,Ishita Bose,north,Mutton Roll,8,281.79,0.0,Cash on Delivery
FX200453,2025-06-15,Nisha Gupta,West,Masala Dosa,4,127.71,0.15,Card
FX200063,2025-03-22,Saanvi Reddy,West,Veg Fried Rice,2,199.0,0.15,Wallet
FX208949,2025-04-20,Karthik Raman,west,Chicken Noodles,4,239.0,0.1,UPI
FX200420,12-28-2025,Aarav Mehta,North,Green Salad,4,140.39,0.1,UPI
FX205256,2025-12-05,Diya Nair,East,Cold Coffee,8,116.62,0.0,Wallet
FX202585,10-18-2025,Kabir Shah,SOUTH,Spring Roll,4,157.41,0.1,Card
FX200159,06-22-2025,Rohan Pillai,SOUTH,Cold Coffee,6,120.19,0.05,Wallet
FX203538,2025-09-17,Yash Patel,west,Masala Dosa,5,131.58,0.15,Card
FX207553,2025-10-17,Ananya Iyer,north,Masala Dosa,2,126.42,0.15,Wallet
FX205279,2025-04-08,Rahul Sinha,south,Spring Roll,8,155.82,0.2,UPI
FX206356,18/03/2025,Manish Tiwari,north,Mango Lassi,2,107.91,0.0,Card
FX202722,2025-04-10,Saanvi Reddy,south,Veg Biryani,8,221.19,0.05,Card
FX208886,03/11/2025,Vihaan Rao,EAST,Mango Lassi,8,106.82,0.05,Card
FX200964,14/08/2025,Aarav Mehta,West,Green Salad,8,136.22,0.25,Wallet
FX201072,21/06/2025,Nisha Gupta,north,Paneer Butter Masala,7,253.82,0.05,UPI
FX207842,09-08-2025,Kabir Shah,west,Chicken Biryani,7,294.78,0.15,Card
FX203678,2025-09-11,Ishita Bose,EAST,Tandoori Chicken,6,453.49,0.0,UPI
FX201725,2025-08-24,Dev Sharma,EAST,Veg Fried Rice,2,200.99,0.2,Cash on Delivery
FX204450,2025-02-20,Tara Joshi,East,Green Salad,2,140.39,0.0,Wallet
FX206574,2025-03-24,Sneha Varma,North,Mutton Roll,5,276.21,0.15,Wallet
FX205609,2025-07-17,Ananya Iyer,north,Cold Coffee,8,117.81,0.25,Card
FX201925,2025-10-03,Karthik Raman,west,Fish Curry Meals,5,332.29,,Cash on Delivery
FX202255,2025-12-10,Diya Nair,West,Tandoori Chicken,2,444.51,0.1,Card
FX206758,21/11/2025,Arjun Verma,south,Fish Curry Meals,3,322.42,0.25,Wallet
FX202312,28/05/2025,Tara Joshi,North,Farmhouse Pizza,8,406.98,0.2,UPI
FX204486,2025-05-13,Aditya Ghosh,SOUTH,Farmhouse Pizza,8,399.0,0.15,Card
FX201785,2025-05-03,Aditya Ghosh,south,Cold Coffee,5,116.62,0.0,Cash on Delivery
FX201437,2025-11-10,Ishita Bose,West,Mango Lassi,7,110.09,0.15,Wallet
FX208055,2025-11-01,Omkar Deshpande,south,Idli Sambar,6,90.78,0.2,Cash on Delivery
FX207788,08-13-2025,Aditya Ghosh,south,Tandoori Chicken,6,444.51,,Cash on Delivery
FX208550,09-28-2025,Yash Patel,East,Mango Lassi,7,109.0,0.05,Cash on Delivery
FX208250,11-18-2025,Omkar Deshpande,SOUTH,Gulab Jamun,5,97.02,0.2,Wallet
FX204439,2025-05-18,Omkar Deshpande,West,Spring Roll,6,155.82,0.25,Cash on Delivery
FX206987,2025-04-29,Vihaan Rao,North,Farmhouse Pizza,2,402.99,0.0,Cash on Delivery
FX204210,04-07-2025,Priya Balaji,west,Margherita Pizza,-1,249.0,0.15,Wallet
FX200756,20/03/2025,Aarav Mehta,south,Chicken Biryani,3,289.0,,Cash on Delivery
FX203663,08-16-2025,Saanvi Reddy,EAST,Green Salad,6,137.61,0.2,Wallet
FX204375,2025-12-02,Omkar Deshpande,East,Green Salad,6,141.78,0.1,Wallet
FX201774,2025-07-09,Ananya Iyer,north,Veg Fried Rice,1,200.99,0.05,Card
FX203044,11-17-2025,Priya Balaji,west,Filter Coffee,6,60.18,0.05,Card
FX204853,06-26-2025,Kabir Shah,west,Butter Naan,7,45.0,0.05,Card
FX205053,05-17-2025,Lakshmi Prasad,West,Masala Dosa,6,129.0,0.05,Wallet
FX201979,2025-11-09,Vihaan Rao,North,Green Salad,2,136.22,0.15,Wallet
FX206240,30/05/2025,Vihaan Rao,West,Chicken Noodles,6,243.78,0.05,Card
FX202955,14/06/2025,Dev Sharma,north,Mutton Roll,4,273.42,0.1,Cash on Delivery
FX205862,2025-10-22,Sneha Varma,North,Mango Lassi,7,110.09,0.05,Card
FX208650,11-05-2025,Tara Joshi,West,Fish Curry Meals,3,335.58,0.25,UPI
FX203202,06/08/2025,Rohan Pillai,north,Paneer Butter Masala,8,259.0,0.0,Cash on Delivery
FX206710,12-13-2025,Ishita Bose,North,Farmhouse Pizza,8,402.99,0.2,Cash on Delivery
FX205186,22/01/2025,Rohan Pillai,East,Green Salad,8,136.22,0.05,Card
FX207124,2025-12-23,Aditya Ghosh,West,Idli Sambar,8,89.89,0.25,Cash on Delivery
FX200884,17/01/2025,,West,Chocolate Brownie,1,146.02,0.0,Card
FX200803,2025-07-28,Lakshmi Prasad,West,Tandoori Chicken,3,453.49,0.15,Wallet
FX201074,2025-02-17,Dev Sharma,North,Chicken Noodles,8,241.39,0.0,UPI
FX200083,2025-01-25,Rohan Pillai,EAST,Green Salad,1,137.61,0.25,Wallet
FX206800,2025-07-15,Vihaan Rao,West,Butter Naan,2,45.9,0.0,UPI
FX200474,09-03-2025,Rahul Sinha,south,Cold Coffee,7,120.19,0.1,Cash on Delivery
FX206343,2025-10-21,Sneha Varma,East,Tandoori Chicken,8,457.98,0.0,Card
FX200797,11-28-2025,Rohan Pillai,North,Cold Coffee,3,119.0,0.15,Card
FX201081,2025-05-28,Aarav Mehta,EAST,Filter Coffee,8,57.82,0.2,Wallet
FX200653,02/12/2025,Vihaan Rao,EAST,Margherita Pizza,1,253.98,0.2,UPI
FX200286,2025-07-11,Riya Kapoor,East,Veg Biryani,8,214.62,0.0,UPI
FX208209,19/05/2025,Kabir Shah,south,Masala Dosa,4,127.71,0.2,Wallet
FX205979,26/10/2025,Lakshmi Prasad,North,Chicken Noodles,3,241.39,0.1,Wallet
FX204453,05-22-2025,Tara Joshi,north,Butter Naan,7,44.1,0.2,Wallet
FX201757,2025-11-29,Kavya Subramanian,west,Cold Coffee,4,117.81,0.05,Card
FX202122,2025-04-18,Vihaan Rao,East,Idli Sambar,4,89.89,0.0,Wallet
FX203327,2025-11-16,Dev Sharma,EAST,Spring Roll,3,155.82,0.2,Wallet
FX201894,2025-02-26,Diya Nair,EAST,Butter Naan,3,45.45,0.1,UPI
FX205161,2025-07-16,Nisha Gupta,West,Fish Curry Meals,3,322.42,0.1,Card
FX204089,09/01/2025,Karthik Raman,SOUTH,Veg Biryani,6,219.0,0.0,Wallet
FX203212,05-13-2025,Yash Patel,SOUTH,Fish Curry Meals,1,325.71,0.0,UPI
FX204643,2025-09-07,Karthik Raman,EAST,Idli Sambar,1,90.78,0.2,Cash on Delivery
FX205815,2025-11-19,Arjun Verma,south,Margherita Pizza,6,244.02,0.2,Cash on Delivery
FX204782,2025-10-30,Nikhil Menon,East,Tandoori Chicken,2,453.49,0.0,UPI
FX205837,05/02/2025,Rohan Pillai,north,Spring Roll,3,157.41,0.05,Cash on Delivery
FX204813,21/03/2025,Nikhil Menon,EAST,Chicken Biryani,2,286.11,0.05,Card
FX207064,2025-10-24,Manish Tiwari,north,Idli Sambar,4,90.78,0.0,UPI
FX207890,2025-05-02,Rohan Pillai,SOUTH,Masala Dosa,7,126.42,0.15,UPI
FX208046,2025-12-04,Saanvi Reddy,East,Paneer Butter Masala,4,264.18,0.05,UPI
FX200994,03-14-2025,Tara Joshi,SOUTH,Tandoori Chicken,6,440.02,0.0,Cash on Delivery
FX206348,2025-06-28,Diya Nair,West,Chocolate Brownie,4,146.02,0.15,Card
FX202570,08-28-2025,Ishita Bose,East,Mutton Roll,4,281.79,0.25,Card
FX205616,2025-11-01,Aarav Mehta,west,Chicken Noodles,7,243.78,0.0,UPI
FX201959,2025-05-10,Nikhil Menon,East,Masala Dosa,3,131.58,0.1,UPI
FX206296,2025-04-06,Nikhil Menon,SOUTH,Masala Dosa,6,130.29,0.0,Wallet
FX204545,2025-01-23,,West,Spring Roll,2,155.82,0.2,Card
FX200011,2025-06-04,Priya Balaji,EAST,Tandoori Chicken,4,457.98,0.2,UPI
FX204033,2025-04-14,Omkar Deshpande,west,Veg Biryani,3,216.81,0.1,UPI
FX206415,11/08/2025,Karthik Raman,west,Chocolate Brownie,5,147.51,0.05,Cash on Delivery
FX202396,06-13-2025,Omkar Deshpande,North,Paneer Butter Masala,3,259.0,,UPI
FX208488,2025-07-18,Omkar Deshpande,East,Filter Coffee,2,59.59,0.2,Card
FX201000,19/08/2025,Ananya Iyer,North,Butter Naan,7,45.9,0.1,Wallet
FX207782,2025-03-03,Rahul Sinha,West,Margherita Pizza,5,253.98,0.0,Card
FX208605,12-10-2025,Arjun Verma,SOUTH,Chicken Biryani,7,291.89,0.0,Cash on Delivery
FX207745,2025-03-17,Rahul Sinha,EAST,Chicken Biryani,2,289.0,0.25,Card
FX204678,2025-01-21,Rohan Pillai,East,Masala Dosa,2,131.58,0.1,Cash on Delivery
FX207404,2025-02-22,Diya Nair,south,Mutton Roll,6,284.58,0.05,UPI
FX207009,31/07/2025,Dev Sharma,East,Veg Biryani,3,214.62,0.25,UPI
FX201583,12-16-2025,Manish Tiwari,west,Chicken Biryani,1,294.78,0.05,UPI
FX204773,15/02/2025,Vihaan Rao,west,Masala Dosa,3,127.71,0.0,Cash on Delivery
FX204267,2025-02-09,Karthik Raman,North,Gulab Jamun,4,100.98,0.0,UPI
FX208158,2025-10-13,Sneha Varma,North,Veg Biryani,1,219.0,0.25,UPI
FX201919,2025-06-12,Arjun Verma,SOUTH,Veg Biryani,7,214.62,0.2,Cash on Delivery
FX204760,17/06/2025,Sneha Varma,North,Gulab Jamun,2,98.01,0.1,Wallet
FX204500,27/12/2025,Tara Joshi,SOUTH,Spring Roll,5,157.41,0.25,Cash on Delivery
FX206031,03-04-2025,Aarav Mehta,West,Masala Dosa,1,126.42,0.0,Cash on Delivery
FX200796,2025-07-20,Kabir Shah,East,Idli Sambar,4,90.78,0.2,Wallet
FX205151,2025-02-25,Tara Joshi,West,Mango Lassi,3,106.82,0.0,UPI
FX204080,2025-08-01,Vihaan Rao,west,Mutton Roll,5,284.58,0.1,Cash on Delivery
FX205907,06-24-2025,Yash Patel,EAST,Spring Roll,-5,159.0,0.25,Cash on Delivery
FX201133,24/05/2025,Priya Balaji,west,Chicken Biryani,1,291.89,,Cash on Delivery
FX204341,2025-10-24,Aarav Mehta,west,Idli Sambar,8,88.11,0.1,Card
FX206100,08/01/2025,Saanvi Reddy,SOUTH,Idli Sambar,1,89.0,0.15,UPI
FX202995,04/08/2025,Tara Joshi,North,Chicken Biryani,6,294.78,0.2,Card
FX204570,29/08/2025,Riya Kapoor,EAST,Butter Naan,6,44.55,,Wallet
FX204337,2025-04-02,Omkar Deshpande,north,Chocolate Brownie,3,149.0,0.2,Wallet
FX203321,2025-02-03,Dev Sharma,west,Green Salad,3,137.61,0.0,Cash on Delivery
FX200881,07/07/2025,Saanvi Reddy,West,Farmhouse Pizza,5,399.0,0.25,UPI
FX205519,09/03/2025,Arjun Verma,west,Chocolate Brownie,6,147.51,0.15,Cash on Delivery
FX205124,2025-04-24,Riya Kapoor,East,Veg Fried Rice,5,195.02,0.0,Wallet
FX206991,17/09/2025,Ishita Bose,EAST,Veg Biryani,8,221.19,0.05,UPI
FX200372,22/08/2025,Kabir Shah,West,Farmhouse Pizza,4,406.98,,UPI
FX205830,09-05-2025,Omkar Deshpande,north,Tandoori Chicken,7,449.0,0.0,Card
FX200297,02-21-2025,Kabir Shah,SOUTH,Filter Coffee,5,60.18,0.1,Card
FX205276,2025-09-11,Tara Joshi,south,Veg Fried Rice,8,199.0,0.2,UPI
FX205210,17/11/2025,,West,Mutton Roll,6,279.0,0.15,Card
FX206402,22/11/2025,Saanvi Reddy,south,Tandoori Chicken,2,457.98,,Cash on Delivery
FX204856,2025-05-07,Diya Nair,west,Cold Coffee,4,116.62,0.1,UPI
FX203674,12/02/2025,Nisha Gupta,West,Mutton Roll,1,279.0,0.0,Wallet
FX203854,2025-06-07,Aarav Mehta,south,Gulab Jamun,6,97.02,0.0,Wallet
FX207964,2025-10-23,Aarav Mehta,West,Paneer Butter Masala,2,253.82,0.0,Wallet
FX208120,2025-04-02,Dev Sharma,SOUTH,Fish Curry Meals,6,332.29,0.0,Card
FX204166,2025-10-04,Tara Joshi,EAST,Veg Fried Rice,1,200.99,0.1,Wallet
FX205767,2025-04-30,Kavya Subramanian,North,Paneer Butter Masala,7,256.41,0.15,Card
FX200457,2025-03-22,Karthik Raman,West,Filter Coffee,1,59.59,0.0,UPI
FX203053,07/11/2025,Dev Sharma,East,Idli Sambar,8,89.89,0.0,Cash on Delivery
FX207329,12-12-2025,Yash Patel,west,Veg Biryani,6,216.81,0.0,Cash on Delivery
FX204708,21/03/2025,Kabir Shah,west,Chicken Noodles,1,243.78,0.1,Wallet
FX207384,2025-03-08,Tara Joshi,North,Chicken Biryani,6,289.0,0.2,Cash on Delivery
FX207492,30/05/2025,Kavya Subramanian,North,Chicken Biryani,3,289.0,,UPI
FX202738,07-12-2025,Omkar Deshpande,West,Masala Dosa,5,126.42,0.05,Card
FX201984,2025-04-21,,EAST,Mutton Roll,7,284.58,0.0,Wallet
FX202606,2025-07-28,Omkar Deshpande,SOUTH,Mango Lassi,2,107.91,0.0,Wallet
FX204233,09-16-2025,Nisha Gupta,North,Masala Dosa,2,129.0,0.05,Wallet
FX204112,14/06/2025,Tara Joshi,south,Farmhouse Pizza,2,402.99,0.0,UPI
FX202515,28/01/2025,Karthik Raman,south,Veg Fried Rice,8,199.0,0.25,Cash on Delivery
FX206654,2025-12-30,Nikhil Menon,south,Farmhouse Pizza,7,406.98,0.15,Cash on Delivery
FX202680,07/04/2025,Nikhil Menon,south,Chicken Noodles,1,241.39,0.0,Cash on Delivery
FX207462,11-08-2025,Vihaan Rao,SOUTH,Mutton Roll,6,279.0,0.15,Card
FX202351,19/02/2025,Karthik Raman,East,Gulab Jamun,2,99.99,0.15,UPI
FX207059,03/02/2025,Arjun Verma,west,Idli Sambar,2,90.78,0.05,Wallet
FX207853,17/06/2025,Aarav Mehta,west,Fish Curry Meals,8,325.71,0.25,Cash on Delivery
FX201694,2025-04-05,Omkar Deshpande,West,Paneer Butter Masala,7,253.82,0.1,Card
FX206560,2025-04-26,Arjun Verma,north,Mango Lassi,2,110.09,0.05,UPI
FX200999,12/10/2025,Lakshmi Prasad,SOUTH,Spring Roll,2,160.59,0.0,Wallet
FX206888,2025-11-13,Karthik Raman,North,Spring Roll,7,157.41,0.0,Card
FX207202,05-24-2025,Lakshmi Prasad,West,Mutton Roll,2,279.0,0.25,UPI
FX203809,26/11/2025,Omkar Deshpande,EAST,Idli Sambar,8,90.78,0.0,UPI
FX208547,07-22-2025,Diya Nair,north,Green Salad,8,136.22,0.05,UPI
FX206335,19/11/2025,Kabir Shah,East,Filter Coffee,8,60.18,0.0,Wallet
FX203580,2025-09-29,Manish Tiwari,North,Filter Coffee,7,59.59,0.15,UPI
FX203706,2025-11-15,Nikhil Menon,North,Filter Coffee,6,58.41,0.2,UPI
FX201365,2025-10-22,Tara Joshi,East,Idli Sambar,7,89.0,0.0,Cash on Delivery
FX206965,15/01/2025,Vihaan Rao,west,Chicken Noodles,6,239.0,0.2,Cash on Delivery
FX206923,12-09-2025,Karthik Raman,North,Green Salad,6,137.61,0.0,Cash on Delivery
FX200538,04-17-2025,Vihaan Rao,south,Idli Sambar,5,90.78,0.15,Wallet
FX206802,25/02/2025,Ananya Iyer,EAST,Chocolate Brownie,4,151.98,0.05,Cash on Delivery
FX200290,09-16-2025,Vihaan Rao,North,Paneer Butter Masala,8,256.41,0.25,UPI
FX205293,21/01/2025,Priya Balaji,SOUTH,Margherita Pizza,4,246.51,0.05,Wallet
FX207250,24/03/2025,Riya Kapoor,East,Chicken Biryani,2,291.89,0.0,Card
FX200082,2025-09-20,Rohan Pillai,west,Veg Fried Rice,3,195.02,0.0,Wallet
FX207832,2025-03-30,Dev Sharma,West,Paneer Butter Masala,6,259.0,0.0,Card
FX205165,2025-04-13,Omkar Deshpande,south,Paneer Butter Masala,4,253.82,0.2,Cash on Delivery
FX208424,2025-03-13,,North,Filter Coffee,6,60.18,0.0,Cash on Delivery
FX205040,28/08/2025,Meera Krishnan,south,Mango Lassi,7,106.82,0.0,Cash on Delivery
FX206255,08/06/2025,Manish Tiwari,West,Chicken Biryani,7,283.22,0.15,Wallet
FX203410,2025-10-05,Dev Sharma,west,Chocolate Brownie,8,146.02,0.2,Card
FX206428,2025-06-29,Omkar Deshpande,west,Mutton Roll,4,279.0,0.25,Card
FX206750,2025-02-06,Sneha Varma,south,Chicken Noodles,4,243.78,0.15,Card
FX207173,05/11/2025,Aarav Mehta,north,Idli Sambar,7,89.89,0.15,Cash on Delivery
FX203975,11-30-2025,Nisha Gupta,west,Fish Curry Meals,1,335.58,0.25,Cash on Delivery
FX200804,01-03-2025,Sneha Varma,north,Chicken Biryani,2,294.78,0.1,Wallet
FX208033,2025-05-13,Sneha Varma,North,Veg Fried Rice,1,202.98,0.0,Cash on Delivery
FX208154,2025-10-16,Aditya Ghosh,North,Fish Curry Meals,3,332.29,,Wallet
FX200068,01-16-2025,Saanvi Reddy,East,Farmhouse Pizza,7,391.02,0.05,Cash on Delivery
FX200971,2025-12-26,Yash Patel,East,Butter Naan,2,45.9,0.0,Card
FX201114,2025-03-17,Meera Krishnan,north,Fish Curry Meals,6,325.71,0.0,Wallet
FX201317,05-17-2025,Rahul Sinha,West,Mango Lassi,5,106.82,0.05,Wallet
FX208099,04/11/2025,Arjun Verma,west,Chocolate Brownie,2,151.98,0.0,Wallet
FX206489,01-05-2025,Priya Balaji,west,Chicken Biryani,1,286.11,0.0,Cash on Delivery
FX204790,19/03/2025,Manish Tiwari,north,Butter Naan,5,45.9,0.1,Wallet
FX205875,2025-10-30,Karthik Raman,south,Veg Biryani,6,221.19,0.0,Wallet
FX202201,2025-03-01,Kavya Subramanian,EAST,Paneer Butter Masala,1,253.82,0.2,Cash on Delivery
FX202450,2025-02-13,Riya Kapoor,West,Butter Naan,6,44.1,,UPI
FX208915,2025-01-08,Arjun Verma,west,Paneer Butter Masala,4,264.18,0.2,Cash on Delivery
FX203221,2025-04-11,Omkar Deshpande,west,Fish Curry Meals,5,322.42,0.2,Cash on Delivery
FX207567,2025-10-26,Kabir Shah,west,Cold Coffee,5,120.19,0.0,Cash on Delivery
FX200966,31/03/2025,Nikhil Menon,West,Chocolate Brownie,2,149.0,0.05,Cash on Delivery
FX203351,2025-05-19,Dev Sharma,North,Cold Coffee,3,120.19,0.0,Cash on Delivery
FX208756,02-18-2025,Rahul Sinha,west,Green Salad,7,140.39,0.25,Wallet
FX204339,2025-04-15,Nikhil Menon,North,Farmhouse Pizza,6,395.01,0.15,Wallet
FX202165,10-05-2025,Diya Nair,East,Gulab Jamun,6,100.98,0.0,Wallet
FX205521,31/05/2025,Meera Krishnan,EAST,Idli Sambar,6,88.11,,Cash on Delivery
FX201126,09-04-2025,Omkar Deshpande,East,Idli Sambar,7,88.11,0.15,Card
FX205149,2025-01-17,Kabir Shah,North,Spring Roll,6,159.0,0.0,Cash on Delivery
FX200213,09/02/2025,Nikhil Menon,North,Idli Sambar,2,89.0,0.1,Wallet
FX208753,01/04/2025,Sneha Varma,north,Filter Coffee,5,58.41,0.0,UPI
FX206581,2025-09-09,Ishita Bose,SOUTH,Veg Biryani,6,214.62,0.25,Wallet
FX203606,10/12/2025,Saanvi Reddy,West,Chicken Biryani,3,283.22,0.0,Card
FX202061,2025-11-14,Aditya Ghosh,south,Fish Curry Meals,5,335.58,0.0,Card
FX202859,2025-05-23,Aditya Ghosh,EAST,Mango Lassi,8,107.91,0.0,Cash on Delivery
FX206764,2025-09-25,Ananya Iyer,SOUTH,Spring Roll,6,155.82,0.2,UPI
FX200886,2025-10-30,Saanvi Reddy,North,Mango Lassi,1,107.91,0.2,Card
FX202475,2025-07-06,Karthik Raman,North,Farmhouse Pizza,2,402.99,0.2,Cash on Delivery
FX203502,04-03-2025,Meera Krishnan,west,Idli Sambar,4,90.78,0.15,Cash on Delivery
FX207561,2025-07-10,Nisha Gupta,west,Chicken Noodles,7,239.0,0.05,UPI
FX201136,2025-10-16,Omkar Deshpande,West,Masala Dosa,5,126.42,0.15,UPI
FX206669,2025-08-09,Saanvi Reddy,west,Gulab Jamun,8,97.02,0.0,Wallet
FX203290,09-09-2025,Aditya Ghosh,EAST,Gulab Jamun,8,98.01,0.0,UPI
FX202374,04-03-2025,Yash Patel,north,Veg Biryani,1,221.19,0.0,Card
FX200713,04-10-2025,Ishita Bose,EAST,Veg Fried Rice,1,195.02,0.0,Cash on Delivery
FX204623,28/03/2025,Priya Balaji,south,Margherita Pizza,4,249.0,0.0,Wallet
FX205384,18/01/2025,Arjun Verma,East,Fish Curry Meals,2,335.58,0.15,UPI
FX203829,06-10-2025,Diya Nair,SOUTH,Gulab Jamun,-8,97.02,0.2,Wallet
FX202514,03/03/2025,Aditya Ghosh,North,Veg Fried Rice,2,199.0,0.1,Card
FX201825,2025-11-23,Nisha Gupta,south,Farmhouse Pizza,2,391.02,0.25,Card
FX203845,2025-02-19,Lakshmi Prasad,West,Chicken Noodles,2,241.39,0.1,Cash on Delivery
FX200446,2025-10-19,Nikhil Menon,East,Chicken Noodles,5,236.61,0.2,Cash on Delivery
FX200101,11-23-2025,Ananya Iyer,EAST,Veg Fried Rice,5,197.01,0.0,Card
FX200060,2025-03-17,Aditya Ghosh,north,Veg Fried Rice,3,202.98,0.15,Wallet
FX200909,08/12/2025,Nikhil Menon,EAST,Gulab Jamun,4,99.99,0.0,Cash on Delivery
FX203712,2025-08-21,Aarav Mehta,North,Gulab Jamun,4,98.01,0.25,Cash on Delivery
FX206096,08/08/2025,Priya Balaji,south,Green Salad,4,140.39,0.0,UPI
FX204829,20/05/2025,Aditya Ghosh,West,Gulab Jamun,2,97.02,0.1,UPI
FX203972,23/04/2025,Riya Kapoor,EAST,Chocolate Brownie,2,149.0,0.0,Cash on Delivery
FX205971,10-15-2025,Ishita Bose,south,Cold Coffee,7,121.38,0.1,UPI
FX206863,2025-05-31,Ananya Iyer,EAST,Masala Dosa,6,129.0,0.15,Cash on Delivery
FX205788,20/09/2025,Kavya Subramanian,south,Mango Lassi,1,109.0,0.25,Wallet
FX208741,11/06/2025,Aarav Mehta,south,Idli Sambar,6,90.78,0.0,UPI
FX208079,15/08/2025,Ishita Bose,North,Spring Roll,2,160.59,0.1,UPI
FX208101,2025-07-30,Priya Balaji,west,Veg Fried Rice,3,197.01,0.1,Cash on Delivery
FX207331,2025-04-01,Rohan Pillai,EAST,Veg Biryani,1,214.62,0.15,Wallet
FX201681,02-28-2025,Vihaan Rao,EAST,Chocolate Brownie,1,149.0,0.05,Wallet
FX205787,2025-01-30,Saanvi Reddy,EAST,Mutton Roll,6,276.21,0.0,Cash on Delivery
FX205803,2025-06-22,Priya Balaji,West,Veg Fried Rice,4,199.0,0.05,Card
FX206000,2025-05-28,Rahul Sinha,west,Butter Naan,6,44.55,0.0,Wallet
FX208199,07/12/2025,Aarav Mehta,south,Paneer Butter Masala,4,256.41,0.0,Cash on Delivery
FX205374,2025-09-18,Nisha Gupta,West,Chocolate Brownie,6,151.98,0.2,UPI
FX207076,25/08/2025,Arjun Verma,SOUTH,Masala Dosa,7,129.0,0.0,Card
FX204951,2025-09-30,Vihaan Rao,North,Veg Biryani,3,223.38,0.05,Cash on Delivery
FX207074,2025-09-15,Aarav Mehta,SOUTH,Chicken Biryani,7,294.78,0.2,Wallet
FX204010,17/01/2025,Kavya Subramanian,East,Chicken Noodles,7,234.22,0.1,Wallet
FX205708,15/03/2025,Sneha Varma,EAST,Margherita Pizza,3,246.51,,Cash on Delivery
FX203816,2025-09-20,Tara Joshi,North,Masala Dosa,1,126.42,0.15,Cash on Delivery
FX204175,12-10-2025,Rahul Sinha,North,Tandoori Chicken,5,457.98,0.0,Wallet
FX200575,18/08/2025,Ananya Iyer,north,Idli Sambar,8,89.0,0.15,Card
FX202795,2025-03-07,Omkar Deshpande,south,Mutton Roll,7,284.58,0.0,UPI
FX202689,2025-11-20,Manish Tiwari,SOUTH,Idli Sambar,3,87.22,0.0,Wallet
FX200121,2025-10-27,Ishita Bose,north,Mango Lassi,1,106.82,0.0,Cash on Delivery
FX200158,2025-12-07,Lakshmi Prasad,EAST,Farmhouse Pizza,1,402.99,0.0,Wallet
FX202403,11/01/2025,Arjun Verma,SOUTH,Tandoori Chicken,2,453.49,0.2,Cash on Delivery
FX205036,2025-08-31,Ananya Iyer,EAST,Cold Coffee,5,117.81,0.15,UPI
FX204544,2025-06-19,Tara Joshi,EAST,Veg Fried Rice,-3,200.99,0.05,Card
FX200306,2025-01-13,Kabir Shah,East,Butter Naan,4,44.1,0.0,UPI
FX205947,01-01-2025,Lakshmi Prasad,West,Green Salad,4,136.22,0.2,Wallet
FX205047,14/04/2025,Meera Krishnan,West,Veg Fried Rice,6,202.98,0.2,UPI
FX201211,11-12-2025,Manish Tiwari,North,Idli Sambar,5,87.22,0.0,Wallet
FX206830,29/11/2025,Nikhil Menon,North,Chicken Biryani,1,291.89,0.2,Wallet
FX202279,11-27-2025,Tara Joshi,north,Green Salad,8,137.61,0.05,Cash on Delivery
FX206191,22/04/2025,Tara Joshi,north,Paneer Butter Masala,7,264.18,0.0,Card
FX208176,27/02/2025,Diya Nair,West,Spring Roll,2,159.0,0.25,Wallet
FX207167,09-17-2025,Ishita Bose,East,Mango Lassi,6,111.18,,Card
FX208543,2025-10-14,Aarav Mehta,East,Green Salad,1,141.78,0.25,Cash on Delivery
FX200925,2025-02-22,Rohan Pillai,East,Cold Coffee,7,116.62,,Card
FX206092,05-04-2025,Lakshmi Prasad,East,Chicken Biryani,3,289.0,0.0,Card
FX206476,15/07/2025,Karthik Raman,East,Mutton Roll,7,276.21,0.0,Cash on Delivery
FX202620,2025-02-27,Sneha Varma,North,Masala Dosa,8,130.29,0.15,Wallet
FX204275,2025-10-28,Aarav Mehta,East,Masala Dosa,2,127.71,0.1,Cash on Delivery
FX207511,10-15-2025,Priya Balaji,West,Tandoori Chicken,2,444.51,0.1,Card
FX208053,2025-12-31,,EAST,Butter Naan,8,45.45,0.25,Cash on Delivery
FX206173,08/08/2025,Manish Tiwari,west,Spring Roll,6,155.82,0.0,Wallet
FX206899,08-03-2025,Karthik Raman,SOUTH,Chicken Biryani,2,283.22,0.05,Cash on Delivery
FX202026,08-02-2025,Aditya Ghosh,North,Paneer Butter Masala,4,264.18,0.1,Cash on Delivery
FX206406,2025-02-12,Kabir Shah,SOUTH,Butter Naan,8,44.1,0.2,UPI
FX206793,03-07-2025,Riya Kapoor,north,Filter Coffee,2,58.41,0.15,Card
FX205488,2025-11-05,Dev Sharma,west,Mutton Roll,6,276.21,0.0,Cash on Delivery
FX202069,29/07/2025,Yash Patel,North,Chicken Biryani,7,291.89,0.05,Wallet
FX203544,20/08/2025,Karthik Raman,SOUTH,Veg Fried Rice,8,200.99,0.0,Wallet
FX200505,2025-02-17,Vihaan Rao,south,Paneer Butter Masala,-7,261.59,0.0,Cash on Delivery
FX203837,09-03-2025,Kavya Subramanian,East,Fish Curry Meals,4,332.29,0.1,Wallet
FX200917,2025-05-10,,west,Farmhouse Pizza,2,395.01,0.1,Cash on Delivery
FX207113,03/05/2025,Omkar Deshpande,west,Fish Curry Meals,8,325.71,,Wallet
FX204640,04/04/2025,Nisha Gupta,SOUTH,Veg Fried Rice,5,197.01,0.0,UPI
FX201241,2025-08-28,Omkar Deshpande,North,Gulab Jamun,1,99.99,0.2,Wallet
FX201421,2025-06-16,Riya Kapoor,north,Paneer Butter Masala,2,264.18,0.05,Wallet
FX208354,2025-09-01,Omkar Deshpande,West,Green Salad,6,140.39,0.0,Wallet
FX203444,06-26-2025,Rohan Pillai,south,Masala Dosa,5,130.29,0.1,Cash on Delivery
FX202965,14/04/2025,Sneha Varma,EAST,Cold Coffee,7,116.62,0.15,Cash on Delivery
FX208311,16/09/2025,,SOUTH,Tandoori Chicken,7,444.51,0.1,Card
FX208794,2025-10-10,Omkar Deshpande,EAST,Fish Curry Meals,4,332.29,0.0,Card
FX203187,12-08-2025,Manish Tiwari,EAST,Green Salad,6,140.39,0.1,Cash on Delivery
FX208151,16/04/2025,Priya Balaji,north,Margherita Pizza,3,249.0,0.0,Card
FX202543,2025-09-21,Ishita Bose,EAST,Masala Dosa,1,126.42,0.15,Card
FX207132,2025-07-27,Meera Krishnan,North,Paneer Butter Masala,5,264.18,0.0,Card
FX204794,2025-07-12,Yash Patel,SOUTH,Mango Lassi,4,111.18,0.25,UPI
FX203404,17/08/2025,Yash Patel,west,Mango Lassi,3,111.18,0.0,UPI
FX202633,2025-05-20,Kavya Subramanian,North,Paneer Butter Masala,7,253.82,0.0,Card
FX202893,29/04/2025,Nisha Gupta,West,Veg Fried Rice,3,197.01,0.25,Card
FX206333,05-05-2025,Yash Patel,West,Tandoori Chicken,5,449.0,0.2,UPI
FX205329,18/11/2025,Aditya Ghosh,EAST,Butter Naan,1,45.9,0.05,UPI
FX202021,16/03/2025,Lakshmi Prasad,East,Tandoori Chicken,5,440.02,0.0,Cash on Delivery
FX206221,2025-04-17,Sneha Varma,SOUTH,Cold Coffee,7,120.19,,UPI
FX205769,2025-01-07,Priya Balaji,EAST,Idli Sambar,8,87.22,0.2,Card
FX207115,08-08-2025,Saanvi Reddy,south,Chocolate Brownie,4,151.98,0.2,Cash on Delivery
FX206549,2025-11-03,Kavya Subramanian,south,Veg Fried Rice,7,197.01,0.0,UPI
FX203143,10-10-2025,Omkar Deshpande,East,Mutton Roll,-4,281.79,0.0,Cash on Delivery
FX205212,2025-09-29,Lakshmi Prasad,EAST,Cold Coffee,7,117.81,0.0,Cash on Delivery
FX205579,11-23-2025,Lakshmi Prasad,EAST,Farmhouse Pizza,6,395.01,0.1,UPI
FX205844,2025-09-09,Ananya Iyer,north,Tandoori Chicken,4,444.51,0.2,UPI
FX207010,2025-05-03,Ananya Iyer,North,Green Salad,7,141.78,0.0,UPI
FX208065,12-19-2025,Manish Tiwari,East,Filter Coffee,2,59.0,0.2,Card
FX201409,06-12-2025,Karthik Raman,north,Tandoori Chicken,5,440.02,0.1,Card
FX205680,03/02/2025,Ishita Bose,north,Chocolate Brownie,2,146.02,0.05,UPI
FX207852,06-30-2025,Vihaan Rao,East,Cold Coffee,6,120.19,0.25,Cash on Delivery
FX204250,09-19-2025,Arjun Verma,West,Fish Curry Meals,1,329.0,0.0,UPI
FX201926,05-07-2025,Manish Tiwari,north,Butter Naan,7,45.0,0.0,Wallet
FX206072,08-29-2025,Rahul Sinha,south,Spring Roll,-7,157.41,0.2,UPI
FX203471,2025-12-29,Manish Tiwari,EAST,Mango Lassi,2,106.82,0.2,Cash on Delivery
FX204266,06-08-2025,Arjun Verma,West,Tandoori Chicken,1,440.02,0.0,Card
FX202128,2025-11-28,Vihaan Rao,North,Fish Curry Meals,8,325.71,0.2,Cash on Delivery
FX203698,25/02/2025,Aditya Ghosh,North,Chocolate Brownie,2,149.0,0.1,Card
FX203193,02/12/2025,Vihaan Rao,West,Idli Sambar,7,89.0,0.0,UPI
FX203705,2025-04-21,Karthik Raman,north,Mango Lassi,2,106.82,,Cash on Delivery
FX204513,29/11/2025,Tara Joshi,North,Margherita Pizza,5,251.49,0.0,Wallet
FX200923,2025-12-07,Nisha Gupta,west,Filter Coffee,3,59.59,0.15,UPI
FX200584,14/01/2025,Lakshmi Prasad,north,Margherita Pizza,6,246.51,0.05,UPI
FX204136,2025-01-21,Vihaan Rao,North,Margherita Pizza,3,244.02,0.25,Card
FX204562,14/07/2025,Omkar Deshpande,East,Green Salad,3,136.22,0.1,Wallet
FX207817,01/11/2025,Lakshmi Prasad,north,Spring Roll,1,157.41,0.0,UPI
FX207024,03/12/2025,Lakshmi Prasad,north,Butter Naan,4,45.9,0.15,UPI
FX201233,15/11/2025,Nikhil Menon,East,Gulab Jamun,8,99.0,0.0,Card
FX206657,2025-03-23,Kavya Subramanian,EAST,Chicken Biryani,5,289.0,0.0,Card
FX208259,24/08/2025,Rohan Pillai,west,Tandoori Chicken,5,453.49,0.2,UPI
FX202372,19/09/2025,Karthik Raman,East,Veg Biryani,7,221.19,0.0,Card
FX208236,2025-07-20,Nisha Gupta,west,Tandoori Chicken,3,449.0,0.0,Wallet
FX205845,2025-09-24,Nisha Gupta,north,Cold Coffee,3,117.81,0.2,Cash on Delivery
FX208970,28/10/2025,Aarav Mehta,north,Masala Dosa,2,129.0,0.05,Card
FX205092,2025-11-09,Kabir Shah,north,Tandoori Chicken,2,453.49,0.15,UPI
FX208375,2025-03-24,Ananya Iyer,North,Mutton Roll,7,279.0,0.15,Wallet
FX205363,05-04-2025,Rahul Sinha,East,Paneer Butter Masala,5,261.59,0.25,UPI
FX201011,12-26-2025,Ananya Iyer,EAST,Mutton Roll,4,279.0,0.25,Wallet
FX205117,2025-12-10,Aditya Ghosh,EAST,Fish Curry Meals,8,325.71,0.15,Wallet
FX207417,16/07/2025,Ananya Iyer,East,Gulab Jamun,8,100.98,0.1,Cash on Delivery
FX202687,2025-07-04,Ananya Iyer,East,Butter Naan,4,45.0,0.05,Wallet
FX207400,2025-06-28,Diya Nair,west,Butter Naan,7,45.0,0.0,UPI
FX208940,01/03/2025,Aditya Ghosh,North,Mutton Roll,5,284.58,0.0,Card
FX207493,10/11/2025,Aditya Ghosh,north,Mango Lassi,4,111.18,0.25,Cash on Delivery
FX206273,2025-04-22,Yash Patel,East,Cold Coffee,4,121.38,0.15,UPI
FX202951,16/07/2025,Karthik Raman,EAST,Tandoori Chicken,5,449.0,0.15,UPI
FX208796,2025-07-26,Priya Balaji,EAST,Tandoori Chicken,1,440.02,0.2,Card
FX201480,06-11-2025,Lakshmi Prasad,North,Filter Coffee,6,60.18,0.2,UPI
FX203710,28/05/2025,Kabir Shah,SOUTH,Veg Biryani,1,216.81,0.1,UPI
FX204424,06-14-2025,Diya Nair,north,Mango Lassi,1,107.91,0.2,Card
FX207481,09-07-2025,Aditya Ghosh,EAST,Chicken Biryani,5,289.0,0.0,Card
FX202529,07-10-2025,Ananya Iyer,East,Paneer Butter Masala,5,261.59,0.2,UPI
FX204078,2025-03-16,Nisha Gupta,East,Spring Roll,3,160.59,0.25,UPI
FX205512,14/11/2025,Rohan Pillai,North,Idli Sambar,8,90.78,0.05,Wallet
FX204728,26/10/2025,Sneha Varma,West,Margherita Pizza,6,253.98,0.0,Card
FX205483,01-15-2025,Rohan Pillai,West,Masala Dosa,7,127.71,0.1,Wallet
FX208801,2025-06-26,Manish Tiwari,West,Mutton Roll,8,284.58,0.1,Wallet
FX202201,2025-03-01,Kavya Subramanian,EAST,Paneer Butter Masala,1,253.82,0.2,Cash on Delivery
FX203688,27/04/2025,Omkar Deshpande,north,Paneer Butter Masala,5,261.59,0.2,UPI
FX201869,09-20-2025,Riya Kapoor,North,Chocolate Brownie,5,149.0,0.0,Card
FX208680,2025-03-22,Omkar Deshpande,south,Gulab Jamun,5,97.02,0.0,UPI
FX204289,10/03/2025,Rahul Sinha,East,Margherita Pizza,-2,253.98,0.0,Wallet
FX200231,2025-09-21,Nisha Gupta,East,Fish Curry Meals,2,329.0,0.1,Cash on Delivery
FX207104,12-19-2025,Aditya Ghosh,south,Chocolate Brownie,7,147.51,0.0,UPI
FX205524,2025-02-06,Saanvi Reddy,EAST,Fish Curry Meals,3,329.0,0.2,Wallet
FX202109,29/06/2025,Omkar Deshpande,East,Mango Lassi,1,111.18,0.15,Card
FX201442,12-18-2025,Vihaan Rao,West,Chicken Noodles,6,243.78,0.25,UPI
FX203307,27/03/2025,Yash Patel,West,Tandoori Chicken,5,444.51,0.0,UPI
FX202765,2025-07-29,Sneha Varma,south,Chocolate Brownie,8,150.49,0.0,UPI
FX204496,23/05/2025,Nikhil Menon,North,Green Salad,7,140.39,0.0,Wallet
FX205865,05-08-2025,Kabir Shah,north,Masala Dosa,8,127.71,0.0,Cash on Delivery
FX205005,19/03/2025,Lakshmi Prasad,North,Chicken Biryani,3,283.22,0.05,Card
FX206326,11-25-2025,Nikhil Menon,East,Green Salad,3,139.0,0.05,UPI
FX207689,05-06-2025,Riya Kapoor,EAST,Butter Naan,4,45.9,0.2,Wallet
FX207184,02-25-2025,Rohan Pillai,West,Filter Coffee,2,60.18,0.0,UPI
FX203453,12-21-2025,Priya Balaji,south,Paneer Butter Masala,2,261.59,0.0,Cash on Delivery
FX203619,2025-05-27,Karthik Raman,West,Chocolate Brownie,8,151.98,0.0,UPI
FX202131,17/05/2025,Nikhil Menon,north,Tandoori Chicken,1,449.0,0.0,Card
FX207870,2025-09-05,Arjun Verma,south,Chicken Biryani,8,283.22,0.25,Cash on Delivery
FX200856,23/07/2025,,SOUTH,Butter Naan,6,45.0,0.0,UPI
FX201843,2025-09-28,Nisha Gupta,south,Tandoori Chicken,6,449.0,0.15,Wallet
FX204352,14/10/2025,Omkar Deshpande,East,Spring Roll,3,155.82,0.25,Cash on Delivery
FX201346,2025-01-15,,SOUTH,Cold Coffee,6,120.19,0.25,Cash on Delivery
FX203662,2025-02-26,Manish Tiwari,south,Veg Biryani,7,216.81,0.25,Wallet
FX204643,2025-09-07,Karthik Raman,EAST,Idli Sambar,1,90.78,0.2,Cash on Delivery
FX202319,2025-09-17,Vihaan Rao,north,Spring Roll,1,159.0,0.0,Cash on Delivery
FX208530,2025-11-04,Priya Balaji,SOUTH,Mango Lassi,1,110.09,0.0,UPI
FX205834,19/12/2025,Kabir Shah,North,Paneer Butter Masala,8,261.59,0.05,UPI
FX207771,2025-08-10,Arjun Verma,West,Margherita Pizza,1,244.02,0.15,Card
FX206610,2025-05-19,Riya Kapoor,SOUTH,Masala Dosa,3,130.29,0.25,UPI
FX203617,2025-04-08,Aarav Mehta,SOUTH,Chocolate Brownie,7,149.0,0.05,Card
FX207458,2025-02-14,Rahul Sinha,EAST,Idli Sambar,6,90.78,0.1,UPI
FX207845,2025-09-12,Aarav Mehta,EAST,Chicken Noodles,4,241.39,,Wallet
FX205203,2025-05-09,Meera Krishnan,EAST,Margherita Pizza,8,249.0,0.1,Cash on Delivery
FX202975,2025-04-23,Lakshmi Prasad,south,Mango Lassi,2,110.09,0.15,UPI
FX208272,2025-11-05,Tara Joshi,SOUTH,Farmhouse Pizza,-1,395.01,0.05,Card
FX204306,2025-04-09,Vihaan Rao,West,Green Salad,5,137.61,0.0,Card
FX207439,29/12/2025,Aarav Mehta,west,Butter Naan,2,44.1,0.15,Cash on Delivery
FX200765,2025-04-25,Arjun Verma,North,Chicken Noodles,2,236.61,0.25,Wallet
FX204935,05-11-2025,Sneha Varma,EAST,Spring Roll,6,160.59,0.0,Card
FX208879,2025-07-07,Tara Joshi,west,Cold Coffee,2,120.19,0.05,Wallet
FX206500,06-07-2025,Dev Sharma,East,Spring Roll,7,155.82,0.25,Card
FX205201,2025-10-08,Dev Sharma,East,Fish Curry Meals,4,332.29,0.0,Cash on Delivery
FX205303,21/12/2025,Yash Patel,EAST,Mutton Roll,6,273.42,0.1,Wallet
FX208740,03-14-2025,Kavya Subramanian,west,Mango Lassi,6,107.91,0.0,Cash on Delivery
FX203080,2025-12-10,Saanvi Reddy,SOUTH,Cold Coffee,2,120.19,0.15,Cash on Delivery
FX204262,05-16-2025,Vihaan Rao,EAST,Paneer Butter Masala,8,264.18,0.05,Cash on Delivery
FX202343,20/03/2025,Ishita Bose,West,Filter Coffee,7,58.41,0.15,UPI
FX202198,08/08/2025,Ishita Bose,SOUTH,Chocolate Brownie,6,146.02,0.0,Card
FX205714,24/09/2025,Karthik Raman,East,Gulab Jamun,7,98.01,,Wallet
FX204567,09-15-2025,Rohan Pillai,SOUTH,Mutton Roll,2,276.21,0.0,UPI
FX204436,01-09-2025,Kabir Shah,East,Mango Lassi,8,111.18,,Wallet
FX208836,2025-10-28,Rohan Pillai,south,Green Salad,1,141.78,0.05,Wallet
FX201753,04-14-2025,Ananya Iyer,SOUTH,Chicken Biryani,4,283.22,0.0,Wallet
FX201044,05/03/2025,Yash Patel,North,Veg Biryani,4,221.19,0.25,Card
FX204338,13/10/2025,Kavya Subramanian,West,Filter Coffee,5,60.18,0.0,Wallet
FX208302,2025-08-13,Vihaan Rao,North,Tandoori Chicken,8,440.02,0.0,Card
FX205369,07-20-2025,Ananya Iyer,south,Mutton Roll,2,284.58,0.15,Card
FX206881,2025-04-16,Manish Tiwari,North,Paneer Butter Masala,2,256.41,0.25,Wallet
FX204458,2025-09-21,Lakshmi Prasad,EAST,Butter Naan,8,44.1,0.05,Card
FX200287,23/12/2025,Rahul Sinha,North,Butter Naan,6,45.9,0.0,Cash on Delivery
FX206707,2025-02-19,Kavya Subramanian,East,Chicken Noodles,6,234.22,0.15,Card
FX202326,2025-08-08,Dev Sharma,west,Green Salad,1,136.22,0.25,Wallet
FX203464,19/10/2025,,north,Veg Fried Rice,3,200.99,0.05,Cash on Delivery
FX205320,2025-12-18,Manish Tiwari,East,Chicken Noodles,5,243.78,0.25,Card
FX200947,19/02/2025,Omkar Deshpande,West,Veg Biryani,7,221.19,0.0,Wallet
FX202854,10-31-2025,Rohan Pillai,north,Mutton Roll,7,281.79,0.0,Wallet
FX200918,2025-06-13,Kabir Shah,North,Green Salad,8,141.78,0.25,Card
FX208904,2025-09-03,Manish Tiwari,west,Mutton Roll,2,273.42,0.2,Card
FX201334,15/04/2025,Nisha Gupta,North,Margherita Pizza,3,244.02,,UPI
FX207883,07/03/2025,Ananya Iyer,East,Farmhouse Pizza,7,402.99,0.0,Cash on Delivery
FX204516,2025-03-11,Ananya Iyer,SOUTH,Mutton Roll,3,276.21,0.1,Wallet
FX201399,08-06-2025,Aarav Mehta,North,Mutton Roll,6,276.21,0.15,Card
FX203593,02-11-2025,Riya Kapoor,West,Green Salad,-5,136.22,0.15,Wallet
FX206274,01-05-2025,Diya Nair,North,Filter Coffee,7,59.59,0.0,UPI
FX206817,2025-04-12,Yash Patel,North,Paneer Butter Masala,1,253.82,0.1,UPI
FX208640,28/03/2025,Ishita Bose,East,Chicken Noodles,8,236.61,0.1,UPI
FX201810,26/09/2025,Priya Balaji,west,Filter Coffee,6,60.18,0.1,Wallet
FX204420,2025-08-11,Diya Nair,west,Veg Biryani,3,214.62,0.25,Cash on Delivery
FX208313,2025-11-15,Omkar Deshpande,south,Chocolate Brownie,2,151.98,0.1,Card
FX207947,2025-11-09,Ananya Iyer,west,Gulab Jamun,4,100.98,0.1,Card
FX200378,2025-07-28,Ishita Bose,SOUTH,Cold Coffee,3,117.81,0.0,Wallet
FX208446,18/09/2025,Rohan Pillai,North,Mango Lassi,5,107.91,0.0,Card
FX201512,10-18-2025,Kabir Shah,East,Cold Coffee,5,116.62,0.0,Cash on Delivery
FX201258,2025-05-26,Kavya Subramanian,East,Margherita Pizza,1,249.0,0.0,Cash on Delivery
FX200174,2025-05-09,,North,Chicken Noodles,-5,234.22,0.15,Wallet
FX200937,10-23-2025,Riya Kapoor,EAST,Farmhouse Pizza,1,395.01,0.05,Card
FX200263,20/06/2025,Aarav Mehta,North,Gulab Jamun,5,97.02,0.25,Cash on Delivery
FX204427,2025-11-19,Kavya Subramanian,EAST,Veg Biryani,3,223.38,0.2,Card
FX200996,2025-08-29,Dev Sharma,North,Veg Biryani,3,223.38,0.0,Cash on Delivery
FX208479,20/01/2025,Aarav Mehta,West,Mango Lassi,2,111.18,0.05,Wallet
FX204078,2025-03-16,Nisha Gupta,East,Spring Roll,3,160.59,0.25,UPI
FX204186,22/12/2025,Rohan Pillai,West,Fish Curry Meals,6,325.71,0.0,UPI
FX201128,02-16-2025,Rahul Sinha,north,Idli Sambar,1,90.78,0.05,Card
FX200147,28/04/2025,Riya Kapoor,West,Paneer Butter Masala,5,264.18,0.1,UPI
FX208383,2025-03-22,Yash Patel,North,Mango Lassi,3,111.18,0.0,UPI
FX202282,04-04-2025,Ishita Bose,SOUTH,Farmhouse Pizza,5,402.99,0.05,Cash on Delivery
FX200127,03-06-2025,Dev Sharma,SOUTH,Filter Coffee,5,59.0,0.0,UPI
FX208647,2025-02-05,Kabir Shah,East,Chicken Noodles,1,234.22,0.0,Card
FX205289,2025-03-15,Aarav Mehta,North,Chicken Noodles,6,243.78,0.0,Cash on Delivery
FX207759,11/06/2025,Rahul Sinha,North,Margherita Pizza,-7,244.02,0.1,UPI
FX203967,12/01/2025,,west,Mutton Roll,1,279.0,0.25,UPI
FX206339,2025-09-26,Arjun Verma,EAST,Chocolate Brownie,1,151.98,0.0,Wallet
FX206495,09-23-2025,Priya Balaji,North,Chicken Biryani,7,291.89,0.1,Wallet
FX207685,27/08/2025,Tara Joshi,West,Veg Fried Rice,3,200.99,0.15,UPI
FX207791,02/11/2025,Rahul Sinha,North,Chocolate Brownie,3,146.02,0.05,Card
FX200597,11/04/2025,Yash Patel,West,Gulab Jamun,1,99.99,0.05,Card
FX206547,11/07/2025,Tara Joshi,SOUTH,Veg Fried Rice,6,195.02,0.15,Wallet
FX201586,2025-09-02,Vihaan Rao,West,Gulab Jamun,6,99.99,,Wallet
FX208989,2025-06-17,Nisha Gupta,west,Margherita Pizza,7,251.49,0.0,Wallet
FX200522,07-14-2025,Kavya Subramanian,North,Veg Biryani,5,214.62,0.25,UPI
FX208716,09-11-2025,Diya Nair,East,Veg Fried Rice,2,197.01,0.05,Wallet
FX201579,24/07/2025,Lakshmi Prasad,SOUTH,Green Salad,4,141.78,0.0,UPI
FX201796,2025-11-22,Meera Krishnan,East,Fish Curry Meals,2,332.29,0.0,UPI
FX201381,2025-11-27,Rahul Sinha,East,Butter Naan,3,45.45,0.0,Wallet
FX200955,2025-06-18,Lakshmi Prasad,West,Spring Roll,8,160.59,0.05,Card
FX206408,20/03/2025,Tara Joshi,south,Chocolate Brownie,3,149.0,0.15,Cash on Delivery
FX205205,05-24-2025,Priya Balaji,EAST,Filter Coffee,8,60.18,0.0,Cash on Delivery
FX203567,06-05-2025,Omkar Deshpande,west,Paneer Butter Masala,2,264.18,,Card
FX207839,2025-09-23,Dev Sharma,North,Filter Coffee,8,58.41,0.15,Card
FX202624,18/04/2025,Diya Nair,west,Tandoori Chicken,3,457.98,0.15,UPI
FX200097,2025-03-08,Omkar Deshpande,East,Veg Fried Rice,3,197.01,0.0,UPI
FX201563,2025-03-05,Ishita Bose,SOUTH,Margherita Pizza,8,253.98,0.15,Cash on Delivery
FX200716,01-12-2025,Riya Kapoor,north,Paneer Butter Masala,4,253.82,0.1,Wallet
FX208810,2025-06-02,,west,Filter Coffee,8,60.18,0.1,Cash on Delivery
FX205194,05-20-2025,Meera Krishnan,North,Mango Lassi,2,107.91,0.0,Cash on Delivery
FX202347,31/05/2025,Sneha Varma,west,Tandoori Chicken,1,444.51,0.15,Cash on Delivery
FX203603,2025-09-15,Manish Tiwari,south,Mango Lassi,5,111.18,0.0,Cash on Delivery
FX200270,10/07/2025,Sneha Varma,SOUTH,Masala Dosa,5,131.58,0.1,Wallet
FX202269,2025-03-13,Nikhil Menon,North,Veg Fried Rice,2,199.0,0.1,Card
FX204502,12-30-2025,Aditya Ghosh,west,Tandoori Chicken,5,440.02,0.0,UPI
FX200233,2025-03-20,Ananya Iyer,SOUTH,Mutton Roll,2,276.21,0.25,Cash on Delivery
FX208454,27/03/2025,,North,Fish Curry Meals,1,329.0,0.25,Cash on Delivery
FX201482,14/10/2025,Yash Patel,North,Veg Biryani,5,219.0,0.2,Wallet
FX208318,30/04/2025,Nisha Gupta,East,Cold Coffee,1,117.81,,UPI
FX206919,26/12/2025,Omkar Deshpande,west,Cold Coffee,4,120.19,0.05,Cash on Delivery
FX204739,2025-06-07,Yash Patel,west,Chicken Noodles,3,239.0,0.0,Cash on Delivery
FX201197,2025-09-16,Tara Joshi,West,Spring Roll,3,155.82,0.0,Cash on Delivery
FX206959,13/09/2025,Saanvi Reddy,East,Fish Curry Meals,8,322.42,,UPI
FX205343,16/07/2025,Nikhil Menon,West,Cold Coffee,6,116.62,0.1,UPI
FX207819,16/03/2025,Nikhil Menon,East,Masala Dosa,5,127.71,0.05,Wallet
FX203886,2025-09-29,Yash Patel,SOUTH,Filter Coffee,6,57.82,0.0,Card
FX202856,2025-08-19,Dev Sharma,EAST,Fish Curry Meals,6,335.58,0.0,UPI
FX208409,2025-11-10,Yash Patel,north,Veg Fried Rice,1,197.01,0.1,UPI
FX200553,05-05-2025,Nisha Gupta,East,Farmhouse Pizza,7,399.0,0.0,UPI
FX208097,2025-07-23,Rahul Sinha,south,Butter Naan,7,44.1,0.1,Cash on Delivery
FX201134,04-27-2025,,EAST,Farmhouse Pizza,1,406.98,,Card
FX200744,10/10/2025,Arjun Verma,north,Mango Lassi,2,110.09,0.0,Wallet
FX203707,07-15-2025,Kavya Subramanian,north,Idli Sambar,4,89.0,0.1,Card
FX208851,2025-06-16,Sneha Varma,north,Filter Coffee,4,57.82,0.25,Card
FX208522,2025-08-20,Kabir Shah,North,Gulab Jamun,1,97.02,0.25,Cash on Delivery
FX200396,09-05-2025,Riya Kapoor,south,Masala Dosa,5,131.58,0.05,Card
FX207103,26/04/2025,Manish Tiwari,south,Butter Naan,3,44.1,0.0,UPI
FX204709,30/08/2025,Kavya Subramanian,west,Gulab Jamun,3,100.98,0.0,Cash on Delivery
FX205232,2025-10-16,Kabir Shah,south,Chicken Biryani,1,294.78,0.2,UPI
FX203977,06-25-2025,Dev Sharma,North,Butter Naan,3,45.45,0.1,Cash on Delivery
FX208126,02/09/2025,Karthik Raman,North,Fish Curry Meals,3,325.71,0.2,UPI
FX202887,04-13-2025,Lakshmi Prasad,North,Farmhouse Pizza,4,395.01,0.05,Card
FX202721,02/05/2025,Lakshmi Prasad,West,Filter Coffee,6,60.18,0.0,Cash on Delivery
FX202863,2025-12-14,Rahul Sinha,north,Chicken Noodles,8,243.78,0.0,UPI
FX208002,2025-12-22,Saanvi Reddy,north,Butter Naan,4,44.1,0.0,Wallet
FX200357,29/01/2025,Meera Krishnan,south,Fish Curry Meals,3,332.29,0.0,Card
FX207893,06-20-2025,Kabir Shah,EAST,Masala Dosa,2,131.58,0.0,Wallet
FX202968,03/02/2025,Vihaan Rao,north,Spring Roll,1,159.0,0.0,Wallet
FX201882,07-12-2025,Yash Patel,south,Masala Dosa,8,127.71,0.2,Card
FX208015,13/05/2025,Manish Tiwari,West,Chocolate Brownie,8,147.51,0.2,Cash on Delivery
FX206396,2025-06-12,Karthik Raman,North,Chocolate Brownie,1,150.49,0.1,UPI
FX203991,03-24-2025,Vihaan Rao,East,Green Salad,3,140.39,0.05,Card
FX201839,2025-08-28,Aarav Mehta,west,Chicken Noodles,1,243.78,0.05,Wallet
FX200191,2025-11-06,Ishita Bose,south,Margherita Pizza,8,244.02,0.2,Cash on Delivery
FX202771,08-20-2025,,north,Spring Roll,8,160.59,0.05,Cash on Delivery
FX205683,05/01/2025,Karthik Raman,west,Idli Sambar,6,88.11,0.25,UPI
FX201042,2025-12-03,Nisha Gupta,SOUTH,Farmhouse Pizza,6,395.01,0.0,UPI
FX202125,2025-02-20,Meera Krishnan,North,Masala Dosa,2,130.29,0.1,Card
FX208834,03/06/2025,Karthik Raman,EAST,Tandoori Chicken,6,449.0,0.2,UPI
FX203252,02-02-2025,Diya Nair,East,Cold Coffee,8,117.81,0.0,Cash on Delivery
FX203263,2025-11-28,Nisha Gupta,south,Gulab Jamun,8,98.01,0.0,Wallet
FX206308,2025-11-23,Sneha Varma,EAST,Mutton Roll,8,273.42,0.15,Wallet
FX206608,2025-02-11,Sneha Varma,north,Fish Curry Meals,3,332.29,0.1,Card
FX200745,2025-04-24,Rahul Sinha,EAST,Green Salad,5,141.78,0.2,Card
FX202573,17/07/2025,Arjun Verma,East,Butter Naan,7,45.45,0.25,Card
FX205957,2025-10-14,Kabir Shah,SOUTH,Butter Naan,2,44.55,0.0,Cash on Delivery
FX207627,19/01/2025,Meera Krishnan,EAST,Gulab Jamun,8,97.02,0.0,Wallet
FX204160,01-06-2025,Rahul Sinha,East,Spring Roll,7,157.41,0.15,Wallet
FX200175,2025-01-18,Lakshmi Prasad,EAST,Chocolate Brownie,8,151.98,0.0,Wallet
FX201595,2025-10-10,Aarav Mehta,North,Margherita Pizza,3,253.98,0.0,UPI
FX204187,18/02/2025,Kavya Subramanian,west,Green Salad,6,139.0,0.1,UPI
FX201014,09/03/2025,Priya Balaji,south,Spring Roll,3,159.0,0.0,UPI
FX203467,2025-09-05,Riya Kapoor,west,Gulab Jamun,5,100.98,0.05,Wallet
FX207975,18/04/2025,Diya Nair,north,Veg Fried Rice,2,197.01,0.05,UPI
FX206215,01/09/2025,Vihaan Rao,north,Filter Coffee,3,59.59,0.0,Wallet
FX201535,2025-02-14,Rohan Pillai,north,Chicken Biryani,5,289.0,0.25,Wallet
FX200393,2025-06-29,Aarav Mehta,West,Chicken Noodles,7,239.0,0.25,Wallet
FX200293,30/10/2025,Lakshmi Prasad,East,Fish Curry Meals,4,335.58,0.0,Card
FX201618,02-17-2025,Nikhil Menon,East,Idli Sambar,1,90.78,0.0,Card
FX207346,06/11/2025,Diya Nair,East,Mango Lassi,5,107.91,0.0,Wallet
FX208514,2025-05-04,Nisha Gupta,west,Tandoori Chicken,4,453.49,0.0,Card
FX207176,2025-06-25,Ishita Bose,SOUTH,Tandoori Chicken,4,457.98,0.1,Card
FX207989,07-02-2025,Aditya Ghosh,south,Tandoori Chicken,7,449.0,0.05,Cash on Delivery
FX206148,2025-01-05,Aditya Ghosh,West,Paneer Butter Masala,5,259.0,0.15,Cash on Delivery
FX204147,2025-07-19,Sneha Varma,north,Idli Sambar,8,89.0,0.1,Card
FX207102,2025-09-20,Riya Kapoor,North,Spring Roll,2,160.59,0.1,Cash on Delivery
FX204134,11/05/2025,Manish Tiwari,SOUTH,Chicken Biryani,7,294.78,0.05,Wallet
FX201201,2025-01-26,,west,Margherita Pizza,2,253.98,0.25,UPI
FX200151,30/12/2025,Arjun Verma,south,Cold Coffee,1,120.19,0.0,Card
FX204343,2025-08-08,Saanvi Reddy,North,Butter Naan,8,45.9,0.25,Wallet
FX208359,26/12/2025,Aarav Mehta,north,Idli Sambar,4,88.11,0.2,UPI
FX207109,09-13-2025,Nisha Gupta,EAST,Spring Roll,6,157.41,0.1,Cash on Delivery
FX206459,06-20-2025,Manish Tiwari,West,Filter Coffee,6,60.18,0.05,Cash on Delivery
FX203215,09-08-2025,Ananya Iyer,west,Tandoori Chicken,4,453.49,0.0,Wallet
FX205821,2025-08-16,Ananya Iyer,North,Paneer Butter Masala,2,264.18,0.0,Card
FX205612,07-24-2025,Ishita Bose,SOUTH,Paneer Butter Masala,1,256.41,0.2,UPI
FX202378,11/05/2025,Lakshmi Prasad,north,Veg Biryani,3,214.62,0.0,UPI
FX203311,2025-05-28,Rahul Sinha,North,Tandoori Chicken,5,449.0,0.0,Card
FX206105,2025-01-14,Aarav Mehta,SOUTH,Butter Naan,5,45.45,0.0,Card
FX203260,16/03/2025,Nisha Gupta,West,Mutton Roll,7,273.42,0.05,Cash on Delivery
FX207872,09/11/2025,Omkar Deshpande,south,Chocolate Brownie,6,151.98,0.1,Card
FX200815,13/07/2025,,south,Margherita Pizza,5,246.51,0.25,Card
FX208765,04-20-2025,,north,Chicken Noodles,5,243.78,0.0,UPI
FX204178,03/03/2025,Nisha Gupta,west,Mango Lassi,1,110.09,0.05,Wallet
FX204387,2025-01-14,Priya Balaji,south,Farmhouse Pizza,2,391.02,0.1,Card
FX205309,12-16-2025,,SOUTH,Cold Coffee,2,117.81,0.05,Card
FX200805,05-06-2025,Manish Tiwari,south,Cold Coffee,2,121.38,0.15,Card
FX205462,18/02/2025,Kavya Subramanian,North,Chocolate Brownie,7,149.0,,UPI
FX208235,02-03-2025,Priya Balaji,EAST,Filter Coffee,5,59.0,0.0,Cash on Delivery
FX201425,17/12/2025,Karthik Raman,south,Gulab Jamun,3,97.02,0.2,Cash on Delivery
FX202672,2025-06-01,Rahul Sinha,EAST,Veg Fried Rice,5,197.01,,Card
FX200829,2025-11-18,Riya Kapoor,SOUTH,Mutton Roll,3,284.58,,Card
FX206235,2025-01-29,Aditya Ghosh,south,Chicken Biryani,2,291.89,0.0,Cash on Delivery
FX204723,09-02-2025,Sneha Varma,North,Chicken Biryani,2,294.78,0.0,Wallet
FX200138,2025-03-04,Rohan Pillai,south,Green Salad,2,137.61,0.0,Cash on Delivery
FX201701,2025-10-15,Diya Nair,West,Margherita Pizza,8,244.02,0.2,Wallet
FX203780,03-29-2025,,East,Margherita Pizza,2,244.02,0.0,Wallet
FX204861,03/04/2025,Lakshmi Prasad,west,Paneer Butter Masala,3,259.0,0.1,Cash on Delivery
FX202625,2025-10-11,Sneha Varma,EAST,Paneer Butter Masala,1,256.41,0.15,Cash on Delivery
FX205057,04-09-2025,Aarav Mehta,West,Green Salad,2,141.78,0.2,Cash on Delivery
FX202160,05-06-2025,Karthik Raman,West,Chocolate Brownie,4,147.51,0.0,Cash on Delivery
FX203255,2025-03-01,Arjun Verma,West,Mango Lassi,4,106.82,0.1,UPI
FX205771,10-22-2025,Ananya Iyer,south,Cold Coffee,7,119.0,0.0,Wallet
FX205408,2025-12-04,Sneha Varma,West,Gulab Jamun,8,97.02,0.0,Card
FX205352,2025-03-05,Riya Kapoor,west,Tandoori Chicken,2,453.49,0.1,UPI
FX202268,12/09/2025,Aditya Ghosh,SOUTH,Masala Dosa,4,131.58,0.1,Card
FX207358,08-16-2025,Vihaan Rao,North,Margherita Pizza,1,251.49,0.05,UPI
FX202038,2025-07-04,Nikhil Menon,North,Tandoori Chicken,-1,449.0,0.15,Wallet
FX206139,21/10/2025,Diya Nair,west,Butter Naan,4,44.55,0.25,Wallet
FX203284,10-11-2025,Rahul Sinha,SOUTH,Veg Fried Rice,5,200.99,0.15,Cash on Delivery
FX204969,2025-09-06,Saanvi Reddy,EAST,Chicken Noodles,5,236.61,0.1,Wallet
FX207921,10/08/2025,Aarav Mehta,SOUTH,Fish Curry Meals,1,329.0,0.25,Wallet
FX204637,11-02-2025,Dev Sharma,south,Fish Curry Meals,1,332.29,0.15,Cash on Delivery
FX201223,03-19-2025,Lakshmi Prasad,north,Tandoori Chicken,7,449.0,,Cash on Delivery
FX201721,2025-05-25,Kabir Shah,west,Tandoori Chicken,1,453.49,0.1,Wallet
FX201649,11/07/2025,Meera Krishnan,EAST,Chocolate Brownie,8,150.49,0.15,Wallet
FX204483,2025-01-03,Aarav Mehta,south,Tandoori Chicken,4,457.98,0.0,Cash on Delivery
FX205228,2025-09-04,Kavya Subramanian,west,Mango Lassi,6,107.91,0.1,Wallet
FX200830,09/12/2025,Arjun Verma,south,Butter Naan,1,45.0,0.0,Cash on Delivery
FX205958,2025-05-12,Yash Patel,south,Mutton Roll,2,273.42,0.0,Wallet
FX206666,03-02-2025,Ishita Bose,East,Fish Curry Meals,6,322.42,0.2,Wallet
FX206542,24/08/2025,Riya Kapoor,EAST,Veg Fried Rice,4,202.98,0.25,Cash on Delivery
FX201856,21/04/2025,Kavya Subramanian,west,Chocolate Brownie,5,149.0,0.0,Wallet
FX204495,2025-01-01,Rohan Pillai,SOUTH,Cold Coffee,6,117.81,0.1,Wallet
FX207775,10-27-2025,Arjun Verma,EAST,Farmhouse Pizza,6,399.0,0.0,Wallet
FX206999,19/11/2025,Nikhil Menon,North,Margherita Pizza,8,246.51,0.0,Wallet
FX207909,03/12/2025,Diya Nair,EAST,Butter Naan,1,45.45,0.1,UPI
FX204105,2025-06-08,Aditya Ghosh,north,Spring Roll,8,159.0,0.0,Wallet
FX201539,04/03/2025,Kabir Shah,SOUTH,Masala Dosa,5,127.71,0.2,Wallet
FX203697,2025-07-01,Lakshmi Prasad,East,Spring Roll,5,160.59,0.2,Cash on Delivery
FX201720,10/05/2025,Meera Krishnan,north,Farmhouse Pizza,3,402.99,0.25,Card
FX205291,06-05-2025,Manish Tiwari,SOUTH,Green Salad,6,141.78,0.0,Card
FX202035,2025-07-08,Vihaan Rao,SOUTH,Farmhouse Pizza,4,406.98,,Wallet
FX205371,08-15-2025,Nikhil Menon,North,Veg Fried Rice,7,200.99,0.1,Wallet
FX208380,07-03-2025,Ishita Bose,south,Mutton Roll,1,281.79,0.25,Card
FX202952,01/05/2025,Karthik Raman,north,Tandoori Chicken,3,457.98,0.05,Wallet
FX202671,06-26-2025,Dev Sharma,North,Margherita Pizza,5,253.98,0.2,Cash on Delivery
FX204230,10-14-2025,Manish Tiwari,East,Tandoori Chicken,6,440.02,0.0,Card
FX203106,16/01/2025,Manish Tiwari,west,Chocolate Brownie,6,149.0,0.1,Wallet
FX207065,2025-01-22,Aarav Mehta,West,Chocolate Brownie,1,150.49,0.25,Wallet
FX204247,2025-08-10,Rohan Pillai,North,Gulab Jamun,2,99.99,0.15,Cash on Delivery
FX204713,04-09-2025,Aditya Ghosh,West,Mutton Roll,1,281.79,0.0,Card
FX202811,03-23-2025,Kavya Subramanian,SOUTH,Veg Fried Rice,5,200.99,0.2,Card
FX204798,06/05/2025,Aditya Ghosh,west,Margherita Pizza,4,251.49,0.2,Card
FX208076,2025-03-21,Ananya Iyer,EAST,Paneer Butter Masala,8,256.41,0.25,Card
FX207684,2025-11-10,Omkar Deshpande,EAST,Farmhouse Pizza,1,395.01,,Card
FX202560,12-31-2025,Sneha Varma,west,Chocolate Brownie,8,150.49,0.25,Card
FX202873,2025-06-19,Kabir Shah,EAST,Idli Sambar,6,89.89,,Wallet
FX203207,02/09/2025,Sneha Varma,West,Filter Coffee,1,59.59,0.2,Wallet
FX202153,26/12/2025,Karthik Raman,East,Chocolate Brownie,3,147.51,0.0,UPI
FX202327,15/12/2025,Rahul Sinha,west,Cold Coffee,2,119.0,0.2,Card
FX206586,06/07/2025,Nisha Gupta,East,Filter Coffee,1,58.41,0.25,Card
FX205689,2025-07-05,Ananya Iyer,north,Cold Coffee,6,117.81,0.05,UPI
FX201592,16/05/2025,Saanvi Reddy,SOUTH,Veg Fried Rice,1,199.0,0.2,Wallet
FX205097,2025-08-22,Rahul Sinha,west,Mutton Roll,5,281.79,0.05,Cash on Delivery
FX203589,2025-02-01,Ishita Bose,North,Chocolate Brownie,3,146.02,0.2,Card
FX201712,2025-11-02,Kavya Subramanian,EAST,Butter Naan,7,44.1,0.0,UPI
FX208689,24/10/2025,Nikhil Menon,North,Chicken Noodles,1,236.61,0.15,UPI
FX201007,2025-04-15,Omkar Deshpande,West,Filter Coffee,7,59.0,,Card
FX205286,11-06-2025,Riya Kapoor,SOUTH,Spring Roll,6,155.82,0.2,UPI
FX204751,20/02/2025,Saanvi Reddy,west,Tandoori Chicken,5,449.0,0.25,Card
FX201151,13/08/2025,Omkar Deshpande,West,Farmhouse Pizza,6,399.0,,Wallet
FX203490,09-15-2025,Aarav Mehta,East,Idli Sambar,5,88.11,0.05,Wallet
FX201406,07-14-2025,Tara Joshi,East,Spring Roll,6,157.41,0.05,Card
FX202589,2025-07-13,Priya Balaji,North,Chicken Noodles,3,239.0,0.25,Card
FX203136,29/12/2025,Vihaan Rao,south,Veg Fried Rice,1,199.0,0.0,UPI
FX200893,23/06/2025,Aarav Mehta,south,Chocolate Brownie,3,149.0,0.25,Cash on Delivery
FX206424,2025-04-20,Dev Sharma,north,Farmhouse Pizza,5,399.0,0.2,UPI
FX205739,26/06/2025,Rahul Sinha,SOUTH,Filter Coffee,7,60.18,0.0,Cash on Delivery
FX208416,24/06/2025,Ishita Bose,north,Masala Dosa,8,126.42,0.0,Cash on Delivery
FX204138,2025-09-18,Karthik Raman,north,Masala Dosa,4,131.58,0.0,UPI
FX202302,2025-03-06,Aarav Mehta,south,Veg Fried Rice,6,200.99,0.2,Cash on Delivery
FX203836,18/10/2025,,East,Chicken Noodles,1,243.78,0.0,Card
FX203366,2025-03-02,Aditya Ghosh,West,Mutton Roll,6,281.79,0.25,Card
FX208925,31/07/2025,Aarav Mehta,SOUTH,Spring Roll,1,162.18,0.0,Wallet
FX203926,2025-11-08,Aarav Mehta,EAST,Spring Roll,6,162.18,0.0,Wallet
FX206400,2025-02-03,Vihaan Rao,EAST,Idli Sambar,1,89.89,0.1,UPI
FX202988,2025-07-08,Meera Krishnan,East,Chocolate Brownie,6,149.0,0.1,Card
FX207361,06-07-2025,Kabir Shah,south,Fish Curry Meals,2,325.71,0.1,UPI
FX200525,2025-03-10,Priya Balaji,North,Chicken Biryani,1,294.78,0.25,Card
FX201055,2025-08-07,,East,Cold Coffee,8,121.38,0.2,UPI
FX201812,2025-04-22,Priya Balaji,North,Fish Curry Meals,8,335.58,0.0,UPI
FX201624,2025-01-13,Aditya Ghosh,north,Chocolate Brownie,4,150.49,0.1,Cash on Delivery
FX206168,21/03/2025,Tara Joshi,East,Gulab Jamun,5,98.01,0.05,Card
FX206435,17/01/2025,Omkar Deshpande,west,Idli Sambar,7,90.78,0.0,Cash on Delivery
FX204251,2025-06-22,Meera Krishnan,EAST,Veg Fried Rice,5,195.02,0.25,Wallet
FX208139,09-27-2025,Riya Kapoor,north,Tandoori Chicken,3,453.49,0.15,Cash on Delivery
FX208976,2025-11-22,Nikhil Menon,East,Chicken Noodles,8,243.78,0.0,Wallet
FX204572,2025-10-15,Rahul Sinha,west,Veg Fried Rice,5,199.0,0.25,Wallet
FX206046,12/05/2025,Diya Nair,SOUTH,Butter Naan,6,45.0,,UPI
FX204183,2025-05-16,Saanvi Reddy,SOUTH,Green Salad,8,136.22,0.2,Card
FX200491,09-13-2025,Ananya Iyer,North,Mutton Roll,2,281.79,0.15,Card
FX204169,2025-07-30,Aarav Mehta,EAST,Chocolate Brownie,5,149.0,0.0,UPI
FX205325,10-10-2025,Aditya Ghosh,North,Mango Lassi,2,110.09,0.15,UPI
FX203478,19/07/2025,Riya Kapoor,west,Spring Roll,2,160.59,0.1,Card
FX208729,06-01-2025,Nikhil Menon,EAST,Chicken Biryani,2,291.89,0.15,Card
FX208587,10/04/2025,Rohan Pillai,west,Paneer Butter Masala,2,259.0,,Cash on Delivery
FX202298,27/04/2025,Diya Nair,West,Cold Coffee,1,119.0,0.0,Wallet
FX207285,06-06-2025,Riya Kapoor,West,Tandoori Chicken,8,457.98,0.05,Wallet
FX204844,2025-06-26,Aarav Mehta,south,Chicken Biryani,8,291.89,0.15,Cash on Delivery
FX206673,27/11/2025,Manish Tiwari,North,Veg Fried Rice,1,199.0,0.0,Wallet
FX208480,2025-07-14,Karthik Raman,west,Tandoori Chicken,6,453.49,0.0,Cash on Delivery
FX202957,27/03/2025,Rohan Pillai,North,Paneer Butter Masala,2,264.18,0.15,Card
FX203501,20/06/2025,Rohan Pillai,north,Farmhouse Pizza,1,391.02,0.0,Card
FX201252,09/08/2025,Dev Sharma,West,Filter Coffee,2,58.41,0.0,Card
FX200334,07-18-2025,,East,Butter Naan,7,45.45,0.05,Wallet
FX201613,2025-09-27,Lakshmi Prasad,East,Chicken Biryani,5,286.11,0.05,Card
FX205753,30/11/2025,Vihaan Rao,EAST,Chocolate Brownie,2,150.49,0.2,Card
FX206159,14/05/2025,Priya Balaji,East,Gulab Jamun,4,98.01,0.25,Cash on Delivery
FX204505,2025-06-18,Vihaan Rao,north,Veg Biryani,5,223.38,0.2,UPI
FX200135,05-19-2025,Arjun Verma,west,Mango Lassi,3,106.82,0.0,Wallet
FX201494,05-01-2025,Diya Nair,East,Veg Biryani,5,221.19,0.2,Wallet
FX208560,2025-04-28,Lakshmi Prasad,north,Green Salad,1,139.0,0.2,Wallet
FX204394,2025-08-23,Priya Balaji,south,Gulab Jamun,3,99.0,0.25,UPI
FX201439,2025-04-30,Ananya Iyer,SOUTH,Fish Curry Meals,7,332.29,0.1,UPI
FX200903,2025-04-02,Nikhil Menon,west,Butter Naan,4,45.0,0.2,UPI
FX201518,04-30-2025,Tara Joshi,north,Chocolate Brownie,3,147.51,0.25,UPI
FX201429,2025-05-06,Meera Krishnan,EAST,Masala Dosa,2,129.0,0.0,Cash on Delivery
FX203261,05-28-2025,Arjun Verma,SOUTH,Butter Naan,3,45.0,0.2,Card
FX203781,2025-08-07,Lakshmi Prasad,East,Chocolate Brownie,2,149.0,0.05,Cash on Delivery
FX201178,08-29-2025,Kabir Shah,EAST,Idli Sambar,6,89.89,0.15,UPI
FX204384,04-01-2025,Manish Tiwari,north,Mango Lassi,1,106.82,0.05,Wallet
FX208662,25/07/2025,Ishita Bose,SOUTH,Chocolate Brownie,4,149.0,0.0,Card
FX205874,12-21-2025,Sneha Varma,SOUTH,Margherita Pizza,4,249.0,0.2,Wallet
FX207749,09/07/2025,Vihaan Rao,North,Masala Dosa,6,126.42,0.0,Wallet
FX205295,2025-05-02,Ananya Iyer,North,Chocolate Brownie,6,146.02,0.1,UPI
FX203217,27/07/2025,Diya Nair,North,Filter Coffee,7,59.59,0.2,UPI
FX202241,07/10/2025,Manish Tiwari,West,Tandoori Chicken,4,440.02,0.25,Cash on Delivery
FX205001,12/06/2025,Omkar Deshpande,EAST,Farmhouse Pizza,2,399.0,0.15,Card
FX207012,23/03/2025,Meera Krishnan,East,Veg Fried Rice,3,195.02,0.15,UPI
FX208654,2025-12-11,Priya Balaji,North,Veg Biryani,2,216.81,0.05,Wallet
FX201902,08-16-2025,Arjun Verma,West,Butter Naan,1,44.55,0.1,UPI
FX201687,2025-07-29,Nikhil Menon,West,Chicken Biryani,3,283.22,,Card
FX200074,09/03/2025,Sneha Varma,west,Mango Lassi,6,107.91,0.15,Wallet
FX200755,2025-05-24,Vihaan Rao,North,Chicken Noodles,1,243.78,0.05,UPI
FX207652,2025-11-25,,EAST,Fish Curry Meals,5,325.71,0.1,Wallet
FX203135,07/03/2025,Lakshmi Prasad,West,Spring Roll,3,160.59,0.15,Card
FX203242,2025-10-24,Omkar Deshpande,East,Veg Fried Rice,2,197.01,0.15,Cash on Delivery
FX200768,04/08/2025,Kavya Subramanian,north,Butter Naan,1,45.45,0.1,Card
FX200598,2025-08-22,Ananya Iyer,west,Veg Biryani,2,223.38,0.15,Card
FX206003,2025-12-27,Dev Sharma,East,Spring Roll,7,155.82,,UPI
FX206490,2025-12-26,Aarav Mehta,West,Margherita Pizza,2,246.51,0.0,Cash on Delivery
FX203495,2025-06-01,Diya Nair,East,Chicken Biryani,5,289.0,0.25,UPI
FX203164,2025-01-05,Kavya Subramanian,West,Margherita Pizza,6,244.02,0.25,Wallet
FX204036,05-25-2025,Nikhil Menon,West,Mutton Roll,8,279.0,0.25,Card
FX208252,05-06-2025,Rohan Pillai,north,Chocolate Brownie,4,146.02,0.0,UPI
FX205706,09/11/2025,Riya Kapoor,SOUTH,Butter Naan,5,45.45,0.2,Card
FX208793,2025-09-28,Rohan Pillai,SOUTH,Paneer Butter Masala,8,256.41,0.0,Cash on Delivery
FX206773,2025-10-10,Dev Sharma,East,Fish Curry Meals,6,322.42,,Wallet
FX208579,2025-06-12,Yash Patel,North,Green Salad,4,139.0,0.15,Card
FX206516,2025-10-28,Yash Patel,East,Idli Sambar,6,90.78,0.1,Wallet
FX208505,06-23-2025,Omkar Deshpande,EAST,Margherita Pizza,3,244.02,0.05,Wallet
FX207680,16/04/2025,Nisha Gupta,East,Farmhouse Pizza,7,395.01,0.0,Cash on Delivery
FX208134,07-03-2025,Ananya Iyer,south,Idli Sambar,7,89.0,0.0,UPI
FX200995,06-02-2025,Priya Balaji,North,Farmhouse Pizza,4,406.98,0.2,Cash on Delivery
FX200810,28/10/2025,Arjun Verma,SOUTH,Chocolate Brownie,1,150.49,0.15,Wallet
FX203890,2025-03-17,Manish Tiwari,East,Idli Sambar,6,90.78,0.25,Card
FX206076,12-02-2025,Vihaan Rao,East,Veg Fried Rice,7,195.02,0.0,Wallet
FX202757,28/05/2025,Rohan Pillai,west,Chocolate Brownie,2,150.49,0.0,Wallet
FX200651,04-03-2025,Aarav Mehta,SOUTH,Veg Fried Rice,5,195.02,0.15,Wallet
FX207198,22/07/2025,Riya Kapoor,North,Filter Coffee,1,57.82,0.0,Card
FX208811,09-18-2025,Aarav Mehta,SOUTH,Veg Biryani,1,214.62,0.15,Card
FX200503,16/12/2025,Rohan Pillai,west,Masala Dosa,2,131.58,0.15,UPI
FX207666,08-01-2025,Kavya Subramanian,East,Veg Biryani,8,221.19,0.1,Cash on Delivery
FX200921,28/06/2025,Arjun Verma,west,Margherita Pizza,5,253.98,0.0,Card
FX206175,2025-12-15,Lakshmi Prasad,north,Paneer Butter Masala,6,256.41,0.0,Cash on Delivery
FX200637,2025-10-05,Meera Krishnan,North,Veg Fried Rice,8,202.98,,Card
FX208686,2025-12-23,Meera Krishnan,North,Cold Coffee,6,119.0,0.05,UPI
FX205442,11-12-2025,Aditya Ghosh,south,Filter Coffee,4,58.41,0.0,UPI
FX201414,13/07/2025,Ananya Iyer,EAST,Butter Naan,3,45.45,0.15,Card
FX202210,2025-04-01,Yash Patel,North,Veg Fried Rice,1,202.98,0.0,Cash on Delivery
FX208727,2025-09-18,Kabir Shah,EAST,Cold Coffee,1,120.19,0.15,Cash on Delivery
FX207112,2025-11-18,Ananya Iyer,East,Spring Roll,5,160.59,0.0,Cash on Delivery
FX202516,2025-11-07,Dev Sharma,North,Veg Fried Rice,5,200.99,0.2,Wallet
FX206320,2025-12-14,Tara Joshi,north,Masala Dosa,8,130.29,0.1,Cash on Delivery
FX204931,2025-08-19,Meera Krishnan,SOUTH,Idli Sambar,5,89.89,0.15,Card
FX204283,03-23-2025,Vihaan Rao,north,Veg Fried Rice,1,200.99,0.0,Wallet
FX203825,2025-07-03,Tara Joshi,south,Tandoori Chicken,1,457.98,0.0,Wallet
FX200604,2025-07-23,Meera Krishnan,EAST,Veg Fried Rice,4,200.99,,Cash on Delivery
FX202116,25/02/2025,Lakshmi Prasad,West,Cold Coffee,4,120.19,0.0,Wallet
FX208440,2025-12-07,Tara Joshi,south,Masala Dosa,2,129.0,0.05,Card
FX207722,2025-06-01,Aarav Mehta,north,Green Salad,6,139.0,0.15,Cash on Delivery
FX208694,11/07/2025,Omkar Deshpande,west,Masala Dosa,4,129.0,0.2,UPI
FX203092,15/09/2025,Nikhil Menon,south,Margherita Pizza,7,251.49,0.15,Cash on Delivery
FX204521,2025-03-20,Priya Balaji,north,Butter Naan,3,45.45,0.1,Cash on Delivery
FX207871,2025-01-23,Manish Tiwari,west,Masala Dosa,8,131.58,0.0,Cash on Delivery
FX207884,2025-06-29,Manish Tiwari,south,Idli Sambar,5,90.78,0.25,Cash on Delivery
FX200448,2025-04-14,Arjun Verma,SOUTH,Filter Coffee,7,60.18,0.0,Wallet
FX203425,10-22-2025,Omkar Deshpande,SOUTH,Tandoori Chicken,6,444.51,0.1,UPI
FX205225,2025-11-21,Arjun Verma,north,Cold Coffee,7,116.62,0.25,Card
FX204288,09-29-2025,Ananya Iyer,north,Margherita Pizza,6,253.98,,Wallet
FX200961,04/10/2025,Nikhil Menon,SOUTH,Chicken Noodles,4,243.78,0.05,Wallet
FX208717,2025-05-28,Ishita Bose,west,Tandoori Chicken,3,444.51,0.05,UPI
FX200972,2025-03-03,Kabir Shah,SOUTH,Spring Roll,7,162.18,0.2,UPI
FX201240,07-31-2025,Sneha Varma,SOUTH,Chocolate Brownie,3,147.51,0.0,Wallet
FX200424,2025-08-17,Kavya Subramanian,EAST,Fish Curry Meals,7,325.71,0.2,Wallet
FX202626,2025-10-06,Kabir Shah,north,Veg Biryani,4,221.19,0.2,Card
FX205626,12/12/2025,Kabir Shah,North,Gulab Jamun,1,97.02,0.05,Cash on Delivery
FX202812,01-15-2025,Karthik Raman,East,Idli Sambar,1,88.11,0.15,Card
FX206883,02-18-2025,Manish Tiwari,North,Spring Roll,6,162.18,0.0,Card
FX203613,2025-04-20,Kavya Subramanian,SOUTH,Spring Roll,1,159.0,0.05,Card
FX204234,2025-04-30,Tara Joshi,west,Chicken Biryani,-4,283.22,0.0,Wallet
FX204035,16/03/2025,Meera Krishnan,North,Masala Dosa,6,130.29,0.25,UPI
FX202783,2025-08-21,Rahul Sinha,North,Paneer Butter Masala,3,264.18,0.05,Cash on Delivery
FX204559,2025-11-25,Riya Kapoor,West,Farmhouse Pizza,6,395.01,0.05,Cash on Delivery
FX208508,20/10/2025,Rohan Pillai,North,Chicken Biryani,5,286.11,0.15,Wallet
FX201184,05-29-2025,Ishita Bose,south,Veg Fried Rice,1,197.01,0.2,Cash on Delivery
FX202435,2025-02-11,Dev Sharma,EAST,Chicken Noodles,-1,236.61,,UPI
FX200235,2025-08-12,Ananya Iyer,SOUTH,Cold Coffee,2,119.0,0.0,Cash on Delivery
FX202368,06-21-2025,Meera Krishnan,East,Filter Coffee,1,59.59,0.15,Cash on Delivery
FX206129,31/07/2025,Lakshmi Prasad,SOUTH,Filter Coffee,2,60.18,0.05,Wallet
FX203004,2025-04-11,Nisha Gupta,north,Fish Curry Meals,3,332.29,0.0,Card
FX204864,2025-05-12,Priya Balaji,EAST,Idli Sambar,1,90.78,0.2,Card
FX207713,2025-02-23,Vihaan Rao,south,Green Salad,1,137.61,0.0,Card
FX203596,2025-07-18,Dev Sharma,East,Veg Biryani,6,214.62,0.2,Wallet
FX207683,2025-01-12,Manish Tiwari,EAST,Chicken Noodles,4,234.22,0.0,UPI
FX206858,11-06-2025,Yash Patel,North,Fish Curry Meals,3,335.58,0.05,Wallet
FX200400,12-14-2025,Aditya Ghosh,West,Green Salad,2,137.61,0.1,Wallet
FX205319,03-17-2025,Nikhil Menon,EAST,Chicken Noodles,1,243.78,0.0,Wallet
FX200379,05/03/2025,Ishita Bose,SOUTH,Masala Dosa,3,127.71,0.0,Wallet
FX205429,01/06/2025,Kavya Subramanian,south,Chocolate Brownie,3,149.0,0.0,Card
FX203208,2025-08-23,Yash Patel,West,Cold Coffee,6,117.81,0.0,Card
FX204097,31/01/2025,Kabir Shah,North,Veg Fried Rice,5,195.02,0.2,Card
FX204355,05/02/2025,Tara Joshi,south,Idli Sambar,4,90.78,0.0,UPI
FX208008,2025-04-10,Sneha Varma,EAST,Mutton Roll,5,281.79,0.0,Cash on Delivery
FX203413,26/07/2025,Omkar Deshpande,south,Mango Lassi,6,106.82,0.2,Wallet
FX205294,12/11/2025,Aarav Mehta,north,Fish Curry Meals,1,335.58,0.2,Cash on Delivery
FX202072,17/08/2025,Manish Tiwari,EAST,Idli Sambar,1,90.78,0.0,Card
FX205984,2025-02-06,Diya Nair,north,Cold Coffee,6,121.38,0.25,Wallet
FX206469,2025-04-15,Nisha Gupta,EAST,Spring Roll,3,160.59,0.25,Wallet
FX207105,09-17-2025,Karthik Raman,North,Tandoori Chicken,4,444.51,0.0,Cash on Delivery
FX208223,26/12/2025,Tara Joshi,North,Tandoori Chicken,7,440.02,0.0,Card
FX200194,23/05/2025,,south,Mutton Roll,1,284.58,0.0,Wallet
FX202530,2025-06-21,,SOUTH,Butter Naan,2,44.55,0.1,UPI
FX203417,2025-08-28,Kavya Subramanian,SOUTH,Paneer Butter Masala,7,256.41,0.15,Card
FX208417,01/04/2025,Dev Sharma,south,Chicken Biryani,1,286.11,0.1,Cash on Delivery
FX208303,08/01/2025,Vihaan Rao,north,Green Salad,7,136.22,0.2,Wallet
FX202959,2025-03-22,Arjun Verma,SOUTH,Chicken Biryani,6,294.78,0.05,Cash on Delivery
FX200627,06-05-2025,Tara Joshi,west,Veg Biryani,8,223.38,0.0,Card
FX207799,07-20-2025,Dev Sharma,SOUTH,Chicken Noodles,8,241.39,0.15,Cash on Delivery
FX208092,2025-07-02,Lakshmi Prasad,south,Veg Fried Rice,1,199.0,0.25,Wallet
FX207670,01/07/2025,Ananya Iyer,SOUTH,Spring Roll,3,160.59,0.0,Card
FX202639,12-31-2025,Ananya Iyer,EAST,Green Salad,3,141.78,0.0,UPI
FX207293,06-25-2025,Rahul Sinha,EAST,Chocolate Brownie,5,150.49,0.2,Cash on Delivery
FX208177,08-31-2025,Meera Krishnan,west,Veg Biryani,5,223.38,0.15,UPI
FX206704,2025-12-30,Omkar Deshpande,north,Spring Roll,6,157.41,0.2,UPI
FX204072,09-23-2025,Nisha Gupta,west,Green Salad,8,140.39,0.2,UPI
FX202915,14/07/2025,Tara Joshi,EAST,Filter Coffee,6,57.82,0.0,Cash on Delivery
FX205876,01/05/2025,Dev Sharma,south,Cold Coffee,5,119.0,0.25,Card
FX207795,26/04/2025,Nikhil Menon,East,Chocolate Brownie,8,151.98,0.0,Wallet
FX203773,2025-01-09,Ananya Iyer,EAST,Filter Coffee,4,60.18,0.05,Card
FX201805,21/07/2025,Karthik Raman,West,Gulab Jamun,2,97.02,0.2,Card
FX203324,10-25-2025,Tara Joshi,EAST,Veg Biryani,6,223.38,0.05,Card
FX204177,2025-07-10,Tara Joshi,north,Farmhouse Pizza,3,406.98,0.0,Cash on Delivery
FX206932,2025-07-08,Aarav Mehta,EAST,Green Salad,6,137.61,0.0,UPI
FX208877,2025-01-31,Aarav Mehta,East,Fish Curry Meals,8,325.71,0.25,UPI
FX204648,09-10-2025,Manish Tiwari,East,Masala Dosa,4,126.42,0.0,Wallet
FX203150,08-09-2025,Kabir Shah,East,Mango Lassi,1,109.0,0.0,Cash on Delivery
FX208642,26/08/2025,Rahul Sinha,SOUTH,Filter Coffee,2,59.59,0.0,Wallet
FX206491,17/04/2025,Omkar Deshpande,West,Green Salad,1,141.78,0.0,UPI
FX206653,2025-03-13,Tara Joshi,west,Farmhouse Pizza,6,402.99,0.05,Wallet
FX208648,29/05/2025,Ananya Iyer,West,Paneer Butter Masala,1,256.41,0.1,UPI
FX204548,17/07/2025,Priya Balaji,West,Cold Coffee,5,121.38,0.2,UPI
FX205221,2025-12-31,Meera Krishnan,EAST,Masala Dosa,2,130.29,0.25,Card
FX203889,04-21-2025,Nikhil Menon,East,Idli Sambar,6,89.89,0.05,Card
FX205505,10-29-2025,Kabir Shah,west,Tandoori Chicken,6,440.02,0.0,Card
FX204660,16/01/2025,Rahul Sinha,west,Paneer Butter Masala,1,264.18,0.05,UPI
FX206426,05-06-2025,Priya Balaji,SOUTH,Farmhouse Pizza,8,395.01,,UPI
FX204491,23/12/2025,Rohan Pillai,EAST,Masala Dosa,5,129.0,,Cash on Delivery
FX200896,15/01/2025,Diya Nair,North,Mango Lassi,1,107.91,0.2,UPI
FX206252,13/11/2025,Diya Nair,East,Filter Coffee,6,60.18,,Card
FX201287,2025-08-07,Saanvi Reddy,West,Veg Biryani,3,216.81,,UPI
FX203474,2025-12-24,Tara Joshi,North,Margherita Pizza,2,244.02,0.05,UPI
FX200761,12/05/2025,Riya Kapoor,West,Spring Roll,2,155.82,0.2,Card
FX201031,2025-06-05,Nisha Gupta,East,Green Salad,8,137.61,0.25,UPI
FX203561,2025-03-03,Dev Sharma,west,Veg Biryani,1,214.62,0.0,UPI
FX205995,2025-01-03,Ishita Bose,West,Mango Lassi,7,111.18,0.0,UPI
FX203528,16/08/2025,Vihaan Rao,East,Paneer Butter Masala,4,253.82,0.0,Cash on Delivery
FX207920,2025-03-19,Rohan Pillai,west,Farmhouse Pizza,7,406.98,0.2,Cash on Delivery
FX205072,16/06/2025,Riya Kapoor,North,Filter Coffee,4,57.82,0.0,Card
FX202457,2025-05-31,Lakshmi Prasad,west,Fish Curry Meals,1,325.71,0.0,Card
FX202031,09/06/2025,Ananya Iyer,SOUTH,Chicken Noodles,5,236.61,0.0,Card
FX201458,07-13-2025,Omkar Deshpande,west,Filter Coffee,3,57.82,0.15,UPI
FX200546,04/03/2025,Riya Kapoor,North,Idli Sambar,3,88.11,0.25,Cash on Delivery
FX202526,2025-04-06,Aarav Mehta,south,Filter Coffee,1,59.0,0.2,Card
FX200751,2025-08-26,Tara Joshi,North,Cold Coffee,4,121.38,,Card
FX206801,2025-03-02,Saanvi Reddy,North,Masala Dosa,7,126.42,0.0,UPI
FX206473,06-22-2025,Lakshmi Prasad,East,Spring Roll,2,155.82,0.15,Wallet
FX204875,14/08/2025,Riya Kapoor,south,Butter Naan,5,45.45,0.1,UPI
FX201946,09-27-2025,Kabir Shah,south,Idli Sambar,6,89.0,0.05,Card
FX207740,10-24-2025,Rohan Pillai,south,Veg Biryani,6,223.38,0.0,UPI
FX202770,2025-02-12,Nikhil Menon,west,Spring Roll,3,159.0,,Cash on Delivery
FX206996,10-01-2025,Saanvi Reddy,south,Fish Curry Meals,5,325.71,0.0,Wallet
FX200017,2025-06-21,Arjun Verma,EAST,Masala Dosa,7,126.42,0.2,UPI
FX201747,26/04/2025,Vihaan Rao,SOUTH,Masala Dosa,7,127.71,0.1,Wallet
FX205994,02-15-2025,Meera Krishnan,North,Cold Coffee,2,116.62,0.0,Card
FX202309,2025-06-23,Vihaan Rao,west,Cold Coffee,1,116.62,0.2,Wallet
FX205552,18/04/2025,Rohan Pillai,North,Gulab Jamun,7,97.02,0.05,Card
FX202943,21/11/2025,Kabir Shah,East,Fish Curry Meals,6,332.29,0.0,Cash on Delivery
FX203180,16/09/2025,Manish Tiwari,north,Filter Coffee,3,58.41,0.0,Cash on Delivery
FX207379,2025-08-17,Meera Krishnan,EAST,Mango Lassi,8,111.18,0.05,UPI
FX205522,2025-11-30,Lakshmi Prasad,East,Idli Sambar,7,88.11,0.05,Card
FX207191,2025-11-28,Saanvi Reddy,North,Margherita Pizza,6,253.98,0.25,Card
FX206199,2025-05-07,Nikhil Menon,North,Mutton Roll,3,284.58,0.0,Card
FX200176,2025-12-02,Omkar Deshpande,north,Tandoori Chicken,8,449.0,0.0,UPI
FX207328,26/06/2025,Nisha Gupta,north,Spring Roll,5,155.82,0.15,Wallet
FX204527,08-02-2025,Aarav Mehta,EAST,Chicken Noodles,-2,241.39,0.0,UPI
FX200662,13/11/2025,Yash Patel,EAST,Chicken Biryani,8,294.78,0.0,Cash on Delivery
FX202676,26/12/2025,Nisha Gupta,SOUTH,Filter Coffee,1,57.82,0.0,Wallet
FX202881,2025-10-03,Karthik Raman,North,Filter Coffee,5,58.41,0.1,Wallet
FX201970,08/09/2025,Karthik Raman,West,Farmhouse Pizza,8,391.02,0.15,Wallet
FX203026,2025-05-29,Arjun Verma,north,Green Salad,3,137.61,0.25,Cash on Delivery
FX203145,26/08/2025,Kavya Subramanian,East,Mango Lassi,8,106.82,0.0,UPI
FX205959,2025-06-06,Riya Kapoor,south,Farmhouse Pizza,5,402.99,0.1,Cash on Delivery
FX205927,11/04/2025,Sneha Varma,West,Veg Biryani,4,216.81,0.2,Cash on Delivery
FX202690,03/01/2025,Vihaan Rao,EAST,Idli Sambar,2,89.0,0.05,Card
FX202677,03-06-2025,Yash Patel,south,Gulab Jamun,6,100.98,,Cash on Delivery
FX207761,03-17-2025,Yash Patel,south,Mutton Roll,2,276.21,0.0,UPI
FX207630,11/03/2025,Aditya Ghosh,south,Mutton Roll,5,273.42,0.2,UPI
FX201210,30/07/2025,Omkar Deshpande,North,Fish Curry Meals,7,329.0,0.15,Card
FX207029,09-13-2025,Dev Sharma,north,Chicken Biryani,1,289.0,0.2,Card
FX208245,02/07/2025,Lakshmi Prasad,EAST,Paneer Butter Masala,6,259.0,0.0,Card
FX200361,2025-11-17,Lakshmi Prasad,SOUTH,Masala Dosa,8,126.42,0.15,Wallet
FX206069,17/02/2025,Omkar Deshpande,north,Margherita Pizza,2,249.0,0.2,Cash on Delivery
FX200743,2025-02-02,Sneha Varma,west,Filter Coffee,3,60.18,0.25,Cash on Delivery
FX207146,2025-07-09,Rahul Sinha,East,Veg Fried Rice,1,200.99,0.0,UPI
FX206868,08-09-2025,Rohan Pillai,south,Gulab Jamun,7,100.98,0.05,UPI
FX208837,2025-10-10,Rohan Pillai,North,Paneer Butter Masala,8,256.41,0.1,Card
FX202307,06-13-2025,Rahul Sinha,west,Veg Biryani,2,214.62,0.0,Wallet
FX202244,18/09/2025,Dev Sharma,EAST,Mango Lassi,8,106.82,0.0,Wallet
FX204395,23/05/2025,Aarav Mehta,south,Butter Naan,7,45.9,0.15,UPI
FX204003,03-19-2025,Aarav Mehta,North,Green Salad,6,139.0,0.0,UPI
FX204905,2025-07-02,Vihaan Rao,West,Chocolate Brownie,4,150.49,0.15,Cash on Delivery
FX204653,11-12-2025,Lakshmi Prasad,EAST,Masala Dosa,2,129.0,0.2,UPI
FX208247,04-16-2025,Kavya Subramanian,west,Paneer Butter Masala,6,261.59,0.0,Card
FX202458,08/09/2025,Ananya Iyer,West,Margherita Pizza,6,246.51,0.1,Wallet
FX206160,27/08/2025,,west,Filter Coffee,6,60.18,0.15,Card
FX200840,2025-01-13,Vihaan Rao,west,Chicken Noodles,4,239.0,0.15,UPI
FX204530,2025-01-05,Manish Tiwari,North,Green Salad,5,136.22,0.25,UPI
FX200763,14/08/2025,Lakshmi Prasad,west,Veg Biryani,4,223.38,0.15,UPI
FX205629,10/04/2025,Nisha Gupta,North,Butter Naan,1,44.55,0.1,Cash on Delivery
FX200863,2025-01-25,Arjun Verma,west,Margherita Pizza,4,253.98,0.1,Wallet
FX203516,11-21-2025,Riya Kapoor,EAST,Chicken Noodles,6,243.78,0.1,UPI
FX200227,20/10/2025,Meera Krishnan,East,Idli Sambar,5,90.78,0.25,UPI
FX203620,2025-10-25,Ananya Iyer,SOUTH,Mutton Roll,7,281.79,,Card
FX207217,05-02-2025,Dev Sharma,North,Masala Dosa,5,130.29,0.2,Wallet
FX202433,31/10/2025,Nisha Gupta,west,Margherita Pizza,1,249.0,0.05,UPI
FX206960,2025-12-22,Diya Nair,north,Chicken Biryani,5,294.78,0.2,Card
FX204285,2025-11-14,Meera Krishnan,SOUTH,Spring Roll,5,160.59,0.2,Wallet
FX204451,2025-01-18,Nisha Gupta,SOUTH,Chicken Biryani,3,283.22,0.2,UPI
FX203894,25/09/2025,Saanvi Reddy,south,Chocolate Brownie,4,146.02,0.0,Cash on Delivery
FX203396,2025-12-08,Ananya Iyer,SOUTH,Butter Naan,4,44.55,0.0,UPI
FX208216,07-05-2025,Vihaan Rao,north,Mango Lassi,6,106.82,0.2,Wallet
FX208165,2025-02-04,Sneha Varma,North,Veg Fried Rice,1,200.99,0.05,Card
FX203181,16/08/2025,Ishita Bose,west,Veg Biryani,4,214.62,0.0,UPI
FX206209,02-05-2025,Meera Krishnan,EAST,Chicken Biryani,8,289.0,0.0,Cash on Delivery
FX201236,25/11/2025,Rohan Pillai,EAST,Butter Naan,2,44.1,0.1,UPI
FX201708,12/08/2025,Nikhil Menon,SOUTH,Mutton Roll,5,273.42,0.15,UPI
FX208595,02/09/2025,Rahul Sinha,south,Butter Naan,1,44.1,0.15,UPI
FX205401,2025-08-08,Karthik Raman,North,Farmhouse Pizza,8,406.98,0.2,UPI
FX205197,18/10/2025,Rahul Sinha,west,Cold Coffee,3,119.0,0.25,UPI
FX204139,2025-04-11,Priya Balaji,west,Farmhouse Pizza,5,395.01,,UPI
FX204020,23/04/2025,Meera Krishnan,East,Tandoori Chicken,1,440.02,0.15,UPI
FX206154,09/05/2025,Yash Patel,EAST,Tandoori Chicken,1,453.49,0.05,Wallet
FX208835,2025-02-08,Kavya Subramanian,south,Tandoori Chicken,7,457.98,0.0,Wallet
FX207813,06-29-2025,Priya Balaji,south,Butter Naan,6,44.55,0.15,Wallet
FX205930,2025-10-10,Rahul Sinha,West,Idli Sambar,5,89.89,0.0,UPI
FX204298,08/09/2025,Aarav Mehta,EAST,Chicken Biryani,2,283.22,0.15,UPI
FX202316,12/03/2025,Kabir Shah,East,Filter Coffee,3,58.41,0.0,Wallet
FX203006,2025-02-19,Saanvi Reddy,East,Cold Coffee,3,120.19,0.0,UPI
FX205950,10-24-2025,Ananya Iyer,south,Green Salad,1,139.0,,Card
FX205754,13/05/2025,Manish Tiwari,west,Margherita Pizza,5,251.49,0.0,Card
FX208775,01-17-2025,Kabir Shah,West,Masala Dosa,6,126.42,0.0,UPI
FX203729,09-03-2025,Lakshmi Prasad,EAST,Veg Fried Rice,8,200.99,0.05,Cash on Delivery
FX207496,24/11/2025,Yash Patel,north,Chocolate Brownie,7,150.49,0.0,Cash on Delivery
FX205341,2025-08-23,Nikhil Menon,North,Tandoori Chicken,3,453.49,0.1,Cash on Delivery
FX205045,2025-06-16,Priya Balaji,East,Margherita Pizza,8,246.51,0.0,Cash on Delivery
FX201165,10-12-2025,,East,Paneer Butter Masala,8,253.82,0.25,UPI
FX204749,03-02-2025,Saanvi Reddy,EAST,Tandoori Chicken,4,457.98,0.05,Card
FX202708,2025-02-22,Tara Joshi,EAST,Chocolate Brownie,5,149.0,0.15,Cash on Delivery
FX205917,09/09/2025,Ishita Bose,north,Chicken Noodles,6,241.39,0.05,UPI
FX207922,11-22-2025,,EAST,Green Salad,2,137.61,0.05,Cash on Delivery
FX207542,2025-06-02,Sneha Varma,EAST,Mutton Roll,8,284.58,0.15,Wallet
FX203721,01/09/2025,Tara Joshi,West,Gulab Jamun,3,99.0,0.25,Cash on Delivery
FX201760,2025-06-16,Arjun Verma,East,Chocolate Brownie,7,147.51,0.05,Wallet
FX208908,06/02/2025,Aarav Mehta,West,Idli Sambar,8,90.78,0.25,Wallet
FX206239,2025-08-11,Aditya Ghosh,south,Idli Sambar,7,89.89,0.0,Wallet
FX201225,20/10/2025,Priya Balaji,West,Margherita Pizza,4,251.49,0.25,Wallet
FX206631,04/05/2025,Tara Joshi,West,Chicken Noodles,2,239.0,0.0,Cash on Delivery
FX201471,19/03/2025,Diya Nair,East,Chicken Biryani,6,283.22,0.1,Cash on Delivery
FX205904,28/04/2025,Aarav Mehta,North,Masala Dosa,6,130.29,0.25,Card
FX207690,28/08/2025,Nisha Gupta,EAST,Spring Roll,2,160.59,0.2,Wallet
FX201302,04-11-2025,Lakshmi Prasad,North,Tandoori Chicken,4,440.02,0.0,UPI
FX201498,2025-03-07,Dev Sharma,north,Butter Naan,1,45.0,0.1,Cash on Delivery
FX208288,2025-12-14,Nisha Gupta,North,Masala Dosa,1,131.58,0.15,UPI
FX206892,2025-08-01,Sneha Varma,north,Green Salad,6,137.61,0.25,Cash on Delivery
FX201279,06/04/2025,Ananya Iyer,West,Spring Roll,8,155.82,0.0,Wallet
FX202656,03-08-2025,Yash Patel,EAST,Butter Naan,7,45.9,0.2,Card
FX200222,2025-03-02,Omkar Deshpande,West,Filter Coffee,3,57.82,0.0,Wallet
FX200129,2025-07-21,Ananya Iyer,West,Mutton Roll,3,279.0,0.0,Card
FX202259,2025-09-19,Ananya Iyer,south,Chicken Biryani,5,283.22,0.0,UPI
FX205943,04-21-2025,Tara Joshi,West,Mango Lassi,5,111.18,0.0,Cash on Delivery
FX207983,2025-04-06,Diya Nair,North,Paneer Butter Masala,6,259.0,0.0,Wallet
FX205085,20/05/2025,Vihaan Rao,west,Butter Naan,2,44.1,0.0,UPI
FX204360,11-19-2025,,south,Veg Fried Rice,3,195.02,0.0,Card
FX208291,01-11-2025,Vihaan Rao,EAST,Paneer Butter Masala,5,264.18,,Card
FX206123,10-24-2025,Meera Krishnan,East,Veg Biryani,8,223.38,0.25,Card
FX206477,2025-12-06,Rahul Sinha,East,Spring Roll,8,162.18,0.0,Wallet
FX206994,24/12/2025,Vihaan Rao,EAST,Mutton Roll,1,284.58,0.1,Cash on Delivery
FX207421,2025-01-09,Ananya Iyer,West,Tandoori Chicken,5,444.51,0.2,Cash on Delivery
FX208506,05-30-2025,Aditya Ghosh,North,Farmhouse Pizza,1,399.0,0.0,Card
FX201388,17/03/2025,Nikhil Menon,EAST,Cold Coffee,8,121.38,0.0,Card
FX205631,15/11/2025,Manish Tiwari,south,Mango Lassi,5,110.09,0.15,Card
FX206593,02/03/2025,Diya Nair,West,Fish Curry Meals,5,322.42,0.0,Cash on Delivery
FX207764,2025-01-20,Ishita Bose,north,Cold Coffee,5,116.62,0.25,UPI
FX202179,2025-04-16,Lakshmi Prasad,West,Margherita Pizza,5,246.51,0.05,UPI
FX205747,29/07/2025,Riya Kapoor,SOUTH,Chicken Biryani,6,289.0,0.2,Cash on Delivery
FX201918,14/12/2025,Dev Sharma,north,Masala Dosa,3,130.29,0.15,UPI
FX205324,08-16-2025,Diya Nair,North,Idli Sambar,7,90.78,0.0,Wallet
FX202066,12/05/2025,Tara Joshi,EAST,Paneer Butter Masala,7,264.18,0.0,Card
FX204131,2025-11-03,Meera Krishnan,EAST,Butter Naan,4,45.0,0.25,Wallet
FX208892,02/08/2025,Ananya Iyer,West,Veg Fried Rice,4,199.0,0.15,Cash on Delivery
FX204333,14/04/2025,Dev Sharma,SOUTH,Chicken Biryani,2,286.11,0.25,Card
FX203281,26/12/2025,Ananya Iyer,west,Idli Sambar,6,87.22,0.0,Wallet
FX202668,2025-09-07,Priya Balaji,EAST,Margherita Pizza,1,249.0,0.15,Cash on Delivery
FX200091,2025-02-13,Yash Patel,West,Veg Fried Rice,8,197.01,0.25,Card
FX205418,23/11/2025,Sneha Varma,North,Masala Dosa,5,131.58,0.0,Card
FX205446,2025-03-22,Yash Patel,north,Chocolate Brownie,2,151.98,0.0,Wallet
FX202033,2025-07-12,Omkar Deshpande,south,Spring Roll,-8,162.18,0.0,Cash on Delivery
FX201943,2025-10-20,Kavya Subramanian,south,Cold Coffee,4,119.0,0.2,UPI
FX204029,2025-02-10,Aditya Ghosh,EAST,Butter Naan,1,45.9,0.25,Card
FX202274,2025-06-23,Tara Joshi,SOUTH,Mango Lassi,4,106.82,0.0,Card
FX204243,07-01-2025,Karthik Raman,North,Chocolate Brownie,4,150.49,0.0,UPI
FX206107,2025-05-19,Manish Tiwari,West,Filter Coffee,1,60.18,0.1,Wallet
FX207738,2025-01-02,Sneha Varma,EAST,Veg Biryani,4,223.38,0.25,Wallet
FX208895,2025-01-24,Aditya Ghosh,west,Idli Sambar,5,88.11,0.1,Wallet
FX200189,2025-10-28,Kabir Shah,West,Chocolate Brownie,1,146.02,0.25,Wallet
FX208029,2025-03-23,Saanvi Reddy,west,Cold Coffee,6,120.19,0.2,UPI
FX200115,2025-01-30,Sneha Varma,West,Veg Fried Rice,-1,195.02,0.0,Card
FX205479,02-10-2025,Ishita Bose,EAST,Filter Coffee,6,60.18,0.0,Wallet
FX203424,12-07-2025,Ishita Bose,SOUTH,Masala Dosa,4,126.42,0.25,Wallet
FX203838,10-24-2025,Karthik Raman,west,Filter Coffee,6,59.59,0.0,UPI
FX204777,28/09/2025,Kabir Shah,north,Chicken Biryani,3,294.78,0.0,UPI
FX200873,06-01-2025,Meera Krishnan,West,Chicken Biryani,3,289.0,0.0,Cash on Delivery
FX203232,11-05-2025,Kabir Shah,north,Chicken Biryani,8,289.0,,Wallet
FX205082,2025-12-20,Karthik Raman,EAST,Tandoori Chicken,1,449.0,0.0,UPI
FX203096,2025-05-22,Manish Tiwari,West,Farmhouse Pizza,2,399.0,0.0,UPI
FX204296,2025-02-04,Aditya Ghosh,SOUTH,Fish Curry Meals,8,322.42,0.0,Cash on Delivery
FX208459,2025-03-17,Omkar Deshpande,North,Cold Coffee,8,119.0,0.25,Card
FX207919,2025-09-27,Aditya Ghosh,East,Chicken Noodles,4,239.0,0.1,Cash on Delivery
FX203224,04/12/2025,Meera Krishnan,EAST,Paneer Butter Masala,4,253.82,0.25,Cash on Delivery
FX202646,2025-11-01,Dev Sharma,west,Tandoori Chicken,7,440.02,0.0,Cash on Delivery
FX202161,24/02/2025,Rohan Pillai,SOUTH,Farmhouse Pizza,5,391.02,0.05,Card
FX202691,2025-07-11,Karthik Raman,south,Cold Coffee,8,117.81,0.0,UPI
FX203515,10-05-2025,Sneha Varma,west,Spring Roll,6,155.82,0.1,Wallet
FX200731,12-26-2025,,south,Green Salad,3,140.39,0.15,Wallet
FX200963,2025-10-24,Meera Krishnan,North,Paneer Butter Masala,4,259.0,0.0,UPI
FX206313,05/10/2025,Karthik Raman,west,Cold Coffee,1,120.19,0.0,Card
FX204457,2025-05-18,Sneha Varma,north,Filter Coffee,1,60.18,0.15,Cash on Delivery
FX206777,2025-05-24,Kavya Subramanian,west,Tandoori Chicken,5,457.98,0.15,Cash on Delivery
FX200555,2025-09-23,Priya Balaji,North,Butter Naan,3,45.45,0.0,Card
FX200472,2025-03-19,Saanvi Reddy,EAST,Veg Fried Rice,6,202.98,0.05,UPI
FX208958,09-18-2025,Rohan Pillai,south,Margherita Pizza,1,246.51,0.05,Cash on Delivery
FX207703,01-29-2025,Meera Krishnan,west,Filter Coffee,7,58.41,0.0,Card
FX203815,2025-09-14,Manish Tiwari,SOUTH,Paneer Butter Masala,7,259.0,0.0,UPI
FX204263,08-15-2025,Ananya Iyer,south,Veg Biryani,2,219.0,0.2,Card
FX203996,2025-06-17,Dev Sharma,south,Paneer Butter Masala,5,253.82,0.05,Cash on Delivery
FX200576,2025-05-15,Aarav Mehta,north,Chicken Noodles,1,239.0,0.0,UPI
FX206682,2025-06-10,Lakshmi Prasad,south,Chocolate Brownie,6,149.0,0.0,Card
FX208045,10-16-2025,Diya Nair,north,Veg Fried Rice,4,200.99,0.25,Card
FX204770,26/11/2025,Manish Tiwari,West,Gulab Jamun,1,100.98,0.15,Wallet
FX201119,18/05/2025,Rohan Pillai,west,Paneer Butter Masala,5,253.82,0.05,Cash on Delivery
FX208490,2025-10-22,Priya Balaji,East,Cold Coffee,2,117.81,0.0,Card
FX201289,03-27-2025,Nisha Gupta,North,Veg Biryani,7,214.62,0.0,UPI
FX206275,2025-02-09,Aditya Ghosh,west,Cold Coffee,3,117.81,0.2,Wallet
FX202011,24/08/2025,Omkar Deshpande,EAST,Butter Naan,5,45.45,0.05,Cash on Delivery
FX205474,2025-04-25,Dev Sharma,west,Idli Sambar,2,90.78,0.2,Cash on Delivery
FX207811,08-22-2025,Karthik Raman,West,Masala Dosa,3,131.58,,Card
FX204667,20/03/2025,Ishita Bose,west,Veg Fried Rice,5,197.01,0.25,Card
FX201795,09/06/2025,Aditya Ghosh,EAST,Farmhouse Pizza,1,391.02,0.1,Wallet
FX208005,26/11/2025,Manish Tiwari,EAST,Spring Roll,2,160.59,0.25,Card
FX204580,2025-10-28,Arjun Verma,west,Cold Coffee,3,120.19,,Card
FX205030,2025-12-26,Omkar Deshpande,West,Filter Coffee,2,59.0,0.2,UPI
FX206556,08-09-2025,Manish Tiwari,North,Veg Fried Rice,6,195.02,0.1,Card
FX203937,2025-11-04,Kavya Subramanian,west,Idli Sambar,7,90.78,0.1,UPI
FX201733,27/08/2025,Rahul Sinha,East,Mango Lassi,5,109.0,0.05,Cash on Delivery
FX201303,2025-12-21,Priya Balaji,south,Tandoori Chicken,2,440.02,0.1,UPI
FX208656,2025-09-20,Vihaan Rao,north,Chicken Noodles,3,241.39,0.05,Cash on Delivery
FX205516,2025-12-13,Omkar Deshpande,EAST,Filter Coffee,4,59.59,0.2,UPI
FX205169,04-25-2025,Riya Kapoor,west,Cold Coffee,3,120.19,0.0,Card
FX204859,2025-04-23,Aditya Ghosh,south,Farmhouse Pizza,7,399.0,0.05,Card
FX202358,2025-01-15,Yash Patel,North,Cold Coffee,5,119.0,0.05,Wallet
FX200228,29/11/2025,Rohan Pillai,west,Mutton Roll,5,273.42,0.0,Cash on Delivery
FX203169,23/03/2025,Tara Joshi,North,Chicken Biryani,4,291.89,0.2,Card
FX203737,02-09-2025,Vihaan Rao,south,Spring Roll,7,155.82,0.0,Wallet
FX202154,06-05-2025,Riya Kapoor,west,Veg Fried Rice,4,202.98,0.15,Card
FX204229,03-18-2025,Tara Joshi,south,Veg Fried Rice,7,200.99,0.0,Card
FX208602,2025-02-16,Arjun Verma,West,Mango Lassi,6,106.82,0.1,Card
FX203658,2025-06-30,Ishita Bose,North,Mutton Roll,8,279.0,0.15,Wallet
FX207274,2025-02-27,Karthik Raman,south,Chocolate Brownie,6,151.98,0.0,Wallet
FX201415,2025-01-12,Aarav Mehta,EAST,Butter Naan,5,44.1,0.2,UPI
FX202408,2025-11-13,Ishita Bose,west,Fish Curry Meals,4,332.29,0.05,Card
FX205219,10-11-2025,Nisha Gupta,west,Tandoori Chicken,6,457.98,0.0,Card
FX205035,2025-10-30,Riya Kapoor,south,Masala Dosa,1,127.71,0.0,Cash on Delivery
FX203964,08-27-2025,Rahul Sinha,west,Tandoori Chicken,6,444.51,0.0,UPI
FX203128,08/09/2025,Yash Patel,west,Green Salad,6,137.61,0.15,Cash on Delivery
FX204391,27/01/2025,Arjun Verma,SOUTH,Paneer Butter Masala,-6,259.0,0.2,Cash on Delivery
FX208301,2025-10-08,Manish Tiwari,SOUTH,Farmhouse Pizza,2,402.99,0.15,Cash on Delivery
FX203148,28/07/2025,Rahul Sinha,East,Chocolate Brownie,2,150.49,0.2,Cash on Delivery
FX204084,22/07/2025,Tara Joshi,West,Tandoori Chicken,8,440.02,0.05,Cash on Delivery
FX205113,25/02/2025,Saanvi Reddy,EAST,Cold Coffee,1,120.19,0.05,Cash on Delivery
FX207177,07-28-2025,Nisha Gupta,west,Green Salad,4,139.0,0.0,Wallet
FX202260,06/11/2025,Dev Sharma,East,Fish Curry Meals,2,325.71,0.0,Wallet
FX200647,26/09/2025,Kavya Subramanian,East,Tandoori Chicken,2,444.51,0.2,UPI
FX200710,2025-11-06,Rahul Sinha,EAST,Margherita Pizza,3,244.02,,Cash on Delivery
FX207707,2025-04-10,Rahul Sinha,SOUTH,Chocolate Brownie,4,150.49,0.1,Card
FX201450,2025-12-18,Rohan Pillai,SOUTH,Chocolate Brownie,3,146.02,0.25,Cash on Delivery
FX202611,2025-06-21,Riya Kapoor,East,Chicken Noodles,7,239.0,,Cash on Delivery
FX201143,2025-10-12,Nisha Gupta,west,Mutton Roll,1,281.79,0.25,Wallet
FX208166,2025-03-08,Arjun Verma,west,Tandoori Chicken,5,449.0,0.15,UPI
FX205703,01/05/2025,Kavya Subramanian,EAST,Idli Sambar,7,87.22,0.1,Wallet
FX202604,14/04/2025,Arjun Verma,North,Spring Roll,8,159.0,0.25,Cash on Delivery
FX204780,14/06/2025,Riya Kapoor,East,Margherita Pizza,8,246.51,0.0,Cash on Delivery
FX205972,2025-05-24,Omkar Deshpande,North,Butter Naan,5,45.45,0.2,UPI
FX208098,18/12/2025,Aditya Ghosh,north,Idli Sambar,1,89.0,0.25,UPI
FX203038,2025-07-15,Diya Nair,west,Green Salad,3,140.39,0.0,Cash on Delivery
FX203245,22/10/2025,,west,Tandoori Chicken,3,440.02,0.2,UPI
FX202682,2025-02-05,Meera Krishnan,West,Cold Coffee,7,116.62,0.2,Card
FX204064,2025-07-31,Omkar Deshpande,East,Green Salad,4,140.39,0.25,Wallet
FX200792,25/10/2025,Sneha Varma,West,Chocolate Brownie,4,147.51,0.1,Wallet
FX203694,08/03/2025,Arjun Verma,EAST,Veg Biryani,5,221.19,,Cash on Delivery
FX202605,2025-07-25,Ananya Iyer,west,Butter Naan,6,45.45,0.05,UPI
FX205775,06-18-2025,Saanvi Reddy,EAST,Chicken Biryani,4,283.22,0.1,Cash on Delivery
FX206416,11-06-2025,Ishita Bose,south,Margherita Pizza,2,253.98,0.2,UPI
FX206331,01-13-2025,Rahul Sinha,north,Chicken Biryani,2,291.89,0.0,Card
FX202496,09-24-2025,Karthik Raman,North,Veg Fried Rice,5,197.01,0.0,Card
FX200871,2025-12-19,Aditya Ghosh,north,Mango Lassi,5,106.82,0.15,Wallet
FX201292,2025-01-04,Kavya Subramanian,south,Margherita Pizza,1,246.51,0.2,UPI
FX205728,2025-06-02,Tara Joshi,north,Cold Coffee,5,121.38,0.15,UPI
FX208574,20/05/2025,Vihaan Rao,West,Masala Dosa,7,126.42,0.2,Cash on Delivery
FX200507,2025-03-02,,North,Veg Biryani,8,223.38,0.1,UPI
FX200350,10/06/2025,Aarav Mehta,East,Butter Naan,4,44.55,0.05,Wallet
FX201489,30/05/2025,Rahul Sinha,EAST,Paneer Butter Masala,3,256.41,0.2,UPI
FX208685,2025-12-21,Karthik Raman,East,Chicken Noodles,6,236.61,0.0,Cash on Delivery
FX207899,2025-10-23,Aarav Mehta,West,Chicken Noodles,4,243.78,0.15,Card
FX202877,2025-07-30,Rahul Sinha,south,Chocolate Brownie,-3,151.98,0.15,Wallet
FX207689,05-06-2025,Riya Kapoor,EAST,Butter Naan,4,45.9,0.2,Wallet
FX206319,20/07/2025,Riya Kapoor,SOUTH,Chicken Biryani,1,291.89,0.25,Wallet
FX207539,27/08/2025,Aarav Mehta,North,Fish Curry Meals,7,335.58,0.0,Cash on Delivery
FX204820,2025-01-10,Priya Balaji,North,Chocolate Brownie,8,150.49,0.2,Wallet
FX204180,03-12-2025,Sneha Varma,south,Veg Fried Rice,5,199.0,0.2,UPI
FX203900,2025-06-04,Meera Krishnan,north,Chicken Biryani,7,294.78,0.1,Cash on Delivery
FX204914,20/08/2025,Kabir Shah,south,Veg Fried Rice,7,195.02,0.2,Wallet
FX200865,2025-08-21,Nikhil Menon,East,Mango Lassi,5,109.0,0.15,Wallet
FX206386,25/05/2025,Sneha Varma,north,Chicken Noodles,3,243.78,0.0,Cash on Delivery
FX208827,2025-01-02,,south,Green Salad,5,139.0,0.0,UPI
FX204184,2025-05-15,Ananya Iyer,West,Tandoori Chicken,2,449.0,0.0,Card
FX202855,17/07/2025,Riya Kapoor,West,Chicken Noodles,5,243.78,0.0,Cash on Delivery
FX204970,2025-11-18,Kavya Subramanian,North,Chicken Noodles,6,243.78,0.25,Cash on Delivery
FX201460,03/10/2025,Rohan Pillai,East,Gulab Jamun,5,97.02,0.0,Wallet
FX204221,2025-10-27,Lakshmi Prasad,north,Tandoori Chicken,2,453.49,0.1,Wallet
FX202006,2025-05-31,Saanvi Reddy,north,Veg Fried Rice,7,200.99,0.15,UPI
FX202678,04-23-2025,,SOUTH,Masala Dosa,3,127.71,0.15,UPI
FX207478,2025-03-06,Priya Balaji,EAST,Masala Dosa,7,126.42,0.25,Card
FX203700,2025-01-28,Priya Balaji,south,Margherita Pizza,8,246.51,0.25,UPI
FX207490,08-18-2025,Kavya Subramanian,North,Spring Roll,3,162.18,0.0,Wallet
FX205998,21/02/2025,Kabir Shah,East,Butter Naan,2,45.9,0.1,Wallet
FX207743,11/02/2025,Tara Joshi,North,Filter Coffee,1,58.41,0.1,Wallet
FX208852,03/01/2025,Sneha Varma,north,Masala Dosa,7,130.29,0.15,Cash on Delivery
FX200177,2025-10-27,Rahul Sinha,West,Chocolate Brownie,4,146.02,0.0,Cash on Delivery
FX200423,19/04/2025,Vihaan Rao,East,Chicken Noodles,3,234.22,0.25,Cash on Delivery
FX208532,2025-03-19,Ishita Bose,SOUTH,Spring Roll,3,159.0,0.1,Wallet
FX205281,2025-02-06,Yash Patel,SOUTH,Spring Roll,6,162.18,0.05,Wallet
FX204021,2025-10-27,Nikhil Menon,SOUTH,Veg Fried Rice,8,195.02,0.15,Card
FX202809,25/03/2025,Arjun Verma,west,Chicken Biryani,8,294.78,0.2,UPI
FX205621,2025-06-13,Priya Balaji,SOUTH,Farmhouse Pizza,6,399.0,0.05,Wallet
FX205407,02-25-2025,Yash Patel,SOUTH,Cold Coffee,8,117.81,0.0,UPI
FX200941,24/06/2025,Diya Nair,North,Mango Lassi,-6,109.0,0.05,UPI
FX203349,12-30-2025,Omkar Deshpande,SOUTH,Veg Biryani,8,214.62,0.05,UPI
FX207940,04-23-2025,Aditya Ghosh,south,Butter Naan,1,44.1,0.0,UPI
FX208032,2025-12-22,Kabir Shah,south,Fish Curry Meals,2,322.42,0.0,Wallet
FX206188,07-12-2025,Tara Joshi,south,Margherita Pizza,1,246.51,0.0,Cash on Delivery
FX207476,2025-10-26,Nisha Gupta,south,Paneer Butter Masala,7,259.0,0.0,Cash on Delivery
FX202178,2025-04-06,Rahul Sinha,EAST,Tandoori Chicken,6,457.98,0.2,Wallet
FX206487,2025-10-06,Karthik Raman,west,Chicken Biryani,2,294.78,0.0,Card
FX205242,08-07-2025,Manish Tiwari,north,Veg Fried Rice,2,197.01,0.05,Wallet
FX200301,11/12/2025,Rahul Sinha,East,Green Salad,2,141.78,0.0,UPI
FX206034,07/12/2025,Rohan Pillai,North,Tandoori Chicken,6,449.0,0.0,Card
FX205549,2025-01-18,Diya Nair,EAST,Idli Sambar,3,89.89,0.0,Card
FX200799,03-24-2025,Lakshmi Prasad,south,Mango Lassi,4,106.82,,Wallet
FX204987,02-22-2025,Aarav Mehta,SOUTH,Tandoori Chicken,3,457.98,0.25,Card
FX202028,2025-02-16,Lakshmi Prasad,East,Idli Sambar,7,89.0,0.0,UPI
FX203036,2025-04-03,Tara Joshi,SOUTH,Farmhouse Pizza,3,395.01,0.05,Cash on Delivery
FX202931,2025-05-06,Arjun Verma,west,Chicken Biryani,4,294.78,0.25,Cash on Delivery
FX208319,08-27-2025,Manish Tiwari,north,Filter Coffee,7,59.59,0.15,UPI
FX200075,05-02-2025,Saanvi Reddy,West,Farmhouse Pizza,2,402.99,0.2,Cash on Delivery
FX200688,2025-08-14,Sneha Varma,south,Gulab Jamun,2,100.98,0.15,UPI
FX202711,2025-04-26,Rahul Sinha,EAST,Mutton Roll,8,279.0,0.0,Card
FX200030,2025-05-16,Lakshmi Prasad,west,Butter Naan,1,44.1,0.25,Cash on Delivery
FX202979,2025-12-07,Vihaan Rao,north,Spring Roll,2,159.0,0.15,Wallet
FX200046,2025-10-04,Omkar Deshpande,south,Chicken Noodles,5,239.0,0.1,UPI
FX201273,2025-12-09,Ishita Bose,West,Tandoori Chicken,-4,453.49,0.0,Cash on Delivery
FX204695,13/11/2025,Priya Balaji,EAST,Paneer Butter Masala,5,256.41,0.1,UPI
FX204176,2025-09-26,Sneha Varma,East,Mutton Roll,4,273.42,0.0,Card
FX200043,05/03/2025,Dev Sharma,SOUTH,Mango Lassi,4,107.91,0.0,Card
FX208333,06-08-2025,Aarav Mehta,North,Mango Lassi,7,107.91,0.15,Wallet
FX204577,14/05/2025,Aditya Ghosh,EAST,Filter Coffee,1,59.0,0.0,Card
FX203861,07-08-2025,Karthik Raman,west,Masala Dosa,2,127.71,0.25,Wallet
FX204793,03/08/2025,Ananya Iyer,North,Green Salad,3,140.39,0.05,Card
FX202062,06-07-2025,Dev Sharma,SOUTH,Veg Fried Rice,2,197.01,0.1,Card
FX202823,09/07/2025,Riya Kapoor,north,Mutton Roll,7,273.42,0.05,UPI
FX203200,2025-11-02,Karthik Raman,West,Gulab Jamun,-4,100.98,0.15,UPI
FX204539,06/09/2025,Nisha Gupta,north,Fish Curry Meals,4,335.58,0.0,Card
FX201466,10/05/2025,Ishita Bose,west,Tandoori Chicken,1,449.0,0.0,UPI
FX200100,20/03/2025,Meera Krishnan,North,Spring Roll,4,155.82,0.15,Cash on Delivery
FX201363,2025-01-03,Nikhil Menon,North,Farmhouse Pizza,3,391.02,0.0,Card
FX205168,12/08/2025,Karthik Raman,East,Veg Fried Rice,7,197.01,0.0,Card
FX203375,07/12/2025,Arjun Verma,EAST,Idli Sambar,2,89.89,0.0,UPI
FX205866,04/06/2025,Priya Balaji,West,Masala Dosa,7,130.29,0.1,UPI
FX200957,01-01-2025,Vihaan Rao,West,Mutton Roll,1,273.42,0.0,UPI
FX202512,28/07/2025,Rohan Pillai,west,Fish Curry Meals,3,322.42,0.0,Cash on Delivery
FX201393,2025-03-05,Aditya Ghosh,south,Gulab Jamun,5,97.02,0.0,Card
FX201343,2025-06-17,Kabir Shah,south,Masala Dosa,5,127.71,0.05,Card
FX202918,2025-03-16,Arjun Verma,SOUTH,Fish Curry Meals,6,322.42,0.0,Card
FX203178,2025-05-06,Ananya Iyer,North,Chicken Noodles,5,239.0,0.0,Cash on Delivery
FX201018,2025-10-02,Karthik Raman,north,Chicken Noodles,2,243.78,0.1,Cash on Delivery
FX202482,21/10/2025,Diya Nair,south,Chocolate Brownie,3,146.02,0.25,UPI
FX205411,30/01/2025,Nisha Gupta,East,Masala Dosa,6,129.0,0.25,Cash on Delivery
FX207085,2025-01-15,Dev Sharma,SOUTH,Paneer Butter Masala,5,256.41,0.0,UPI
FX206403,2025-02-17,Dev Sharma,East,Butter Naan,5,44.55,0.05,Card
FX207638,25/08/2025,Dev Sharma,south,Mutton Roll,7,284.58,0.05,Card
FX201443,2025-08-05,Saanvi Reddy,south,Chicken Biryani,3,289.0,0.0,Wallet
FX207131,01/11/2025,Yash Patel,SOUTH,Tandoori Chicken,8,444.51,0.05,Cash on Delivery
FX206376,09/02/2025,Aditya Ghosh,East,Paneer Butter Masala,4,264.18,0.15,Wallet
FX201991,2025-09-16,Dev Sharma,SOUTH,Cold Coffee,5,120.19,0.05,Wallet
FX208004,10-03-2025,Sneha Varma,West,Tandoori Chicken,7,440.02,0.0,UPI
FX200683,2025-10-25,Vihaan Rao,north,Farmhouse Pizza,4,406.98,0.05,Wallet
FX206427,06/03/2025,Manish Tiwari,north,Margherita Pizza,8,251.49,0.1,Cash on Delivery
FX206125,2025-07-01,Ananya Iyer,EAST,Farmhouse Pizza,7,399.0,,Card
FX206116,2025-05-18,Omkar Deshpande,south,Margherita Pizza,3,244.02,0.15,UPI
FX201015,2025-07-10,Nikhil Menon,West,Paneer Butter Masala,2,261.59,0.0,Cash on Delivery
FX200610,06-17-2025,Rohan Pillai,EAST,Veg Fried Rice,7,200.99,0.25,Wallet
FX204159,2025-04-12,Dev Sharma,North,Mango Lassi,5,107.91,0.0,Wallet
FX200834,12/01/2025,Meera Krishnan,EAST,Fish Curry Meals,4,329.0,,UPI
FX205204,2025-01-19,Sneha Varma,west,Fish Curry Meals,4,329.0,0.0,Wallet
FX206550,2025-07-06,Meera Krishnan,North,Idli Sambar,8,88.11,0.25,Cash on Delivery
FX204736,2025-09-05,Riya Kapoor,North,Chocolate Brownie,1,147.51,0.05,Card
FX203754,21/12/2025,Kavya Subramanian,west,Mango Lassi,1,107.91,0.05,Wallet
FX204468,2025-11-11,Kabir Shah,East,Mango Lassi,3,106.82,0.05,Cash on Delivery
FX206360,2025-12-17,Karthik Raman,East,Masala Dosa,8,127.71,0.0,Cash on Delivery
FX207536,2025-10-21,Vihaan Rao,north,Idli Sambar,1,87.22,0.05,Cash on Delivery
FX202182,2025-12-01,Vihaan Rao,west,Chicken Biryani,1,283.22,0.25,Card
FX205701,05-07-2025,,west,Filter Coffee,5,59.59,0.1,Wallet
FX202135,02/04/2025,Aarav Mehta,north,Mutton Roll,6,284.58,0.0,Card
FX207171,04/07/2025,Ananya Iyer,North,Butter Naan,7,44.55,,UPI
FX208292,2025-06-20,Aditya Ghosh,north,Filter Coffee,3,59.0,0.0,UPI
FX204822,11-13-2025,Aarav Mehta,west,Chocolate Brownie,7,151.98,0.05,Card
FX200919,03/10/2025,Manish Tiwari,EAST,Spring Roll,3,162.18,0.1,Wallet
FX202180,01/01/2025,Yash Patel,south,Paneer Butter Masala,8,264.18,0.0,Wallet
FX208569,2025-01-12,Diya Nair,North,Chicken Noodles,7,241.39,0.0,Wallet
FX204315,2025-08-10,Kavya Subramanian,East,Fish Curry Meals,5,322.42,0.05,Wallet
FX202688,2025-03-13,Aditya Ghosh,west,Paneer Butter Masala,1,253.82,0.15,Wallet
FX206826,2025-01-25,Rahul Sinha,north,Mutton Roll,6,279.0,0.1,UPI
FX206527,2025-01-03,Lakshmi Prasad,north,Farmhouse Pizza,1,406.98,0.0,UPI
FX200207,2025-09-09,Tara Joshi,West,Mango Lassi,6,110.09,0.0,Wallet
FX201336,2025-04-03,Priya Balaji,south,Green Salad,4,137.61,0.15,Cash on Delivery
FX205825,06-28-2025,Lakshmi Prasad,SOUTH,Paneer Butter Masala,7,261.59,0.0,Cash on Delivery
FX200564,2025-07-17,Kavya Subramanian,North,Chicken Biryani,3,283.22,0.05,Wallet
FX200989,11-23-2025,Manish Tiwari,East,Tandoori Chicken,4,444.51,0.0,UPI
FX204715,2025-02-25,Ishita Bose,East,Veg Biryani,8,219.0,0.0,Wallet
FX204927,2025-04-19,Ishita Bose,west,Cold Coffee,2,120.19,0.2,Wallet
FX206986,05-31-2025,Vihaan Rao,north,Masala Dosa,6,129.0,,Card
FX207166,24/06/2025,,SOUTH,Filter Coffee,8,59.59,0.05,Card
FX200812,04/07/2025,Nikhil Menon,north,Filter Coffee,2,59.0,0.05,Card
FX200517,15/08/2025,Ananya Iyer,EAST,Gulab Jamun,5,97.02,0.2,Cash on Delivery
FX203000,11/09/2025,Rohan Pillai,SOUTH,Masala Dosa,3,126.42,0.0,Card
FX207241,2025-01-10,Nikhil Menon,EAST,Mutton Roll,4,273.42,0.05,Cash on Delivery
FX202746,07/07/2025,Rahul Sinha,north,Veg Biryani,4,214.62,0.2,UPI
FX207298,2025-12-05,Ishita Bose,North,Butter Naan,6,44.1,0.2,Card
FX205574,2025-07-29,Riya Kapoor,west,Cold Coffee,6,121.38,0.05,UPI
FX207848,14/02/2025,Saanvi Reddy,north,Tandoori Chicken,1,449.0,0.1,UPI
FX208483,2025-12-19,Tara Joshi,North,Veg Biryani,8,223.38,,Wallet
FX207420,26/08/2025,Tara Joshi,south,Chicken Biryani,8,294.78,0.25,Cash on Delivery
FX208541,2025-04-09,Yash Patel,West,Idli Sambar,4,88.11,0.0,Wallet
FX202235,11-17-2025,Arjun Verma,North,Fish Curry Meals,4,325.71,0.15,Cash on Delivery
FX201257,2025-08-12,Saanvi Reddy,west,Filter Coffee,6,59.0,0.0,Cash on Delivery
FX208751,21/11/2025,Yash Patel,West,Idli Sambar,5,89.0,0.2,Wallet
FX202334,2025-05-13,Riya Kapoor,EAST,Idli Sambar,3,87.22,0.05,UPI
FX206463,2025-02-23,Karthik Raman,West,Green Salad,3,141.78,0.0,Cash on Delivery
FX201486,10-31-2025,Meera Krishnan,East,Mango Lassi,6,110.09,0.25,Wallet
FX206637,2025-09-13,Karthik Raman,north,Margherita Pizza,6,246.51,0.05,Card
FX208779,2025-06-20,Priya Balaji,SOUTH,Farmhouse Pizza,3,391.02,0.25,Cash on Delivery
FX201838,09-11-2025,Sneha Varma,SOUTH,Mango Lassi,7,106.82,0.0,Card
FX201736,01-01-2025,,EAST,Chicken Biryani,8,291.89,0.25,Card
FX206075,22/07/2025,Riya Kapoor,SOUTH,Chocolate Brownie,4,147.51,0.2,Wallet
FX200883,2025-07-22,Aditya Ghosh,EAST,Gulab Jamun,4,99.99,0.05,Card
FX202440,2025-11-27,Lakshmi Prasad,North,Masala Dosa,2,129.0,0.25,UPI
FX208336,2025-05-22,Tara Joshi,north,Veg Fried Rice,4,195.02,0.15,Cash on Delivery
FX208583,2025-12-20,Tara Joshi,North,Margherita Pizza,8,244.02,0.15,UPI
FX207961,20/11/2025,Meera Krishnan,East,Margherita Pizza,2,244.02,0.1,Cash on Delivery
FX203616,04/04/2025,Aditya Ghosh,EAST,Chicken Biryani,8,294.78,0.25,Card
FX205826,01-11-2025,Lakshmi Prasad,West,Paneer Butter Masala,4,259.0,0.1,Wallet
FX207534,25/09/2025,Diya Nair,south,Chicken Biryani,2,294.78,0.1,UPI
FX207073,11-11-2025,Kavya Subramanian,East,Gulab Jamun,7,97.02,0.15,Wallet
FX203058,27/06/2025,Dev Sharma,East,Veg Biryani,4,223.38,0.0,Card
FX201565,2025-03-27,Lakshmi Prasad,south,Tandoori Chicken,5,444.51,0.0,Wallet
FX206981,2025-01-31,Ishita Bose,north,Idli Sambar,1,88.11,0.0,UPI
FX207045,2025-11-26,Rahul Sinha,West,Veg Fried Rice,7,195.02,0.05,UPI
FX201053,2025-05-18,Aarav Mehta,East,Fish Curry Meals,5,332.29,0.2,Card
FX208087,2025-09-24,Ananya Iyer,North,Masala Dosa,6,127.71,0.1,Cash on Delivery
FX205923,2025-10-01,Kabir Shah,SOUTH,Filter Coffee,3,59.0,0.1,Cash on Delivery
FX201484,08-27-2025,Rahul Sinha,EAST,Chicken Noodles,8,236.61,0.15,Card
FX203742,09-26-2025,Manish Tiwari,EAST,Chicken Noodles,6,243.78,0.25,Card
FX202288,2025-10-05,Nisha Gupta,south,Chocolate Brownie,5,147.51,0.25,Card
FX206094,2025-12-06,Kabir Shah,East,Fish Curry Meals,5,335.58,0.1,Card
FX203469,2025-03-30,Aditya Ghosh,EAST,Veg Biryani,6,223.38,,UPI
FX203443,2025-08-15,Ishita Bose,north,Spring Roll,5,157.41,0.2,Wallet
FX200390,2025-02-24,Kabir Shah,SOUTH,Butter Naan,4,44.55,0.2,UPI
FX202980,02-08-2025,Tara Joshi,East,Veg Fried Rice,2,195.02,0.0,Wallet
FX208050,19/04/2025,Meera Krishnan,EAST,Veg Fried Rice,8,202.98,0.1,Cash on Delivery
FX200391,2025-01-31,Tara Joshi,East,Veg Fried Rice,5,200.99,0.0,Cash on Delivery
FX201627,19/07/2025,Tara Joshi,SOUTH,Farmhouse Pizza,1,399.0,0.1,Cash on Delivery
FX204375,2025-12-02,Omkar Deshpande,East,Green Salad,6,141.78,0.1,Wallet
FX203749,01/04/2025,Aarav Mehta,SOUTH,Veg Biryani,5,223.38,0.25,Card
FX203442,22/04/2025,Saanvi Reddy,North,Filter Coffee,2,58.41,0.0,Cash on Delivery
FX202251,08-29-2025,Vihaan Rao,West,Margherita Pizza,5,249.0,0.0,Wallet
FX202925,06-05-2025,Priya Balaji,East,Filter Coffee,5,58.41,0.15,UPI
FX206601,01-25-2025,,EAST,Idli Sambar,7,88.11,0.15,UPI
FX206668,2025-10-20,Dev Sharma,North,Tandoori Chicken,5,440.02,0.05,Cash on Delivery
FX200214,2025-03-20,Rahul Sinha,west,Chicken Noodles,3,234.22,0.0,UPI
FX203130,05/05/2025,Rahul Sinha,west,Farmhouse Pizza,5,399.0,0.05,Card
FX203487,2025-08-24,Manish Tiwari,south,Chocolate Brownie,1,147.51,0.0,UPI
FX205997,2025-12-01,Rohan Pillai,north,Filter Coffee,3,58.41,0.25,UPI
FX206430,2025-04-22,Meera Krishnan,East,Idli Sambar,3,89.89,0.1,UPI
FX200714,18/07/2025,Saanvi Reddy,East,Mango Lassi,6,110.09,0.0,Cash on Delivery
FX204981,03/07/2025,Ananya Iyer,EAST,Chicken Noodles,2,236.61,0.0,UPI
FX203814,03/07/2025,Ishita Bose,North,Mutton Roll,7,273.42,0.05,UPI
FX205536,05/02/2025,Priya Balaji,East,Cold Coffee,1,119.0,0.0,Card
FX201492,23/10/2025,Vihaan Rao,SOUTH,Farmhouse Pizza,3,402.99,0.2,Card
FX205441,2025-04-01,Kabir Shah,EAST,Farmhouse Pizza,3,391.02,0.1,Card
FX202709,2025-07-09,Riya Kapoor,West,Paneer Butter Masala,2,264.18,0.0,Cash on Delivery
FX206260,2025-04-25,Priya Balaji,West,Veg Biryani,7,223.38,0.0,Wallet
FX203247,13/05/2025,Manish Tiwari,EAST,Chicken Biryani,2,283.22,0.25,UPI
FX202079,05/07/2025,Ananya Iyer,SOUTH,Green Salad,6,140.39,0.05,Cash on Delivery
FX206544,01-30-2025,Aarav Mehta,West,Filter Coffee,3,58.41,0.25,UPI
FX206607,2025-02-14,Omkar Deshpande,south,Margherita Pizza,8,244.02,0.2,Cash on Delivery
FX205328,12-03-2025,Kabir Shah,North,Margherita Pizza,3,251.49,0.0,Cash on Delivery
FX202803,2025-03-21,Dev Sharma,SOUTH,Masala Dosa,7,127.71,0.0,Wallet
FX208620,07/09/2025,Diya Nair,north,Gulab Jamun,7,99.0,0.2,UPI
FX200509,2025-04-25,Vihaan Rao,south,Chicken Noodles,1,236.61,0.0,Card
FX207774,03/01/2025,Karthik Raman,EAST,Margherita Pizza,4,246.51,,Card
FX205323,10-08-2025,Rahul Sinha,West,Chicken Biryani,4,286.11,0.2,Cash on Delivery
FX205100,2025-06-08,Rohan Pillai,EAST,Filter Coffee,7,57.82,0.0,Card
FX206433,01-20-2025,Nikhil Menon,East,Gulab Jamun,4,98.01,0.0,Card
FX207178,2025-09-19,,west,Chicken Noodles,6,234.22,0.0,Card
FX200681,10-08-2025,Dev Sharma,west,Filter Coffee,6,59.0,0.15,UPI
FX206664,2025-03-04,Omkar Deshpande,EAST,Mutton Roll,3,273.42,0.0,UPI
FX202336,2025-06-05,Priya Balaji,SOUTH,Tandoori Chicken,1,457.98,0.0,UPI
FX200218,2025-10-25,Lakshmi Prasad,EAST,Filter Coffee,7,59.0,0.25,Cash on Delivery
FX204853,06-26-2025,Kabir Shah,west,Butter Naan,7,45.0,0.05,Card
FX202073,11/07/2025,Kavya Subramanian,SOUTH,Cold Coffee,1,116.62,0.15,UPI
FX204769,09-24-2025,Kabir Shah,East,Masala Dosa,7,126.42,0.05,UPI
FX204356,02-02-2025,Yash Patel,south,Chicken Noodles,8,236.61,0.0,Card
FX205900,12-14-2025,Kavya Subramanian,south,Green Salad,7,137.61,0.0,Cash on Delivery
FX208580,24/04/2025,Meera Krishnan,West,Masala Dosa,7,131.58,0.1,Card
FX204676,2025-10-03,Riya Kapoor,south,Spring Roll,6,157.41,0.0,UPI
FX204061,08-13-2025,Rohan Pillai,south,Gulab Jamun,3,100.98,0.1,UPI
FX207725,2025-08-06,Ishita Bose,East,Gulab Jamun,3,99.99,0.15,Wallet
FX207036,2025-08-15,Lakshmi Prasad,North,Green Salad,1,140.39,0.1,Cash on Delivery
FX204467,08-31-2025,Dev Sharma,West,Fish Curry Meals,1,329.0,0.0,Cash on Delivery
FX206928,07/06/2025,Riya Kapoor,EAST,Mutton Roll,5,284.58,0.0,Cash on Delivery
FX203867,05-27-2025,Meera Krishnan,SOUTH,Veg Biryani,2,223.38,0.25,Wallet
FX207431,2025-04-10,Ishita Bose,south,Gulab Jamun,1,98.01,0.1,Card
FX201362,2025-10-10,Manish Tiwari,SOUTH,Chicken Biryani,5,286.11,0.05,Cash on Delivery
FX206128,06/04/2025,Vihaan Rao,North,Spring Roll,1,159.0,0.0,Cash on Delivery
FX203786,09-04-2025,Riya Kapoor,SOUTH,Cold Coffee,5,121.38,0.1,UPI
FX208899,2025-04-10,Arjun Verma,SOUTH,Filter Coffee,2,60.18,0.2,UPI
FX202542,2025-12-12,Manish Tiwari,north,Gulab Jamun,1,98.01,0.1,Card
FX201662,17/03/2025,Arjun Verma,North,Spring Roll,4,159.0,0.0,UPI
FX205774,12/11/2025,Riya Kapoor,West,Masala Dosa,6,129.0,0.25,Cash on Delivery
FX205297,10/08/2025,Meera Krishnan,EAST,Chicken Noodles,6,243.78,0.15,Card
FX207323,2025-10-30,Rohan Pillai,East,Fish Curry Meals,8,325.71,0.25,Card
FX204174,2025-12-24,Nisha Gupta,north,Mango Lassi,7,109.0,0.0,Card
FX201525,2025-11-19,Saanvi Reddy,SOUTH,Chocolate Brownie,4,146.02,0.2,Card
FX208399,20/04/2025,Rohan Pillai,West,Tandoori Chicken,3,453.49,0.1,Cash on Delivery
FX201467,2025-12-31,Rahul Sinha,SOUTH,Gulab Jamun,6,98.01,0.0,UPI
FX203222,2025-08-03,Manish Tiwari,west,Chicken Noodles,2,241.39,0.0,Wallet
FX207033,07-07-2025,Karthik Raman,south,Gulab Jamun,2,97.02,0.05,Cash on Delivery
FX207687,09/07/2025,Dev Sharma,south,Masala Dosa,6,127.71,0.15,UPI
FX200440,01-21-2025,Saanvi Reddy,North,Margherita Pizza,6,251.49,0.2,Card
FX201859,2025-05-20,Manish Tiwari,west,Filter Coffee,1,58.41,,Wallet
FX204836,2025-11-30,Dev Sharma,south,Gulab Jamun,6,99.99,0.05,Card
FX205740,07-17-2025,Aarav Mehta,North,Butter Naan,4,45.9,0.2,Wallet
FX208361,2025-11-09,,North,Farmhouse Pizza,7,399.0,0.0,Wallet
FX201298,09-16-2025,Yash Patel,north,Paneer Butter Masala,5,264.18,0.2,UPI
FX200366,04-24-2025,Sneha Varma,West,Chicken Noodles,1,239.0,0.2,Wallet
FX206432,2025-02-27,Ananya Iyer,SOUTH,Spring Roll,2,155.82,0.15,UPI
FX208518,08-09-2025,Aarav Mehta,north,Paneer Butter Masala,6,259.0,0.0,Wallet
FX208634,06-17-2025,Yash Patel,SOUTH,Butter Naan,5,44.1,0.1,UPI
FX207700,2025-11-04,Dev Sharma,EAST,Veg Biryani,5,223.38,0.0,Card
FX205729,18/01/2025,Arjun Verma,SOUTH,Gulab Jamun,8,99.0,0.0,Cash on Delivery
FX201765,18/10/2025,Rahul Sinha,West,Tandoori Chicken,6,444.51,0.2,Card
FX200094,11/09/2025,Nisha Gupta,west,Butter Naan,4,45.0,0.15,Wallet
FX204959,20/03/2025,,west,Cold Coffee,8,116.62,0.05,Cash on Delivery
FX206745,2025-09-26,Saanvi Reddy,West,Gulab Jamun,1,99.99,0.15,Cash on Delivery
FX203826,01/10/2025,Arjun Verma,south,Mango Lassi,5,110.09,0.0,Cash on Delivery
FX203072,27/08/2025,Aarav Mehta,West,Farmhouse Pizza,8,399.0,0.0,Cash on Delivery
FX207488,05/01/2025,Meera Krishnan,EAST,Green Salad,7,136.22,0.0,UPI
FX208533,2025-06-09,Rahul Sinha,North,Tandoori Chicken,4,440.02,0.15,UPI
FX205063,2025-08-16,Tara Joshi,EAST,Chicken Biryani,-6,291.89,0.0,UPI
FX205211,2025-11-30,Diya Nair,north,Masala Dosa,3,129.0,0.15,Wallet
FX200666,2025-06-18,Manish Tiwari,North,Veg Biryani,7,223.38,0.0,Card
FX207980,21/04/2025,Omkar Deshpande,West,Gulab Jamun,4,99.99,0.2,Cash on Delivery
FX208833,04/11/2025,Meera Krishnan,North,Spring Roll,2,155.82,0.15,Cash on Delivery
FX203402,21/07/2025,Aditya Ghosh,west,Gulab Jamun,6,98.01,0.2,Wallet
FX200737,22/11/2025,Aarav Mehta,West,Cold Coffee,8,116.62,0.15,Cash on Delivery
FX201729,21/09/2025,Lakshmi Prasad,West,Chicken Biryani,6,283.22,0.1,Card
FX205069,20/08/2025,Aarav Mehta,EAST,Gulab Jamun,1,99.99,0.2,UPI
FX204442,2025-04-26,Aarav Mehta,West,Veg Fried Rice,6,195.02,0.0,Cash on Delivery
FX205840,2025-10-01,Nisha Gupta,SOUTH,Mango Lassi,6,111.18,0.0,Wallet
FX202252,12-25-2025,Ananya Iyer,EAST,Gulab Jamun,7,99.99,,UPI
FX208210,16/01/2025,Riya Kapoor,East,Veg Fried Rice,5,199.0,0.2,UPI
FX204150,07/07/2025,Manish Tiwari,North,Margherita Pizza,2,246.51,0.0,UPI
FX200404,29/03/2025,Riya Kapoor,north,Chicken Noodles,1,243.78,0.0,Cash on Delivery
FX208499,09-25-2025,Manish Tiwari,East,Farmhouse Pizza,2,402.99,0.05,UPI
FX205725,2025-07-14,Aarav Mehta,SOUTH,Mango Lassi,5,111.18,0.0,Cash on Delivery
FX201601,09-22-2025,Nisha Gupta,SOUTH,Spring Roll,8,157.41,0.0,Card
FX205611,2025-06-02,Arjun Verma,south,Chocolate Brownie,4,147.51,0.0,Cash on Delivery
FX202566,23/02/2025,Meera Krishnan,West,Gulab Jamun,4,99.99,0.0,UPI
FX201378,01-31-2025,Yash Patel,West,Masala Dosa,-8,126.42,0.1,Card
FX203984,09-01-2025,Nikhil Menon,EAST,Idli Sambar,7,87.22,0.0,Card
FX202928,26/08/2025,Ananya Iyer,East,Spring Roll,5,155.82,0.25,UPI
FX205558,06/12/2025,Nisha Gupta,EAST,Veg Biryani,1,214.62,0.05,Cash on Delivery
FX201192,09/12/2025,Priya Balaji,North,Veg Biryani,4,223.38,0.25,UPI
FX202070,2025-09-30,Aarav Mehta,East,Cold Coffee,3,121.38,0.0,UPI
FX208080,2025-12-12,Karthik Raman,west,Spring Roll,1,157.41,0.25,Cash on Delivery
FX201129,2025-04-08,Kavya Subramanian,East,Veg Biryani,4,214.62,0.0,Wallet
FX203155,31/10/2025,,EAST,Spring Roll,8,159.0,0.25,Card
FX206004,08/03/2025,Aditya Ghosh,East,Chicken Noodles,5,241.39,0.2,UPI
FX203098,2025-06-24,Rahul Sinha,SOUTH,Fish Curry Meals,2,322.42,0.1,Card
FX207095,2025-11-21,Aditya Ghosh,north,Idli Sambar,1,87.22,0.0,Cash on Delivery
FX206787,14/11/2025,Arjun Verma,SOUTH,Paneer Butter Masala,7,261.59,0.25,Cash on Delivery
FX203059,05-20-2025,Lakshmi Prasad,West,Farmhouse Pizza,8,399.0,0.05,UPI
FX201355,2025-12-02,Vihaan Rao,North,Masala Dosa,2,126.42,0.15,Card
FX206344,2025-02-11,Aditya Ghosh,SOUTH,Mango Lassi,-8,107.91,0.0,Wallet
FX201150,2025-09-06,Nikhil Menon,SOUTH,Veg Biryani,6,223.38,0.25,Cash on Delivery
FX205977,04/04/2025,Aditya Ghosh,EAST,Mutton Roll,7,284.58,0.15,Wallet
FX208769,09/08/2025,Dev Sharma,SOUTH,Butter Naan,1,44.1,,Wallet
FX208519,2025-05-14,Tara Joshi,EAST,Masala Dosa,7,126.42,0.05,UPI
FX207296,2025-09-24,Ananya Iyer,north,Idli Sambar,2,89.89,0.2,Wallet
FX202716,2025-01-04,Sneha Varma,East,Chicken Biryani,2,286.11,0.1,UPI
FX200524,2025-03-28,Yash Patel,West,Mango Lassi,-8,110.09,0.0,Cash on Delivery
FX205581,2025-09-14,Nisha Gupta,south,Filter Coffee,5,57.82,0.1,Card
FX206937,2025-11-15,Tara Joshi,EAST,Spring Roll,3,155.82,0.05,Card
FX208749,2025-02-19,Aditya Ghosh,west,Chocolate Brownie,1,147.51,0.15,Card
FX201690,23/11/2025,Vihaan Rao,west,Butter Naan,1,45.45,0.2,Cash on Delivery
FX207767,02-19-2025,Tara Joshi,East,Paneer Butter Masala,4,256.41,0.15,Wallet
FX207080,29/04/2025,Diya Nair,SOUTH,Mango Lassi,2,110.09,0.2,Cash on Delivery
FX206106,2025-08-05,Karthik Raman,west,Chocolate Brownie,2,147.51,0.0,Card
FX208615,2025-06-20,Arjun Verma,SOUTH,Mutton Roll,4,281.79,0.15,Wallet
FX204460,2025-03-07,Nikhil Menon,North,Tandoori Chicken,5,449.0,0.0,Wallet
FX207549,2025-08-14,Priya Balaji,EAST,Margherita Pizza,-4,249.0,0.1,Card
FX208017,2025-09-19,Dev Sharma,EAST,Farmhouse Pizza,5,406.98,0.0,Cash on Delivery
FX203983,2025-03-25,Aarav Mehta,south,Mango Lassi,4,111.18,0.15,Card
FX208091,27/02/2025,Diya Nair,North,Chocolate Brownie,1,147.51,0.0,Card
FX207674,2025-12-13,Diya Nair,North,Butter Naan,4,45.9,0.15,UPI
FX208676,06-22-2025,Vihaan Rao,West,Chicken Noodles,2,243.78,,UPI
FX203407,2025-01-22,Vihaan Rao,south,Butter Naan,1,44.55,0.25,Wallet
FX203115,2025-12-30,Tara Joshi,west,Mango Lassi,1,107.91,0.25,Wallet
FX203149,2025-01-26,Aditya Ghosh,EAST,Chicken Biryani,4,289.0,0.05,Card
FX201472,11-20-2025,Ishita Bose,East,Mutton Roll,4,276.21,0.15,Cash on Delivery
FX206520,2025-11-30,Rahul Sinha,EAST,Veg Fried Rice,4,202.98,0.0,UPI
FX201573,14/04/2025,Kabir Shah,west,Margherita Pizza,8,251.49,0.0,Card
FX204958,07-28-2025,,West,Gulab Jamun,6,99.99,0.15,UPI
FX204442,2025-04-26,Aarav Mehta,West,Veg Fried Rice,6,195.02,0.0,Cash on Delivery
FX205664,2025-02-27,Priya Balaji,EAST,Idli Sambar,8,89.89,0.1,Card
FX200585,10-12-2025,Ishita Bose,south,Cold Coffee,1,116.62,0.1,Cash on Delivery
FX203251,10-11-2025,Lakshmi Prasad,East,Gulab Jamun,8,99.0,0.0,Cash on Delivery
FX204642,02/03/2025,Diya Nair,north,Cold Coffee,3,121.38,0.15,UPI
FX207082,2025-12-13,Ananya Iyer,North,Chicken Noodles,7,239.0,0.0,Cash on Delivery
FX208660,2025-12-09,Kabir Shah,East,Spring Roll,7,157.41,0.2,Card
FX202747,08-27-2025,Vihaan Rao,north,Veg Biryani,1,221.19,0.0,Card
FX206803,2025-01-02,Nisha Gupta,West,Gulab Jamun,2,98.01,0.1,Card
FX200098,08/08/2025,Rahul Sinha,EAST,Chicken Biryani,3,289.0,0.2,Card
FX205852,08-03-2025,Aarav Mehta,north,Veg Biryani,3,214.62,0.1,Wallet
FX201369,2025-07-12,Dev Sharma,East,Chicken Noodles,4,243.78,0.2,UPI
FX206913,11-21-2025,Sneha Varma,north,Veg Biryani,7,214.62,0.0,UPI
FX203283,04-26-2025,Aditya Ghosh,south,Idli Sambar,3,90.78,0.0,UPI
FX203043,2025-11-23,Riya Kapoor,south,Chocolate Brownie,3,151.98,0.2,Cash on Delivery
FX202281,04/06/2025,Priya Balaji,North,Cold Coffee,2,117.81,0.0,UPI
FX207569,27/08/2025,Diya Nair,south,Filter Coffee,8,60.18,0.1,Cash on Delivery
FX201695,12/09/2025,Rohan Pillai,west,Idli Sambar,1,89.0,0.15,Wallet
FX202480,2025-02-10,Yash Patel,SOUTH,Masala Dosa,4,131.58,0.0,Card
FX207755,2025-02-07,,south,Mutton Roll,5,276.21,0.1,UPI
FX207977,30/01/2025,Diya Nair,North,Tandoori Chicken,1,453.49,0.25,Card
FX208557,12/05/2025,Manish Tiwari,north,Green Salad,7,140.39,0.1,Card
FX208462,2025-06-02,Manish Tiwari,West,Farmhouse Pizza,3,395.01,0.25,Card
FX206646,22/09/2025,Saanvi Reddy,EAST,Gulab Jamun,2,100.98,0.0,Cash on Delivery
FX202513,09-07-2025,Diya Nair,EAST,Veg Fried Rice,8,195.02,0.15,UPI
FX205217,2025-08-15,Yash Patel,EAST,Gulab Jamun,2,100.98,0.2,Cash on Delivery
FX203548,27/03/2025,Aditya Ghosh,west,Mutton Roll,1,281.79,0.1,Card
FX204718,17/12/2025,Priya Balaji,SOUTH,Gulab Jamun,4,100.98,0.25,Cash on Delivery
FX200107,2025-02-21,,EAST,Chicken Noodles,8,241.39,0.2,Card
FX201562,2025-11-08,Lakshmi Prasad,East,Cold Coffee,1,116.62,0.0,Card
FX208386,2025-05-03,Dev Sharma,EAST,Margherita Pizza,1,253.98,0.1,UPI
FX207335,07-20-2025,Saanvi Reddy,south,Paneer Butter Masala,2,253.82,0.2,Cash on Delivery
FX204832,13/07/2025,Karthik Raman,East,Mutton Roll,6,281.79,0.1,Cash on Delivery
FX207860,2025-11-08,Lakshmi Prasad,West,Fish Curry Meals,4,329.0,,Wallet
FX200617,22/06/2025,Dev Sharma,EAST,Tandoori Chicken,6,444.51,,Cash on Delivery
FX205284,2025-11-03,Lakshmi Prasad,West,Idli Sambar,4,89.0,0.0,Card
FX202313,2025-10-16,Aditya Ghosh,west,Masala Dosa,4,127.71,0.0,Card
FX200864,2025-11-17,Aditya Ghosh,north,Mutton Roll,4,276.21,0.05,Cash on Delivery
FX202405,13/04/2025,Kabir Shah,west,Mutton Roll,4,279.0,0.0,Cash on Delivery
FX201413,01-16-2025,,EAST,Chicken Noodles,8,236.61,0.15,Wallet
FX201939,17/03/2025,Diya Nair,south,Chicken Biryani,2,294.78,0.15,Wallet
FX208874,2025-06-29,Tara Joshi,EAST,Veg Fried Rice,3,195.02,0.1,Card
FX207923,2025-06-04,Diya Nair,west,Butter Naan,5,44.1,0.0,Card
FX208191,06/12/2025,Kavya Subramanian,West,Farmhouse Pizza,1,402.99,0.0,Cash on Delivery
FX207612,2025-05-10,Yash Patel,west,Veg Fried Rice,6,200.99,0.2,Wallet
FX201533,2025-02-07,Rahul Sinha,SOUTH,Butter Naan,4,45.0,0.0,Cash on Delivery
FX206387,2025-05-14,Riya Kapoor,north,Veg Fried Rice,2,195.02,0.0,UPI
FX203622,26/11/2025,Kabir Shah,East,Cold Coffee,1,117.81,0.1,UPI
FX203355,05/07/2025,Meera Krishnan,west,Mango Lassi,7,107.91,0.1,UPI
FX200892,26/03/2025,Kabir Shah,West,Spring Roll,1,155.82,0.0,Cash on Delivery
FX202528,2025-07-19,Ishita Bose,EAST,Filter Coffee,7,58.41,0.25,Card
FX204561,2025-06-15,Dev Sharma,SOUTH,Mango Lassi,7,111.18,0.25,Wallet
FX203562,09-18-2025,Rahul Sinha,west,Green Salad,5,141.78,0.15,Cash on Delivery
FX206577,2025-12-05,Lakshmi Prasad,SOUTH,Chocolate Brownie,1,151.98,0.15,Card
FX207891,09-01-2025,,north,Paneer Butter Masala,2,261.59,0.2,Card
FX207360,12-02-2025,Sneha Varma,south,Spring Roll,6,155.82,0.1,Card
FX207718,07-27-2025,Aditya Ghosh,North,Green Salad,3,137.61,0.1,Wallet
FX206259,2025-11-08,Nisha Gupta,west,Chicken Noodles,8,239.0,0.2,Cash on Delivery
FX204413,2025-11-27,Karthik Raman,north,Green Salad,6,140.39,0.1,Wallet
FX203165,2025-05-18,Rahul Sinha,West,Butter Naan,4,45.45,0.05,Wallet
FX207153,03-28-2025,Lakshmi Prasad,West,Gulab Jamun,2,100.98,0.0,Wallet
FX201282,2025-07-02,Ishita Bose,East,Cold Coffee,5,117.81,0.05,Wallet
FX204982,09/09/2025,Kabir Shah,EAST,Farmhouse Pizza,3,391.02,0.05,UPI
FX201020,12-01-2025,Kavya Subramanian,West,Gulab Jamun,7,99.0,,Cash on Delivery
FX206401,2025-02-18,Yash Patel,south,Chicken Noodles,8,234.22,0.0,UPI
FX205648,2025-01-16,Kabir Shah,West,Margherita Pizza,6,244.02,0.1,UPI
FX205444,2025-04-11,Sneha Varma,north,Chicken Biryani,3,291.89,0.05,Cash on Delivery
FX205527,2025-03-26,Tara Joshi,West,Green Salad,6,139.0,0.15,Cash on Delivery
FX207324,06-21-2025,Kavya Subramanian,south,Veg Fried Rice,7,199.0,0.1,Card
FX201940,2025-02-05,Nisha Gupta,SOUTH,Cold Coffee,3,121.38,0.2,Card
FX202618,2025-11-03,Sneha Varma,north,Veg Fried Rice,6,195.02,0.2,Card
FX203007,23/04/2025,Diya Nair,south,Margherita Pizza,3,251.49,0.15,UPI
FX206834,2025-10-21,Saanvi Reddy,south,Chocolate Brownie,6,146.02,0.2,UPI
FX205492,11-21-2025,Tara Joshi,West,Butter Naan,2,45.45,0.0,Card
FX204466,23/03/2025,Lakshmi Prasad,East,Cold Coffee,4,117.81,0.25,Cash on Delivery
FX202126,11/01/2025,Rahul Sinha,west,Farmhouse Pizza,1,402.99,0.0,Wallet
FX203151,28/03/2025,Meera Krishnan,East,Chicken Noodles,1,239.0,0.0,Cash on Delivery
FX208840,16/06/2025,Rahul Sinha,SOUTH,Veg Fried Rice,7,199.0,0.25,Wallet
FX207783,27/12/2025,Dev Sharma,North,Filter Coffee,8,60.18,0.05,UPI
FX201715,2025-08-27,Vihaan Rao,west,Green Salad,3,141.78,0.0,UPI
FX208963,12-14-2025,Nikhil Menon,North,Paneer Butter Masala,4,259.0,0.0,Cash on Delivery
FX202197,09-03-2025,Aditya Ghosh,EAST,Mutton Roll,4,273.42,0.0,Card
FX208581,2025-04-08,Riya Kapoor,North,Tandoori Chicken,2,449.0,0.0,Wallet
FX204474,2025-11-02,Kabir Shah,south,Mutton Roll,6,276.21,0.2,UPI
FX202584,17/09/2025,Rahul Sinha,north,Fish Curry Meals,3,322.42,0.0,Wallet
FX204649,11/05/2025,Tara Joshi,south,Green Salad,1,139.0,0.0,UPI
FX201951,2025-11-07,Priya Balaji,East,Veg Biryani,6,219.0,,Cash on Delivery
FX202785,22/02/2025,Aditya Ghosh,south,Gulab Jamun,1,99.99,0.05,Wallet
FX201426,2025-05-22,Riya Kapoor,north,Veg Fried Rice,3,199.0,0.05,UPI
FX200274,17/07/2025,Vihaan Rao,West,Gulab Jamun,2,99.99,0.2,Cash on Delivery
FX206644,08-30-2025,Saanvi Reddy,East,Margherita Pizza,6,249.0,0.15,Wallet
FX208460,01/01/2025,Manish Tiwari,north,Farmhouse Pizza,5,402.99,0.2,Card
FX207867,2025-04-07,Priya Balaji,East,Filter Coffee,6,60.18,0.1,Card
FX204083,11-16-2025,Meera Krishnan,EAST,Chocolate Brownie,3,146.02,0.0,Cash on Delivery
FX205853,09-02-2025,Karthik Raman,south,Paneer Butter Masala,8,253.82,0.1,Card
FX205832,2025-11-24,Kabir Shah,North,Cold Coffee,4,116.62,0.0,Wallet
FX207469,14/04/2025,Ishita Bose,south,Chicken Noodles,8,241.39,0.0,UPI
FX203846,01/11/2025,Rahul Sinha,EAST,Butter Naan,6,45.9,0.1,Wallet
FX202173,02/10/2025,Diya Nair,EAST,Cold Coffee,3,119.0,0.05,Wallet
FX200416,2025-06-19,Nisha Gupta,West,Masala Dosa,2,127.71,0.1,Card
FX207833,10-26-2025,Manish Tiwari,EAST,Green Salad,4,137.61,0.15,Card
FX201419,2025-02-19,Rohan Pillai,south,Paneer Butter Masala,5,256.41,0.0,Cash on Delivery
FX206304,21/04/2025,Tara Joshi,West,Margherita Pizza,7,244.02,0.0,Card
FX201325,2025-06-14,Omkar Deshpande,west,Tandoori Chicken,4,444.51,0.0,UPI
FX201931,01/06/2025,Omkar Deshpande,north,Idli Sambar,2,87.22,0.1,UPI
FX201164,2025-12-12,Yash Patel,West,Masala Dosa,2,130.29,0.0,UPI
FX202742,16/01/2025,Manish Tiwari,south,Tandoori Chicken,1,453.49,0.0,Card
FX207906,2025-04-22,Diya Nair,East,Spring Roll,2,159.0,0.15,Cash on Delivery
FX208815,03-21-2025,Riya Kapoor,East,Spring Roll,8,155.82,0.0,Card
FX200460,2025-01-21,Karthik Raman,EAST,Mango Lassi,5,107.91,0.2,UPI
FX204480,2025-12-05,Priya Balaji,north,Green Salad,8,141.78,0.05,Cash on Delivery
FX206895,03-02-2025,Nisha Gupta,North,Butter Naan,-5,45.9,,Wallet
FX200545,17/06/2025,Aarav Mehta,north,Mutton Roll,2,279.0,0.1,Wallet
FX208149,25/11/2025,Nikhil Menon,North,Farmhouse Pizza,1,406.98,0.05,Card
FX208410,26/04/2025,Ananya Iyer,SOUTH,Chicken Noodles,1,243.78,0.05,Wallet
FX208051,2025-07-08,Ishita Bose,south,Idli Sambar,5,90.78,0.0,UPI
FX206135,18/01/2025,Karthik Raman,EAST,Butter Naan,2,45.45,0.2,Wallet
FX201852,03/08/2025,Priya Balaji,East,Spring Roll,2,162.18,0.0,Wallet
FX204416,18/08/2025,Kabir Shah,SOUTH,Paneer Butter Masala,6,253.82,0.0,Wallet
FX201551,11-26-2025,Meera Krishnan,north,Spring Roll,-2,157.41,0.0,Cash on Delivery
FX205357,2025-03-19,Rohan Pillai,North,Idli Sambar,6,90.78,0.0,Card
FX207881,2025-11-17,Aditya Ghosh,North,Gulab Jamun,1,100.98,0.15,Card
FX208690,2025-10-08,Lakshmi Prasad,north,Masala Dosa,3,126.42,0.05,Cash on Delivery
FX203777,2025-09-25,Saanvi Reddy,West,Gulab Jamun,1,98.01,0.05,Card
FX205633,2025-05-01,Diya Nair,EAST,Spring Roll,3,157.41,0.0,Wallet
FX207339,2025-11-28,Riya Kapoor,north,Veg Fried Rice,6,199.0,0.1,Cash on Delivery
FX201175,09-15-2025,Lakshmi Prasad,North,Veg Fried Rice,7,200.99,,UPI
FX200173,09-30-2025,Meera Krishnan,west,Spring Roll,6,160.59,0.0,Wallet
FX208473,2025-09-17,Sneha Varma,west,Chicken Noodles,1,236.61,0.0,Card
FX202331,2025-12-17,Manish Tiwari,west,Veg Fried Rice,7,197.01,0.15,Wallet
FX202048,23/03/2025,Rohan Pillai,west,Fish Curry Meals,4,335.58,0.25,Wallet
FX202170,10/10/2025,Manish Tiwari,south,Filter Coffee,5,57.82,0.0,Cash on Delivery
FX208461,2025-03-19,Karthik Raman,SOUTH,Masala Dosa,3,127.71,0.05,Cash on Delivery
FX201596,05-12-2025,Priya Balaji,West,Mutton Roll,1,279.0,0.0,Card
FX203644,2025-06-25,Priya Balaji,west,Veg Fried Rice,3,195.02,0.0,Wallet
FX204062,2025-06-12,Nikhil Menon,SOUTH,Butter Naan,6,45.9,0.15,Card
FX204478,02-25-2025,Meera Krishnan,west,Chocolate Brownie,6,149.0,0.15,Cash on Delivery
FX206410,13/02/2025,Dev Sharma,south,Fish Curry Meals,7,322.42,0.2,Wallet
FX203986,04/07/2025,Kabir Shah,south,Chicken Noodles,1,243.78,0.15,Wallet
FX202117,05-09-2025,Arjun Verma,North,Farmhouse Pizza,3,399.0,0.25,Wallet
FX205671,2025-11-25,Riya Kapoor,North,Veg Fried Rice,4,195.02,0.25,UPI
FX207591,2025-05-25,Dev Sharma,North,Paneer Butter Masala,4,261.59,0.0,Card
FX204758,01-22-2025,Sneha Varma,North,Chicken Noodles,4,239.0,0.05,Card
FX203024,2025-01-22,Sneha Varma,west,Mango Lassi,5,109.0,0.0,Card
FX204188,2025-01-19,Sneha Varma,north,Paneer Butter Masala,6,253.82,,Cash on Delivery
FX206620,15/09/2025,Tara Joshi,EAST,Green Salad,4,137.61,0.05,Card
FX207960,10-06-2025,Ananya Iyer,west,Green Salad,3,140.39,0.05,UPI
FX200259,08-03-2025,Diya Nair,south,Gulab Jamun,5,100.98,0.0,Card
FX206639,11-21-2025,Vihaan Rao,East,Filter Coffee,6,57.82,0.0,UPI
FX206647,2025-11-13,Sneha Varma,West,Paneer Butter Masala,1,261.59,0.0,Cash on Delivery
FX208873,2025-12-13,Lakshmi Prasad,SOUTH,Fish Curry Meals,8,329.0,0.05,Cash on Delivery
FX206249,10-10-2025,Nisha Gupta,West,Veg Fried Rice,2,202.98,0.05,Card
FX208430,23/11/2025,Vihaan Rao,EAST,Chicken Noodles,5,243.78,0.0,Wallet
FX204068,2025-04-15,Diya Nair,EAST,Masala Dosa,5,131.58,0.0,Cash on Delivery
FX203293,2025-11-07,Omkar Deshpande,West,Tandoori Chicken,3,440.02,0.05,Cash on Delivery
FX204565,07-24-2025,Kabir Shah,south,Chicken Biryani,6,291.89,0.0,Card
FX201759,12-15-2025,Riya Kapoor,SOUTH,Veg Fried Rice,5,197.01,0.1,Wallet
FX201195,03-25-2025,Lakshmi Prasad,north,Farmhouse Pizza,4,391.02,0.0,Card
FX205560,07-25-2025,Priya Balaji,SOUTH,Chicken Noodles,5,236.61,0.0,Card
FX203203,2025-01-26,Ananya Iyer,south,Farmhouse Pizza,2,395.01,0.0,Cash on Delivery
FX205517,10/05/2025,Karthik Raman,North,Fish Curry Meals,4,325.71,0.0,UPI
FX205304,13/05/2025,Priya Balaji,East,Butter Naan,1,45.9,0.0,Cash on Delivery
FX207626,2025-05-10,Ishita Bose,SOUTH,Fish Curry Meals,5,322.42,0.15,Cash on Delivery
FX204193,2025-05-02,Dev Sharma,SOUTH,Butter Naan,4,45.45,0.0,Wallet
FX202149,04-24-2025,Ishita Bose,North,Mutton Roll,2,276.21,0.0,Card
FX208367,04-25-2025,Riya Kapoor,East,Fish Curry Meals,2,335.58,0.15,Wallet
FX201617,2025-10-18,Saanvi Reddy,north,Idli Sambar,7,88.11,0.0,Wallet
FX203896,2025-01-10,Riya Kapoor,SOUTH,Gulab Jamun,4,99.99,0.0,Cash on Delivery
FX205077,2025-06-14,Lakshmi Prasad,North,Masala Dosa,4,129.0,,UPI
FX204213,09/06/2025,Karthik Raman,west,Filter Coffee,3,59.0,0.0,Cash on Delivery
FX206662,01-11-2025,Lakshmi Prasad,south,Green Salad,4,139.0,0.2,Wallet
FX201864,05/01/2025,Manish Tiwari,west,Spring Roll,7,162.18,0.25,Cash on Delivery
FX205632,18/12/2025,Karthik Raman,west,Butter Naan,6,45.45,0.0,Card
FX208482,2025-12-09,Aarav Mehta,SOUTH,Cold Coffee,4,116.62,0.25,UPI
FX206213,12-11-2025,Aarav Mehta,East,Green Salad,1,136.22,0.15,Card
FX203398,2025-07-24,Sneha Varma,south,Chicken Biryani,8,286.11,0.1,Card
FX206623,2025-09-14,Nikhil Menon,north,Idli Sambar,3,87.22,0.05,UPI
FX204997,07-18-2025,Diya Nair,East,Farmhouse Pizza,2,402.99,0.1,Card
FX202113,2025-05-18,Manish Tiwari,south,Idli Sambar,2,89.0,0.05,UPI
FX200632,12/02/2025,Dev Sharma,North,Margherita Pizza,1,253.98,0.1,Wallet
FX203032,01-19-2025,Rohan Pillai,west,Fish Curry Meals,5,332.29,0.0,Cash on Delivery
FX202794,05-05-2025,Tara Joshi,south,Filter Coffee,5,60.18,0.15,UPI
FX204816,17/03/2025,Priya Balaji,north,Filter Coffee,8,59.59,0.05,UPI
FX207864,2025-01-28,Karthik Raman,EAST,Paneer Butter Masala,4,264.18,,Card
FX203509,16/11/2025,Karthik Raman,West,Mango Lassi,3,107.91,0.0,UPI
FX205301,31/03/2025,Kabir Shah,west,Veg Fried Rice,5,195.02,0.15,UPI
FX203400,05/09/2025,Rohan Pillai,East,Farmhouse Pizza,5,402.99,0.0,Card
FX202104,17/08/2025,Meera Krishnan,SOUTH,Chicken Biryani,1,283.22,0.25,Wallet
FX207584,2025-02-15,Kavya Subramanian,East,Butter Naan,6,45.45,0.0,Cash on Delivery
FX207544,2025-04-03,Rohan Pillai,north,Chicken Noodles,2,239.0,0.15,Wallet
FX207491,09-18-2025,Kabir Shah,west,Tandoori Chicken,6,444.51,0.25,Cash on Delivery
FX202029,18/06/2025,,north,Mutton Roll,7,279.0,0.2,Wallet
FX205732,2025-04-24,Manish Tiwari,East,Veg Biryani,4,221.19,0.25,Cash on Delivery
FX204568,2025-03-02,Vihaan Rao,west,Butter Naan,1,45.0,0.0,Wallet
FX201850,10/05/2025,Nisha Gupta,south,Filter Coffee,6,59.0,0.25,Cash on Delivery
FX205464,12-08-2025,Arjun Verma,West,Fish Curry Meals,7,325.71,0.2,Wallet
FX206759,2025-08-27,Rahul Sinha,north,Butter Naan,1,44.55,0.25,Wallet
FX206101,30/10/2025,Aarav Mehta,west,Cold Coffee,2,120.19,0.0,Card
FX201630,2025-07-05,Riya Kapoor,North,Chicken Biryani,4,286.11,,Cash on Delivery
FX206683,29/01/2025,Meera Krishnan,west,Green Salad,8,136.22,0.25,UPI
FX201111,24/02/2025,Rohan Pillai,south,Chocolate Brownie,7,149.0,,UPI
FX201779,2025-06-05,Ishita Bose,North,Spring Roll,1,157.41,0.0,Card
FX203272,22/05/2025,Tara Joshi,west,Chocolate Brownie,4,149.0,0.25,Card
FX206418,2025-05-23,Kabir Shah,East,Margherita Pizza,6,253.98,0.2,Card
FX202390,06-04-2025,Aarav Mehta,East,Masala Dosa,5,131.58,0.1,Card
FX203976,08-12-2025,Kavya Subramanian,south,Spring Roll,1,157.41,0.0,Card
FX204984,10-10-2025,Aditya Ghosh,SOUTH,Veg Fried Rice,8,195.02,0.25,Card
FX205076,06/04/2025,Sneha Varma,West,Filter Coffee,6,57.82,0.1,UPI
FX202808,05/07/2025,Diya Nair,north,Margherita Pizza,2,246.51,0.1,Card
FX205619,2025-07-03,Saanvi Reddy,south,Idli Sambar,1,90.78,0.0,Cash on Delivery
FX200377,2025-06-12,Priya Balaji,EAST,Green Salad,1,137.61,0.2,Wallet
FX203027,2025-08-22,Sneha Varma,North,Veg Fried Rice,4,195.02,0.0,Wallet
FX207381,08/10/2025,Rohan Pillai,West,Mutton Roll,5,276.21,0.15,Card
FX202920,2025-02-16,Ananya Iyer,west,Chicken Biryani,6,294.78,0.05,UPI
FX206820,2025-01-10,Vihaan Rao,north,Mutton Roll,6,276.21,0.0,Card
FX208481,2025-04-15,Aditya Ghosh,EAST,Spring Roll,3,162.18,0.1,Card
FX202885,2025-12-24,Nisha Gupta,south,Chocolate Brownie,7,149.0,0.15,Wallet
FX207252,04-13-2025,Tara Joshi,West,Farmhouse Pizza,7,395.01,0.05,Card
FX204272,04/10/2025,Aditya Ghosh,North,Spring Roll,7,160.59,0.0,Cash on Delivery
FX202498,12/08/2025,Ananya Iyer,SOUTH,Veg Fried Rice,8,197.01,0.1,UPI
FX202089,2025-08-26,Rohan Pillai,North,Paneer Butter Masala,6,261.59,0.05,Card
FX200008,05/11/2025,Vihaan Rao,West,Butter Naan,5,44.1,0.15,UPI
FX204971,2025-01-16,Ishita Bose,SOUTH,Paneer Butter Masala,5,261.59,0.0,Cash on Delivery
FX205646,04-04-2025,Manish Tiwari,north,Green Salad,4,141.78,0.25,Card
FX208611,05/05/2025,Lakshmi Prasad,West,Chicken Noodles,6,241.39,0.1,Wallet
FX204712,12-19-2025,Omkar Deshpande,East,Gulab Jamun,5,99.0,0.1,Wallet
FX205641,2025-12-05,Vihaan Rao,south,Veg Fried Rice,3,199.0,0.0,Card
FX203557,23/08/2025,Ishita Bose,West,Mutton Roll,5,276.21,0.15,Card
FX200106,2025-11-28,Arjun Verma,north,Veg Biryani,7,223.38,0.15,UPI
FX208323,10-16-2025,Nikhil Menon,EAST,Gulab Jamun,1,100.98,0.05,UPI
FX206770,06-25-2025,Aarav Mehta,EAST,Farmhouse Pizza,2,395.01,0.05,UPI
FX208664,2025-07-18,Omkar Deshpande,West,Veg Biryani,4,223.38,0.15,Wallet
FX205428,2025-08-13,,West,Filter Coffee,7,57.82,0.0,Wallet
FX208001,08-24-2025,Aarav Mehta,North,Chocolate Brownie,3,147.51,0.1,Wallet
FX208073,09-03-2025,Riya Kapoor,SOUTH,Gulab Jamun,5,100.98,0.0,Card
FX201700,12-04-2025,Aditya Ghosh,West,Farmhouse Pizza,6,391.02,,Cash on Delivery
FX202743,08-15-2025,,south,Veg Fried Rice,4,202.98,,Card
FX203481,2025-11-04,Omkar Deshpande,North,Idli Sambar,-2,90.78,0.2,UPI
FX205246,2025-07-14,Dev Sharma,north,Veg Biryani,1,216.81,0.05,Cash on Delivery
FX204625,2025-09-24,Priya Balaji,EAST,Masala Dosa,7,129.0,0.2,Card
FX203766,10-29-2025,Aditya Ghosh,EAST,Margherita Pizza,4,253.98,0.25,Cash on Delivery
FX206474,2025-08-20,Aarav Mehta,North,Idli Sambar,8,87.22,0.0,UPI
FX203762,05/07/2025,Manish Tiwari,SOUTH,Cold Coffee,3,117.81,0.05,Wallet
FX203362,03/06/2025,Aditya Ghosh,EAST,Chicken Noodles,4,241.39,0.15,Cash on Delivery
FX208869,2025-10-17,Omkar Deshpande,EAST,Masala Dosa,8,127.71,,UPI
FX202985,2025-11-23,Nikhil Menon,East,Fish Curry Meals,4,332.29,0.2,UPI
FX200163,29/05/2025,Arjun Verma,West,Veg Biryani,8,219.0,0.15,UPI
FX201131,2025-01-11,Kavya Subramanian,East,Chicken Biryani,5,289.0,0.05,UPI
FX208195,2025-07-30,Nikhil Menon,south,Green Salad,2,140.39,0.25,Card
FX206278,2025-11-19,Nisha Gupta,EAST,Butter Naan,4,44.1,0.25,Wallet
FX201368,09-13-2025,Yash Patel,East,Butter Naan,5,44.55,,UPI
FX206521,07/01/2025,Aarav Mehta,south,Veg Fried Rice,8,197.01,0.0,Card
FX203285,2025-12-10,,North,Fish Curry Meals,8,325.71,0.15,Card
FX206171,02/08/2025,Sneha Varma,west,Veg Biryani,2,219.0,0.05,Cash on Delivery
FX205673,11-29-2025,Meera Krishnan,East,Tandoori Chicken,3,457.98,0.25,Cash on Delivery
FX202837,06-02-2025,Karthik Raman,south,Chicken Biryani,7,283.22,0.0,Wallet
FX200186,2025-03-22,Karthik Raman,south,Veg Biryani,5,219.0,0.25,Cash on Delivery
FX200868,2025-12-25,Lakshmi Prasad,north,Mutton Roll,8,276.21,0.0,Cash on Delivery
FX207143,03-31-2025,Sneha Varma,north,Masala Dosa,1,126.42,0.1,Wallet
FX200335,2025-06-26,Diya Nair,West,Chocolate Brownie,7,151.98,0.25,Wallet
FX202503,14/02/2025,Omkar Deshpande,West,Masala Dosa,3,129.0,0.25,Card
FX206336,06-26-2025,Karthik Raman,north,Farmhouse Pizza,-7,391.02,0.2,Cash on Delivery
FX201127,04-04-2025,Kavya Subramanian,north,Margherita Pizza,5,253.98,0.0,UPI
FX203445,17/03/2025,Sneha Varma,North,Veg Biryani,8,214.62,0.0,UPI
FX203123,12/05/2025,Yash Patel,East,Spring Roll,2,157.41,0.0,Cash on Delivery
FX201468,2025-02-15,Riya Kapoor,south,Filter Coffee,2,59.59,0.0,Wallet
FX208251,2025-10-10,Lakshmi Prasad,SOUTH,Idli Sambar,2,89.89,0.0,Wallet
FX205603,05-17-2025,Tara Joshi,North,Butter Naan,5,45.45,0.15,UPI
FX204426,16/11/2025,Aditya Ghosh,North,Chicken Noodles,5,241.39,,Wallet
FX204738,04/08/2025,Dev Sharma,North,Margherita Pizza,3,244.02,0.0,UPI
FX202910,2025-03-12,Yash Patel,north,Paneer Butter Masala,1,253.82,0.05,Wallet
FX208866,07-02-2025,Aditya Ghosh,SOUTH,Veg Fried Rice,6,195.02,0.2,Wallet
FX200073,09/12/2025,Diya Nair,North,Chicken Biryani,4,294.78,0.1,Cash on Delivery
FX208398,2025-12-03,Manish Tiwari,west,Cold Coffee,8,117.81,0.1,UPI
FX200754,2025-02-20,Sneha Varma,south,Chocolate Brownie,7,146.02,,Cash on Delivery
FX201148,2025-01-31,,North,Paneer Butter Masala,5,253.82,0.05,Cash on Delivery
FX202667,2025-07-27,Kavya Subramanian,East,Mutton Roll,6,279.0,0.05,Card
FX205940,2025-05-10,Omkar Deshpande,west,Chocolate Brownie,2,151.98,0.1,Card
FX200276,27/09/2025,Manish Tiwari,SOUTH,Chocolate Brownie,-6,151.98,0.2,Wallet
FX207697,18/03/2025,Yash Patel,north,Veg Biryani,6,216.81,0.25,Wallet
FX208066,2025-04-18,Kabir Shah,west,Veg Fried Rice,5,200.99,0.1,UPI
FX202714,2025-08-03,Kabir Shah,south,Veg Biryani,7,219.0,0.0,Wallet
FX200354,04-11-2025,Rahul Sinha,west,Chocolate Brownie,8,146.02,0.0,UPI
FX205419,05/12/2025,Omkar Deshpande,EAST,Masala Dosa,1,131.58,0.0,Card
FX205174,27/10/2025,Karthik Raman,north,Filter Coffee,2,58.41,0.15,UPI
FX206238,2025-11-23,Diya Nair,East,Idli Sambar,1,89.89,0.05,UPI
FX207841,04-20-2025,Riya Kapoor,south,Idli Sambar,1,89.0,,UPI
FX205903,12-08-2025,Dev Sharma,EAST,Mutton Roll,1,276.21,0.05,Wallet
FX206078,2025-04-05,Nikhil Menon,west,Fish Curry Meals,4,332.29,0.0,Card
FX201942,2025-12-13,Rohan Pillai,north,Fish Curry Meals,8,329.0,0.05,Wallet
FX203423,2025-09-05,Rohan Pillai,West,Mango Lassi,2,110.09,0.2,Cash on Delivery
FX204873,05-11-2025,Ishita Bose,north,Fish Curry Meals,7,335.58,0.15,Card
FX202824,30/07/2025,Nikhil Menon,East,Gulab Jamun,3,98.01,0.15,Card
FX207657,2025-02-21,Manish Tiwari,north,Masala Dosa,7,130.29,0.25,Cash on Delivery
FX207640,04-16-2025,Sneha Varma,North,Spring Roll,1,155.82,0.15,UPI
FX200192,2025-02-15,Omkar Deshpande,north,Margherita Pizza,1,251.49,0.1,UPI
FX204153,2025-02-08,Yash Patel,East,Spring Roll,2,160.59,0.2,Cash on Delivery
FX203788,2025-01-28,Aditya Ghosh,West,Chicken Biryani,1,294.78,0.15,Wallet
FX201416,2025-02-15,Diya Nair,south,Chicken Biryani,3,291.89,0.2,Wallet
FX201626,18/06/2025,Riya Kapoor,EAST,Veg Biryani,-3,214.62,0.2,Cash on Delivery
FX200588,01-16-2025,Sneha Varma,West,Spring Roll,2,155.82,0.0,Wallet
FX206900,17/04/2025,Arjun Verma,SOUTH,Mango Lassi,7,109.0,0.25,Cash on Delivery
FX206503,2025-07-23,Sneha Varma,SOUTH,Filter Coffee,6,58.41,0.15,UPI
FX206189,06-13-2025,Omkar Deshpande,East,Idli Sambar,-5,90.78,0.0,Card
FX201130,2025-05-18,Aditya Ghosh,EAST,Gulab Jamun,2,100.98,0.1,Card
FX200988,20/04/2025,Saanvi Reddy,south,Margherita Pizza,3,251.49,0.25,UPI
FX203074,04/05/2025,,North,Fish Curry Meals,8,332.29,0.25,Wallet
FX205220,19/04/2025,Rohan Pillai,SOUTH,Idli Sambar,3,89.0,0.0,Wallet
FX206643,2025-09-21,Sneha Varma,West,Paneer Butter Masala,6,256.41,0.05,Wallet
FX204664,09-21-2025,Arjun Verma,north,Chocolate Brownie,2,147.51,0.25,Wallet
FX204609,10-02-2025,Omkar Deshpande,south,Margherita Pizza,3,249.0,0.0,Cash on Delivery
FX207642,2025-08-08,Saanvi Reddy,north,Butter Naan,8,44.1,0.0,UPI
FX200066,2025-05-16,Priya Balaji,north,Cold Coffee,3,117.81,0.1,UPI
FX206780,19/02/2025,Dev Sharma,EAST,Chicken Noodles,1,241.39,0.05,Card
FX203601,01-05-2025,Rohan Pillai,north,Mango Lassi,5,107.91,0.15,Card
FX206334,16/04/2025,Kabir Shah,North,Chicken Noodles,4,234.22,0.0,UPI
FX200307,16/06/2025,Rohan Pillai,SOUTH,Mango Lassi,1,109.0,0.15,UPI
FX200216,02-25-2025,Meera Krishnan,west,Margherita Pizza,3,253.98,0.2,Cash on Delivery
FX205160,15/04/2025,Rohan Pillai,EAST,Veg Fried Rice,3,197.01,0.0,Card
FX203324,10-25-2025,Tara Joshi,EAST,Veg Biryani,6,223.38,0.05,Card
FX207634,2025-07-03,Karthik Raman,north,Tandoori Chicken,1,449.0,0.2,UPI
FX200775,29/10/2025,Lakshmi Prasad,north,Chicken Biryani,4,286.11,0.25,Wallet
FX205349,04-15-2025,Rohan Pillai,SOUTH,Margherita Pizza,6,246.51,0.0,UPI
FX203505,2025-09-03,Yash Patel,East,Chicken Noodles,3,239.0,0.2,Card
FX201496,23/02/2025,Yash Patel,North,Filter Coffee,8,57.82,0.05,Wallet
FX203841,09/08/2025,Rahul Sinha,south,Filter Coffee,-8,58.41,0.0,Cash on Delivery
FX205941,03/03/2025,Nikhil Menon,west,Chocolate Brownie,3,150.49,0.0,UPI
FX202756,07/09/2025,Aditya Ghosh,south,Filter Coffee,4,57.82,0.0,Cash on Delivery
FX204465,2025-04-16,Rohan Pillai,North,Chicken Noodles,2,236.61,0.0,Card
FX203175,05/01/2025,Vihaan Rao,north,Cold Coffee,3,119.0,0.1,Wallet
FX206570,06-07-2025,Arjun Verma,south,Butter Naan,1,45.9,0.15,Wallet
FX200659,22/12/2025,Kavya Subramanian,EAST,Chicken Biryani,7,291.89,0.15,Card
FX202657,08/06/2025,Ananya Iyer,North,Tandoori Chicken,2,449.0,0.05,Wallet
FX203850,05-11-2025,Rohan Pillai,north,Mutton Roll,5,281.79,0.05,UPI
FX200084,2025-08-24,Riya Kapoor,north,Farmhouse Pizza,7,399.0,0.1,Wallet
FX202909,23/06/2025,Rahul Sinha,SOUTH,Farmhouse Pizza,3,395.01,0.0,Card
FX202810,2025-11-27,Nikhil Menon,south,Butter Naan,7,44.1,0.05,UPI
FX204209,02/11/2025,Aarav Mehta,East,Gulab Jamun,2,99.0,0.0,Cash on Delivery
FX202894,2025-02-21,Manish Tiwari,East,Mango Lassi,8,109.0,0.1,UPI
FX207239,04-01-2025,Rahul Sinha,north,Tandoori Chicken,6,440.02,0.0,Cash on Delivery
FX200885,2025-12-02,Yash Patel,North,Veg Biryani,7,219.0,0.0,UPI
FX200595,2025-10-16,Vihaan Rao,north,Fish Curry Meals,2,329.0,,Card
FX206434,05-01-2025,Nisha Gupta,SOUTH,Filter Coffee,6,59.0,0.0,Wallet
FX203075,06-15-2025,Kavya Subramanian,North,Idli Sambar,7,88.11,0.1,Card
FX207262,2025-08-27,Nikhil Menon,North,Chocolate Brownie,2,147.51,0.2,Cash on Delivery
FX204558,2025-07-02,Aditya Ghosh,West,Chicken Noodles,5,243.78,0.05,Card
FX207996,10-07-2025,Yash Patel,west,Masala Dosa,3,127.71,0.0,Cash on Delivery
FX203646,07/12/2025,Diya Nair,North,Mango Lassi,1,111.18,0.0,Card
FX205745,07/07/2025,Kavya Subramanian,West,Margherita Pizza,1,251.49,0.25,Card
FX202044,2025-02-04,Ishita Bose,south,Tandoori Chicken,8,449.0,0.0,UPI
FX200383,20/06/2025,Riya Kapoor,North,Green Salad,8,140.39,0.2,Wallet
FX201620,03-16-2025,Kavya Subramanian,East,Veg Fried Rice,8,195.02,,Cash on Delivery
FX202448,16/10/2025,Vihaan Rao,west,Paneer Butter Masala,8,259.0,0.0,Card
FX205350,2025-04-18,Aditya Ghosh,West,Masala Dosa,1,126.42,0.2,UPI
FX204945,2025-02-27,Manish Tiwari,West,Filter Coffee,5,57.82,0.2,UPI
FX204711,2025-05-10,Karthik Raman,SOUTH,Tandoori Chicken,5,444.51,0.15,Card
FX200660,2025-01-17,Lakshmi Prasad,SOUTH,Tandoori Chicken,6,444.51,0.25,UPI
FX203546,12/08/2025,Priya Balaji,north,Paneer Butter Masala,6,259.0,0.15,Card
FX201731,11-02-2025,Aditya Ghosh,EAST,Chicken Biryani,5,294.78,,Wallet
FX200778,2025-03-01,Riya Kapoor,East,Chicken Noodles,4,239.0,0.15,UPI
FX205417,24/04/2025,Yash Patel,North,Fish Curry Meals,1,335.58,0.0,UPI
FX205336,01/11/2025,Rohan Pillai,south,Farmhouse Pizza,8,399.0,0.25,Cash on Delivery
FX201975,04/10/2025,Ananya Iyer,East,Veg Biryani,5,214.62,0.05,Card
FX202361,2025-05-01,Ananya Iyer,SOUTH,Paneer Butter Masala,2,259.0,0.1,UPI
FX207149,2025-10-14,Arjun Verma,North,Cold Coffee,3,121.38,0.05,Wallet
FX207572,2025-09-07,Sneha Varma,North,Fish Curry Meals,8,335.58,0.05,Wallet
FX205905,2025-06-10,Omkar Deshpande,north,Spring Roll,4,160.59,0.05,UPI
FX207789,03-03-2025,Rahul Sinha,south,Fish Curry Meals,4,332.29,0.05,Cash on Delivery
FX202581,2025-02-10,Nisha Gupta,west,Paneer Butter Masala,7,264.18,0.1,Card
FX201764,2025-07-02,,north,Chicken Noodles,7,243.78,0.05,Cash on Delivery
FX207144,2025-05-04,Yash Patel,west,Masala Dosa,3,126.42,0.2,UPI
FX200628,2025-01-03,Nisha Gupta,north,Chocolate Brownie,8,151.98,0.0,UPI
FX208803,03-03-2025,Nikhil Menon,west,Veg Biryani,5,219.0,0.05,UPI
FX200489,27/06/2025,Diya Nair,south,Mango Lassi,2,107.91,0.2,UPI
FX204372,04/04/2025,Arjun Verma,EAST,Paneer Butter Masala,3,259.0,0.2,Wallet
FX207784,05-31-2025,Lakshmi Prasad,west,Filter Coffee,6,59.0,0.1,Card
FX203289,2025-12-24,Omkar Deshpande,West,Mutton Roll,7,276.21,0.0,Wallet
FX200311,2025-07-12,Tara Joshi,south,Veg Biryani,1,214.62,0.0,Card
FX202379,2025-04-25,Diya Nair,West,Paneer Butter Masala,2,261.59,0.05,Wallet
FX201144,2025-03-20,Aditya Ghosh,EAST,Mango Lassi,2,107.91,0.0,Card
FX201674,17/12/2025,Arjun Verma,north,Mutton Roll,5,276.21,0.25,Cash on Delivery
FX201212,22/04/2025,,North,Mutton Roll,4,276.21,0.25,UPI
FX202214,2025-04-02,Karthik Raman,East,Chocolate Brownie,5,146.02,0.25,Wallet
FX200200,2025-03-08,Yash Patel,west,Fish Curry Meals,8,332.29,0.0,Wallet
FX201707,2025-09-24,Lakshmi Prasad,SOUTH,Idli Sambar,5,89.89,,Wallet
FX201438,06/10/2025,Nikhil Menon,East,Veg Fried Rice,4,195.02,0.05,UPI
FX206634,07/10/2025,Yash Patel,SOUTH,Butter Naan,7,45.45,0.15,UPI
FX205104,2025-07-25,Ananya Iyer,SOUTH,Margherita Pizza,5,246.51,0.15,Card
FX202597,2025-01-21,Saanvi Reddy,North,Paneer Butter Masala,3,259.0,,UPI
FX201710,2025-11-13,Yash Patel,south,Gulab Jamun,1,97.02,0.25,Card
FX206696,2025-07-17,Saanvi Reddy,EAST,Farmhouse Pizza,4,402.99,0.15,Cash on Delivery
FX200898,06-08-2025,Aditya Ghosh,EAST,Mango Lassi,3,107.91,0.0,Wallet
FX201205,14/01/2025,Meera Krishnan,West,Paneer Butter Masala,7,261.59,0.25,Wallet
FX205385,28/12/2025,Nikhil Menon,West,Margherita Pizza,4,249.0,0.15,UPI
FX200678,2025-11-27,Manish Tiwari,west,Mango Lassi,6,109.0,0.05,Cash on Delivery
FX203817,11-01-2025,Karthik Raman,SOUTH,Fish Curry Meals,6,335.58,0.0,UPI
FX204440,2025-02-19,Kabir Shah,north,Mutton Roll,4,281.79,0.0,Wallet
FX207281,08-12-2025,Aditya Ghosh,EAST,Fish Curry Meals,6,329.0,0.0,Cash on Delivery
FX205209,08-05-2025,Sneha Varma,EAST,Tandoori Chicken,3,444.51,0.0,UPI
FX203558,03-07-2025,Rohan Pillai,north,Veg Biryani,4,219.0,0.1,Cash on Delivery
FX202287,2025-05-22,Meera Krishnan,north,Idli Sambar,3,87.22,0.05,Card
FX203941,27/09/2025,Priya Balaji,EAST,Gulab Jamun,5,98.01,,Card
FX200899,14/04/2025,Riya Kapoor,East,Veg Biryani,5,214.62,0.0,Card
FX204325,06/11/2025,Kabir Shah,SOUTH,Cold Coffee,8,121.38,0.25,UPI
FX200589,11/02/2025,Diya Nair,North,Spring Roll,2,160.59,0.05,Card
FX201577,2025-04-08,Nikhil Menon,north,Mutton Roll,2,284.58,0.1,UPI
FX208990,16/08/2025,Omkar Deshpande,north,Filter Coffee,8,60.18,0.2,Card
FX204380,29/05/2025,Yash Patel,East,Paneer Butter Masala,3,259.0,0.1,Cash on Delivery
FX207206,08-16-2025,Vihaan Rao,SOUTH,Paneer Butter Masala,5,253.82,0.1,Card
FX208710,12-30-2025,Karthik Raman,West,Chicken Biryani,1,294.78,0.05,Wallet
FX201080,10-31-2025,Nikhil Menon,south,Spring Roll,6,155.82,0.0,Wallet
FX206385,2025-12-23,Saanvi Reddy,East,Idli Sambar,6,88.11,0.0,Card
FX208917,27/04/2025,Vihaan Rao,West,Cold Coffee,5,116.62,0.0,Wallet
FX200329,06-01-2025,Kabir Shah,south,Gulab Jamun,6,100.98,0.2,Card
FX208307,20/11/2025,Nikhil Menon,west,Mango Lassi,8,106.82,0.15,Card
FX202370,06/05/2025,Riya Kapoor,north,Veg Fried Rice,8,197.01,0.1,UPI
FX207778,2025-01-03,Ishita Bose,EAST,Chocolate Brownie,6,151.98,0.25,UPI
FX206924,2025-09-05,Tara Joshi,North,Veg Biryani,7,219.0,0.0,Wallet
FX206613,24/09/2025,Karthik Raman,EAST,Cold Coffee,1,120.19,0.2,Card
FX200028,2025-06-23,Arjun Verma,SOUTH,Chicken Noodles,4,234.22,0.1,Wallet
FX207456,12/08/2025,Nikhil Menon,north,Filter Coffee,1,59.0,0.0,UPI
FX206894,31/07/2025,Aditya Ghosh,North,Masala Dosa,1,131.58,0.25,Card
FX201791,2025-09-23,Sneha Varma,SOUTH,Gulab Jamun,3,99.0,0.0,Card
FX205884,2025-03-01,Vihaan Rao,EAST,Idli Sambar,-5,90.78,,UPI
FX203538,2025-09-17,Yash Patel,west,Masala Dosa,5,131.58,0.15,Card
FX207083,2025-01-22,Aditya Ghosh,SOUTH,Chicken Biryani,1,291.89,0.0,Card
FX204081,2025-08-19,Omkar Deshpande,East,Chicken Noodles,2,239.0,0.0,Wallet
FX200021,02/10/2025,Nikhil Menon,EAST,Paneer Butter Masala,8,259.0,0.0,Cash on Delivery
FX201857,03/02/2025,Omkar Deshpande,East,Chicken Noodles,2,239.0,0.0,UPI
FX201207,21/07/2025,Dev Sharma,north,Butter Naan,1,44.1,0.05,Card
FX203356,03-01-2025,Diya Nair,west,Veg Biryani,2,223.38,0.0,Cash on Delivery
FX201672,2025-12-17,Vihaan Rao,East,Filter Coffee,1,57.82,0.1,UPI
FX202121,05-05-2025,Manish Tiwari,north,Spring Roll,1,159.0,0.25,Cash on Delivery
FX207431,2025-04-10,Ishita Bose,south,Gulab Jamun,1,98.01,0.1,Card
FX208238,07/07/2025,Aditya Ghosh,north,Cold Coffee,7,116.62,0.1,Cash on Delivery
FX206973,2025-07-31,Sneha Varma,SOUTH,Cold Coffee,8,117.81,0.0,UPI
FX204633,02/01/2025,Rahul Sinha,North,Mutton Roll,5,281.79,0.25,Cash on Delivery
FX208627,2025-05-12,Sneha Varma,West,Mango Lassi,7,107.91,0.2,UPI
FX203604,12-15-2025,Nisha Gupta,East,Idli Sambar,4,89.89,0.25,UPI
FX200877,03/03/2025,Nikhil Menon,East,Veg Biryani,2,219.0,0.05,Card
FX208089,2025-04-04,Saanvi Reddy,East,Gulab Jamun,8,99.0,0.1,UPI
FX200667,10-25-2025,Kabir Shah,south,Butter Naan,-1,45.45,,Card
FX207381,08/10/2025,Rohan Pillai,West,Mutton Roll,5,276.21,0.15,Card
FX208675,02/12/2025,Aditya Ghosh,south,Chicken Noodles,3,243.78,0.0,Cash on Delivery
FX208735,03/12/2025,Omkar Deshpande,south,Farmhouse Pizza,4,399.0,0.2,Cash on Delivery
FX203657,28/11/2025,Aarav Mehta,SOUTH,Chicken Biryani,6,294.78,0.25,Cash on Delivery
FX200283,2025-08-25,Nikhil Menon,East,Idli Sambar,2,87.22,0.0,UPI
FX205902,2025-10-17,Aditya Ghosh,North,Gulab Jamun,2,99.0,0.15,Wallet
FX202972,21/03/2025,Yash Patel,SOUTH,Butter Naan,2,45.0,0.1,Cash on Delivery
FX206569,2025-02-15,Ishita Bose,EAST,Paneer Butter Masala,1,261.59,0.25,Cash on Delivery
FX208951,17/11/2025,Sneha Varma,East,Masala Dosa,7,129.0,0.0,Card
FX204644,2025-05-02,Karthik Raman,West,Gulab Jamun,6,99.0,0.25,Wallet
FX206158,02-25-2025,,North,Tandoori Chicken,2,440.02,0.0,Cash on Delivery
FX208890,2025-10-30,Ananya Iyer,north,Green Salad,4,141.78,0.0,Card
FX201997,2025-04-09,Tara Joshi,north,Gulab Jamun,4,100.98,0.2,UPI
FX207474,31/03/2025,Sneha Varma,East,Green Salad,-3,136.22,0.1,Cash on Delivery
FX208018,2025-08-01,Lakshmi Prasad,East,Idli Sambar,3,90.78,0.2,UPI
FX201833,2025-06-26,Rahul Sinha,EAST,Fish Curry Meals,3,335.58,0.1,UPI
FX208222,04/09/2025,Karthik Raman,north,Mutton Roll,3,273.42,0.0,Cash on Delivery
FX206857,2025-12-25,,North,Mango Lassi,1,110.09,0.0,Card
FX205234,05/10/2025,Yash Patel,West,Paneer Butter Masala,7,253.82,0.15,Card
FX207466,2025-02-04,Ananya Iyer,south,Tandoori Chicken,6,457.98,0.0,Card
FX208653,04-01-2025,Riya Kapoor,East,Spring Roll,5,162.18,0.25,Card
FX205199,02-13-2025,Tara Joshi,south,Tandoori Chicken,7,453.49,0.2,UPI
FX205454,2025-05-16,Sneha Varma,west,Tandoori Chicken,6,440.02,0.15,Card
FX200064,03-11-2025,Meera Krishnan,North,Margherita Pizza,6,251.49,0.25,Card
FX202602,04/02/2025,Karthik Raman,East,Spring Roll,-7,159.0,0.15,Wallet
FX205467,04-20-2025,Diya Nair,west,Farmhouse Pizza,6,391.02,,UPI
FX203808,2025-08-15,Arjun Verma,SOUTH,Chicken Biryani,1,283.22,0.0,UPI
FX204135,2025-09-13,Kavya Subramanian,EAST,Mango Lassi,7,106.82,0.15,Card
FX207728,17/04/2025,Nikhil Menon,south,Tandoori Chicken,7,457.98,0.25,Wallet
FX208384,2025-05-24,Nisha Gupta,north,Fish Curry Meals,6,325.71,0.15,Card
FX208155,08-13-2025,Nikhil Menon,north,Masala Dosa,5,129.0,0.15,Wallet
FX203309,18/04/2025,Ishita Bose,north,Mango Lassi,3,111.18,0.0,UPI
FX205298,11/09/2025,Arjun Verma,West,Fish Curry Meals,5,335.58,0.0,Wallet
FX201566,01-28-2025,Karthik Raman,south,Veg Biryani,4,219.0,0.2,Cash on Delivery
FX205607,10-29-2025,Vihaan Rao,south,Paneer Butter Masala,4,256.41,0.25,Cash on Delivery
FX204053,29/10/2025,Arjun Verma,East,Idli Sambar,1,87.22,0.2,Wallet
FX203011,09-18-2025,Arjun Verma,EAST,Filter Coffee,2,58.41,,Card
FX208200,12-18-2025,Kavya Subramanian,West,Mango Lassi,4,109.0,0.05,Wallet
FX203432,21/05/2025,Diya Nair,south,Fish Curry Meals,2,325.71,0.15,UPI
FX205863,10/02/2025,Dev Sharma,North,Chicken Noodles,3,239.0,0.2,Cash on Delivery
FX200223,27/06/2025,Yash Patel,EAST,Green Salad,2,141.78,0.0,Cash on Delivery
FX202797,2025-03-12,Karthik Raman,West,Veg Biryani,1,216.81,0.2,Cash on Delivery
FX203239,02-01-2025,Ishita Bose,West,Farmhouse Pizza,1,406.98,0.0,Card
FX202484,10-18-2025,Diya Nair,west,Veg Fried Rice,7,200.99,0.0,UPI
FX202284,08/07/2025,Priya Balaji,SOUTH,Veg Fried Rice,3,202.98,0.2,UPI
FX206568,12-13-2025,Riya Kapoor,North,Masala Dosa,6,126.42,0.1,Cash on Delivery
FX200394,27/08/2025,Rohan Pillai,SOUTH,Mutton Roll,1,281.79,0.15,Card
FX205691,2025-05-29,Aarav Mehta,West,Margherita Pizza,1,249.0,0.15,Cash on Delivery
FX203648,2025-08-03,Arjun Verma,south,Idli Sambar,7,90.78,0.0,Card
FX206898,02/03/2025,Vihaan Rao,EAST,Chicken Noodles,6,236.61,0.2,Wallet
FX205389,2025-01-13,Ishita Bose,North,Filter Coffee,8,57.82,0.0,Cash on Delivery
FX203100,2025-07-09,Ishita Bose,west,Spring Roll,1,155.82,0.2,Cash on Delivery
FX204474,2025-11-02,Kabir Shah,south,Mutton Roll,6,276.21,0.2,UPI
FX202453,11/02/2025,Diya Nair,East,Idli Sambar,2,90.78,0.05,Wallet
FX202982,2025-02-06,Diya Nair,west,Tandoori Chicken,8,440.02,0.25,Cash on Delivery
FX206521,07/01/2025,Aarav Mehta,south,Veg Fried Rice,8,197.01,0.0,Card
FX205190,04-20-2025,Saanvi Reddy,North,Paneer Butter Masala,2,261.59,0.0,Wallet
FX205308,2025-05-03,Yash Patel,SOUTH,Veg Fried Rice,4,197.01,,Card
FX203703,11-25-2025,Lakshmi Prasad,North,Green Salad,8,141.78,0.0,UPI
FX207575,28/02/2025,Meera Krishnan,West,Chicken Noodles,5,236.61,0.0,Wallet
FX207665,23/08/2025,Karthik Raman,south,Mutton Roll,3,284.58,0.0,Wallet
FX206134,2025-06-14,Lakshmi Prasad,south,Green Salad,7,139.0,0.0,Card
FX202155,2025-09-03,Arjun Verma,north,Fish Curry Meals,2,322.42,0.1,Card
FX208108,2025-05-27,,SOUTH,Chicken Biryani,8,291.89,0.15,Cash on Delivery
FX203197,14/09/2025,Rohan Pillai,south,Paneer Butter Masala,4,261.59,0.0,Card
FX202493,10/02/2025,Nisha Gupta,SOUTH,Fish Curry Meals,3,335.58,0.1,Wallet
FX201235,2025-12-18,Sneha Varma,EAST,Green Salad,-8,140.39,0.1,Cash on Delivery
FX207809,10-30-2025,Aarav Mehta,north,Tandoori Chicken,4,453.49,0.05,Cash on Delivery
FX205812,2025-09-26,Omkar Deshpande,south,Chocolate Brownie,2,147.51,0.0,Cash on Delivery
FX208385,2025-01-27,Sneha Varma,west,Masala Dosa,8,127.71,0.25,Cash on Delivery
FX206054,08/01/2025,Saanvi Reddy,west,Cold Coffee,3,120.19,0.05,Card
FX208825,2025-01-22,Manish Tiwari,SOUTH,Chocolate Brownie,2,146.02,0.25,Card
FX206483,09/02/2025,Yash Patel,EAST,Mango Lassi,2,109.0,0.2,Cash on Delivery
FX208917,27/04/2025,Vihaan Rao,West,Cold Coffee,5,116.62,0.0,Wallet
FX202034,2025-04-16,Rohan Pillai,north,Mango Lassi,7,109.0,0.25,Wallet
FX200309,2025-03-13,Sneha Varma,SOUTH,Spring Roll,7,155.82,0.1,Cash on Delivery
FX208672,07-01-2025,Rahul Sinha,East,Margherita Pizza,4,244.02,0.15,UPI
FX202423,09-19-2025,Meera Krishnan,north,Chocolate Brownie,1,146.02,0.0,Cash on Delivery
FX202710,13/05/2025,Meera Krishnan,SOUTH,Spring Roll,8,159.0,0.2,Card
FX202822,2025-07-08,Riya Kapoor,south,Mango Lassi,8,106.82,0.05,Card
FX205409,11-14-2025,Riya Kapoor,East,Chocolate Brownie,8,147.51,,Cash on Delivery
FX201347,2025-12-23,Manish Tiwari,SOUTH,Masala Dosa,2,126.42,0.0,Wallet
FX204270,27/12/2025,Ananya Iyer,North,Mutton Roll,8,279.0,0.05,Cash on Delivery
FX205696,2025-02-06,Ananya Iyer,EAST,Chicken Noodles,6,236.61,0.0,UPI
FX204887,2025-06-10,Riya Kapoor,East,Chicken Noodles,1,234.22,0.0,Cash on Delivery
FX202249,07/02/2025,Nikhil Menon,SOUTH,Butter Naan,7,45.0,0.2,UPI
FX206840,11-15-2025,Vihaan Rao,West,Veg Biryani,2,216.81,0.2,UPI
FX207084,11/07/2025,Arjun Verma,East,Mango Lassi,3,111.18,0.1,Card
FX201585,12/03/2025,Ishita Bose,west,Butter Naan,7,45.0,0.25,Cash on Delivery
FX207025,2025-10-02,Saanvi Reddy,North,Tandoori Chicken,6,453.49,0.05,UPI
FX208116,11/06/2025,Ishita Bose,North,Mutton Roll,6,273.42,0.2,Cash on Delivery
FX202271,2025-01-07,Ishita Bose,west,Veg Fried Rice,8,199.0,0.0,Card
FX200932,2025-09-23,Aditya Ghosh,north,Mutton Roll,4,276.21,0.25,UPI
FX203499,2025-02-16,Tara Joshi,SOUTH,Farmhouse Pizza,4,395.01,0.25,Cash on Delivery
FX207704,2025-10-08,Nikhil Menon,north,Gulab Jamun,4,99.0,0.2,Wallet
FX203876,22/04/2025,Dev Sharma,EAST,Chocolate Brownie,3,149.0,,Wallet
FX207276,10-27-2025,Kabir Shah,south,Paneer Butter Masala,1,253.82,0.1,Wallet
FX208846,2025-12-29,Rohan Pillai,north,Paneer Butter Masala,6,264.18,0.1,Cash on Delivery
FX207281,08-12-2025,Aditya Ghosh,EAST,Fish Curry Meals,6,329.0,0.0,Cash on Delivery
FX202238,2025-02-13,Meera Krishnan,EAST,Idli Sambar,1,90.78,0.2,Wallet
FX205649,2025-04-07,Omkar Deshpande,SOUTH,Veg Biryani,2,221.19,,UPI
FX207442,11-03-2025,Yash Patel,west,Spring Roll,1,155.82,0.0,Card
FX201027,09-26-2025,Riya Kapoor,North,Paneer Butter Masala,2,253.82,0.1,Wallet
FX206461,2025-08-29,Rohan Pillai,East,Farmhouse Pizza,8,399.0,0.0,UPI
FX202187,2025-03-02,Kavya Subramanian,west,Butter Naan,3,44.1,0.0,Card
FX208502,15/02/2025,Ishita Bose,West,Paneer Butter Masala,5,259.0,0.25,Card
FX202867,22/01/2025,Ananya Iyer,north,Butter Naan,6,44.1,0.15,UPI
FX206714,2025-06-16,Kabir Shah,North,Chicken Biryani,4,286.11,0.25,Card
FX206885,21/03/2025,Kavya Subramanian,north,Chicken Biryani,1,286.11,0.05,Cash on Delivery
FX207600,05/07/2025,Vihaan Rao,north,Masala Dosa,6,130.29,0.0,Card
FX206320,2025-12-14,Tara Joshi,north,Masala Dosa,8,130.29,0.1,Cash on Delivery
FX200419,2025-03-29,Vihaan Rao,EAST,Butter Naan,8,44.1,0.15,Cash on Delivery
FX203744,2025-09-28,Vihaan Rao,west,Masala Dosa,3,130.29,0.0,Cash on Delivery
FX201781,06-08-2025,Arjun Verma,south,Fish Curry Meals,4,332.29,0.1,Wallet
FX200501,28/01/2025,Rahul Sinha,West,Veg Fried Rice,4,195.02,0.0,UPI
FX208381,2025-11-01,Manish Tiwari,west,Chocolate Brownie,2,147.51,0.0,Wallet
FX201658,25/08/2025,Omkar Deshpande,south,Idli Sambar,8,89.89,0.2,Card
FX204299,2025-04-10,Vihaan Rao,west,Chicken Noodles,6,234.22,0.25,Cash on Delivery
FX201693,2025-02-03,Aarav Mehta,west,Chocolate Brownie,-6,149.0,,Cash on Delivery
FX203550,12/01/2025,Vihaan Rao,west,Fish Curry Meals,3,335.58,0.25,Cash on Delivery
FX203526,27/11/2025,Nikhil Menon,south,Spring Roll,3,162.18,0.05,Wallet
FX208285,03-15-2025,Ishita Bose,north,Butter Naan,1,44.55,,Card
FX201464,2025-12-16,Saanvi Reddy,West,Masala Dosa,6,131.58,0.0,UPI
FX205362,18/04/2025,Rahul Sinha,north,Spring Roll,1,157.41,0.1,Wallet
FX208468,08-14-2025,Tara Joshi,SOUTH,Chocolate Brownie,3,151.98,,Card
FX202462,04/03/2025,Arjun Verma,East,Chicken Noodles,7,239.0,0.15,UPI
FX203076,24/12/2025,Saanvi Reddy,SOUTH,Spring Roll,2,162.18,0.0,Cash on Delivery
FX201648,01/01/2025,Arjun Verma,west,Tandoori Chicken,7,440.02,0.2,Cash on Delivery
FX204257,2025-08-14,Saanvi Reddy,East,Chicken Noodles,6,243.78,0.0,Wallet
FX208954,19/02/2025,Yash Patel,west,Filter Coffee,7,57.82,0.0,UPI
FX206485,19/01/2025,Dev Sharma,West,Farmhouse Pizza,4,406.98,0.15,UPI
FX204447,2025-09-14,Ananya Iyer,North,Chicken Noodles,7,243.78,0.0,UPI
FX201057,2025-10-08,Karthik Raman,West,Farmhouse Pizza,4,406.98,0.0,Wallet
FX202973,06/11/2025,Rohan Pillai,SOUTH,Spring Roll,1,160.59,0.15,Cash on Delivery
FX203348,26/04/2025,Dev Sharma,West,Margherita Pizza,4,244.02,0.15,Card
FX200821,10-09-2025,Ishita Bose,west,Chicken Noodles,4,236.61,0.0,Card
FX207063,06/06/2025,Arjun Verma,south,Green Salad,1,136.22,0.0,Card
FX208516,03/05/2025,Arjun Verma,north,Veg Biryani,1,214.62,0.25,Wallet
FX201735,03-28-2025,Arjun Verma,North,Spring Roll,8,157.41,0.05,Card
FX204595,2025-12-14,Vihaan Rao,south,Filter Coffee,7,57.82,0.0,UPI
FX207182,2025-11-26,Nisha Gupta,south,Butter Naan,1,44.55,0.0,Card
FX206841,11-26-2025,Kabir Shah,North,Mutton Roll,5,281.79,0.0,Card
FX207776,06/06/2025,Riya Kapoor,EAST,Margherita Pizza,5,253.98,0.0,Card
FX203492,2025-08-12,Kabir Shah,West,Fish Curry Meals,8,329.0,0.05,Cash on Delivery
FX202444,23/08/2025,Rahul Sinha,East,Green Salad,2,136.22,,Wallet
FX204261,2025-10-19,Ishita Bose,west,Spring Roll,5,162.18,0.15,Card
FX207568,2025-10-17,Saanvi Reddy,East,Chicken Noodles,2,234.22,0.0,Card
FX200444,01/02/2025,Karthik Raman,East,Filter Coffee,6,57.82,0.2,Card
FX206151,28/01/2025,Yash Patel,south,Chocolate Brownie,5,151.98,0.2,Wallet
FX200551,05-31-2025,Nisha Gupta,EAST,Margherita Pizza,4,253.98,0.05,Card
FX201722,12-29-2025,Dev Sharma,West,Chicken Biryani,2,289.0,0.05,UPI
FX202456,2025-08-13,Saanvi Reddy,north,Spring Roll,4,157.41,0.0,Wallet
FX200267,21/12/2025,Ishita Bose,EAST,Chicken Noodles,6,236.61,0.0,UPI
FX208407,06/03/2025,Tara Joshi,west,Filter Coffee,8,59.0,0.05,Wallet
FX201762,17/04/2025,Meera Krishnan,North,Chicken Biryani,2,289.0,0.15,Wallet
FX205681,02-24-2025,Tara Joshi,EAST,Chicken Noodles,1,234.22,0.0,Cash on Delivery
FX200258,16/02/2025,Sneha Varma,north,Margherita Pizza,2,246.51,0.25,Wallet
FX208404,09-19-2025,Kavya Subramanian,EAST,Fish Curry Meals,3,335.58,0.15,UPI
FX207477,2025-04-12,Omkar Deshpande,East,Fish Curry Meals,-4,329.0,0.15,UPI
FX208131,04/10/2025,Arjun Verma,SOUTH,Idli Sambar,2,89.89,0.1,Wallet
FX202455,07/01/2025,Riya Kapoor,EAST,Tandoori Chicken,4,453.49,0.05,Cash on Delivery
FX203987,21/08/2025,Aditya Ghosh,south,Cold Coffee,1,120.19,0.1,Wallet
FX202852,27/02/2025,,East,Chicken Biryani,8,286.11,0.1,Cash on Delivery
FX201914,10-03-2025,Lakshmi Prasad,north,Green Salad,7,140.39,0.1,Wallet
FX203305,09-04-2025,Diya Nair,west,Farmhouse Pizza,8,406.98,0.15,UPI
FX207432,08/09/2025,,North,Butter Naan,8,45.0,0.15,Wallet
FX202333,2025-01-02,Sneha Varma,EAST,Idli Sambar,8,89.89,0.2,Cash on Delivery
FX208093,2025-02-16,Rahul Sinha,EAST,Chocolate Brownie,4,146.02,0.2,UPI
FX208477,2025-11-20,Tara Joshi,West,Butter Naan,3,44.55,0.0,Card
FX200486,04/08/2025,,south,Chicken Biryani,8,289.0,0.1,Cash on Delivery
FX204721,2025-03-24,Arjun Verma,west,Veg Biryani,3,219.0,0.05,Wallet
FX206798,07/09/2025,Nikhil Menon,south,Masala Dosa,1,129.0,0.15,Wallet
FX204090,02-01-2025,Diya Nair,West,Veg Fried Rice,1,202.98,0.2,Wallet
FX205084,2025-04-30,Yash Patel,south,Farmhouse Pizza,7,395.01,0.25,UPI
FX208308,2025-02-13,Arjun Verma,North,Tandoori Chicken,7,444.51,0.0,Card
FX200421,01-19-2025,Nikhil Menon,EAST,Margherita Pizza,8,249.0,0.05,Card
FX201683,2025-09-17,Kavya Subramanian,North,Spring Roll,5,155.82,0.2,Card
FX203634,08/06/2025,Kavya Subramanian,West,Veg Fried Rice,3,200.99,0.0,UPI
FX207522,2025-10-01,Karthik Raman,North,Idli Sambar,2,88.11,0.2,Wallet
FX206163,08/04/2025,Dev Sharma,west,Chicken Noodles,4,241.39,0.0,UPI
FX207647,12-06-2025,Meera Krishnan,SOUTH,Mango Lassi,4,111.18,0.2,Card
FX205693,2025-05-03,Ishita Bose,west,Margherita Pizza,7,249.0,0.1,UPI
FX201182,03-04-2025,Tara Joshi,East,Paneer Butter Masala,6,261.59,0.1,Cash on Delivery
FX204846,28/07/2025,Rohan Pillai,East,Mutton Roll,3,279.0,0.0,UPI
FX201980,2025-03-21,Kavya Subramanian,North,Mango Lassi,4,107.91,,Card
FX208659,31/03/2025,Arjun Verma,West,Cold Coffee,2,117.81,0.1,Wallet
FX202751,2025-12-22,Tara Joshi,west,Idli Sambar,8,89.89,0.25,Cash on Delivery
FX201697,01/02/2025,Ishita Bose,west,Masala Dosa,8,127.71,0.2,Cash on Delivery
FX203265,2025-08-21,Aditya Ghosh,north,Paneer Butter Masala,1,264.18,0.1,UPI
FX208746,12-27-2025,Kavya Subramanian,south,Gulab Jamun,5,97.02,0.25,Cash on Delivery
FX207969,01-18-2025,Kabir Shah,south,Margherita Pizza,4,249.0,0.2,Cash on Delivery
FX200150,09-29-2025,Yash Patel,SOUTH,Green Salad,7,136.22,0.2,Wallet
FX208802,29/08/2025,Manish Tiwari,south,Idli Sambar,8,90.78,0.25,Wallet
FX204347,10/04/2025,Aarav Mehta,East,Butter Naan,5,44.55,0.05,Wallet
FX207786,16/01/2025,Sneha Varma,north,Mutton Roll,6,281.79,0.0,Wallet
FX204932,07-31-2025,Lakshmi Prasad,EAST,Margherita Pizza,3,249.0,0.0,Wallet
FX204936,2025-09-04,Aditya Ghosh,East,Veg Fried Rice,3,202.98,0.1,Cash on Delivery
FX205240,2025-03-14,Arjun Verma,west,Veg Fried Rice,3,200.99,0.25,Wallet
FX200488,2025-04-14,Priya Balaji,SOUTH,Chicken Biryani,7,286.11,,Wallet
FX207552,09/01/2025,Vihaan Rao,SOUTH,Gulab Jamun,5,99.0,0.2,Wallet
FX203035,11-24-2025,Aarav Mehta,North,Fish Curry Meals,3,329.0,0.1,Cash on Delivery
FX203801,11/01/2025,,west,Mango Lassi,6,109.0,0.0,Wallet
FX200355,12/11/2025,Yash Patel,East,Chicken Biryani,8,294.78,0.15,Card
FX204868,2025-03-01,Dev Sharma,north,Chicken Noodles,8,234.22,0.0,UPI
FX201570,02/09/2025,Ananya Iyer,East,Cold Coffee,2,119.0,0.15,Cash on Delivery
FX205606,28/08/2025,Tara Joshi,East,Green Salad,6,141.78,0.2,Cash on Delivery
FX200452,20/06/2025,Tara Joshi,north,Chicken Biryani,4,294.78,0.15,Card
FX207971,2025-02-27,Kavya Subramanian,south,Tandoori Chicken,3,440.02,0.05,Cash on Delivery
FX202020,15/09/2025,Tara Joshi,north,Butter Naan,8,44.55,0.25,Cash on Delivery
FX206970,2025-02-10,Nikhil Menon,south,Filter Coffee,4,57.82,0.15,UPI
FX206114,28/08/2025,Kavya Subramanian,North,Butter Naan,3,45.9,0.25,Wallet
FX203755,2025-02-24,Omkar Deshpande,EAST,Idli Sambar,5,87.22,0.1,Cash on Delivery
FX206367,02-08-2025,Meera Krishnan,EAST,Farmhouse Pizza,1,406.98,0.05,Cash on Delivery
FX205546,2025-01-04,Kabir Shah,south,Gulab Jamun,1,99.99,,Cash on Delivery
FX202060,12-21-2025,Rohan Pillai,East,Mango Lassi,3,109.0,0.05,Card
FX201109,11/05/2025,Saanvi Reddy,EAST,Paneer Butter Masala,1,256.41,0.25,Cash on Delivery
FX205764,2025-01-24,Arjun Verma,EAST,Chicken Noodles,5,236.61,0.0,UPI
FX208982,03-29-2025,Nikhil Menon,south,Spring Roll,4,155.82,0.15,Cash on Delivery
FX204353,27/05/2025,Dev Sharma,EAST,Paneer Butter Masala,8,256.41,,Wallet
FX208242,05-22-2025,Manish Tiwari,East,Tandoori Chicken,5,444.51,0.25,UPI
FX200368,04-04-2025,Riya Kapoor,west,Chocolate Brownie,8,150.49,0.2,Wallet
FX203248,02-16-2025,Aditya Ghosh,East,Green Salad,5,140.39,0.15,Cash on Delivery
FX200070,2025-12-29,Meera Krishnan,south,Idli Sambar,4,89.0,0.25,UPI
FX205854,08-20-2025,Ananya Iyer,west,Mango Lassi,2,110.09,0.0,UPI
FX207449,2025-04-21,Nisha Gupta,south,Gulab Jamun,4,100.98,0.0,Wallet
FX204052,2025-03-27,Rahul Sinha,North,Veg Fried Rice,4,197.01,0.25,Cash on Delivery
FX205039,2025-12-06,Nisha Gupta,West,Green Salad,6,141.78,0.1,Card
FX200635,12/01/2025,Manish Tiwari,West,Cold Coffee,4,121.38,0.0,Wallet
FX204318,2025-12-26,Rahul Sinha,SOUTH,Tandoori Chicken,4,440.02,0.05,Cash on Delivery
FX206327,2025-05-17,Rahul Sinha,north,Filter Coffee,6,57.82,0.0,UPI
FX207582,2025-12-03,Rohan Pillai,EAST,Chicken Biryani,4,289.0,0.2,UPI
FX204665,08-29-2025,Tara Joshi,SOUTH,Chicken Noodles,7,243.78,0.2,UPI
FX208930,2025-02-18,Aarav Mehta,SOUTH,Paneer Butter Masala,-1,264.18,0.05,Wallet
FX204680,2025-08-26,Yash Patel,south,Farmhouse Pizza,5,399.0,0.0,Card
FX201884,2025-05-09,Karthik Raman,west,Butter Naan,8,44.1,0.15,Card
FX203689,2025-01-02,Kabir Shah,West,Farmhouse Pizza,6,402.99,0.05,Cash on Delivery
FX201379,2025-11-16,Priya Balaji,EAST,Filter Coffee,4,59.0,0.0,UPI
FX206097,03-11-2025,Nikhil Menon,EAST,Chicken Biryani,4,289.0,0.15,Wallet
FX202930,13/03/2025,Ananya Iyer,SOUTH,Green Salad,1,139.0,0.15,Cash on Delivery
FX201320,2025-01-21,Sneha Varma,SOUTH,Spring Roll,2,155.82,0.15,Cash on Delivery
FX203315,07-05-2025,Kavya Subramanian,North,Chicken Noodles,5,239.0,0.1,Cash on Delivery
FX208432,08-30-2025,Manish Tiwari,West,Butter Naan,7,45.9,0.0,Wallet
FX203121,10-03-2025,Kabir Shah,south,Farmhouse Pizza,2,399.0,0.0,Cash on Delivery
FX207876,19/01/2025,Vihaan Rao,south,Fish Curry Meals,3,335.58,0.0,Card
FX205430,2025-03-04,Karthik Raman,north,Chicken Noodles,2,236.61,0.15,Wallet
FX204403,03-18-2025,Aditya Ghosh,south,Green Salad,1,141.78,,UPI
FX203598,23/08/2025,Nisha Gupta,south,Spring Roll,2,155.82,0.05,UPI
FX200018,22/05/2025,Kabir Shah,North,Farmhouse Pizza,3,399.0,0.05,UPI
FX205878,2025-11-23,Tara Joshi,EAST,Veg Fried Rice,3,202.98,0.0,Cash on Delivery
FX206197,22/02/2025,Rahul Sinha,south,Spring Roll,2,159.0,0.0,Card
FX206956,03/11/2025,Omkar Deshpande,SOUTH,Mango Lassi,5,111.18,0.05,Cash on Delivery
FX204362,2025-06-29,Priya Balaji,south,Paneer Butter Masala,5,253.82,0.25,Card
FX202215,08/10/2025,Riya Kapoor,south,Veg Fried Rice,6,199.0,0.2,Card
FX203782,2025-05-15,Ananya Iyer,west,Mango Lassi,4,107.91,0.0,Wallet
FX207164,09-30-2025,Diya Nair,EAST,Masala Dosa,1,126.42,0.2,Wallet
FX202188,14/07/2025,Yash Patel,south,Fish Curry Meals,7,322.42,0.0,Wallet
FX208986,2025-11-27,Lakshmi Prasad,SOUTH,Spring Roll,2,157.41,0.05,Card
FX202360,13/01/2025,Kabir Shah,SOUTH,Farmhouse Pizza,3,402.99,0.1,Cash on Delivery
FX200967,2025-06-23,Karthik Raman,EAST,Paneer Butter Masala,4,256.41,0.25,Card
FX208770,2025-07-29,Saanvi Reddy,SOUTH,Cold Coffee,-4,120.19,0.0,Card
FX206341,2025-12-25,Arjun Verma,west,Green Salad,4,140.39,0.0,UPI
FX205704,2025-04-02,Rohan Pillai,West,Spring Roll,8,159.0,0.2,Cash on Delivery
FX201677,2025-05-13,Dev Sharma,East,Mango Lassi,5,107.91,0.2,Wallet
FX202152,11-05-2025,Aarav Mehta,north,Cold Coffee,6,117.81,0.0,UPI
FX202407,2025-08-02,Karthik Raman,North,Veg Biryani,6,216.81,0.2,UPI
FX201564,04-02-2025,Rahul Sinha,East,Green Salad,5,140.39,0.05,Wallet
FX206187,28/01/2025,Aditya Ghosh,west,Filter Coffee,6,59.0,0.2,Card
FX206435,17/01/2025,Omkar Deshpande,west,Idli Sambar,7,90.78,0.0,Cash on Delivery
FX204681,2025-07-11,Dev Sharma,North,Fish Curry Meals,1,325.71,0.25,UPI
FX200331,07/04/2025,Kabir Shah,north,Chicken Noodles,8,234.22,0.2,UPI
FX207159,19/02/2025,Rahul Sinha,North,Cold Coffee,2,120.19,0.2,Card
FX205918,24/07/2025,Priya Balaji,EAST,Green Salad,1,140.39,0.05,Cash on Delivery
FX207585,02/04/2025,Kavya Subramanian,SOUTH,Masala Dosa,4,131.58,0.0,Cash on Delivery
FX200052,29/03/2025,Kavya Subramanian,south,Masala Dosa,6,126.42,0.0,Wallet
FX204944,2025-10-11,Rohan Pillai,EAST,Filter Coffee,1,57.82,0.0,Wallet
FX204926,20/06/2025,Kabir Shah,west,Gulab Jamun,4,98.01,0.0,Cash on Delivery
FX208370,2025-10-23,Rohan Pillai,North,Green Salad,6,136.22,0.0,UPI
FX204523,2025-03-27,Sneha Varma,North,Butter Naan,2,44.1,0.0,Card
FX207801,2025-08-16,Omkar Deshpande,north,Filter Coffee,1,58.41,0.15,UPI
FX208157,21/02/2025,Ishita Bose,south,Butter Naan,1,45.9,0.1,Cash on Delivery
FX205555,2025-09-21,Aarav Mehta,south,Gulab Jamun,8,98.01,0.0,Wallet
FX206853,10-10-2025,Diya Nair,West,Butter Naan,1,45.0,0.0,UPI
FX208883,05-14-2025,Diya Nair,SOUTH,Chocolate Brownie,5,149.0,,UPI
FX200611,2025-11-02,Sneha Varma,East,Chicken Noodles,6,239.0,0.2,UPI
FX204900,2025-10-01,Vihaan Rao,West,Green Salad,8,141.78,0.0,UPI
FX201145,07-10-2025,Omkar Deshpande,north,Green Salad,6,136.22,0.0,Cash on Delivery
FX202292,2025-06-06,Diya Nair,East,Chicken Noodles,1,241.39,0.1,Card
FX201012,2025-11-24,Ishita Bose,East,Chicken Biryani,2,286.11,0.0,Card
FX202469,2025-09-04,Saanvi Reddy,south,Chicken Noodles,5,234.22,0.0,Card
FX201001,2025-10-13,Kavya Subramanian,North,Farmhouse Pizza,6,402.99,0.2,Wallet
FX202652,2025-12-14,Kabir Shah,SOUTH,Spring Roll,7,155.82,0.0,Cash on Delivery
FX204503,26/04/2025,Karthik Raman,south,Spring Roll,2,162.18,0.2,Cash on Delivery
FX208984,20/09/2025,Diya Nair,north,Filter Coffee,5,58.41,0.25,UPI
FX207838,2025-07-09,Manish Tiwari,north,Filter Coffee,1,60.18,0.1,UPI
FX200359,2025-12-15,Meera Krishnan,west,Chocolate Brownie,4,147.51,0.1,Cash on Delivery
FX201976,06/01/2025,Nisha Gupta,south,Masala Dosa,4,131.58,0.0,Card
FX208230,29/11/2025,Saanvi Reddy,west,Gulab Jamun,3,99.0,0.05,Card
FX207468,2025-08-12,Saanvi Reddy,North,Spring Roll,6,160.59,0.05,UPI
FX202115,05-16-2025,Aditya Ghosh,south,Tandoori Chicken,4,444.51,0.15,UPI
FX207190,07-31-2025,Karthik Raman,North,Spring Roll,4,159.0,0.0,Card
FX208599,09-21-2025,Tara Joshi,south,Veg Fried Rice,2,202.98,0.2,Cash on Delivery
FX203038,2025-07-15,Diya Nair,west,Green Salad,3,140.39,0.0,Cash on Delivery
FX203093,03/05/2025,Manish Tiwari,North,Butter Naan,5,44.55,0.2,Card
FX204260,2025-12-05,,west,Chicken Biryani,6,289.0,0.05,Wallet
FX207249,29/08/2025,Aditya Ghosh,north,Green Salad,3,136.22,0.05,Wallet
FX208463,26/04/2025,Manish Tiwari,north,Chicken Noodles,1,239.0,0.25,Cash on Delivery
FX206870,2025-07-25,Sneha Varma,West,Paneer Butter Masala,1,264.18,0.2,Card
FX200321,2025-05-26,Diya Nair,SOUTH,Tandoori Chicken,1,444.51,0.05,Card
FX208696,04-22-2025,Saanvi Reddy,SOUTH,Chicken Biryani,2,291.89,0.2,UPI
FX205041,2025-08-25,Ananya Iyer,EAST,Cold Coffee,6,116.62,0.25,Wallet
FX206017,2025-09-20,Nikhil Menon,west,Margherita Pizza,5,251.49,0.15,Cash on Delivery
FX202325,03-17-2025,Vihaan Rao,north,Green Salad,3,141.78,0.0,Cash on Delivery
FX206949,17/02/2025,Priya Balaji,East,Spring Roll,2,159.0,0.1,Card
FX204369,11/12/2025,Aditya Ghosh,north,Farmhouse Pizza,2,402.99,0.0,UPI
FX208901,10/04/2025,Vihaan Rao,East,Margherita Pizza,8,249.0,0.15,Cash on Delivery
FX200069,09/10/2025,Dev Sharma,EAST,Spring Roll,8,160.59,0.1,Card
FX207965,30/08/2025,Arjun Verma,West,Gulab Jamun,7,98.01,0.0,Card
FX207798,11/03/2025,Tara Joshi,West,Masala Dosa,3,130.29,,Wallet
FX207121,2025-03-13,Priya Balaji,West,Tandoori Chicken,6,449.0,0.0,Card
FX202065,03-13-2025,Kabir Shah,south,Margherita Pizza,7,251.49,0.0,Card
FX200512,2025-10-21,Meera Krishnan,EAST,Tandoori Chicken,2,449.0,0.2,Card
FX203858,2025-08-19,Kabir Shah,north,Chicken Biryani,1,294.78,0.0,UPI
FX202868,2025-03-08,Kabir Shah,south,Butter Naan,1,44.1,0.25,Card
FX201418,2025-05-18,Priya Balaji,north,Masala Dosa,1,131.58,0.0,Cash on Delivery
FX208452,24/02/2025,Tara Joshi,EAST,Chicken Biryani,7,294.78,0.0,Cash on Delivery
FX201986,06-11-2025,Nikhil Menon,West,Farmhouse Pizza,2,399.0,0.2,Wallet
FX207593,01-14-2025,Vihaan Rao,west,Cold Coffee,4,117.81,0.2,Cash on Delivery
FX200959,10/03/2025,Rohan Pillai,East,Margherita Pizza,2,249.0,0.0,UPI
FX208771,2025-04-02,Ishita Bose,North,Mango Lassi,5,111.18,0.15,UPI
FX206484,2025-11-28,Arjun Verma,south,Green Salad,7,141.78,0.15,Wallet
FX201376,11/03/2025,Dev Sharma,SOUTH,Masala Dosa,6,129.0,,UPI
FX206470,17/04/2025,Saanvi Reddy,EAST,Masala Dosa,5,127.71,0.05,Card
FX205144,25/06/2025,Nisha Gupta,EAST,Spring Roll,5,159.0,0.1,Cash on Delivery
FX201247,2025-07-09,Omkar Deshpande,West,Chocolate Brownie,5,151.98,0.25,Card
FX200862,26/06/2025,,West,Spring Roll,6,160.59,0.15,Card
FX205556,28/03/2025,Aarav Mehta,EAST,Cold Coffee,6,119.0,0.0,Wallet
FX204819,10/03/2025,Yash Patel,SOUTH,Spring Roll,1,160.59,0.0,Cash on Delivery
FX208818,26/10/2025,Manish Tiwari,North,Filter Coffee,1,57.82,0.0,Cash on Delivery
FX202208,09-03-2025,Ishita Bose,West,Margherita Pizza,3,251.49,0.0,Wallet
FX201231,2025-02-25,Aarav Mehta,West,Filter Coffee,8,57.82,0.0,Cash on Delivery
FX205889,04-21-2025,Rahul Sinha,EAST,Farmhouse Pizza,7,399.0,0.0,Wallet
FX208966,07-01-2025,Kabir Shah,SOUTH,Chocolate Brownie,6,149.0,0.05,UPI
FX201375,28/03/2025,Tara Joshi,West,Fish Curry Meals,1,332.29,0.25,UPI
FX202632,2025-05-30,Ananya Iyer,SOUTH,Idli Sambar,3,88.11,0.0,Card
FX205390,20/02/2025,Saanvi Reddy,south,Margherita Pizza,-2,244.02,,UPI
FX205439,04/02/2025,Meera Krishnan,West,Spring Roll,2,155.82,0.15,Wallet
FX200736,11-27-2025,Diya Nair,south,Idli Sambar,3,89.0,0.15,Card
FX208759,2025-05-07,Rahul Sinha,west,Idli Sambar,5,88.11,0.2,Wallet
FX201664,2025-07-22,Dev Sharma,north,Green Salad,1,139.0,,Card
FX200124,2025-12-28,Saanvi Reddy,SOUTH,Paneer Butter Masala,4,264.18,0.1,UPI
FX208723,2025-09-01,,SOUTH,Chocolate Brownie,5,146.02,0.0,Card
FX203067,2025-10-19,Meera Krishnan,south,Spring Roll,6,160.59,0.0,UPI
FX208273,2025-05-08,Aarav Mehta,EAST,Filter Coffee,5,58.41,,Wallet
FX206044,2025-02-18,Yash Patel,north,Chicken Noodles,8,241.39,0.1,UPI
FX204543,2025-06-10,Arjun Verma,East,Farmhouse Pizza,8,399.0,0.2,Cash on Delivery
FX205752,21/09/2025,Meera Krishnan,SOUTH,Cold Coffee,5,120.19,0.1,Cash on Delivery
FX207732,10/05/2025,Kabir Shah,north,Margherita Pizza,7,246.51,0.25,Cash on Delivery
FX204212,01-17-2025,Aarav Mehta,North,Fish Curry Meals,6,335.58,0.05,UPI
FX208896,03/01/2025,Diya Nair,EAST,Filter Coffee,5,59.59,0.25,Cash on Delivery
FX201387,2025-09-21,Saanvi Reddy,North,Mango Lassi,4,107.91,0.1,UPI
FX206616,09-05-2025,Tara Joshi,East,Mutton Roll,6,281.79,0.05,Cash on Delivery
FX206225,2025-01-02,Aditya Ghosh,EAST,Mutton Roll,6,281.79,0.15,UPI
FX203624,01/03/2025,Diya Nair,West,Mango Lassi,4,107.91,0.25,Cash on Delivery
FX208981,2025-09-20,Aditya Ghosh,EAST,Gulab Jamun,8,99.99,0.0,UPI
FX208752,2025-03-21,Manish Tiwari,north,Mutton Roll,2,281.79,,UPI
FX200930,19/05/2025,Riya Kapoor,south,Farmhouse Pizza,4,406.98,0.25,Wallet
FX204514,2025-12-09,Rahul Sinha,East,Green Salad,7,140.39,0.25,Cash on Delivery
FX202919,2025-11-06,Priya Balaji,EAST,Mutton Roll,5,273.42,0.25,Card
FX202464,09-30-2025,Dev Sharma,EAST,Chicken Biryani,2,283.22,0.05,UPI
FX207277,2025-08-11,Kavya Subramanian,North,Mango Lassi,5,110.09,0.25,UPI
FX203574,2025-08-21,Aarav Mehta,west,Spring Roll,8,159.0,0.0,Cash on Delivery
FX201070,22/01/2025,Vihaan Rao,south,Mutton Roll,4,284.58,0.0,Wallet
FX202265,2025-04-23,Rohan Pillai,SOUTH,Chicken Biryani,5,294.78,0.0,Wallet
FX208170,2025-05-16,Manish Tiwari,East,Tandoori Chicken,6,453.49,0.0,Card
FX202993,2025-07-04,Lakshmi Prasad,south,Filter Coffee,4,59.59,0.0,Cash on Delivery
FX207049,03/09/2025,Priya Balaji,East,Chocolate Brownie,3,146.02,0.0,Card
FX208181,2025-01-23,Ananya Iyer,south,Filter Coffee,2,60.18,0.0,Card
FX208865,2025-12-03,Sneha Varma,west,Masala Dosa,6,130.29,0.2,UPI
FX207568,2025-10-17,Saanvi Reddy,East,Chicken Noodles,2,234.22,0.0,Card
FX202912,2025-08-24,Ishita Bose,south,Masala Dosa,1,126.42,,UPI
FX203893,14/06/2025,Kavya Subramanian,North,Butter Naan,6,44.1,0.1,Card
FX206699,2025-01-30,Lakshmi Prasad,North,Fish Curry Meals,2,332.29,0.15,Card
FX202025,04/10/2025,Nikhil Menon,North,Green Salad,2,136.22,0.25,Cash on Delivery
FX200550,2025-06-29,Priya Balaji,EAST,Paneer Butter Masala,3,256.41,0.15,Card
FX206688,23/02/2025,,North,Tandoori Chicken,6,453.49,0.15,Wallet
FX205025,05-12-2025,Diya Nair,west,Gulab Jamun,5,98.01,0.05,Card
FX208509,2025-09-09,Kavya Subramanian,west,Paneer Butter Masala,8,264.18,0.2,Card
FX201389,17/05/2025,Rohan Pillai,North,Paneer Butter Masala,8,259.0,0.05,UPI
FX201816,02-28-2025,Diya Nair,north,Farmhouse Pizza,8,406.98,0.0,Wallet
FX201930,11-19-2025,Manish Tiwari,north,Margherita Pizza,8,244.02,0.15,Wallet
FX200808,17/12/2025,Ananya Iyer,East,Butter Naan,8,45.45,0.25,Wallet
FX204208,2025-08-02,Saanvi Reddy,East,Veg Fried Rice,4,200.99,,UPI
FX201652,06-27-2025,Omkar Deshpande,SOUTH,Chicken Noodles,2,241.39,0.1,Card
FX206185,11-25-2025,Omkar Deshpande,West,Cold Coffee,3,119.0,0.0,Wallet
FX203667,2025-07-31,Rohan Pillai,south,Gulab Jamun,-7,100.98,0.15,Card
FX206961,2025-11-06,Rahul Sinha,south,Spring Roll,1,155.82,0.25,Cash on Delivery
FX204742,08/07/2025,,EAST,Idli Sambar,4,89.0,0.05,Card
FX203345,10/07/2025,Kabir Shah,East,Chocolate Brownie,7,151.98,0.1,Wallet
FX201937,19/09/2025,Saanvi Reddy,SOUTH,Farmhouse Pizza,4,391.02,0.0,Wallet
FX207765,2025-04-29,Aarav Mehta,west,Mutton Roll,6,273.42,0.1,Wallet
FX200798,2025-04-25,Saanvi Reddy,North,Paneer Butter Masala,5,253.82,0.15,Wallet
FX200600,04-26-2025,Lakshmi Prasad,North,Mango Lassi,6,111.18,,Cash on Delivery
FX205531,2025-11-03,Rohan Pillai,East,Mutton Roll,-7,284.58,0.0,Wallet
FX207583,18/05/2025,Tara Joshi,EAST,Green Salad,2,137.61,0.0,UPI
FX207950,2025-01-10,Rahul Sinha,SOUTH,Veg Fried Rice,4,202.98,0.1,Wallet
FX204430,2025-09-23,Meera Krishnan,west,Veg Biryani,5,216.81,0.0,Wallet
FX205471,2025-07-01,Aarav Mehta,West,Tandoori Chicken,6,440.02,0.1,Card
FX202068,2025-04-30,Omkar Deshpande,West,Veg Biryani,1,223.38,0.0,UPI
FX206746,04/03/2025,Dev Sharma,East,Farmhouse Pizza,5,399.0,0.1,Wallet
FX206272,12/04/2025,Nisha Gupta,west,Fish Curry Meals,6,332.29,0.1,Card
FX205203,2025-05-09,Meera Krishnan,EAST,Margherita Pizza,8,249.0,0.1,Cash on Delivery
FX204043,24/08/2025,Meera Krishnan,EAST,Butter Naan,8,44.55,0.15,Card
FX203652,13/04/2025,Rahul Sinha,north,Veg Fried Rice,7,197.01,0.25,Card
FX204079,29/06/2025,Karthik Raman,west,Mango Lassi,4,106.82,0.1,Wallet
FX204179,2025-01-07,Manish Tiwari,EAST,Filter Coffee,7,58.41,0.25,Cash on Delivery
FX205497,2025-12-24,Karthik Raman,EAST,Spring Roll,3,159.0,0.0,Wallet
FX204425,30/04/2025,Aarav Mehta,north,Veg Fried Rice,3,197.01,0.0,Card
FX202228,12/04/2025,Manish Tiwari,SOUTH,Idli Sambar,3,90.78,0.05,UPI
FX203045,10-19-2025,Aditya Ghosh,East,Idli Sambar,7,90.78,0.2,UPI
FX201328,10/09/2025,Sneha Varma,north,Green Salad,1,140.39,0.05,UPI
FX204519,07/06/2025,Priya Balaji,south,Mutton Roll,2,279.0,0.0,Cash on Delivery
FX201469,21/10/2025,Rohan Pillai,SOUTH,Filter Coffee,4,59.59,0.1,Card
FX207056,2025-03-10,Meera Krishnan,north,Margherita Pizza,-8,251.49,0.25,Card
FX207078,26/11/2025,Nisha Gupta,south,Idli Sambar,4,88.11,0.1,Wallet
FX206837,09/06/2025,Dev Sharma,EAST,Gulab Jamun,1,98.01,0.0,Card
FX200012,2025-02-09,Riya Kapoor,south,Gulab Jamun,3,98.01,0.2,Card
FX204756,2025-02-12,Meera Krishnan,north,Green Salad,5,137.61,0.25,Wallet
FX204961,14/11/2025,Ishita Bose,West,Fish Curry Meals,5,332.29,0.2,UPI
FX204366,2025-05-12,Sneha Varma,North,Chocolate Brownie,-7,151.98,0.2,Wallet
FX203947,09/02/2025,Saanvi Reddy,North,Chicken Noodles,1,234.22,0.25,Cash on Delivery
FX208153,14/02/2025,Ishita Bose,SOUTH,Idli Sambar,8,89.0,0.1,Wallet
FX204598,07-12-2025,Karthik Raman,west,Fish Curry Meals,8,335.58,0.0,UPI
FX201606,2025-07-15,Nisha Gupta,SOUTH,Mango Lassi,3,106.82,0.0,Card
FX207736,04/07/2025,Tara Joshi,West,Filter Coffee,7,57.82,0.05,Cash on Delivery
FX203640,11-21-2025,Kabir Shah,West,Paneer Butter Masala,4,259.0,0.15,Cash on Delivery
FX204860,11-24-2025,Vihaan Rao,west,Cold Coffee,1,117.81,0.0,Wallet
FX207905,2025-11-06,Dev Sharma,West,Farmhouse Pizza,4,402.99,0.25,Cash on Delivery
FX203701,09-04-2025,Vihaan Rao,North,Farmhouse Pizza,3,402.99,0.0,Card
FX208631,05/10/2025,Rahul Sinha,EAST,Chocolate Brownie,2,146.02,0.25,Card
FX204114,10/01/2025,Kabir Shah,West,Idli Sambar,3,87.22,0.15,UPI
FX200034,2025-09-02,Ishita Bose,SOUTH,Chicken Noodles,6,236.61,0.25,Card
FX203427,2025-07-18,Manish Tiwari,west,Fish Curry Meals,2,332.29,0.2,Card
FX202150,2025-08-21,Aditya Ghosh,west,Cold Coffee,1,121.38,0.05,Wallet
FX202521,2025-07-15,Saanvi Reddy,west,Paneer Butter Masala,6,259.0,0.25,Card
FX205475,2025-10-31,Rohan Pillai,EAST,Butter Naan,4,45.9,0.0,UPI
FX203920,2025-04-11,Kabir Shah,south,Paneer Butter Masala,4,259.0,0.05,Card
FX205135,31/01/2025,Diya Nair,SOUTH,Farmhouse Pizza,8,391.02,0.25,Cash on Delivery
FX204039,11/08/2025,Riya Kapoor,East,Veg Fried Rice,8,195.02,0.0,Cash on Delivery
FX207874,04-04-2025,Meera Krishnan,East,Paneer Butter Masala,2,256.41,0.1,Wallet
FX203887,06/09/2025,Lakshmi Prasad,south,Idli Sambar,4,88.11,0.0,Wallet
FX206481,17/10/2025,Tara Joshi,west,Spring Roll,1,155.82,0.0,UPI
FX200445,01-11-2025,Tara Joshi,SOUTH,Veg Biryani,5,214.62,0.0,Card
FX204795,07/12/2025,Aditya Ghosh,north,Masala Dosa,5,126.42,0.0,Cash on Delivery
FX202705,22/12/2025,,East,Mango Lassi,1,110.09,0.05,UPI
FX208762,03/10/2025,Aditya Ghosh,EAST,Filter Coffee,-8,59.0,0.0,Wallet
FX206224,2025-07-16,Rohan Pillai,north,Fish Curry Meals,2,332.29,0.2,Wallet
FX202021,16/03/2025,Lakshmi Prasad,East,Tandoori Chicken,5,440.02,0.0,Cash on Delivery
FX206445,2025-05-27,Ananya Iyer,West,Chocolate Brownie,7,149.0,,Cash on Delivery
FX205502,2025-11-07,Arjun Verma,south,Paneer Butter Masala,4,253.82,0.1,Cash on Delivery
FX201865,2025-05-18,Tara Joshi,East,Chicken Biryani,4,283.22,0.15,UPI
FX207646,12-08-2025,Diya Nair,north,Chicken Noodles,2,241.39,0.05,UPI
FX203078,03-10-2025,Rahul Sinha,south,Spring Roll,3,155.82,0.0,UPI
FX201863,24/02/2025,Sneha Varma,West,Mango Lassi,4,109.0,0.2,Card
FX207734,08-19-2025,Meera Krishnan,SOUTH,Idli Sambar,5,88.11,0.15,Wallet
FX206212,2025-05-25,Rahul Sinha,EAST,Filter Coffee,2,59.59,0.0,Wallet
FX202076,2025-06-06,Ishita Bose,West,Fish Curry Meals,4,335.58,0.25,Cash on Delivery
FX203960,2025-04-25,Aarav Mehta,north,Green Salad,8,139.0,0.1,Wallet
FX204307,15/01/2025,Aditya Ghosh,North,Spring Roll,7,160.59,0.25,UPI
FX203056,2025-08-11,Ananya Iyer,south,Paneer Butter Masala,3,261.59,0.1,Wallet
FX207792,2025-07-26,Lakshmi Prasad,East,Fish Curry Meals,4,325.71,0.0,Cash on Delivery
FX200952,2025-03-03,Arjun Verma,north,Gulab Jamun,7,100.98,0.15,Wallet
FX203182,17/02/2025,Rohan Pillai,EAST,Masala Dosa,2,130.29,0.0,Wallet
FX207854,05-19-2025,Aditya Ghosh,west,Fish Curry Meals,1,322.42,0.25,Card
FX203341,2025-02-20,Vihaan Rao,west,Chicken Noodles,6,234.22,0.0,UPI
FX204018,2025-02-12,Rahul Sinha,West,Gulab Jamun,7,99.0,0.15,UPI
FX202406,07/05/2025,Rohan Pillai,west,Veg Fried Rice,1,195.02,0.0,UPI
FX204992,03-01-2025,Diya Nair,west,Chocolate Brownie,8,150.49,0.05,UPI
FX205300,03/11/2025,Sneha Varma,north,Fish Curry Meals,3,325.71,0.25,Wallet
FX207290,2025-10-10,Rohan Pillai,North,Mutton Roll,8,273.42,0.25,Card
FX208090,2025-10-11,Karthik Raman,EAST,Masala Dosa,5,131.58,0.0,Cash on Delivery
FX204525,06/09/2025,Omkar Deshpande,West,Chicken Noodles,1,243.78,0.0,Card
FX208415,2025-01-14,Riya Kapoor,west,Fish Curry Meals,4,329.0,0.15,Wallet
FX207332,07-29-2025,Omkar Deshpande,EAST,Butter Naan,2,44.55,0.15,Cash on Delivery
FX200535,09/05/2025,Lakshmi Prasad,North,Mutton Roll,2,284.58,0.05,Card
FX206070,2025-08-10,,North,Mutton Roll,2,281.79,0.1,Card
FX200072,2025-07-26,Lakshmi Prasad,north,Margherita Pizza,5,246.51,0.0,UPI
FX200809,14/09/2025,Diya Nair,north,Butter Naan,1,44.55,,Cash on Delivery
FX200156,2025-09-29,Dev Sharma,north,Chicken Noodles,1,236.61,0.1,Wallet
FX202816,2025-06-19,Meera Krishnan,West,Chicken Noodles,8,243.78,0.2,UPI
FX203236,07/02/2025,Yash Patel,West,Fish Curry Meals,3,332.29,0.0,Wallet
FX206361,15/08/2025,Aarav Mehta,south,Mango Lassi,7,109.0,0.0,UPI
FX203563,01-08-2025,Kavya Subramanian,south,Butter Naan,8,44.1,0.0,Wallet
FX206210,2025-02-28,Yash Patel,EAST,Spring Roll,2,160.59,0.0,Card
FX203626,09-21-2025,Arjun Verma,north,Chicken Noodles,2,243.78,0.0,Cash on Delivery
FX206237,2025-03-10,Meera Krishnan,west,Spring Roll,6,157.41,0.0,Cash on Delivery
FX204117,10-30-2025,Aarav Mehta,EAST,Gulab Jamun,2,99.0,0.0,Cash on Delivery
FX206816,05-11-2025,Dev Sharma,West,Spring Roll,7,159.0,,Card
FX203536,07/08/2025,Ishita Bose,north,Mutton Roll,1,273.42,0.0,Wallet
FX208612,2025-08-08,Rahul Sinha,EAST,Masala Dosa,4,129.0,0.2,UPI
FX200965,2025-05-05,Aditya Ghosh,West,Chicken Biryani,4,283.22,0.2,Cash on Delivery
FX200262,07-13-2025,Tara Joshi,EAST,Idli Sambar,3,90.78,0.25,UPI
FX201465,2025-12-17,Dev Sharma,East,Butter Naan,5,45.9,0.0,UPI
FX205283,2025-09-07,Priya Balaji,SOUTH,Margherita Pizza,4,251.49,0.0,Card
FX205898,01/06/2025,Nisha Gupta,west,Filter Coffee,2,59.0,0.0,Cash on Delivery
FX200455,2025-08-01,Sneha Varma,West,Veg Biryani,1,221.19,0.05,Cash on Delivery
FX207160,2025-05-14,Meera Krishnan,SOUTH,Mutton Roll,6,279.0,0.15,Cash on Delivery
FX201758,05-20-2025,Arjun Verma,EAST,Filter Coffee,5,57.82,,UPI
FX206525,2025-03-10,Rahul Sinha,north,Mango Lassi,5,111.18,0.0,UPI
FX200676,08-21-2025,Ananya Iyer,west,Idli Sambar,8,90.78,0.25,Wallet
FX208674,11-30-2025,Saanvi Reddy,north,Chicken Noodles,3,236.61,0.0,Card
FX208474,19/11/2025,Ishita Bose,north,Margherita Pizza,2,249.0,0.1,Cash on Delivery
FX204546,08-18-2025,Omkar Deshpande,EAST,Chicken Noodles,3,243.78,0.1,UPI
FX202853,04-07-2025,Riya Kapoor,SOUTH,Green Salad,6,141.78,0.25,Cash on Delivery
FX201923,05-31-2025,Sneha Varma,North,Gulab Jamun,5,99.0,0.0,Wallet
FX208974,2025-07-20,Sneha Varma,south,Margherita Pizza,7,249.0,0.0,UPI
FX208922,08/01/2025,Tara Joshi,north,Mutton Roll,5,284.58,0.15,Cash on Delivery
FX207219,04-06-2025,Saanvi Reddy,SOUTH,Mutton Roll,4,281.79,0.1,UPI
FX207897,2025-02-11,Lakshmi Prasad,SOUTH,Paneer Butter Masala,8,264.18,0.1,UPI
FX201749,2025-06-21,Dev Sharma,west,Filter Coffee,7,57.82,0.1,Cash on Delivery
FX206323,2025-11-10,Sneha Varma,North,Chicken Noodles,2,243.78,0.25,UPI
FX201371,2025-03-25,Rahul Sinha,SOUTH,Veg Biryani,6,223.38,0.15,Card
FX208956,20/09/2025,Lakshmi Prasad,north,Tandoori Chicken,3,453.49,,Cash on Delivery
FX207727,05-30-2025,Kavya Subramanian,North,Cold Coffee,6,120.19,0.0,Card
FX203364,01-22-2025,Diya Nair,East,Farmhouse Pizza,6,391.02,0.25,UPI
FX208948,2025-10-01,Diya Nair,SOUTH,Spring Roll,5,159.0,0.0,UPI
FX207671,2025-09-20,Meera Krishnan,North,Mango Lassi,2,110.09,0.0,Cash on Delivery
FX204308,01-29-2025,Vihaan Rao,East,Paneer Butter Masala,4,259.0,0.1,Wallet
FX202418,2025-02-07,Manish Tiwari,west,Veg Biryani,8,223.38,0.2,Wallet
FX205011,04-23-2025,Riya Kapoor,west,Mutton Roll,1,276.21,0.15,Cash on Delivery
FX205347,2025-06-08,Rahul Sinha,East,Farmhouse Pizza,5,406.98,,UPI
FX203457,22/11/2025,Priya Balaji,SOUTH,Tandoori Chicken,8,453.49,0.25,Wallet
FX202323,11/05/2025,Sneha Varma,West,Farmhouse Pizza,1,402.99,0.25,Wallet
FX207248,09-22-2025,Saanvi Reddy,south,Green Salad,5,141.78,0.15,UPI
FX203552,2025-07-16,Lakshmi Prasad,west,Margherita Pizza,8,246.51,0.25,UPI
FX201384,2025-02-03,Rohan Pillai,North,Veg Biryani,4,216.81,0.25,UPI
FX202199,04/03/2025,,EAST,Veg Fried Rice,5,197.01,0.15,Cash on Delivery
FX204181,05-03-2025,Nikhil Menon,SOUTH,Mango Lassi,5,111.18,0.2,Card
FX206873,01/08/2025,Meera Krishnan,south,Chocolate Brownie,6,149.0,0.1,Cash on Delivery
FX202404,13/08/2025,,West,Filter Coffee,-1,59.59,0.15,Card
FX202303,2025-10-12,Kavya Subramanian,west,Mutton Roll,-1,281.79,0.0,Card
FX207402,2025-07-12,Yash Patel,North,Margherita Pizza,6,251.49,0.2,UPI
FX207882,25/07/2025,Dev Sharma,SOUTH,Mango Lassi,2,110.09,0.0,UPI
FX207169,2025-04-25,Kavya Subramanian,west,Veg Biryani,2,214.62,0.2,Card
FX204821,2025-10-24,Meera Krishnan,North,Gulab Jamun,2,99.0,0.0,Wallet
FX202192,02-22-2025,Rahul Sinha,north,Chicken Noodles,8,234.22,,UPI
FX201992,2025-05-05,Aditya Ghosh,North,Farmhouse Pizza,2,395.01,0.15,Cash on Delivery
FX206012,2025-06-21,Nisha Gupta,west,Chicken Noodles,2,234.22,0.25,Cash on Delivery
FX202315,14/09/2025,Lakshmi Prasad,EAST,Spring Roll,3,155.82,0.2,Wallet
FX201161,2025-04-17,Priya Balaji,west,Idli Sambar,3,87.22,0.25,Cash on Delivery
FX201862,2025-05-11,Arjun Verma,West,Gulab Jamun,4,99.0,0.05,Cash on Delivery
FX208889,02-02-2025,Vihaan Rao,north,Chocolate Brownie,6,146.02,0.1,Card
FX208785,2025-11-05,Sneha Varma,north,Margherita Pizza,2,246.51,0.1,Wallet
FX208929,2025-09-14,,north,Veg Biryani,4,221.19,,Cash on Delivery
FX202074,03-25-2025,Kabir Shah,north,Chicken Biryani,8,291.89,0.1,Cash on Delivery
FX204528,2025-11-14,Lakshmi Prasad,west,Mutton Roll,2,273.42,0.15,Wallet
FX200392,2025-11-05,Arjun Verma,East,Green Salad,8,137.61,0.1,Cash on Delivery
FX207699,03/08/2025,Diya Nair,EAST,Fish Curry Meals,5,329.0,0.0,Wallet
FX206753,2025-07-27,Riya Kapoor,EAST,Veg Biryani,2,219.0,0.15,Wallet
FX200136,16/05/2025,Karthik Raman,north,Chicken Biryani,2,289.0,0.25,Wallet
FX203641,2025-11-02,Kabir Shah,south,Masala Dosa,8,131.58,0.05,Card
FX202166,2025-05-20,Priya Balaji,SOUTH,Chocolate Brownie,2,151.98,0.2,Card
FX203716,10-14-2025,,North,Mutton Roll,3,284.58,0.05,Card
FX201737,19/05/2025,Nisha Gupta,west,Veg Fried Rice,6,199.0,0.05,Card
FX205071,2025-06-02,Sneha Varma,south,Cold Coffee,3,116.62,0.1,UPI
FX206735,05-19-2025,Manish Tiwari,West,Chicken Noodles,1,241.39,0.0,Cash on Delivery
FX208424,2025-03-13,,North,Filter Coffee,6,60.18,0.0,Cash on Delivery
FX208576,08/11/2025,Kabir Shah,East,Chicken Noodles,2,241.39,0.25,UPI
FX202175,2025-01-07,Aditya Ghosh,EAST,Farmhouse Pizza,2,399.0,0.0,Cash on Delivery
FX205996,2025-08-06,Lakshmi Prasad,North,Masala Dosa,3,126.42,0.25,UPI
FX203504,01-27-2025,Kavya Subramanian,SOUTH,Fish Curry Meals,2,325.71,0.0,Cash on Delivery
FX207410,2025-03-07,Rohan Pillai,west,Spring Roll,7,155.82,0.0,UPI
FX202442,19/09/2025,Omkar Deshpande,North,Filter Coffee,7,58.41,0.1,UPI
FX200601,2025-04-08,,SOUTH,Farmhouse Pizza,3,391.02,,Card
FX202778,04/07/2025,Kavya Subramanian,EAST,Chicken Noodles,4,241.39,0.05,Card
FX203422,06-06-2025,Aarav Mehta,East,Fish Curry Meals,7,325.71,0.15,Cash on Delivery
FX206681,2025-01-05,Sneha Varma,West,Cold Coffee,2,121.38,0.05,Cash on Delivery
FX201023,2025-11-18,Manish Tiwari,West,Green Salad,5,140.39,0.0,Card
FX205493,14/12/2025,Diya Nair,south,Tandoori Chicken,1,444.51,0.0,Card
FX201320,2025-01-21,Sneha Varma,SOUTH,Spring Roll,2,155.82,0.15,Cash on Delivery
FX206548,2025-02-10,Nisha Gupta,south,Mutton Roll,1,273.42,0.05,Cash on Delivery
FX202171,10-03-2025,Kavya Subramanian,south,Tandoori Chicken,6,449.0,0.0,UPI
FX202015,03-11-2025,Diya Nair,south,Tandoori Chicken,3,457.98,0.2,Cash on Delivery
FX208932,03-24-2025,Aarav Mehta,EAST,Fish Curry Meals,4,332.29,0.1,Cash on Delivery
FX200240,2025-01-02,Tara Joshi,west,Green Salad,6,140.39,0.1,Cash on Delivery
FX204937,20/08/2025,Aarav Mehta,south,Tandoori Chicken,1,449.0,0.25,Card
FX200721,02-02-2025,Aarav Mehta,North,Veg Biryani,8,219.0,0.0,Card
FX201428,2025-07-20,Aditya Ghosh,East,Filter Coffee,7,59.59,0.2,Card
FX200725,2025-01-22,Tara Joshi,North,Veg Fried Rice,1,195.02,0.0,UPI
FX203739,2025-03-07,Kabir Shah,south,Chocolate Brownie,6,147.51,0.25,UPI
FX208655,2025-11-20,Ananya Iyer,west,Mutton Roll,6,284.58,0.1,Cash on Delivery
FX206496,01-02-2025,Aditya Ghosh,North,Cold Coffee,5,119.0,0.0,UPI
FX205938,23/04/2025,Aditya Ghosh,North,Veg Fried Rice,2,202.98,0.0,Wallet
FX200711,2025-07-20,Meera Krishnan,EAST,Gulab Jamun,-3,100.98,0.25,UPI
FX203069,2025-04-30,Diya Nair,West,Green Salad,7,140.39,0.25,Wallet
FX204273,2025-06-05,Nisha Gupta,East,Filter Coffee,3,59.59,0.15,Wallet
FX202557,15/01/2025,Tara Joshi,SOUTH,Tandoori Chicken,8,449.0,0.0,Wallet
FX206405,26/04/2025,Kavya Subramanian,West,Tandoori Chicken,4,449.0,0.0,Wallet
FX206565,2025-07-15,Lakshmi Prasad,East,Gulab Jamun,3,100.98,0.0,Card
FX208535,01-17-2025,Sneha Varma,West,Mutton Roll,2,279.0,0.25,UPI
FX204140,2025-06-14,Manish Tiwari,West,Butter Naan,4,44.1,0.0,Wallet
FX204549,2025-05-16,Lakshmi Prasad,south,Margherita Pizza,3,249.0,0.0,UPI
FX201607,18/03/2025,Aditya Ghosh,west,Paneer Butter Masala,3,253.82,0.2,Card
FX204196,23/05/2025,Diya Nair,SOUTH,Tandoori Chicken,6,440.02,0.0,UPI
FX204990,04-07-2025,Riya Kapoor,West,Farmhouse Pizza,2,391.02,0.0,Card
FX206946,02-14-2025,Dev Sharma,West,Paneer Butter Masala,5,259.0,0.0,Card
FX206910,2025-04-22,Rohan Pillai,north,Cold Coffee,3,117.81,0.0,Wallet
FX206867,25/03/2025,Saanvi Reddy,SOUTH,Idli Sambar,6,87.22,0.0,Cash on Delivery
FX205318,2025-02-16,Karthik Raman,west,Filter Coffee,2,59.0,,Wallet
FX206580,2025-04-25,Dev Sharma,north,Spring Roll,8,155.82,0.25,Wallet
FX207613,21/01/2025,Ananya Iyer,West,Mutton Roll,1,273.42,0.2,Cash on Delivery
FX208548,03-31-2025,Karthik Raman,west,Masala Dosa,3,126.42,0.15,UPI
FX200958,2025-12-07,Arjun Verma,south,Chocolate Brownie,8,149.0,0.25,Card
FX200831,2025-11-26,Arjun Verma,East,Cold Coffee,8,117.81,0.0,Card
FX200529,18/12/2025,Karthik Raman,SOUTH,Margherita Pizza,2,249.0,0.2,UPI
FX201447,2025-11-02,Nikhil Menon,EAST,Chicken Biryani,2,294.78,0.0,Cash on Delivery
FX202057,14/12/2025,Arjun Verma,SOUTH,Mango Lassi,2,110.09,,Wallet
FX200058,2025-02-10,Aarav Mehta,SOUTH,Gulab Jamun,4,100.98,0.15,Card
FX202718,23/04/2025,Kabir Shah,south,Veg Fried Rice,5,199.0,0.0,UPI
FX208884,2025-06-07,Riya Kapoor,EAST,Butter Naan,3,45.45,0.15,UPI
FX207060,2025-07-07,Omkar Deshpande,East,Cold Coffee,1,119.0,0.25,Card
FX206409,10-20-2025,Dev Sharma,East,Mango Lassi,8,106.82,0.1,Cash on Delivery
FX203974,09/09/2025,Vihaan Rao,west,Idli Sambar,7,87.22,0.15,Cash on Delivery
FX202963,31/05/2025,Aarav Mehta,SOUTH,Cold Coffee,5,119.0,0.15,UPI
FX208711,06-12-2025,Vihaan Rao,EAST,Paneer Butter Masala,5,253.82,0.1,Wallet
FX205280,2025-06-06,Kavya Subramanian,EAST,Margherita Pizza,1,249.0,0.0,UPI
FX203671,31/05/2025,Nikhil Menon,south,Chicken Noodles,5,243.78,0.2,Wallet
FX206591,10-09-2025,Vihaan Rao,East,Veg Biryani,4,214.62,0.2,UPI
FX207170,20/03/2025,Dev Sharma,North,Filter Coffee,7,58.41,0.0,Wallet
FX208347,2025-08-07,Vihaan Rao,West,Veg Fried Rice,1,197.01,0.0,Card
FX204396,29/06/2025,Ananya Iyer,SOUTH,Green Salad,7,140.39,0.0,Cash on Delivery
FX208606,12-24-2025,,north,Margherita Pizza,8,246.51,0.0,Card
FX205121,07/03/2025,Meera Krishnan,EAST,Chicken Biryani,3,294.78,0.0,UPI
FX205208,04/05/2025,Riya Kapoor,EAST,Paneer Butter Masala,8,264.18,0.0,Cash on Delivery
FX202522,12/01/2025,Kabir Shah,north,Idli Sambar,8,89.0,0.0,UPI
FX208668,28/02/2025,Dev Sharma,north,Butter Naan,3,44.55,0.25,Card
FX201354,2025-06-12,Dev Sharma,north,Veg Fried Rice,4,195.02,0.0,Cash on Delivery
FX200860,06/10/2025,Yash Patel,north,Veg Biryani,1,214.62,0.2,Card
FX207538,07/07/2025,Nikhil Menon,EAST,Mango Lassi,2,109.0,,Cash on Delivery
FX200182,2025-08-15,Aarav Mehta,EAST,Chocolate Brownie,3,151.98,0.2,Wallet
FX206152,30/03/2025,Yash Patel,west,Margherita Pizza,2,249.0,0.0,Card
FX202097,2025-06-24,Nikhil Menon,west,Chicken Noodles,4,243.78,0.0,Card
FX203934,2025-12-12,Sneha Varma,north,Chocolate Brownie,2,146.02,0.2,Cash on Delivery
FX200166,09/01/2025,,south,Fish Curry Meals,3,335.58,0.25,Card
FX204294,2025-09-02,Sneha Varma,west,Veg Biryani,4,219.0,0.05,UPI
FX205456,27/09/2025,Rohan Pillai,North,Gulab Jamun,6,97.02,0.1,Card
FX203650,06-13-2025,Aarav Mehta,West,Paneer Butter Masala,1,264.18,0.1,Wallet
FX201964,10/06/2025,Saanvi Reddy,East,Paneer Butter Masala,5,261.59,0.15,UPI
FX208492,2025-05-21,Lakshmi Prasad,north,Mutton Roll,2,273.42,,Wallet
FX202487,06-19-2025,Vihaan Rao,North,Tandoori Chicken,1,444.51,0.0,Card
FX201692,2025-08-30,Yash Patel,West,Gulab Jamun,3,97.02,0.05,Cash on Delivery
FX201929,2025-05-29,Diya Nair,west,Paneer Butter Masala,1,261.59,0.05,Card
FX202845,07-07-2025,Omkar Deshpande,East,Chicken Biryani,1,283.22,0.1,Wallet
FX205942,2025-11-23,Rahul Sinha,North,Veg Fried Rice,8,195.02,0.25,Wallet
FX207278,2025-07-01,Riya Kapoor,west,Cold Coffee,5,120.19,0.0,Cash on Delivery
FX200620,02/08/2025,Tara Joshi,North,Chocolate Brownie,1,150.49,0.1,Card
FX201270,01-06-2025,Ananya Iyer,North,Margherita Pizza,4,246.51,0.2,UPI
FX202842,2025-09-03,Omkar Deshpande,East,Veg Biryani,6,223.38,0.2,Card
FX202013,27/09/2025,Manish Tiwari,East,Cold Coffee,6,116.62,0.0,UPI
FX203328,2025-06-26,Kabir Shah,south,Veg Biryani,3,219.0,0.25,UPI
FX206897,28/04/2025,Sneha Varma,North,Cold Coffee,7,116.62,0.25,Cash on Delivery
FX201682,15/02/2025,Karthik Raman,North,Gulab Jamun,1,98.01,0.25,UPI
FX200944,2025-03-29,Nikhil Menon,west,Farmhouse Pizza,3,391.02,0.2,UPI
FX204830,2025-06-12,Riya Kapoor,SOUTH,Cold Coffee,6,120.19,0.15,Cash on Delivery
FX208662,25/07/2025,Ishita Bose,SOUTH,Chocolate Brownie,4,149.0,0.0,Card
FX202997,04/09/2025,Karthik Raman,north,Filter Coffee,7,58.41,0.2,Wallet
FX203906,15/05/2025,Riya Kapoor,West,Chicken Noodles,4,239.0,0.1,UPI
FX206268,2025-08-06,Manish Tiwari,East,Fish Curry Meals,3,335.58,0.15,Card
FX202666,2025-08-06,Nisha Gupta,West,Farmhouse Pizza,3,399.0,0.15,Wallet
FX205776,23/11/2025,Kavya Subramanian,SOUTH,Margherita Pizza,7,251.49,0.05,Wallet
FX208681,26/03/2025,Diya Nair,north,Veg Biryani,4,214.62,0.2,UPI
FX201263,25/08/2025,,SOUTH,Veg Biryani,7,214.62,0.0,Card
FX208330,2025-08-21,Ishita Bose,West,Idli Sambar,4,87.22,0.05,Card
FX202664,29/12/2025,Tara Joshi,East,Veg Biryani,1,221.19,0.0,Wallet
FX203599,02-28-2025,Kavya Subramanian,EAST,Green Salad,8,139.0,0.25,Cash on Delivery
FX204719,13/04/2025,Sneha Varma,EAST,Gulab Jamun,3,99.99,0.0,UPI
FX206896,2025-02-14,,North,Spring Roll,4,160.59,0.25,UPI
FX204390,2025-02-22,Kabir Shah,west,Mango Lassi,2,106.82,0.0,UPI
FX203807,26/10/2025,Riya Kapoor,West,Idli Sambar,3,89.89,0.0,UPI
FX207207,2025-11-15,Rahul Sinha,West,Chicken Biryani,2,291.89,0.05,Card
FX202043,2025-04-18,Rahul Sinha,East,Paneer Butter Masala,5,264.18,0.2,Wallet
FX205926,03-22-2025,Nisha Gupta,West,Green Salad,6,140.39,0.0,UPI
FX205843,2025-01-17,Aarav Mehta,north,Green Salad,2,137.61,0.25,UPI
FX206420,28/11/2025,Kavya Subramanian,North,Masala Dosa,7,126.42,0.1,Cash on Delivery
FX200442,04-24-2025,Omkar Deshpande,EAST,Butter Naan,5,45.9,0.1,Card
FX204656,07-23-2025,Rohan Pillai,East,Chicken Biryani,6,286.11,0.1,UPI
FX202055,2025-01-20,Omkar Deshpande,north,Idli Sambar,2,88.11,0.0,Cash on Delivery
FX203241,10/05/2025,Aditya Ghosh,west,Gulab Jamun,7,99.0,0.25,UPI
FX208526,10/11/2025,Diya Nair,North,Fish Curry Meals,6,332.29,0.0,UPI
FX205692,02-03-2025,Ishita Bose,south,Mutton Roll,1,276.21,0.1,Cash on Delivery
FX205026,12-05-2025,Dev Sharma,East,Gulab Jamun,5,97.02,0.25,Card
FX206590,2025-02-25,,south,Gulab Jamun,8,99.0,0.15,Card
FX204551,02-19-2025,Saanvi Reddy,north,Green Salad,4,137.61,0.1,Card
FX207286,25/06/2025,Riya Kapoor,south,Mango Lassi,4,106.82,0.0,Cash on Delivery
FX205753,30/11/2025,Vihaan Rao,EAST,Chocolate Brownie,2,150.49,0.2,Card
FX207510,2025-10-08,Kavya Subramanian,west,Masala Dosa,8,130.29,0.0,Cash on Delivery
FX202766,2025-10-09,Riya Kapoor,west,Paneer Butter Masala,5,259.0,0.0,Cash on Delivery
FX204031,07-23-2025,Tara Joshi,East,Butter Naan,2,44.1,0.0,Card
FX207222,05-08-2025,Vihaan Rao,south,Chocolate Brownie,6,149.0,0.0,Card
FX203012,2025-01-09,Aditya Ghosh,south,Tandoori Chicken,7,444.51,0.0,Card
FX203171,09/08/2025,Riya Kapoor,west,Chocolate Brownie,7,147.51,0.0,Cash on Delivery
FX204867,15/06/2025,Ananya Iyer,East,Mango Lassi,3,110.09,0.15,UPI
FX206951,22/12/2025,Vihaan Rao,west,Chicken Noodles,4,243.78,0.0,Cash on Delivery
FX207233,12-06-2025,,West,Farmhouse Pizza,5,399.0,0.0,UPI
FX204925,2025-08-28,Tara Joshi,north,Filter Coffee,2,58.41,0.0,Card
FX200041,2025-05-20,Nikhil Menon,EAST,Paneer Butter Masala,1,261.59,0.0,Cash on Delivery
FX205425,17/07/2025,Saanvi Reddy,north,Mango Lassi,2,107.91,0.0,Card
FX203637,2025-03-20,Tara Joshi,south,Filter Coffee,2,57.82,0.0,Wallet
FX201390,2025-07-13,,SOUTH,Margherita Pizza,1,246.51,0.0,Wallet
FX205857,26/03/2025,Arjun Verma,East,Filter Coffee,5,59.0,0.0,Card
FX208106,2025-10-06,Rahul Sinha,EAST,Tandoori Chicken,4,449.0,,Cash on Delivery
FX204342,02/11/2025,Ishita Bose,West,Butter Naan,7,45.45,0.0,UPI
FX203905,02-15-2025,Yash Patel,EAST,Filter Coffee,8,58.41,0.05,UPI
FX206625,2025-10-20,,SOUTH,Farmhouse Pizza,4,406.98,0.0,Cash on Delivery
FX207204,22/11/2025,Aditya Ghosh,north,Margherita Pizza,8,253.98,0.1,Card
FX204592,09-07-2025,Kabir Shah,SOUTH,Cold Coffee,5,121.38,0.15,Wallet
FX208730,12/03/2025,Meera Krishnan,west,Cold Coffee,1,119.0,0.0,Wallet
FX203902,01-24-2025,,south,Fish Curry Meals,4,332.29,0.2,UPI
FX202599,2025-09-14,Yash Patel,West,Chicken Noodles,7,234.22,0.0,UPI
FX208337,2025-04-17,Manish Tiwari,south,Filter Coffee,2,60.18,0.1,Card
FX203607,20/09/2025,Manish Tiwari,North,Green Salad,1,139.0,,UPI
FX204109,23/03/2025,Nikhil Menon,North,Mutton Roll,6,273.42,0.2,UPI
FX204606,2025-09-02,Nisha Gupta,North,Gulab Jamun,6,99.0,0.0,Wallet
FX208310,02-19-2025,Aarav Mehta,West,Mango Lassi,7,111.18,0.15,Cash on Delivery
FX204965,09/10/2025,Ananya Iyer,North,Margherita Pizza,2,253.98,0.0,Cash on Delivery
FX202181,07-15-2025,Tara Joshi,north,Idli Sambar,7,90.78,0.0,Wallet
FX205780,13/11/2025,Nikhil Menon,East,Idli Sambar,2,89.89,0.0,Cash on Delivery
FX204526,02-23-2025,,West,Veg Fried Rice,7,202.98,0.05,Card
FX201479,2025-12-29,Aditya Ghosh,SOUTH,Spring Roll,3,157.41,0.0,Wallet
FX202768,02-28-2025,Tara Joshi,West,Gulab Jamun,1,100.98,0.2,Cash on Delivery
FX205245,07-28-2025,Kabir Shah,EAST,Cold Coffee,5,120.19,0.25,UPI
FX201842,05/09/2025,Arjun Verma,north,Masala Dosa,3,126.42,0.25,Cash on Delivery
FX206085,2025-11-29,Rohan Pillai,West,Idli Sambar,6,90.78,,UPI
FX208183,2025-01-13,Ishita Bose,south,Masala Dosa,8,130.29,0.0,Card
FX205811,2025-01-09,Meera Krishnan,north,Veg Biryani,7,219.0,0.05,Card
FX202776,23/10/2025,Diya Nair,south,Filter Coffee,7,60.18,0.05,Cash on Delivery
FX203106,16/01/2025,Manish Tiwari,west,Chocolate Brownie,6,149.0,0.1,Wallet
FX202612,2025-10-30,Lakshmi Prasad,south,Mango Lassi,6,109.0,0.15,Card
FX200076,2025-10-03,Saanvi Reddy,East,Butter Naan,8,44.1,0.0,UPI
FX206884,05/03/2025,Kavya Subramanian,East,Mango Lassi,5,106.82,0.1,Card
FX205334,2025-06-29,Saanvi Reddy,EAST,Green Salad,6,139.0,0.2,Card
FX207849,2025-12-16,Karthik Raman,North,Farmhouse Pizza,5,406.98,0.2,Wallet
FX204841,03-09-2025,Dev Sharma,north,Gulab Jamun,1,98.01,0.05,UPI
FX208619,2025-04-13,Karthik Raman,West,Chicken Noodles,4,234.22,0.05,Wallet
FX208568,24/09/2025,Priya Balaji,EAST,Butter Naan,7,45.9,0.15,Card
FX200566,06-19-2025,Aarav Mehta,West,Butter Naan,6,44.1,0.0,UPI
FX203927,01/08/2025,Tara Joshi,south,Chicken Noodles,5,234.22,0.15,Card
FX201338,2025-03-01,Vihaan Rao,north,Margherita Pizza,8,251.49,0.15,UPI
FX201727,26/08/2025,Nikhil Menon,East,Tandoori Chicken,6,440.02,0.0,UPI
FX206347,2025-07-19,Saanvi Reddy,East,Chicken Biryani,8,283.22,0.25,Cash on Delivery
FX203183,2025-06-25,Yash Patel,EAST,Chocolate Brownie,6,147.51,0.2,Cash on Delivery
FX204578,24/08/2025,Meera Krishnan,EAST,Butter Naan,4,45.0,0.0,Card
FX207406,19/03/2025,Priya Balaji,North,Chocolate Brownie,1,150.49,0.25,Card
FX201916,2025-09-25,Nikhil Menon,north,Chicken Noodles,3,241.39,0.0,Wallet
FX204839,2025-11-04,Nikhil Menon,North,Mango Lassi,1,107.91,0.05,Card
FX208193,07/09/2025,Meera Krishnan,south,Fish Curry Meals,1,329.0,0.15,Cash on Delivery
FX201474,2025-03-30,Ananya Iyer,North,Veg Fried Rice,7,197.01,0.25,UPI
FX202961,10/06/2025,Rahul Sinha,west,Veg Fried Rice,4,197.01,0.0,Card
FX206093,03/01/2025,Riya Kapoor,East,Veg Biryani,2,214.62,0.1,Card
FX203693,2025-08-18,Rahul Sinha,west,Butter Naan,2,45.0,0.0,UPI
FX204645,11-21-2025,Ananya Iyer,West,Paneer Butter Masala,5,256.41,0.1,Cash on Delivery
FX202081,02/12/2025,Yash Patel,north,Veg Fried Rice,1,199.0,0.05,Card
FX204068,2025-04-15,Diya Nair,EAST,Masala Dosa,5,131.58,0.0,Cash on Delivery
FX204776,01/01/2025,Saanvi Reddy,SOUTH,Mango Lassi,7,106.82,0.1,Wallet
FX200779,19/08/2025,Dev Sharma,East,Cold Coffee,6,121.38,0.05,Card
FX200075,05-02-2025,Saanvi Reddy,West,Farmhouse Pizza,2,402.99,0.2,Cash on Delivery
FX208635,10-01-2025,Tara Joshi,north,Idli Sambar,4,89.89,0.0,UPI
FX204235,11/07/2025,Ananya Iyer,West,Green Salad,8,139.0,0.0,Wallet
FX202452,09-21-2025,Nisha Gupta,north,Cold Coffee,2,121.38,0.0,Wallet
FX206903,2025-04-21,Aditya Ghosh,north,Veg Fried Rice,6,202.98,0.0,Cash on Delivery
FX202488,19/05/2025,Manish Tiwari,West,Chicken Biryani,5,294.78,,UPI
FX201993,11-26-2025,Tara Joshi,West,Cold Coffee,1,120.19,0.1,UPI
FX201790,31/03/2025,Aditya Ghosh,SOUTH,Farmhouse Pizza,5,406.98,0.15,Cash on Delivery
FX206227,17/11/2025,Dev Sharma,SOUTH,Margherita Pizza,6,253.98,0.0,Cash on Delivery
FX202616,2025-12-23,Tara Joshi,north,Veg Biryani,6,214.62,0.15,Wallet
FX208947,31/12/2025,Dev Sharma,west,Mango Lassi,8,107.91,0.0,Wallet
FX203568,02-17-2025,Omkar Deshpande,north,Chicken Noodles,4,234.22,0.15,UPI
FX207868,2025-05-02,Rahul Sinha,EAST,Green Salad,8,141.78,0.25,Card
FX201541,2025-12-18,Arjun Verma,East,Gulab Jamun,8,99.99,0.0,Cash on Delivery
FX206824,2025-12-21,Manish Tiwari,East,Idli Sambar,5,87.22,0.25,UPI
FX207945,28/06/2025,Arjun Verma,East,Chocolate Brownie,4,150.49,0.0,Card
FX202413,07/11/2025,Tara Joshi,East,Filter Coffee,7,59.0,0.0,Cash on Delivery
FX205274,04/11/2025,Aarav Mehta,south,Mutton Roll,4,279.0,0.1,Wallet
FX204594,23/08/2025,Diya Nair,west,Fish Curry Meals,8,322.42,0.05,Cash on Delivery
FX200344,17/05/2025,Ananya Iyer,north,Chicken Noodles,4,236.61,0.0,Card
FX207392,26/02/2025,Meera Krishnan,North,Filter Coffee,6,60.18,0.0,Cash on Delivery
FX204346,2025-06-04,Meera Krishnan,SOUTH,Paneer Butter Masala,7,256.41,0.0,Card
FX204542,12-30-2025,Priya Balaji,north,Tandoori Chicken,7,449.0,0.0,Cash on Delivery
FX204454,2025-12-26,Priya Balaji,SOUTH,Paneer Butter Masala,3,264.18,0.2,Card
FX200948,09-15-2025,Ishita Bose,East,Filter Coffee,5,57.82,0.05,Wallet
FX206749,29/12/2025,Meera Krishnan,south,Idli Sambar,2,89.89,0.0,Cash on Delivery
FX201266,11/03/2025,Priya Balaji,North,Veg Fried Rice,2,197.01,0.05,Wallet
FX204200,2025-02-25,Ananya Iyer,south,Gulab Jamun,7,100.98,0.15,Wallet
FX203569,11/08/2025,Meera Krishnan,EAST,Gulab Jamun,4,98.01,0.25,Cash on Delivery
FX201187,2025-09-18,Rahul Sinha,north,Masala Dosa,6,126.42,0.0,UPI
FX200813,2025-12-16,Aarav Mehta,north,Green Salad,4,141.78,0.0,Card
FX205870,01-24-2025,Lakshmi Prasad,north,Spring Roll,1,157.41,0.0,Card
FX204405,20/10/2025,Nikhil Menon,SOUTH,Chicken Biryani,6,286.11,,Wallet
FX206458,15/07/2025,,west,Chicken Noodles,1,241.39,0.05,Wallet
FX208049,2025-05-18,Rahul Sinha,EAST,Chocolate Brownie,2,149.0,0.25,UPI
FX205872,2025-08-13,Meera Krishnan,west,Chicken Biryani,6,289.0,0.0,Cash on Delivery
FX204964,27/07/2025,Yash Patel,EAST,Veg Fried Rice,7,200.99,0.05,UPI
FX208671,10/07/2025,Priya Balaji,West,Fish Curry Meals,4,332.29,0.1,Cash on Delivery
FX204615,2025-09-01,Diya Nair,north,Butter Naan,3,45.0,0.2,UPI
FX207861,26/03/2025,Riya Kapoor,North,Idli Sambar,4,89.0,0.0,Cash on Delivery
FX202552,2025-12-07,Omkar Deshpande,south,Farmhouse Pizza,6,399.0,0.15,UPI
FX202641,2025-10-08,Omkar Deshpande,North,Chicken Noodles,3,241.39,0.25,Card
FX208212,2025-07-29,Ishita Bose,north,Mango Lassi,6,109.0,0.15,UPI
FX200593,22/07/2025,Sneha Varma,West,Mango Lassi,7,106.82,0.05,Wallet
FX206917,12-10-2025,Lakshmi Prasad,North,Chicken Noodles,7,236.61,0.0,UPI
FX206581,2025-09-09,Ishita Bose,SOUTH,Veg Biryani,6,214.62,0.25,Wallet
FX204624,21/03/2025,Kavya Subramanian,West,Cold Coffee,7,121.38,0.15,Wallet
FX202375,11/05/2025,Vihaan Rao,south,Veg Biryani,4,214.62,0.25,Cash on Delivery
FX202813,2025-03-04,Kabir Shah,East,Chocolate Brownie,8,150.49,0.25,UPI
FX201572,12/09/2025,Karthik Raman,EAST,Masala Dosa,1,130.29,0.0,Cash on Delivery
FX202875,2025-06-24,Meera Krishnan,North,Farmhouse Pizza,3,406.98,0.0,Card
FX201515,2025-07-25,Ishita Bose,West,Chicken Biryani,4,291.89,,UPI
FX200537,12-28-2025,Priya Balaji,West,Butter Naan,2,45.9,0.2,Card
FX202490,26/03/2025,Rohan Pillai,West,Margherita Pizza,6,253.98,0.05,Wallet
FX202395,2025-05-05,Saanvi Reddy,North,Veg Fried Rice,1,202.98,0.0,UPI
FX202500,2025-01-14,Aarav Mehta,East,Margherita Pizza,5,246.51,0.05,Card
FX200255,2025-09-17,Ananya Iyer,EAST,Paneer Butter Masala,6,264.18,0.25,Wallet
FX203034,2025-04-06,Dev Sharma,north,Spring Roll,8,155.82,0.05,Card
FX207956,2025-06-06,Diya Nair,north,Masala Dosa,5,126.42,,Cash on Delivery
FX208334,2025-03-27,Riya Kapoor,SOUTH,Veg Fried Rice,2,202.98,0.0,Cash on Delivery
FX206925,26/10/2025,Riya Kapoor,West,Paneer Butter Masala,6,259.0,0.05,Card
FX205273,2025-07-10,Tara Joshi,East,Chicken Noodles,1,243.78,0.25,UPI
FX208031,2025-07-01,Ishita Bose,East,Idli Sambar,3,87.22,0.2,Card
FX205993,03-09-2025,Diya Nair,west,Margherita Pizza,4,253.98,0.1,Wallet
FX202774,20/12/2025,Saanvi Reddy,south,Filter Coffee,6,57.82,0.0,UPI
FX203147,03/01/2025,Vihaan Rao,SOUTH,Masala Dosa,2,127.71,0.0,Cash on Delivery
FX205392,09-11-2025,Meera Krishnan,North,Butter Naan,1,44.1,0.15,Wallet
FX203271,2025-08-30,Lakshmi Prasad,south,Veg Fried Rice,3,202.98,0.0,Wallet
FX204679,27/12/2025,Dev Sharma,south,Mango Lassi,4,109.0,0.0,Card
FX203023,30/03/2025,Sneha Varma,west,Veg Biryani,2,219.0,0.0,Cash on Delivery
FX200049,2025-12-08,Arjun Verma,EAST,Cold Coffee,1,116.62,0.0,Cash on Delivery
FX202144,10-03-2025,Tara Joshi,East,Chicken Biryani,5,286.11,0.0,UPI
FX200606,11/05/2025,Nisha Gupta,north,Margherita Pizza,3,251.49,0.0,Wallet
FX208971,2025-05-12,Yash Patel,west,Veg Fried Rice,8,195.02,0.0,Card
FX201661,2025-09-12,Ishita Bose,EAST,Green Salad,3,140.39,0.2,Wallet
FX202212,2025-06-17,Vihaan Rao,north,Margherita Pizza,7,244.02,0.0,UPI
FX204417,02/04/2025,Sneha Varma,West,Farmhouse Pizza,1,399.0,0.1,Wallet
FX202277,2025-04-12,Yash Patel,North,Tandoori Chicken,2,444.51,0.0,Cash on Delivery
FX204445,2025-11-01,Kabir Shah,EAST,Butter Naan,8,44.1,0.15,UPI
FX206067,2025-10-20,Sneha Varma,West,Chicken Biryani,8,286.11,0.2,Cash on Delivery
FX202864,01-05-2025,Sneha Varma,EAST,Idli Sambar,1,90.78,0.0,UPI
FX201590,13/11/2025,,north,Idli Sambar,7,88.11,0.0,Card
FX201802,2025-12-14,Arjun Verma,North,Tandoori Chicken,7,440.02,0.05,UPI
FX202365,02-28-2025,Vihaan Rao,West,Gulab Jamun,7,99.99,0.2,UPI
FX201797,04-19-2025,Ishita Bose,north,Farmhouse Pizza,5,395.01,0.25,Card
FX208878,10/05/2025,Priya Balaji,East,Masala Dosa,7,126.42,0.15,Card
FX207900,01/09/2025,Meera Krishnan,West,Chicken Noodles,-6,241.39,0.15,UPI
FX206120,20/03/2025,Kavya Subramanian,East,Butter Naan,4,44.1,0.25,UPI
FX201043,22/04/2025,Omkar Deshpande,west,Butter Naan,3,45.9,0.1,Card
FX204041,18/04/2025,Nisha Gupta,SOUTH,Cold Coffee,4,117.81,0.0,Wallet
FX207230,01-30-2025,Priya Balaji,west,Tandoori Chicken,5,444.51,0.1,UPI
FX203496,30/12/2025,Tara Joshi,west,Farmhouse Pizza,6,395.01,0.0,Cash on Delivery
FX208523,20/08/2025,Tara Joshi,west,Mango Lassi,3,107.91,0.0,Wallet
FX200170,01-01-2025,Arjun Verma,EAST,Veg Fried Rice,6,202.98,0.15,Cash on Delivery
FX202463,13/07/2025,Ishita Bose,West,Masala Dosa,7,130.29,0.1,Wallet
FX208960,2025-10-14,Nikhil Menon,EAST,Veg Biryani,6,219.0,0.1,Card
FX202545,02-04-2025,Sneha Varma,West,Chicken Noodles,3,239.0,0.0,Wallet
FX203951,25/02/2025,Yash Patel,East,Idli Sambar,3,87.22,0.0,UPI
FX204585,2025-09-03,Aditya Ghosh,south,Chicken Noodles,1,234.22,0.25,UPI
FX205383,2025-09-22,Vihaan Rao,south,Fish Curry Meals,8,335.58,0.25,Wallet
FX201661,2025-09-12,Ishita Bose,EAST,Green Salad,3,140.39,0.2,Wallet
FX205138,02-01-2025,Kavya Subramanian,North,Chicken Biryani,2,286.11,,Card
FX205961,08-04-2025,Ishita Bose,North,Mango Lassi,7,110.09,0.25,Card
FX208435,08-28-2025,Rahul Sinha,south,Mango Lassi,2,107.91,0.0,Card
FX204231,2025-04-10,Riya Kapoor,south,Mango Lassi,8,110.09,,Card
FX208147,2025-04-24,Kavya Subramanian,SOUTH,Green Salad,8,140.39,0.0,UPI
FX203932,2025-11-30,Ananya Iyer,East,Mutton Roll,6,281.79,0.0,Card
FX207353,2025-10-01,Rahul Sinha,East,Mango Lassi,6,111.18,0.0,Wallet
FX203191,31/05/2025,Kabir Shah,North,Mutton Roll,2,279.0,0.25,Card
FX201711,2025-09-30,Kavya Subramanian,West,Chocolate Brownie,7,149.0,0.05,Card
FX201953,31/01/2025,Lakshmi Prasad,EAST,Idli Sambar,5,90.78,0.0,UPI
FX208159,21/03/2025,Arjun Verma,SOUTH,Margherita Pizza,3,249.0,0.05,Card
FX200558,06/07/2025,Ananya Iyer,west,Cold Coffee,8,117.81,0.25,Card
FX201861,16/06/2025,Tara Joshi,north,Chicken Biryani,2,291.89,0.25,Cash on Delivery
FX201746,16/06/2025,Dev Sharma,North,Gulab Jamun,6,99.0,,UPI
FX200376,08-11-2025,Kavya Subramanian,north,Chocolate Brownie,6,151.98,0.0,Cash on Delivery
FX203628,21/01/2025,Yash Patel,west,Masala Dosa,8,131.58,0.2,UPI
FX205968,2025-08-16,Tara Joshi,SOUTH,Tandoori Chicken,3,449.0,0.25,UPI
FX207057,2025-07-25,Omkar Deshpande,west,Chicken Biryani,3,291.89,0.05,Wallet
FX208903,2025-09-20,Ishita Bose,EAST,Cold Coffee,5,117.81,,Cash on Delivery
FX202712,2025-05-29,Meera Krishnan,East,Tandoori Chicken,1,449.0,0.05,Cash on Delivery
FX205159,07/09/2025,Priya Balaji,north,Tandoori Chicken,6,457.98,0.0,Cash on Delivery
FX200549,03-27-2025,Ishita Bose,East,Green Salad,6,137.61,0.0,Card
FX206849,29/07/2025,Rohan Pillai,west,Mutton Roll,6,284.58,0.05,Card
FX201162,2025-12-22,Rohan Pillai,East,Fish Curry Meals,4,329.0,0.0,UPI
FX206658,27/12/2025,Meera Krishnan,north,Chicken Biryani,2,294.78,0.2,Cash on Delivery
FX206203,2025-10-28,Ananya Iyer,West,Chicken Biryani,7,286.11,0.2,Card
FX203322,08-20-2025,Omkar Deshpande,SOUTH,Paneer Butter Masala,2,259.0,0.0,Wallet
FX208956,20/09/2025,Lakshmi Prasad,north,Tandoori Chicken,3,453.49,,Cash on Delivery
FX200623,04/09/2025,Rohan Pillai,south,Cold Coffee,4,117.81,0.25,Wallet
FX201829,26/08/2025,Karthik Raman,EAST,Chicken Biryani,4,283.22,0.2,Wallet
FX205538,24/03/2025,Diya Nair,south,Paneer Butter Masala,6,259.0,0.2,Cash on Delivery
FX200908,2025-03-06,Dev Sharma,west,Veg Biryani,4,219.0,0.0,Cash on Delivery
FX200671,2025-06-16,Karthik Raman,North,Cold Coffee,7,116.62,0.15,Wallet
FX202018,2025-07-16,Omkar Deshpande,north,Chocolate Brownie,1,150.49,0.2,Wallet
FX208525,2025-04-22,Saanvi Reddy,North,Green Salad,6,137.61,0.2,Card
FX207935,2025-10-05,Aditya Ghosh,SOUTH,Farmhouse Pizza,6,395.01,0.05,UPI
FX200622,28/08/2025,Nisha Gupta,East,Filter Coffee,6,58.41,0.0,Card
FX206063,08-29-2025,Vihaan Rao,North,Idli Sambar,8,89.0,0.0,Wallet
FX207712,2025-04-09,Ananya Iyer,south,Paneer Butter Masala,2,256.41,0.0,Cash on Delivery
FX206821,2025-09-01,Nikhil Menon,North,Chicken Biryani,5,291.89,0.15,Wallet
FX206330,17/01/2025,Tara Joshi,East,Margherita Pizza,1,249.0,0.15,Card
FX204803,2025-08-24,Aarav Mehta,EAST,Fish Curry Meals,2,325.71,,UPI
FX203401,21/05/2025,Kabir Shah,south,Spring Roll,4,162.18,0.1,Card
FX208823,2025-02-02,Riya Kapoor,West,Chocolate Brownie,6,146.02,0.2,Cash on Delivery
FX205596,2025-07-16,Lakshmi Prasad,EAST,Green Salad,2,137.61,0.25,UPI
FX201776,11-15-2025,Ananya Iyer,south,Mango Lassi,8,111.18,0.25,Wallet
FX206632,23/09/2025,Lakshmi Prasad,West,Farmhouse Pizza,5,406.98,0.05,UPI
FX202744,2025-10-30,Saanvi Reddy,West,Chicken Noodles,8,239.0,0.15,Wallet
FX206606,02-25-2025,Nikhil Menon,EAST,Veg Fried Rice,7,197.01,0.15,UPI
FX205346,25/01/2025,Diya Nair,west,Tandoori Chicken,8,453.49,0.15,UPI
FX204311,2025-10-02,Sneha Varma,SOUTH,Spring Roll,8,155.82,0.0,Card
FX205564,30/07/2025,Ananya Iyer,East,Margherita Pizza,7,244.02,0.25,UPI
FX207218,01-19-2025,Riya Kapoor,North,Chocolate Brownie,8,146.02,0.0,Wallet
FX206524,2025-04-02,Manish Tiwari,West,Idli Sambar,-6,88.11,0.0,Wallet
FX202269,2025-03-13,Nikhil Menon,North,Veg Fried Rice,2,199.0,0.1,Card
FX200470,08/01/2025,Nisha Gupta,west,Chicken Biryani,4,291.89,0.15,Card
FX207416,14/09/2025,Aarav Mehta,SOUTH,Masala Dosa,8,130.29,0.0,Card
FX206295,07/03/2025,Lakshmi Prasad,north,Mutton Roll,2,276.21,0.0,Wallet
FX206684,03-08-2025,Vihaan Rao,North,Paneer Butter Masala,4,256.41,0.25,Card
FX204706,2025-11-25,Kavya Subramanian,south,Tandoori Chicken,6,457.98,0.05,Card
FX203628,21/01/2025,Yash Patel,west,Masala Dosa,8,131.58,0.2,UPI
FX206205,30/07/2025,Rohan Pillai,south,Farmhouse Pizza,8,406.98,0.15,Cash on Delivery
FX205110,09-15-2025,Manish Tiwari,west,Fish Curry Meals,2,332.29,0.0,UPI
FX200786,11-23-2025,Meera Krishnan,West,Chicken Noodles,4,236.61,0.25,UPI
FX204811,2025-03-04,Ishita Bose,EAST,Veg Fried Rice,2,195.02,,UPI
FX206660,2025-03-16,Omkar Deshpande,North,Chicken Noodles,4,236.61,0.0,Wallet
FX208565,2025-09-01,Rohan Pillai,west,Farmhouse Pizza,4,402.99,0.05,UPI
FX202377,10/02/2025,Nikhil Menon,north,Paneer Butter Masala,6,261.59,0.25,Cash on Delivery
FX206363,11-19-2025,Arjun Verma,East,Mango Lassi,7,111.18,0.15,UPI
FX207599,2025-09-30,Manish Tiwari,south,Chocolate Brownie,7,146.02,0.1,Card
FX204824,16/07/2025,Ananya Iyer,West,Veg Fried Rice,7,199.0,0.0,UPI
FX201228,2025-07-04,Nikhil Menon,North,Gulab Jamun,2,98.01,0.05,Card
FX201214,18/12/2025,Yash Patel,West,Farmhouse Pizza,3,402.99,0.25,UPI
FX201349,02-18-2025,Dev Sharma,North,Chicken Noodles,8,234.22,0.1,Card
FX206651,16/12/2025,Rohan Pillai,North,Chocolate Brownie,1,147.51,0.1,Card
FX206384,2025-05-24,Tara Joshi,North,Cold Coffee,5,120.19,0.0,Wallet
FX206767,24/11/2025,Sneha Varma,SOUTH,Filter Coffee,7,57.82,0.25,Wallet
FX207637,2025-09-02,Lakshmi Prasad,West,Spring Roll,6,157.41,0.0,Card
FX208394,2025-05-28,Aditya Ghosh,SOUTH,Tandoori Chicken,5,453.49,0.0,Card
FX200572,09-23-2025,Nikhil Menon,south,Mango Lassi,6,106.82,0.05,Cash on Delivery
FX205370,12-02-2025,Lakshmi Prasad,West,Mutton Roll,7,284.58,0.0,Wallet
FX207527,01-22-2025,Yash Patel,north,Farmhouse Pizza,4,395.01,0.0,Wallet
FX205096,12-26-2025,Arjun Verma,SOUTH,Margherita Pizza,6,244.02,0.0,UPI
FX207825,2025-02-15,Priya Balaji,East,Gulab Jamun,7,98.01,0.2,Cash on Delivery
FX201220,2025-01-29,,EAST,Masala Dosa,6,127.71,0.0,UPI
FX208261,11-25-2025,Manish Tiwari,west,Mango Lassi,7,107.91,0.0,Cash on Delivery
FX208340,2025-08-18,Yash Patel,West,Gulab Jamun,6,100.98,0.0,Card
FX203472,2025-10-28,Sneha Varma,west,Spring Roll,8,162.18,0.15,Cash on Delivery
FX208469,2025-09-14,Yash Patel,north,Mango Lassi,4,107.91,0.0,UPI
FX207008,2025-08-21,Nisha Gupta,SOUTH,Mutton Roll,1,281.79,0.0,Wallet
FX207708,2025-01-12,Vihaan Rao,SOUTH,Veg Biryani,4,221.19,0.0,Cash on Delivery
FX201561,19/03/2025,Saanvi Reddy,SOUTH,Green Salad,3,140.39,0.15,Wallet
FX208799,17/09/2025,Diya Nair,south,Spring Roll,1,160.59,0.1,Card
FX207413,2025-06-04,Manish Tiwari,north,Green Salad,3,141.78,0.0,UPI
FX205314,2025-08-10,Arjun Verma,west,Fish Curry Meals,7,325.71,0.1,Cash on Delivery
FX207571,03-12-2025,Vihaan Rao,SOUTH,Butter Naan,2,45.0,0.15,Cash on Delivery
FX200692,2025-10-14,Lakshmi Prasad,north,Chicken Noodles,8,241.39,0.1,Cash on Delivery
FX204584,12/06/2025,,West,Spring Roll,6,157.41,0.25,UPI
FX208731,10/11/2025,Lakshmi Prasad,south,Chocolate Brownie,4,146.02,0.05,Cash on Delivery
FX204017,2025-07-29,Diya Nair,North,Masala Dosa,7,126.42,0.1,Wallet
FX202608,2025-07-13,Rohan Pillai,EAST,Paneer Butter Masala,2,261.59,0.15,Wallet
FX207477,2025-04-12,Omkar Deshpande,East,Fish Curry Meals,-4,329.0,0.15,UPI
FX208742,2025-10-11,Riya Kapoor,west,Green Salad,6,141.78,0.25,UPI
FX204671,11-16-2025,Yash Patel,SOUTH,Butter Naan,4,44.55,0.25,Wallet
FX206285,2025-01-28,Rohan Pillai,north,Spring Roll,8,159.0,0.25,UPI
FX203948,07/10/2025,Arjun Verma,SOUTH,Margherita Pizza,8,246.51,0.2,Cash on Delivery
FX201659,2025-09-29,Arjun Verma,north,Farmhouse Pizza,3,399.0,0.0,Cash on Delivery
FX206062,2025-02-06,Kavya Subramanian,north,Mango Lassi,7,109.0,0.25,UPI
FX200349,31/08/2025,Diya Nair,East,Paneer Butter Masala,1,253.82,0.25,Wallet
FX201636,2025-05-25,Manish Tiwari,SOUTH,Green Salad,7,140.39,0.0,Cash on Delivery
FX202348,03/12/2025,Ananya Iyer,south,Mutton Roll,6,284.58,0.25,Cash on Delivery
FX204582,04-23-2025,Yash Patel,EAST,Cold Coffee,2,121.38,0.0,Card
FX200185,08-09-2025,Tara Joshi,North,Paneer Butter Masala,6,259.0,0.05,Cash on Delivery
FX201459,30/10/2025,Dev Sharma,East,Butter Naan,8,44.55,0.2,UPI
FX208472,2025-02-24,Ishita Bose,north,Margherita Pizza,7,251.49,,Wallet
FX207586,18/12/2025,Diya Nair,West,Spring Roll,8,159.0,0.2,UPI
FX203179,06/04/2025,Manish Tiwari,SOUTH,Chicken Noodles,6,239.0,0.05,Wallet
FX204282,03-15-2025,Kavya Subramanian,SOUTH,Spring Roll,2,162.18,0.1,Wallet
FX207020,09-16-2025,Priya Balaji,SOUTH,Green Salad,2,136.22,0.05,Wallet
FX208019,06-21-2025,Ananya Iyer,SOUTH,Cold Coffee,6,120.19,0.0,Wallet
FX203931,2025-08-02,Priya Balaji,EAST,Farmhouse Pizza,4,391.02,0.15,Card
FX206423,03-06-2025,Yash Patel,North,Tandoori Chicken,7,457.98,0.25,Card
FX202799,01-28-2025,Kavya Subramanian,North,Paneer Butter Masala,7,256.41,0.0,UPI
FX200782,2025-05-24,Diya Nair,West,Green Salad,2,136.22,0.05,Card
FX207720,2025-03-14,Lakshmi Prasad,SOUTH,Farmhouse Pizza,5,395.01,0.0,Cash on Delivery
FX200773,25/06/2025,Ishita Bose,East,Veg Biryani,3,223.38,0.1,Wallet
FX203963,11/05/2025,Rahul Sinha,SOUTH,Idli Sambar,4,89.0,0.25,UPI
FX205384,18/01/2025,Arjun Verma,East,Fish Curry Meals,2,335.58,0.15,UPI
FX206390,07-15-2025,Vihaan Rao,SOUTH,Mango Lassi,2,110.09,0.15,Wallet
FX200753,2025-02-13,Arjun Verma,East,Chicken Biryani,5,286.11,0.2,UPI
FX202661,2025-09-26,Rohan Pillai,East,Filter Coffee,4,57.82,0.15,Wallet
FX208124,20/01/2025,Meera Krishnan,west,Filter Coffee,5,57.82,0.0,UPI
FX205544,2025-08-11,Lakshmi Prasad,West,Fish Curry Meals,2,329.0,0.0,Wallet
FX202762,06-16-2025,Vihaan Rao,north,Tandoori Chicken,2,457.98,0.1,Cash on Delivery
FX200559,25/04/2025,Saanvi Reddy,north,Butter Naan,6,44.1,0.0,Card
FX208843,2025-08-05,Vihaan Rao,EAST,Idli Sambar,8,90.78,0.2,Card
FX200544,05/10/2025,Riya Kapoor,West,Idli Sambar,2,89.89,0.0,UPI
FX202409,20/07/2025,Dev Sharma,North,Butter Naan,8,45.0,0.25,Wallet
FX204966,05/02/2025,Nisha Gupta,North,Masala Dosa,8,129.0,0.2,Cash on Delivery
FX204541,2025-06-10,Tara Joshi,North,Chicken Biryani,1,294.78,0.15,Wallet
FX207042,2025-10-24,Rahul Sinha,EAST,Idli Sambar,8,88.11,0.2,Wallet
FX206638,2025-02-11,Lakshmi Prasad,North,Veg Biryani,5,216.81,0.0,Cash on Delivery
FX204471,22/02/2025,Aditya Ghosh,East,Green Salad,2,137.61,0.05,UPI
FX201705,03/01/2025,Yash Patel,south,Chicken Biryani,4,289.0,0.15,Cash on Delivery
FX207710,12/06/2025,Dev Sharma,East,Veg Biryani,2,216.81,0.1,Wallet
FX205010,2025-12-08,Arjun Verma,north,Idli Sambar,2,87.22,0.2,UPI
FX206962,2025-04-11,Karthik Raman,west,Filter Coffee,5,59.0,0.0,UPI
FX204379,02-19-2025,Priya Balaji,East,Green Salad,7,136.22,0.2,Card
FX208510,2025-06-17,Saanvi Reddy,SOUTH,Filter Coffee,5,59.0,0.0,UPI
FX205824,10/12/2025,Ananya Iyer,East,Green Salad,6,136.22,0.05,Card
FX208403,2025-03-22,Saanvi Reddy,west,Fish Curry Meals,1,322.42,0.1,Wallet
FX208071,08-20-2025,Aditya Ghosh,North,Chicken Noodles,4,241.39,0.15,Cash on Delivery
FX207719,2025-10-31,Aarav Mehta,SOUTH,Idli Sambar,1,89.89,0.25,Cash on Delivery
FX200897,2025-09-27,Sneha Varma,EAST,Gulab Jamun,4,99.0,0.05,Card
FX202541,2025-06-21,Rohan Pillai,EAST,Gulab Jamun,7,99.0,0.0,Card
FX201775,2025-10-14,Diya Nair,West,Farmhouse Pizza,3,399.0,0.0,UPI
FX203853,23/03/2025,Vihaan Rao,south,Veg Fried Rice,2,197.01,0.2,Cash on Delivery
FX207878,2025-06-21,Dev Sharma,West,Chicken Biryani,8,291.89,0.0,Cash on Delivery
FX206743,2025-03-08,Ishita Bose,North,Masala Dosa,4,130.29,0.0,UPI
FX205638,01/09/2025,Kabir Shah,south,Masala Dosa,2,130.29,0.25,Wallet
FX205443,06/12/2025,Saanvi Reddy,West,Chocolate Brownie,1,149.0,0.1,UPI
FX200519,11-29-2025,Lakshmi Prasad,north,Chocolate Brownie,2,151.98,0.0,Cash on Delivery
FX200568,16/03/2025,Karthik Raman,north,Mutton Roll,5,284.58,0.1,Wallet
FX207903,14/03/2025,Tara Joshi,west,Chocolate Brownie,6,150.49,0.0,Card
FX203642,2025-01-06,Yash Patel,North,Masala Dosa,7,131.58,0.0,UPI
FX207501,2025-08-08,Ananya Iyer,East,Fish Curry Meals,3,322.42,0.1,UPI
FX206731,2025-06-04,Ishita Bose,EAST,Spring Roll,3,157.41,0.05,Wallet
FX207305,30/04/2025,Aditya Ghosh,North,Veg Fried Rice,4,197.01,0.05,Cash on Delivery
FX200621,2025-01-24,Ishita Bose,West,Veg Fried Rice,2,195.02,0.0,Wallet
FX200062,11-10-2025,Diya Nair,West,Mango Lassi,5,109.0,0.15,UPI
FX208343,04-12-2025,Rohan Pillai,SOUTH,Margherita Pizza,7,246.51,0.2,UPI
FX203266,2025-01-02,Ananya Iyer,south,Spring Roll,4,162.18,0.2,Wallet
FX202703,05/08/2025,Aditya Ghosh,north,Margherita Pizza,7,244.02,0.0,Cash on Delivery
FX207206,08-16-2025,Vihaan Rao,SOUTH,Paneer Butter Masala,5,253.82,0.1,Card
FX202846,2025-04-25,Meera Krishnan,west,Green Salad,1,136.22,0.0,Card
FX206941,09/01/2025,Tara Joshi,EAST,Farmhouse Pizza,6,406.98,0.0,Card
FX204638,2025-12-05,Omkar Deshpande,West,Butter Naan,8,45.0,0.0,Cash on Delivery
FX205501,2025-10-27,Diya Nair,north,Masala Dosa,2,126.42,0.0,Card
FX208898,2025-10-10,Saanvi Reddy,North,Margherita Pizza,4,251.49,0.2,Wallet
FX200694,2025-01-16,Rahul Sinha,EAST,Masala Dosa,2,130.29,0.05,Wallet
FX207028,16/07/2025,Dev Sharma,SOUTH,Tandoori Chicken,8,440.02,0.0,Cash on Delivery
FX206727,10-28-2025,Ishita Bose,west,Chocolate Brownie,8,150.49,0.0,Card
FX200900,02/10/2025,Saanvi Reddy,EAST,Chocolate Brownie,6,151.98,0.05,Card
FX208362,2025-10-01,Meera Krishnan,West,Paneer Butter Masala,6,256.41,0.15,Cash on Delivery
FX207267,2025-04-11,Arjun Verma,west,Spring Roll,4,160.59,0.0,UPI
FX201190,2025-07-15,Meera Krishnan,north,Veg Fried Rice,2,199.0,0.2,UPI
FX201802,2025-12-14,Arjun Verma,North,Tandoori Chicken,7,440.02,0.05,UPI
FX205726,2025-01-06,Kabir Shah,south,Tandoori Chicken,8,440.02,0.0,Wallet
FX200092,12-10-2025,Vihaan Rao,south,Chicken Biryani,7,294.78,,Wallet
FX202019,07/05/2025,Yash Patel,EAST,Idli Sambar,1,90.78,0.05,UPI
FX200279,2025-03-28,Omkar Deshpande,North,Paneer Butter Masala,7,261.59,0.0,Card
FX206785,2025-02-25,Rahul Sinha,West,Spring Roll,8,159.0,0.0,Wallet
FX206180,02-09-2025,Aarav Mehta,EAST,Margherita Pizza,5,253.98,0.2,UPI
FX200673,06/03/2025,Omkar Deshpande,East,Tandoori Chicken,3,457.98,0.2,Cash on Delivery
FX201085,07-28-2025,Ananya Iyer,west,Butter Naan,4,44.1,0.0,Card
FX203094,2025-07-29,Priya Balaji,west,Veg Fried Rice,5,202.98,0.05,Wallet
FX202535,2025-10-17,Ananya Iyer,SOUTH,Filter Coffee,8,59.59,0.1,Card
FX200226,2025-03-07,Arjun Verma,south,Cold Coffee,7,116.62,0.0,Wallet
FX204370,2025-09-25,Yash Patel,North,Idli Sambar,5,88.11,0.05,UPI
FX204975,2025-11-08,Yash Patel,south,Masala Dosa,7,131.58,0.0,Cash on Delivery
FX202615,2025-06-23,Kavya Subramanian,SOUTH,Cold Coffee,1,120.19,0.0,Wallet
FX208537,2025-03-25,,West,Tandoori Chicken,6,449.0,0.0,UPI
FX200530,22/11/2025,Rahul Sinha,West,Farmhouse Pizza,1,395.01,0.0,Wallet
FX203952,2025-09-21,Saanvi Reddy,EAST,Veg Biryani,1,216.81,0.0,UPI
FX202218,2025-01-06,Manish Tiwari,EAST,Idli Sambar,2,89.0,0.05,Card
FX204244,07-19-2025,Omkar Deshpande,East,Margherita Pizza,2,251.49,0.25,Cash on Delivery
FX203583,13/03/2025,Saanvi Reddy,north,Cold Coffee,3,116.62,0.0,Wallet
FX202346,24/09/2025,Tara Joshi,south,Spring Roll,8,155.82,0.1,Wallet
FX204630,25/11/2025,Yash Patel,SOUTH,Margherita Pizza,6,244.02,0.0,Card
FX208972,07/11/2025,Lakshmi Prasad,West,Fish Curry Meals,8,335.58,0.1,Card
FX207295,2025-04-23,Aarav Mehta,SOUTH,Cold Coffee,6,117.81,0.1,Card
FX201597,2025-12-27,Nisha Gupta,SOUTH,Tandoori Chicken,4,444.51,0.25,Cash on Delivery
FX206513,14/05/2025,Arjun Verma,west,Spring Roll,3,155.82,0.0,UPI
FX204956,2025-12-25,Kavya Subramanian,west,Chicken Noodles,7,236.61,0.2,Wallet
FX200375,2025-11-08,Riya Kapoor,west,Gulab Jamun,6,100.98,0.15,UPI
FX203484,03/07/2025,Kavya Subramanian,East,Paneer Butter Masala,1,256.41,0.0,Cash on Delivery
FX203110,23/03/2025,Karthik Raman,west,Paneer Butter Masala,3,253.82,0.25,Wallet
FX201112,02-24-2025,,EAST,Tandoori Chicken,1,457.98,0.0,Card
FX204781,14/04/2025,Ananya Iyer,west,Chicken Biryani,6,291.89,0.0,Card
FX201574,2025-11-08,Saanvi Reddy,East,Chocolate Brownie,6,147.51,,Wallet
FX202473,2025-12-24,Manish Tiwari,East,Margherita Pizza,2,249.0,0.1,Card
FX205859,18/03/2025,Nikhil Menon,North,Gulab Jamun,1,99.99,0.2,Wallet
FX203730,2025-09-22,Ananya Iyer,west,Fish Curry Meals,1,322.42,0.1,Wallet
FX208464,2025-05-14,Saanvi Reddy,south,Butter Naan,2,44.55,0.05,Card
FX202232,10/05/2025,Rahul Sinha,north,Filter Coffee,3,60.18,0.1,Wallet
FX202020,15/09/2025,Tara Joshi,north,Butter Naan,8,44.55,0.25,Cash on Delivery
FX208733,15/07/2025,Tara Joshi,North,Mutton Roll,3,276.21,0.05,Cash on Delivery
FX200658,12/01/2025,Saanvi Reddy,North,Tandoori Chicken,1,449.0,0.0,Wallet
FX206864,20/11/2025,Rahul Sinha,SOUTH,Chocolate Brownie,3,146.02,0.25,Wallet
FX206290,23/09/2025,Ananya Iyer,west,Mutton Roll,1,284.58,0.05,Cash on Delivery
FX206847,2025-06-12,Rohan Pillai,west,Idli Sambar,1,87.22,0.1,Cash on Delivery
FX200533,2025-06-24,Aditya Ghosh,West,Farmhouse Pizza,3,402.99,0.0,UPI
FX202426,08-13-2025,Priya Balaji,West,Spring Roll,5,157.41,0.05,Wallet
FX206091,03/09/2025,Vihaan Rao,south,Paneer Butter Masala,8,261.59,0.0,Wallet
FX200123,15/04/2025,Lakshmi Prasad,north,Mutton Roll,6,273.42,0.0,Wallet
FX207283,2025-11-25,Saanvi Reddy,East,Chocolate Brownie,2,150.49,0.0,UPI
FX204246,2025-09-28,,North,Chicken Noodles,6,236.61,0.05,Card
FX207005,10-10-2025,Yash Patel,north,Mango Lassi,3,106.82,,Card
FX203483,05-02-2025,Tara Joshi,EAST,Chicken Biryani,8,283.22,0.1,Card
FX202233,03-02-2025,Lakshmi Prasad,EAST,Mango Lassi,8,109.0,0.2,Cash on Delivery
FX201305,21/01/2025,Aarav Mehta,SOUTH,Masala Dosa,6,129.0,0.0,Cash on Delivery
FX207895,2025-12-11,Yash Patel,EAST,Farmhouse Pizza,7,399.0,0.0,UPI
FX203789,10-22-2025,Rahul Sinha,north,Cold Coffee,2,117.81,0.0,Wallet
FX207319,2025-12-09,Rahul Sinha,EAST,Veg Fried Rice,1,199.0,,Cash on Delivery
FX200723,09/09/2025,Vihaan Rao,North,Mutton Roll,3,273.42,0.0,Wallet
FX202832,12/02/2025,Rahul Sinha,North,Chicken Noodles,2,243.78,0.05,Wallet
FX207504,22/01/2025,Lakshmi Prasad,south,Butter Naan,1,45.9,0.0,Card
FX201397,2025-01-09,Arjun Verma,north,Gulab Jamun,2,100.98,0.05,Card
FX206440,07-30-2025,Lakshmi Prasad,North,Idli Sambar,5,90.78,0.15,Cash on Delivery
FX206457,2025-07-05,Diya Nair,north,Chicken Biryani,8,291.89,0.0,UPI
FX202838,07-28-2025,Priya Balaji,north,Gulab Jamun,7,100.98,0.0,Wallet
FX205447,17/04/2025,Karthik Raman,EAST,Mango Lassi,7,110.09,0.0,Wallet
FX207485,2025-06-10,Aarav Mehta,EAST,Cold Coffee,5,119.0,0.05,Card
FX203861,07-08-2025,Karthik Raman,west,Masala Dosa,2,127.71,0.25,Wallet
FX202392,2025-06-16,Dev Sharma,EAST,Chocolate Brownie,4,150.49,0.0,Cash on Delivery
FX208225,21/12/2025,Lakshmi Prasad,EAST,Filter Coffee,7,59.0,0.0,Cash on Delivery
FX206971,12/04/2025,Yash Patel,SOUTH,Idli Sambar,5,89.0,0.0,Cash on Delivery
FX204529,2025-07-01,Rahul Sinha,East,Green Salad,2,139.0,0.0,Cash on Delivery
FX206431,2025-07-14,Ananya Iyer,North,Mutton Roll,3,279.0,0.2,UPI
FX208784,14/04/2025,Dev Sharma,West,Farmhouse Pizza,4,402.99,0.15,Wallet
FX200454,17/07/2025,Nikhil Menon,EAST,Mutton Roll,3,273.42,0.0,Wallet
FX201144,2025-03-20,Aditya Ghosh,EAST,Mango Lassi,2,107.91,0.0,Card
FX200770,10/11/2025,Meera Krishnan,East,Mango Lassi,6,107.91,0.0,Wallet
FX204118,04-20-2025,Nisha Gupta,North,Gulab Jamun,2,100.98,0.0,Wallet
FX200536,08/07/2025,Manish Tiwari,SOUTH,Veg Fried Rice,4,200.99,0.05,UPI
FX201301,08/05/2025,Kavya Subramanian,north,Filter Coffee,8,59.59,0.1,Wallet
FX203985,2025-06-05,Tara Joshi,south,Green Salad,7,141.78,0.15,Cash on Delivery
FX205457,21/07/2025,Dev Sharma,west,Gulab Jamun,5,98.01,0.25,Wallet
FX206131,02-17-2025,Rahul Sinha,SOUTH,Butter Naan,4,44.55,0.05,Card
FX208129,06/09/2025,Tara Joshi,EAST,Margherita Pizza,2,246.51,0.05,Cash on Delivery
FX205244,2025-02-18,Kavya Subramanian,SOUTH,Chicken Noodles,5,234.22,0.1,UPI
FX205778,04-17-2025,Rahul Sinha,south,Chicken Biryani,-8,283.22,0.05,Cash on Delivery
FX206345,2025-11-20,Diya Nair,SOUTH,Veg Biryani,1,219.0,0.0,Cash on Delivery
FX200596,25/09/2025,Aditya Ghosh,North,Cold Coffee,8,121.38,0.2,UPI
FX207408,16/07/2025,Tara Joshi,EAST,Mutton Roll,2,281.79,0.25,Cash on Delivery
FX208713,2025-12-18,Rahul Sinha,North,Butter Naan,7,44.55,,Card
FX207828,05-27-2025,Saanvi Reddy,south,Margherita Pizza,6,246.51,,Card
FX206794,2025-11-30,Rohan Pillai,west,Green Salad,5,141.78,0.0,Cash on Delivery
FX204669,05/08/2025,,north,Chicken Noodles,5,241.39,0.05,UPI
FX208643,11/10/2025,Lakshmi Prasad,SOUTH,Green Salad,3,139.0,0.25,UPI
FX205099,06-07-2025,Dev Sharma,SOUTH,Gulab Jamun,2,99.0,0.1,Wallet
FX208786,28/02/2025,Diya Nair,south,Tandoori Chicken,7,453.49,0.2,UPI
FX207151,03/05/2025,Kabir Shah,SOUTH,Farmhouse Pizza,1,402.99,0.0,Card
FX206723,2025-12-19,Riya Kapoor,west,Chocolate Brownie,7,149.0,0.15,Card
FX206239,2025-08-11,Aditya Ghosh,south,Idli Sambar,7,89.89,0.0,Wallet
FX201510,23/08/2025,Rahul Sinha,north,Tandoori Chicken,3,457.98,0.2,UPI
FX202929,2025-02-13,Karthik Raman,EAST,Farmhouse Pizza,7,391.02,0.2,Card
FX205978,2025-01-25,Sneha Varma,West,Veg Fried Rice,-4,202.98,0.15,Card
FX202422,2025-10-05,Karthik Raman,North,Chicken Biryani,1,289.0,0.25,UPI
FX203020,26/09/2025,Manish Tiwari,west,Tandoori Chicken,4,453.49,0.1,Card
FX206186,11-06-2025,Arjun Verma,East,Mango Lassi,8,110.09,0.0,UPI
FX203163,07/08/2025,Omkar Deshpande,north,Paneer Butter Masala,3,256.41,0.0,UPI
FX204324,27/09/2025,Ananya Iyer,West,Fish Curry Meals,3,322.42,0.0,Wallet
FX200434,2025-05-31,Lakshmi Prasad,west,Cold Coffee,2,117.81,0.0,Cash on Delivery
FX206242,2025-02-08,Nikhil Menon,North,Veg Biryani,6,214.62,0.2,Cash on Delivery
FX207508,09/10/2025,Riya Kapoor,East,Idli Sambar,1,89.0,0.2,Wallet
FX203384,2025-05-24,Aditya Ghosh,west,Mango Lassi,8,107.91,0.25,Cash on Delivery
FX205953,2025-01-09,Dev Sharma,EAST,Cold Coffee,3,116.62,0.0,Wallet
FX203676,2025-12-28,Rahul Sinha,North,Chicken Noodles,8,236.61,0.2,UPI
FX201291,05-20-2025,Yash Patel,south,Cold Coffee,7,116.62,0.0,Wallet
FX207299,10-06-2025,Vihaan Rao,south,Cold Coffee,-1,117.81,0.0,Card
FX201978,16/11/2025,Riya Kapoor,EAST,Spring Roll,3,159.0,0.0,UPI
FX206751,2025-12-10,Diya Nair,EAST,Veg Fried Rice,6,202.98,0.25,Cash on Delivery
FX202654,08/04/2025,Kavya Subramanian,North,Tandoori Chicken,7,457.98,0.2,Card
FX202576,2025-06-11,Karthik Raman,North,Idli Sambar,8,87.22,0.1,Card
FX206056,2025-03-30,Saanvi Reddy,SOUTH,Masala Dosa,8,131.58,0.0,Wallet
FX206802,25/02/2025,Ananya Iyer,EAST,Chocolate Brownie,4,151.98,0.05,Cash on Delivery
FX208573,23/05/2025,Omkar Deshpande,North,Cold Coffee,3,116.62,0.0,UPI
FX203772,09-29-2025,Yash Patel,East,Paneer Butter Masala,1,253.82,0.2,UPI
FX207100,02/03/2025,,West,Margherita Pizza,6,251.49,0.1,Wallet
FX206844,01/11/2025,Manish Tiwari,west,Cold Coffee,6,120.19,0.2,Wallet
FX201269,20/02/2025,Aarav Mehta,East,Idli Sambar,2,90.78,0.0,Card
FX206297,2025-07-22,Rahul Sinha,West,Farmhouse Pizza,5,391.02,0.15,Card
FX200936,08/09/2025,Dev Sharma,west,Cold Coffee,8,121.38,0.0,Cash on Delivery
FX202670,2025-09-17,Meera Krishnan,West,Chicken Biryani,3,289.0,0.25,Card
FX200983,2025-06-22,Manish Tiwari,south,Cold Coffee,4,119.0,0.15,Card
FX200371,04/08/2025,Riya Kapoor,west,Cold Coffee,1,120.19,0.0,Card
FX206502,04/01/2025,Ishita Bose,south,Idli Sambar,5,89.0,0.0,Card
FX206394,2025-02-21,Manish Tiwari,West,Veg Fried Rice,7,195.02,0.0,Wallet
FX208470,2025-04-06,Rahul Sinha,West,Tandoori Chicken,5,444.51,0.05,UPI
FX206882,06/10/2025,Riya Kapoor,EAST,Cold Coffee,4,120.19,0.0,Card
FX201548,2025-09-04,Tara Joshi,East,Green Salad,2,140.39,0.2,Cash on Delivery
FX206827,14/03/2025,Priya Balaji,West,Idli Sambar,4,89.89,0.0,UPI
FX201172,2025-03-15,Dev Sharma,North,Butter Naan,7,45.45,0.1,Wallet
FX207255,2025-05-13,Dev Sharma,SOUTH,Filter Coffee,4,59.0,0.25,Card
FX208371,2025-04-01,Nisha Gupta,south,Chicken Biryani,3,294.78,0.15,UPI
FX206972,01-03-2025,Yash Patel,North,Butter Naan,6,45.0,0.2,Cash on Delivery
FX202474,2025-08-19,Dev Sharma,south,Filter Coffee,3,59.59,0.0,Wallet
FX203897,25/01/2025,Arjun Verma,south,Masala Dosa,5,129.0,0.05,Cash on Delivery
FX207387,28/10/2025,Omkar Deshpande,North,Margherita Pizza,7,249.0,0.2,Cash on Delivery
FX202185,2025-02-11,Priya Balaji,EAST,Gulab Jamun,2,97.02,0.05,Wallet
FX201836,13/05/2025,Dev Sharma,North,Butter Naan,1,44.55,0.0,Card
FX206983,10/05/2025,Aarav Mehta,SOUTH,Idli Sambar,4,89.0,0.15,UPI
FX208182,09/10/2025,Lakshmi Prasad,SOUTH,Cold Coffee,8,116.62,0.0,Cash on Delivery
FX208160,2025-11-07,Tara Joshi,south,Gulab Jamun,8,99.99,0.2,UPI
FX206505,2025-04-22,Dev Sharma,North,Green Salad,3,141.78,0.0,UPI
FX208969,2025-03-02,Vihaan Rao,East,Chocolate Brownie,8,146.02,0.0,UPI
FX204543,2025-06-10,Arjun Verma,East,Farmhouse Pizza,8,399.0,0.2,Cash on Delivery
FX202411,18/12/2025,Kabir Shah,West,Veg Fried Rice,2,195.02,0.0,Card
FX201870,18/04/2025,Diya Nair,North,Spring Roll,6,162.18,0.2,UPI
FX201077,27/10/2025,Sneha Varma,south,Margherita Pizza,1,251.49,0.1,Cash on Delivery
FX205452,2025-04-15,Aarav Mehta,north,Paneer Butter Masala,4,259.0,0.25,Cash on Delivery
FX207356,2025-06-27,Diya Nair,SOUTH,Gulab Jamun,5,98.01,0.0,UPI
FX201137,01-17-2025,Aarav Mehta,West,Butter Naan,5,45.9,0.0,Wallet
FX202132,2025-02-25,Ananya Iyer,EAST,Filter Coffee,1,59.0,0.0,Cash on Delivery
FX201403,2025-04-01,Kavya Subramanian,SOUTH,Farmhouse Pizza,6,391.02,0.0,Cash on Delivery
FX202675,25/10/2025,Arjun Verma,East,Butter Naan,4,44.1,0.15,UPI
FX204287,2025-08-02,Rahul Sinha,North,Farmhouse Pizza,5,391.02,0.25,Wallet
FX204300,08-18-2025,Lakshmi Prasad,East,Farmhouse Pizza,2,395.01,0.05,UPI
FX202926,2025-03-04,Manish Tiwari,West,Mutton Roll,6,281.79,0.0,Cash on Delivery
FX204498,2025-02-25,Priya Balaji,West,Cold Coffee,3,117.81,0.2,Wallet
FX207070,2025-10-06,Saanvi Reddy,south,Chicken Noodles,2,239.0,0.25,Cash on Delivery
FX208614,2025-08-01,Lakshmi Prasad,East,Spring Roll,2,157.41,0.0,Card
FX207321,2025-12-05,Karthik Raman,west,Farmhouse Pizza,1,406.98,0.0,Cash on Delivery
FX208304,2025-12-14,Nisha Gupta,north,Farmhouse Pizza,7,399.0,0.1,Card
FX204489,02/01/2025,Ishita Bose,West,Butter Naan,7,45.0,0.1,UPI
FX202779,03-07-2025,Arjun Verma,EAST,Butter Naan,5,44.55,0.0,Card
FX207367,06/11/2025,Ananya Iyer,West,Fish Curry Meals,3,335.58,,UPI
FX201955,2025-12-29,Sneha Varma,SOUTH,Veg Fried Rice,8,195.02,0.2,Wallet
FX208372,13/06/2025,Saanvi Reddy,East,Mango Lassi,8,111.18,0.15,Card
FX208652,24/04/2025,Yash Patel,East,Idli Sambar,1,88.11,0.0,Cash on Delivery
FX204249,2025-07-17,Ishita Bose,SOUTH,Paneer Butter Masala,5,253.82,0.0,Cash on Delivery
FX200198,04/08/2025,Aarav Mehta,west,Paneer Butter Masala,3,259.0,0.0,Wallet
FX206395,2025-05-21,Rohan Pillai,EAST,Idli Sambar,1,89.0,0.15,Wallet
FX202950,04-24-2025,Saanvi Reddy,North,Margherita Pizza,8,244.02,0.0,UPI
FX206961,2025-11-06,Rahul Sinha,south,Spring Roll,1,155.82,0.25,Cash on Delivery
FX202087,2025-06-30,Ananya Iyer,west,Butter Naan,1,45.9,0.0,Cash on Delivery
FX202384,2025-09-06,Sneha Varma,north,Idli Sambar,3,88.11,0.25,UPI
FX200826,2025-06-01,Tara Joshi,North,Butter Naan,-8,45.45,0.0,Wallet
FX200188,21/01/2025,Diya Nair,West,Chicken Noodles,8,236.61,0.0,UPI
FX202030,28/02/2025,Meera Krishnan,north,Chicken Noodles,7,239.0,0.0,UPI
FX203030,2025-07-17,Rahul Sinha,North,Chicken Biryani,6,286.11,0.15,Cash on Delivery
FX206649,10-13-2025,Diya Nair,North,Veg Biryani,3,216.81,0.05,Wallet
FX207107,2025-03-25,Yash Patel,West,Butter Naan,6,44.1,0.15,Wallet
FX208847,2025-04-09,Manish Tiwari,north,Veg Fried Rice,8,199.0,0.1,UPI
FX204385,01/05/2025,Tara Joshi,west,Veg Fried Rice,4,200.99,0.1,Cash on Delivery
FX201481,2025-10-01,Diya Nair,EAST,Chocolate Brownie,8,150.49,0.0,Wallet
FX205617,2025-12-31,Sneha Varma,west,Chocolate Brownie,7,150.49,0.0,Wallet
FX200089,01/06/2025,Dev Sharma,North,Butter Naan,1,45.45,0.0,UPI
FX208824,19/08/2025,Meera Krishnan,SOUTH,Gulab Jamun,6,98.01,0.0,Card
FX204185,31/07/2025,Priya Balaji,East,Mutton Roll,1,281.79,0.0,Card
FX200492,23/10/2025,Priya Balaji,North,Mango Lassi,7,110.09,0.1,Cash on Delivery
FX204297,01-27-2025,Dev Sharma,West,Veg Fried Rice,3,195.02,0.05,Cash on Delivery
FX204994,31/03/2025,Diya Nair,north,Mango Lassi,7,109.0,0.0,Wallet
FX201260,07-24-2025,Arjun Verma,north,Idli Sambar,1,87.22,0.15,Card
FX206988,03-02-2025,Saanvi Reddy,south,Chicken Biryani,6,291.89,0.25,Wallet
FX204326,13/01/2025,Aarav Mehta,West,Cold Coffee,1,121.38,0.0,Card
FX203433,04-29-2025,Vihaan Rao,North,Butter Naan,3,45.0,0.0,Cash on Delivery
FX208052,24/11/2025,Dev Sharma,SOUTH,Veg Biryani,2,214.62,0.15,Card
FX202491,2025-06-30,Omkar Deshpande,north,Gulab Jamun,8,99.99,0.0,Card
FX208228,2025-01-29,Vihaan Rao,SOUTH,Spring Roll,8,157.41,0.15,Card
FX203639,08-07-2025,Lakshmi Prasad,West,Paneer Butter Masala,3,253.82,0.1,UPI
FX201876,05-14-2025,Karthik Raman,West,Margherita Pizza,5,251.49,0.2,Card
FX200149,30/08/2025,Nikhil Menon,East,Veg Biryani,2,221.19,0.0,Cash on Delivery
FX208806,06/06/2025,Aarav Mehta,North,Paneer Butter Masala,5,259.0,0.15,Cash on Delivery
FX202350,06/05/2025,Riya Kapoor,West,Gulab Jamun,6,99.99,0.25,Wallet
FX203630,2025-09-13,Aditya Ghosh,north,Margherita Pizza,8,253.98,0.2,Wallet
FX206404,11-19-2025,Aarav Mehta,East,Gulab Jamun,5,98.01,0.25,Cash on Delivery
FX205438,25/07/2025,Saanvi Reddy,EAST,Butter Naan,6,45.9,0.1,UPI
FX201956,01/08/2025,Nisha Gupta,SOUTH,Gulab Jamun,5,97.02,0.25,Cash on Delivery
FX206300,11-03-2025,Ananya Iyer,North,Fish Curry Meals,4,322.42,0.15,Cash on Delivery
FX206229,10/03/2025,Ishita Bose,North,Chicken Biryani,8,289.0,,Wallet
FX202036,2025-04-02,Saanvi Reddy,west,Idli Sambar,1,88.11,0.1,Cash on Delivery
FX203470,03-04-2025,Riya Kapoor,south,Cold Coffee,7,117.81,0.15,Wallet
FX208906,20/07/2025,Rahul Sinha,north,Chicken Biryani,2,294.78,0.15,UPI
FX202431,05/10/2025,Aarav Mehta,SOUTH,Gulab Jamun,4,100.98,0.1,Cash on Delivery
FX206562,02-09-2025,Rahul Sinha,EAST,Idli Sambar,7,87.22,0.25,UPI
FX204866,2025-02-01,Arjun Verma,south,Farmhouse Pizza,7,399.0,0.15,UPI
FX208237,2025-12-05,Kavya Subramanian,EAST,Veg Biryani,8,223.38,0.2,UPI
FX200485,2025-09-11,Vihaan Rao,west,Chocolate Brownie,6,150.49,0.1,Cash on Delivery
FX207682,07/04/2025,Meera Krishnan,East,Idli Sambar,4,89.0,0.25,Wallet
FX207705,05-17-2025,Omkar Deshpande,north,Fish Curry Meals,7,325.71,0.0,UPI
FX208539,2025-11-16,Aarav Mehta,North,Veg Biryani,5,223.38,0.05,Wallet
FX202849,20/01/2025,Ananya Iyer,West,Butter Naan,1,45.9,0.0,UPI
FX203403,2025-07-02,Nisha Gupta,West,Spring Roll,4,162.18,0.1,Card
FX205455,2025-05-10,Omkar Deshpande,north,Mango Lassi,4,109.0,0.0,UPI
FX200866,05-21-2025,Nisha Gupta,south,Mutton Roll,3,273.42,,Wallet
FX205758,2025-06-17,Karthik Raman,West,Masala Dosa,3,131.58,0.2,Cash on Delivery
FX205643,27/01/2025,Omkar Deshpande,south,Spring Roll,7,159.0,0.0,Wallet
FX202024,08/06/2025,Priya Balaji,south,Chicken Biryani,2,291.89,0.1,Card
FX205577,18/12/2025,Manish Tiwari,south,Paneer Butter Masala,4,253.82,0.0,Cash on Delivery
FX201159,16/10/2025,Diya Nair,south,Chocolate Brownie,1,149.0,0.0,Card
FX201088,27/04/2025,Kavya Subramanian,north,Butter Naan,2,45.0,0.1,UPI
FX205937,2025-12-19,Sneha Varma,EAST,Green Salad,7,140.39,0.2,Card
FX201798,11-15-2025,Meera Krishnan,EAST,Paneer Butter Masala,7,264.18,0.1,Wallet
FX203767,2025-10-09,Sneha Varma,north,Margherita Pizza,8,253.98,0.15,Wallet
FX204761,2025-07-13,Ishita Bose,south,Farmhouse Pizza,6,399.0,0.15,Wallet
FX200319,10-24-2025,Dev Sharma,north,Gulab Jamun,8,99.99,0.0,UPI
FX202927,14/02/2025,Manish Tiwari,East,Fish Curry Meals,8,335.58,0.2,Wallet
FX202289,26/04/2025,Rohan Pillai,south,Idli Sambar,2,89.0,0.15,Cash on Delivery
FX207237,08/12/2025,Aditya Ghosh,West,Margherita Pizza,2,253.98,0.25,Card
FX201506,10/02/2025,Dev Sharma,West,Paneer Butter Masala,1,256.41,0.1,Cash on Delivery
FX208125,11/12/2025,Karthik Raman,North,Farmhouse Pizza,5,399.0,0.0,Cash on Delivery
FX207695,11/03/2025,Tara Joshi,West,Chocolate Brownie,3,147.51,0.15,UPI
FX208335,12-19-2025,Ishita Bose,south,Paneer Butter Masala,3,264.18,0.25,Wallet
FX200735,08/11/2025,Rahul Sinha,south,Mango Lassi,4,111.18,0.15,Card
FX203428,2025-04-10,Manish Tiwari,East,Gulab Jamun,5,98.01,,Card
FX207351,11/07/2025,Dev Sharma,north,Margherita Pizza,2,244.02,0.05,Wallet
FX201740,2025-11-02,Nisha Gupta,North,Farmhouse Pizza,6,395.01,0.25,Cash on Delivery
FX201845,21/07/2025,Priya Balaji,south,Farmhouse Pizza,3,402.99,0.1,Card
FX205792,2025-09-26,Tara Joshi,EAST,Fish Curry Meals,5,325.71,0.0,Card
FX203176,2025-05-28,Ishita Bose,south,Gulab Jamun,5,100.98,0.2,Card
FX208511,2025-12-10,Saanvi Reddy,north,Cold Coffee,5,116.62,0.0,UPI
FX204768,2025-08-30,Aditya Ghosh,West,Idli Sambar,-1,89.89,0.05,Wallet
FX201786,02-05-2025,Omkar Deshpande,West,Chicken Noodles,6,243.78,0.25,Card
FX202417,2025-05-16,Aarav Mehta,EAST,Mutton Roll,4,281.79,0.05,Card
FX201730,2025-04-18,Omkar Deshpande,south,Fish Curry Meals,4,322.42,0.0,Cash on Delivery
FX208702,25/05/2025,Vihaan Rao,west,Spring Roll,7,159.0,0.0,Wallet
FX205841,05/02/2025,Meera Krishnan,EAST,Green Salad,2,139.0,0.25,Cash on Delivery
FX203556,2025-08-16,Meera Krishnan,North,Masala Dosa,5,126.42,0.2,Cash on Delivery
FX208286,27/03/2025,Saanvi Reddy,EAST,Filter Coffee,1,58.41,0.15,Cash on Delivery
FX202220,22/04/2025,Aarav Mehta,south,Chicken Biryani,4,286.11,0.0,UPI
FX207452,21/07/2025,Dev Sharma,west,Green Salad,8,139.0,0.05,Cash on Delivery
FX207172,31/08/2025,Ishita Bose,East,Spring Roll,2,160.59,0.0,UPI
FX202070,2025-09-30,Aarav Mehta,East,Cold Coffee,3,121.38,0.0,UPI
FX203384,2025-05-24,Aditya Ghosh,west,Mango Lassi,8,107.91,0.25,Cash on Delivery
FX203777,2025-09-25,Saanvi Reddy,West,Gulab Jamun,1,98.01,0.05,Card
FX200427,03/06/2025,Karthik Raman,North,Tandoori Chicken,-7,453.49,0.0,UPI
FX201766,09/08/2025,Saanvi Reddy,EAST,Green Salad,7,136.22,0.1,Card
FX203441,2025-05-09,Omkar Deshpande,EAST,Chicken Noodles,3,236.61,0.0,Cash on Delivery
FX204946,22/05/2025,Nisha Gupta,East,Gulab Jamun,4,100.98,0.0,Cash on Delivery
FX208167,20/06/2025,Meera Krishnan,East,Paneer Butter Masala,-3,264.18,0.25,Wallet
FX203659,2025-05-09,Lakshmi Prasad,North,Chicken Biryani,3,291.89,0.0,Wallet
FX208520,23/12/2025,Riya Kapoor,south,Filter Coffee,5,60.18,0.25,UPI
FX208715,01-24-2025,Aditya Ghosh,SOUTH,Fish Curry Meals,5,335.58,0.0,Cash on Delivery
FX207374,27/12/2025,Rohan Pillai,west,Farmhouse Pizza,7,399.0,0.0,UPI
FX205321,2025-08-18,Karthik Raman,East,Gulab Jamun,7,98.01,0.0,UPI
FX201008,03/01/2025,Karthik Raman,SOUTH,Veg Biryani,4,219.0,0.2,Card
FX204815,26/10/2025,Vihaan Rao,south,Idli Sambar,6,89.89,0.2,UPI
FX205377,2025-04-19,,SOUTH,Gulab Jamun,2,98.01,0.0,Wallet
FX202696,2025-07-31,Saanvi Reddy,North,Mutton Roll,5,284.58,0.2,Wallet
FX203198,2025-09-05,Sneha Varma,East,Mutton Roll,3,281.79,0.25,Card
FX205048,26/02/2025,Nikhil Menon,SOUTH,Tandoori Chicken,7,440.02,0.0,Card
FX205970,07/01/2025,Lakshmi Prasad,North,Tandoori Chicken,3,449.0,0.1,Wallet
FX204635,2025-01-30,Nikhil Menon,south,Idli Sambar,4,87.22,0.25,UPI
FX203668,08-31-2025,Ananya Iyer,North,Filter Coffee,-7,60.18,0.1,Wallet
FX204863,2025-06-16,Vihaan Rao,North,Mango Lassi,6,107.91,0.0,Cash on Delivery
FX205635,2025-01-29,Priya Balaji,West,Gulab Jamun,6,100.98,0.2,UPI
FX204977,09-19-2025,Vihaan Rao,West,Butter Naan,2,45.0,0.15,Cash on Delivery
FX207592,2025-10-07,Kavya Subramanian,north,Fish Curry Meals,3,329.0,0.1,Card
FX202686,10/08/2025,Tara Joshi,north,Tandoori Chicken,4,440.02,0.1,UPI
FX208233,11-23-2025,Manish Tiwari,west,Cold Coffee,6,121.38,0.15,Wallet
FX204972,18/10/2025,Vihaan Rao,West,Margherita Pizza,5,246.51,0.2,Wallet
FX203673,23/08/2025,Omkar Deshpande,west,Chocolate Brownie,-2,149.0,0.05,UPI
FX206998,2025-11-02,Manish Tiwari,north,Mutton Roll,4,284.58,,Wallet
FX202342,09-10-2025,Dev Sharma,SOUTH,Fish Curry Meals,-7,322.42,0.0,UPI
FX201616,15/07/2025,,SOUTH,Masala Dosa,2,129.0,0.0,UPI
FX200639,2025-05-01,Rahul Sinha,EAST,Idli Sambar,1,89.0,0.0,Cash on Delivery
FX200461,2025-03-03,Rahul Sinha,west,Chocolate Brownie,2,146.02,0.1,Wallet
FX201696,02-06-2025,Meera Krishnan,EAST,Farmhouse Pizza,3,406.98,0.25,Wallet
FX202204,12/11/2025,Manish Tiwari,SOUTH,Spring Roll,6,160.59,0.15,UPI
FX202983,2025-11-24,Arjun Verma,EAST,Idli Sambar,7,88.11,0.0,Card
FX202196,12-31-2025,Manish Tiwari,West,Veg Biryani,3,219.0,0.2,Cash on Delivery
FX204734,20/11/2025,Meera Krishnan,EAST,Chicken Biryani,7,283.22,,Card
FX204906,2025-12-27,Lakshmi Prasad,south,Idli Sambar,7,88.11,,UPI
FX207303,2025-09-07,Lakshmi Prasad,north,Paneer Butter Masala,2,259.0,0.0,Cash on Delivery
FX207885,13/03/2025,Karthik Raman,west,Veg Biryani,8,219.0,0.15,Wallet
FX204735,2025-05-04,Meera Krishnan,south,Spring Roll,6,160.59,0.25,Cash on Delivery
FX205254,2025-06-25,Riya Kapoor,SOUTH,Idli Sambar,4,87.22,0.0,UPI
FX206164,2025-05-04,Kavya Subramanian,south,Cold Coffee,1,120.19,0.25,Wallet
FX201372,03/11/2025,Omkar Deshpande,west,Chicken Noodles,2,239.0,0.15,Card
FX207805,2025-07-22,Vihaan Rao,south,Chocolate Brownie,1,151.98,0.1,Cash on Delivery
FX202850,2025-09-30,Aditya Ghosh,East,Mango Lassi,1,109.0,0.0,Cash on Delivery
FX200872,20/08/2025,Saanvi Reddy,West,Fish Curry Meals,8,322.42,0.0,Card
FX202419,2025-07-17,Diya Nair,north,Chicken Noodles,4,236.61,0.1,Card
FX206823,21/10/2025,Priya Balaji,west,Butter Naan,5,44.55,0.15,Cash on Delivery
FX208598,2025-10-22,Priya Balaji,SOUTH,Filter Coffee,5,57.82,0.1,UPI
FX207195,2025-05-02,Kabir Shah,West,Idli Sambar,3,89.0,0.0,Cash on Delivery
FX208431,06-07-2025,Nikhil Menon,SOUTH,Veg Biryani,5,216.81,0.25,Wallet
FX203370,01-08-2025,Dev Sharma,EAST,Tandoori Chicken,2,453.49,0.15,Wallet
FX202717,2025-01-03,,East,Farmhouse Pizza,3,406.98,0.0,Card
FX207495,21/10/2025,Sneha Varma,west,Mutton Roll,3,276.21,0.0,UPI
FX200315,11/11/2025,Vihaan Rao,North,Paneer Butter Masala,3,261.59,0.25,UPI
FX207644,2025-08-15,Manish Tiwari,SOUTH,Filter Coffee,5,59.0,0.0,Cash on Delivery
FX206350,2025-04-19,Dev Sharma,west,Filter Coffee,5,58.41,0.05,UPI
FX205790,14/10/2025,Aarav Mehta,EAST,Idli Sambar,8,89.0,0.2,Cash on Delivery
FX207617,24/10/2025,Rohan Pillai,north,Veg Biryani,2,214.62,0.25,UPI
FX208296,24/05/2025,Nisha Gupta,north,Veg Fried Rice,1,200.99,0.0,Cash on Delivery
FX201030,2025-01-07,Ananya Iyer,West,Filter Coffee,8,57.82,0.25,Card
FX206979,24/06/2025,Ishita Bose,south,Chicken Noodles,-1,234.22,0.0,Wallet
FX200870,24/02/2025,Vihaan Rao,North,Fish Curry Meals,7,325.71,0.1,Cash on Delivery
FX207901,2025-03-26,Ananya Iyer,west,Gulab Jamun,2,100.98,,Wallet
FX201575,2025-01-08,Riya Kapoor,East,Spring Roll,1,155.82,0.0,UPI
FX202116,25/02/2025,Lakshmi Prasad,West,Cold Coffee,4,120.19,0.0,Wallet
FX206270,12/12/2025,Priya Balaji,north,Tandoori Chicken,4,457.98,,Card
FX205027,03/08/2025,Riya Kapoor,North,Green Salad,6,137.61,0.0,Card
FX201615,30/04/2025,Priya Balaji,EAST,Butter Naan,4,44.55,0.1,Cash on Delivery
FX203752,2025-08-03,Diya Nair,North,Fish Curry Meals,4,322.42,0.15,Cash on Delivery
FX203192,07/09/2025,Tara Joshi,East,Farmhouse Pizza,4,395.01,0.2,Card
FX200661,11-22-2025,Lakshmi Prasad,north,Masala Dosa,3,130.29,,Wallet
FX207148,08-30-2025,Rahul Sinha,EAST,Green Salad,5,136.22,0.05,Cash on Delivery
FX201898,17/03/2025,Meera Krishnan,EAST,Spring Roll,8,155.82,0.15,Cash on Delivery
FX208205,2025-06-03,Rohan Pillai,north,Butter Naan,5,44.55,0.05,Card
FX205679,14/10/2025,Kavya Subramanian,south,Chicken Noodles,4,236.61,0.0,Cash on Delivery
FX206978,2025-03-21,Yash Patel,EAST,Margherita Pizza,7,253.98,0.1,Cash on Delivery
FX205017,08-16-2025,Dev Sharma,North,Veg Fried Rice,4,197.01,0.05,Card
FX201300,2025-02-01,Karthik Raman,SOUTH,Idli Sambar,6,87.22,0.0,Wallet
FX204476,02-28-2025,Manish Tiwari,SOUTH,Veg Fried Rice,2,197.01,0.05,Wallet
FX201897,12-03-2025,Nikhil Menon,south,Butter Naan,7,44.55,0.1,Wallet
FX200341,21/06/2025,Tara Joshi,North,Chicken Noodles,2,241.39,0.15,Wallet
FX200916,2025-03-16,Nikhil Menon,west,Chocolate Brownie,6,146.02,0.0,Card
FX201096,2025-05-16,Sneha Varma,EAST,Masala Dosa,7,130.29,0.15,Wallet
FX207311,2025-11-17,,EAST,Chocolate Brownie,7,150.49,0.2,Wallet
FX208704,13/10/2025,Dev Sharma,south,Green Salad,7,136.22,0.1,Wallet
FX203361,15/03/2025,Nikhil Menon,south,Mango Lassi,5,107.91,0.1,Card
FX202865,2025-08-21,Priya Balaji,West,Tandoori Chicken,1,449.0,0.2,Cash on Delivery
FX205073,21/12/2025,Omkar Deshpande,north,Chocolate Brownie,5,151.98,0.0,Wallet
FX205021,2025-06-07,Nikhil Menon,North,Tandoori Chicken,4,457.98,0.1,Cash on Delivery
FX203431,2025-06-09,Diya Nair,East,Paneer Butter Masala,3,259.0,0.15,Wallet
FX207887,2025-08-25,Meera Krishnan,south,Spring Roll,4,162.18,0.15,Cash on Delivery
FX208529,25/04/2025,Rohan Pillai,EAST,Cold Coffee,3,116.62,,UPI
FX202548,07/01/2025,Karthik Raman,West,Cold Coffee,7,119.0,0.0,Card
FX205566,2025-12-17,Rahul Sinha,West,Cold Coffee,3,116.62,0.2,Cash on Delivery
FX200016,2025-02-16,Kabir Shah,North,Paneer Butter Masala,8,259.0,0.0,UPI
FX205312,2025-11-17,Aditya Ghosh,East,Butter Naan,4,45.45,0.2,Cash on Delivery
FX202753,2025-05-29,Vihaan Rao,EAST,Margherita Pizza,7,244.02,0.0,Cash on Delivery
FX207430,2025-06-30,Yash Patel,north,Gulab Jamun,3,100.98,0.1,Card
FX206531,2025-09-10,Nikhil Menon,SOUTH,Butter Naan,2,44.55,,UPI
FX208521,01-04-2025,Omkar Deshpande,EAST,Chocolate Brownie,6,147.51,0.05,UPI
FX207444,03/10/2025,Yash Patel,West,Green Salad,4,137.61,0.0,UPI
FX208838,11-07-2025,Priya Balaji,west,Chicken Biryani,2,283.22,,Cash on Delivery
FX205855,30/04/2025,Aarav Mehta,south,Mutton Roll,2,279.0,0.0,Cash on Delivery
FX205919,26/04/2025,Saanvi Reddy,south,Chicken Noodles,8,243.78,0.05,Wallet
FX201994,17/12/2025,,East,Cold Coffee,7,116.62,0.0,UPI
FX206504,12/11/2025,Dev Sharma,East,Margherita Pizza,7,249.0,0.0,Card
FX208061,21/06/2025,Dev Sharma,West,Filter Coffee,4,59.0,0.2,Card
FX202330,10-10-2025,Omkar Deshpande,north,Cold Coffee,5,120.19,0.15,Wallet
FX202139,2025-09-08,Vihaan Rao,North,Masala Dosa,3,126.42,0.0,Cash on Delivery
FX207180,07-13-2025,Rahul Sinha,south,Chocolate Brownie,6,150.49,0.2,UPI
FX204428,2025-05-07,Kabir Shah,north,Green Salad,1,137.61,0.05,UPI
FX200161,08-17-2025,Rohan Pillai,East,Mango Lassi,2,106.82,0.0,Card
FX206630,08-11-2025,Ishita Bose,North,Veg Fried Rice,8,195.02,0.2,Cash on Delivery
FX204703,2025-11-09,Saanvi Reddy,West,Veg Biryani,4,219.0,0.0,Card
FX201531,24/11/2025,Vihaan Rao,north,Farmhouse Pizza,1,395.01,0.1,UPI
FX206515,30/09/2025,Sneha Varma,south,Cold Coffee,-1,120.19,0.1,Card
FX203391,09-14-2025,Sneha Varma,north,Mutton Roll,1,276.21,0.15,Cash on Delivery
FX206045,24/10/2025,Omkar Deshpande,north,Cold Coffee,6,117.81,0.15,Card
FX201977,2025-07-19,Karthik Raman,North,Chicken Biryani,1,291.89,0.0,Cash on Delivery
FX207578,22/06/2025,Rohan Pillai,SOUTH,Green Salad,5,137.61,0.0,Card
FX207597,02-11-2025,Tara Joshi,EAST,Mango Lassi,5,109.0,0.05,Card
FX206086,2025-01-28,Riya Kapoor,west,Cold Coffee,6,117.81,0.0,UPI
FX201949,2025-04-06,Kabir Shah,East,Paneer Butter Masala,2,253.82,0.25,Cash on Delivery
FX205267,2025-02-08,Aarav Mehta,SOUTH,Filter Coffee,1,58.41,0.0,UPI
FX203041,2025-01-06,Manish Tiwari,East,Chocolate Brownie,5,146.02,0.0,Card
FX200761,12/05/2025,Riya Kapoor,West,Spring Roll,2,155.82,0.2,Card
FX206099,11-11-2025,Manish Tiwari,North,Cold Coffee,5,120.19,0.2,Card
FX205920,2025-06-27,Ananya Iyer,west,Gulab Jamun,-8,98.01,0.25,UPI
FX200299,2025-06-24,Yash Patel,East,Masala Dosa,3,127.71,0.15,UPI
FX200712,05-11-2025,Aditya Ghosh,south,Margherita Pizza,2,251.49,0.0,UPI
FX204291,11/05/2025,Ananya Iyer,East,Green Salad,5,140.39,0.05,Cash on Delivery
FX205889,04-21-2025,Rahul Sinha,EAST,Farmhouse Pizza,7,399.0,0.0,Wallet
FX200771,2025-09-15,Dev Sharma,west,Gulab Jamun,5,99.99,0.15,Card
FX204201,04-05-2025,Rohan Pillai,west,Spring Roll,7,157.41,0.05,Cash on Delivery
FX203895,05-29-2025,Nisha Gupta,East,Green Salad,2,141.78,0.15,Wallet
FX208011,08-13-2025,,North,Chocolate Brownie,1,151.98,0.0,Cash on Delivery
FX202596,23/09/2025,Ananya Iyer,north,Mango Lassi,5,111.18,,Cash on Delivery
FX206829,2025-07-06,Kabir Shah,North,Paneer Butter Masala,4,256.41,0.05,Card
FX206144,28/02/2025,Saanvi Reddy,EAST,Gulab Jamun,5,100.98,0.0,UPI
FX200547,2025-08-04,Aarav Mehta,north,Masala Dosa,8,131.58,0.0,Cash on Delivery
FX206536,11-09-2025,Lakshmi Prasad,East,Filter Coffee,6,59.59,0.25,Cash on Delivery
FX208363,22/12/2025,Meera Krishnan,SOUTH,Butter Naan,7,44.1,,Cash on Delivery
FX203575,12/05/2025,Ananya Iyer,SOUTH,Green Salad,2,140.39,0.0,Wallet
FX205737,2025-05-30,Kavya Subramanian,north,Paneer Butter Masala,7,259.0,0.15,Cash on Delivery
FX208658,2025-04-06,Kavya Subramanian,West,Green Salad,7,139.0,0.15,Card
FX202477,2025-10-27,Priya Balaji,EAST,Green Salad,8,136.22,0.0,Card
FX200980,30/10/2025,Rohan Pillai,north,Farmhouse Pizza,7,395.01,0.1,Cash on Delivery
FX200003,2025-07-02,Priya Balaji,north,Filter Coffee,1,58.41,0.0,Wallet
FX204524,12-14-2025,Priya Balaji,west,Idli Sambar,8,90.78,0.0,UPI
FX206283,18/04/2025,Arjun Verma,south,Green Salad,7,141.78,0.05,Card
FX207730,2025-04-28,Dev Sharma,SOUTH,Filter Coffee,7,59.0,0.0,Card
FX205573,2025-03-04,Rahul Sinha,EAST,Veg Fried Rice,8,197.01,0.1,Wallet
FX207994,25/10/2025,Nikhil Menon,SOUTH,Chicken Noodles,8,234.22,0.1,Card
FX203050,12/11/2025,Diya Nair,SOUTH,Butter Naan,7,45.45,0.1,Card
FX201821,15/06/2025,Saanvi Reddy,SOUTH,Fish Curry Meals,2,332.29,0.0,Wallet
FX201281,2025-06-18,Dev Sharma,SOUTH,Chocolate Brownie,2,150.49,0.0,Wallet
FX201491,28/03/2025,Ishita Bose,North,Idli Sambar,-8,88.11,0.15,UPI
FX205237,05-09-2025,Ishita Bose,west,Veg Biryani,5,221.19,0.1,Wallet
FX203891,2025-11-21,Karthik Raman,EAST,Cold Coffee,1,120.19,0.0,Cash on Delivery
FX208184,2025-09-17,Kavya Subramanian,west,Margherita Pizza,5,246.51,0.15,UPI
FX204205,04/03/2025,Aarav Mehta,EAST,Masala Dosa,4,127.71,0.1,UPI
FX202183,10/08/2025,Rahul Sinha,North,Cold Coffee,6,120.19,0.2,UPI
FX206349,04-19-2025,Kabir Shah,west,Veg Fried Rice,3,202.98,0.0,UPI
FX206891,2025-09-07,Sneha Varma,SOUTH,Cold Coffee,6,119.0,0.2,UPI
FX206859,2025-06-15,Rahul Sinha,East,Chicken Noodles,3,239.0,0.25,UPI
FX205445,2025-01-28,Nikhil Menon,north,Mango Lassi,6,110.09,0.25,Card
FX207840,12/08/2025,Priya Balaji,SOUTH,Mutton Roll,8,276.21,0.1,UPI
FX206324,08-17-2025,Sneha Varma,north,Filter Coffee,1,59.59,0.25,Cash on Delivery
FX200439,2025-10-10,Ananya Iyer,West,Margherita Pizza,1,246.51,0.1,Cash on Delivery
FX206836,2025-02-27,Riya Kapoor,SOUTH,Chocolate Brownie,2,149.0,0.25,Cash on Delivery
FX208589,05-12-2025,Yash Patel,SOUTH,Fish Curry Meals,6,322.42,0.2,UPI
FX207317,2025-11-06,Rahul Sinha,SOUTH,Chocolate Brownie,2,149.0,0.0,Wallet
FX201950,2025-07-04,Meera Krishnan,West,Chicken Biryani,2,283.22,0.1,Cash on Delivery
FX208412,04-28-2025,Karthik Raman,south,Chicken Biryani,8,291.89,0.0,Cash on Delivery
FX201245,02/05/2025,Nikhil Menon,EAST,Masala Dosa,8,131.58,0.0,Wallet
FX204007,28/01/2025,Vihaan Rao,SOUTH,Chocolate Brownie,5,149.0,0.25,Wallet
FX201101,12-02-2025,,EAST,Spring Roll,6,160.59,0.2,Wallet
FX203338,25/09/2025,Ishita Bose,SOUTH,Chocolate Brownie,7,150.49,0.0,Cash on Delivery
FX203554,2025-07-13,Karthik Raman,SOUTH,Spring Roll,2,159.0,0.05,Cash on Delivery
FX204094,2025-01-04,Manish Tiwari,west,Cold Coffee,3,116.62,0.0,Card
FX200933,2025-07-25,Nisha Gupta,north,Butter Naan,6,45.0,0.15,UPI
FX204919,20/10/2025,Vihaan Rao,west,Gulab Jamun,2,98.01,0.25,Card
FX207425,2025-07-24,Dev Sharma,North,Margherita Pizza,2,244.02,0.15,Cash on Delivery
FX208839,11-24-2025,,north,Veg Biryani,5,214.62,0.1,UPI
FX201373,25/05/2025,Omkar Deshpande,south,Idli Sambar,5,90.78,0.15,Wallet
FX200835,2025-06-25,Kavya Subramanian,south,Idli Sambar,1,89.0,0.2,Card
FX208277,2025-07-29,Vihaan Rao,North,Mango Lassi,5,109.0,,Wallet
FX206211,23/04/2025,Kabir Shah,West,Chicken Biryani,2,289.0,0.1,Card
FX207038,04-17-2025,Omkar Deshpande,West,Veg Fried Rice,7,202.98,0.1,UPI
FX205652,2025-12-06,Tara Joshi,EAST,Mango Lassi,4,109.0,0.25,UPI
FX204129,01-22-2025,Rahul Sinha,North,Mutton Roll,4,279.0,0.0,Wallet
FX206321,2025-03-20,Arjun Verma,SOUTH,Fish Curry Meals,7,335.58,0.0,Cash on Delivery
FX206623,2025-09-14,Nikhil Menon,north,Idli Sambar,3,87.22,0.05,UPI
FX202479,10/11/2025,,north,Green Salad,1,140.39,0.15,UPI
FX202497,06/01/2025,Yash Patel,north,Farmhouse Pizza,-1,402.99,0.0,Wallet
FX207780,03-31-2025,Dev Sharma,EAST,Fish Curry Meals,-7,332.29,0.0,UPI
FX200132,2025-06-01,Kabir Shah,SOUTH,Chicken Noodles,5,239.0,0.0,Cash on Delivery
FX208036,05-10-2025,Riya Kapoor,East,Filter Coffee,5,59.59,0.25,UPI
FX207509,01-30-2025,Sneha Varma,west,Tandoori Chicken,3,444.51,0.1,Card
FX206247,2025-05-26,Kabir Shah,North,Margherita Pizza,6,244.02,0.1,Card
FX207288,08-07-2025,Yash Patel,south,Mutton Roll,5,279.0,0.0,Card
FX204044,2025-08-19,Vihaan Rao,south,Spring Roll,6,155.82,0.0,UPI
FX208617,2025-10-10,Rahul Sinha,SOUTH,Gulab Jamun,6,99.0,0.0,Cash on Delivery
FX205562,2025-09-17,Riya Kapoor,SOUTH,Mango Lassi,1,111.18,0.15,Cash on Delivery
FX208064,13/06/2025,,North,Spring Roll,7,157.41,0.0,Card
FX207116,09/02/2025,Aarav Mehta,west,Green Salad,7,139.0,0.0,Card
FX206001,07-06-2025,Yash Patel,North,Spring Roll,1,162.18,0.05,UPI
FX207653,2025-03-09,Diya Nair,south,Gulab Jamun,8,99.99,0.0,Cash on Delivery
FX203154,2025-07-12,Karthik Raman,SOUTH,Chocolate Brownie,7,149.0,0.15,UPI
FX203534,02-12-2025,Rahul Sinha,SOUTH,Veg Fried Rice,8,202.98,0.2,Wallet
FX204492,2025-05-11,Diya Nair,East,Spring Roll,5,155.82,0.0,UPI
FX203262,12/01/2025,Lakshmi Prasad,East,Mutton Roll,6,279.0,0.0,UPI
FX207979,2025-04-15,Dev Sharma,south,Chicken Biryani,8,286.11,,UPI
FX202329,2025-10-06,Riya Kapoor,west,Fish Curry Meals,1,335.58,0.05,Wallet
FX206493,12/02/2025,Omkar Deshpande,East,Veg Fried Rice,5,200.99,0.15,Wallet
FX200592,2025-09-05,Diya Nair,East,Farmhouse Pizza,8,395.01,0.25,Wallet
FX203682,2025-12-28,Vihaan Rao,west,Margherita Pizza,1,249.0,0.25,Card
FX201107,2025-12-18,Diya Nair,SOUTH,Spring Roll,4,159.0,0.15,UPI
FX205114,21/06/2025,Riya Kapoor,north,Cold Coffee,8,116.62,0.1,Card
FX200345,26/08/2025,Karthik Raman,West,Chicken Biryani,8,286.11,0.2,Wallet
FX201475,02-20-2025,Meera Krishnan,south,Chicken Biryani,5,286.11,0.1,UPI
FX200838,03/09/2025,Tara Joshi,East,Butter Naan,7,45.0,0.0,Card
FX208274,06-11-2025,Sneha Varma,SOUTH,Idli Sambar,5,89.0,0.15,Cash on Delivery
FX200858,2025-12-18,Lakshmi Prasad,north,Veg Fried Rice,7,195.02,0.15,Wallet
FX202858,2025-10-18,Ananya Iyer,south,Paneer Butter Masala,2,261.59,0.2,UPI
FX202773,14/12/2025,Kabir Shah,north,Margherita Pizza,6,246.51,0.1,UPI
FX205136,2025-10-04,Aditya Ghosh,North,Gulab Jamun,2,100.98,,Card
FX205449,28/01/2025,Meera Krishnan,East,Filter Coffee,2,60.18,0.05,Card
FX204879,2025-05-01,Ananya Iyer,West,Filter Coffee,6,57.82,0.0,UPI
FX204576,13/10/2025,Vihaan Rao,North,Chocolate Brownie,8,149.0,0.0,Wallet
FX203243,22/12/2025,Meera Krishnan,EAST,Idli Sambar,7,87.22,0.0,Card
FX202376,09/05/2025,Lakshmi Prasad,EAST,Mutton Roll,8,273.42,0.0,Card
FX201200,2025-04-26,Ishita Bose,north,Spring Roll,2,160.59,0.2,UPI
FX206611,07/07/2025,Aarav Mehta,SOUTH,Butter Naan,5,45.45,0.0,UPI
FX208622,2025-09-05,Aarav Mehta,West,Butter Naan,4,45.0,0.0,Wallet
FX204040,19/01/2025,Saanvi Reddy,south,Veg Biryani,1,214.62,0.0,UPI
FX203963,11/05/2025,Rahul Sinha,SOUTH,Idli Sambar,4,89.0,0.25,UPI
FX208115,2025-05-12,Riya Kapoor,west,Butter Naan,6,45.45,0.2,UPI
FX202724,04-02-2025,Omkar Deshpande,SOUTH,Green Salad,7,137.61,0.0,Card
FX203209,08-06-2025,Rohan Pillai,West,Spring Roll,7,159.0,0.0,Card
FX205828,17/12/2025,Arjun Verma,south,Tandoori Chicken,1,440.02,0.0,Wallet
FX205525,01-11-2025,Aarav Mehta,north,Mango Lassi,2,111.18,0.15,Wallet
FX204691,2025-03-20,Meera Krishnan,EAST,Chicken Biryani,7,294.78,0.25,Wallet
FX202502,2025-12-22,Ananya Iyer,West,Chicken Noodles,6,241.39,0.05,UPI
FX207069,06-15-2025,Kabir Shah,north,Mango Lassi,6,109.0,0.05,Wallet
FX208171,2025-08-13,Tara Joshi,south,Green Salad,2,137.61,0.2,Wallet
FX200609,2025-05-25,Ananya Iyer,SOUTH,Mango Lassi,1,110.09,0.15,Wallet
FX205712,2025-09-29,Manish Tiwari,North,Masala Dosa,5,130.29,0.0,UPI
FX206475,03/04/2025,Tara Joshi,south,Fish Curry Meals,5,325.71,0.1,Card
FX203466,2025-11-18,Kavya Subramanian,south,Chicken Noodles,6,243.78,0.15,Wallet
FX207454,11-08-2025,Lakshmi Prasad,SOUTH,Veg Fried Rice,6,195.02,0.2,Card
FX200298,06/07/2025,Saanvi Reddy,north,Spring Roll,4,155.82,,Cash on Delivery
FX201024,2025-05-11,Ishita Bose,North,Veg Fried Rice,5,202.98,0.1,Card
FX204845,2025-09-29,Ananya Iyer,SOUTH,Mutton Roll,4,279.0,0.2,Wallet
FX207686,2025-12-26,Aarav Mehta,EAST,Butter Naan,1,45.9,0.0,Card
FX205482,2025-04-01,Nisha Gupta,East,Butter Naan,4,44.55,0.0,Card
FX201118,2025-03-08,Dev Sharma,North,Butter Naan,-1,45.45,0.25,Wallet
FX205081,01/11/2025,Karthik Raman,West,Paneer Butter Masala,5,264.18,0.0,Cash on Delivery
FX206529,16/01/2025,Diya Nair,west,Spring Roll,1,155.82,0.15,Card
FX201050,13/08/2025,Ishita Bose,west,Chicken Noodles,5,234.22,0.15,Card
FX207839,2025-09-23,Dev Sharma,North,Filter Coffee,8,58.41,0.15,Card
FX206090,2025-11-06,Sneha Varma,north,Cold Coffee,3,119.0,0.0,Wallet
FX200552,2025-09-26,Sneha Varma,EAST,Mutton Roll,3,273.42,0.0,UPI
FX208610,07-07-2025,Arjun Verma,south,Chicken Noodles,5,239.0,0.0,Cash on Delivery
FX207622,04/07/2025,Kavya Subramanian,East,Filter Coffee,1,59.59,0.0,UPI
FX206953,2025-03-15,Kavya Subramanian,west,Spring Roll,7,160.59,0.05,Cash on Delivery
FX205080,2025-11-24,Tara Joshi,west,Chicken Noodles,6,234.22,0.25,UPI
FX203228,04/08/2025,Riya Kapoor,North,Filter Coffee,6,60.18,0.1,Wallet
FX202537,2025-03-01,Karthik Raman,north,Green Salad,1,140.39,0.0,Card
FX203002,24/10/2025,Arjun Verma,West,Chicken Noodles,1,243.78,0.2,Card
FX207968,26/02/2025,Dev Sharma,west,Cold Coffee,2,120.19,0.0,Cash on Delivery
FX203590,03/07/2025,Aditya Ghosh,SOUTH,Green Salad,5,136.22,0.0,Cash on Delivery
FX206893,2025-03-02,Kavya Subramanian,south,Butter Naan,1,45.0,0.0,Cash on Delivery
FX201227,2025-08-27,Rohan Pillai,SOUTH,Fish Curry Meals,7,335.58,0.1,Card
FX201460,03/10/2025,Rohan Pillai,East,Gulab Jamun,5,97.02,0.0,Wallet
FX202207,25/10/2025,Rohan Pillai,SOUTH,Mutton Roll,3,279.0,0.1,Card
FX205924,2025-04-21,Karthik Raman,south,Margherita Pizza,3,251.49,0.0,Wallet
FX200648,2025-02-03,Ananya Iyer,North,Veg Biryani,7,223.38,0.25,Card
FX201310,04-10-2025,Karthik Raman,north,Tandoori Chicken,6,449.0,0.2,Card
FX206138,2025-05-25,Kavya Subramanian,West,Fish Curry Meals,1,329.0,0.05,Cash on Delivery
FX204731,10-27-2025,Meera Krishnan,south,Mango Lassi,5,107.91,0.1,Wallet
FX204034,30/10/2025,Kavya Subramanian,south,Veg Biryani,4,221.19,0.05,Wallet
FX200464,2025-02-26,Rohan Pillai,west,Cold Coffee,8,120.19,0.15,Wallet
FX205935,2025-11-25,Kabir Shah,North,Paneer Butter Masala,5,256.41,,Card
FX203517,2025-04-23,Rohan Pillai,West,Veg Fried Rice,4,195.02,0.0,Wallet
FX200063,2025-03-22,Saanvi Reddy,West,Veg Fried Rice,2,199.0,0.15,Wallet
FX206457,2025-07-05,Diya Nair,north,Chicken Biryani,8,291.89,0.0,UPI
FX208726,2025-11-24,Dev Sharma,north,Margherita Pizza,7,249.0,0.2,UPI
FX208094,04-29-2025,Diya Nair,East,Mutton Roll,3,284.58,0.0,Wallet
FX202471,2025-08-21,Arjun Verma,north,Idli Sambar,6,87.22,0.0,UPI
FX202505,2025-06-03,Tara Joshi,EAST,Cold Coffee,2,117.81,0.05,UPI
FX207951,2025-02-19,Yash Patel,north,Butter Naan,1,44.55,0.0,Card
FX207257,2025-07-19,Arjun Verma,EAST,Paneer Butter Masala,6,264.18,0.1,Cash on Delivery
FX207623,12-11-2025,Riya Kapoor,North,Idli Sambar,7,90.78,0.25,Wallet
FX203946,10-11-2025,Aditya Ghosh,SOUTH,Tandoori Chicken,3,449.0,0.2,Card
FX203586,08/05/2025,,SOUTH,Paneer Butter Masala,1,253.82,0.25,Card
FX204475,10-17-2025,Omkar Deshpande,West,Chicken Noodles,4,243.78,0.0,Cash on Delivery
FX206576,2025-12-05,Riya Kapoor,West,Cold Coffee,4,116.62,0.05,Card
FX202046,01-16-2025,Nisha Gupta,North,Idli Sambar,5,89.0,0.25,Cash on Delivery
FX205397,04-27-2025,Sneha Varma,south,Mango Lassi,1,106.82,0.2,Cash on Delivery
FX201571,10-09-2025,Diya Nair,west,Masala Dosa,5,130.29,0.0,Wallet
FX208405,2025-03-29,Nisha Gupta,East,Chicken Noodles,1,239.0,0.25,Card
FX203447,2025-11-02,Aarav Mehta,west,Chicken Biryani,8,294.78,0.15,Cash on Delivery
FX208953,04-01-2025,,West,Chicken Biryani,1,291.89,0.25,UPI
FX207963,05/06/2025,Manish Tiwari,North,Veg Fried Rice,5,195.02,0.1,UPI
FX201892,17/12/2025,Dev Sharma,south,Paneer Butter Masala,3,256.41,0.0,Cash on Delivery
FX207762,12/05/2025,Vihaan Rao,West,Butter Naan,4,44.1,0.05,Cash on Delivery
FX203514,2025-06-23,Sneha Varma,south,Filter Coffee,4,60.18,0.0,UPI
FX204463,12/04/2025,Diya Nair,West,Veg Fried Rice,4,195.02,0.05,Cash on Delivery
FX201108,12-21-2025,Aarav Mehta,north,Farmhouse Pizza,1,402.99,0.05,Card
FX200324,25/01/2025,Rahul Sinha,south,Mutton Roll,7,276.21,0.0,Cash on Delivery
FX200363,2025-12-18,Karthik Raman,East,Gulab Jamun,8,100.98,0.2,Cash on Delivery
FX201840,2025-03-11,Arjun Verma,south,Spring Roll,8,162.18,0.0,Cash on Delivery
FX206192,08/09/2025,Manish Tiwari,EAST,Chicken Biryani,8,291.89,0.05,Cash on Delivery
FX205662,03-08-2025,Karthik Raman,West,Fish Curry Meals,4,335.58,0.0,UPI
FX200523,10/03/2025,Vihaan Rao,south,Margherita Pizza,7,244.02,0.0,UPI
FX205468,2025-11-06,Dev Sharma,West,Green Salad,2,140.39,0.1,Cash on Delivery
FX208047,01-23-2025,Ishita Bose,west,Chicken Noodles,6,239.0,0.05,Wallet
FX208350,2025-05-07,Karthik Raman,south,Chocolate Brownie,6,149.0,0.0,Wallet
FX205373,12/04/2025,Karthik Raman,SOUTH,Butter Naan,4,44.1,0.15,Card
FX204253,2025-12-16,Vihaan Rao,EAST,Green Salad,4,141.78,0.25,Cash on Delivery
FX203839,2025-10-01,Aarav Mehta,North,Chicken Biryani,4,283.22,0.15,Card
FX208457,17/04/2025,Arjun Verma,SOUTH,Margherita Pizza,3,246.51,0.0,Wallet
FX202843,11/05/2025,Riya Kapoor,west,Filter Coffee,6,59.59,0.2,Card
FX200940,10/08/2025,Vihaan Rao,East,Green Salad,4,141.78,0.25,Cash on Delivery
FX202607,12-05-2025,Kabir Shah,south,Green Salad,8,136.22,0.0,Card
FX203684,05/10/2025,Karthik Raman,south,Filter Coffee,7,59.0,0.25,Cash on Delivery
FX203790,05/07/2025,Rahul Sinha,EAST,Paneer Butter Masala,4,259.0,0.0,UPI
FX200149,30/08/2025,Nikhil Menon,East,Veg Biryani,2,221.19,0.0,Cash on Delivery
FX203797,2025-10-29,Yash Patel,EAST,Chocolate Brownie,6,149.0,0.0,UPI
FX208693,2025-05-15,Vihaan Rao,north,Idli Sambar,4,90.78,0.1,Wallet
FX204874,01-21-2025,Aditya Ghosh,East,Farmhouse Pizza,7,402.99,0.0,Card
FX208814,2025-07-13,Riya Kapoor,East,Gulab Jamun,6,99.99,0.25,Wallet
FX204106,10-25-2025,Aarav Mehta,west,Spring Roll,6,157.41,0.1,UPI
FX207645,09/08/2025,Riya Kapoor,north,Green Salad,1,140.39,0.2,Card
FX205659,03-19-2025,Meera Krishnan,west,Chicken Noodles,4,239.0,0.0,Cash on Delivery
FX201277,2025-06-09,Rohan Pillai,north,Filter Coffee,3,59.59,0.0,Wallet
FX203145,26/08/2025,Kavya Subramanian,East,Mango Lassi,8,106.82,0.0,UPI
FX202059,11-11-2025,Manish Tiwari,East,Tandoori Chicken,8,453.49,0.1,Card
FX203804,17/02/2025,Sneha Varma,North,Chocolate Brownie,6,146.02,0.0,Cash on Delivery
FX200986,10-15-2025,Saanvi Reddy,north,Spring Roll,4,162.18,0.2,Card
FX200024,03-30-2025,Ishita Bose,south,Paneer Butter Masala,5,264.18,0.0,Cash on Delivery
FX206781,01-30-2025,Lakshmi Prasad,south,Filter Coffee,5,57.82,0.0,Card
FX204772,05-16-2025,Diya Nair,west,Chicken Noodles,8,241.39,0.2,Card
FX202638,11-03-2025,Dev Sharma,North,Chicken Biryani,8,283.22,0.05,Wallet
FX202159,2025-12-16,Vihaan Rao,south,Veg Biryani,3,216.81,0.0,UPI
FX204983,20/07/2025,Tara Joshi,West,Veg Fried Rice,8,197.01,0.05,Wallet
FX200345,26/08/2025,Karthik Raman,West,Chicken Biryani,8,286.11,0.2,Wallet
FX207656,14/09/2025,Meera Krishnan,North,Chicken Biryani,3,289.0,0.15,UPI
FX204269,06-30-2025,Tara Joshi,East,Mutton Roll,4,276.21,0.1,Cash on Delivery
FX203460,2025-02-03,Yash Patel,SOUTH,Green Salad,3,141.78,,Wallet
FX205500,18/05/2025,Omkar Deshpande,West,Filter Coffee,8,58.41,0.25,UPI
FX201268,2025-11-16,Aditya Ghosh,East,Mutton Roll,2,281.79,0.0,Card
FX206846,2025-11-23,Rohan Pillai,south,Butter Naan,6,45.0,0.2,Card
FX208728,03/05/2025,Meera Krishnan,SOUTH,Spring Roll,4,159.0,0.1,UPI
FX202290,03/10/2025,Riya Kapoor,West,Farmhouse Pizza,3,406.98,0.0,Card
FX201928,2025-02-14,Nisha Gupta,North,Veg Fried Rice,7,195.02,0.25,Card
FX200411,03/10/2025,Ananya Iyer,west,Fish Curry Meals,3,332.29,,Cash on Delivery
FX200889,10-13-2025,Yash Patel,south,Chicken Noodles,7,243.78,0.15,Card
FX202099,2025-06-06,Karthik Raman,East,Fish Curry Meals,8,335.58,0.0,Cash on Delivery
FX202102,2025-04-11,Arjun Verma,East,Cold Coffee,5,120.19,0.05,Wallet
FX204016,2025-02-10,Meera Krishnan,north,Veg Fried Rice,1,200.99,0.25,Card
FX205807,26/07/2025,Riya Kapoor,East,Paneer Butter Masala,5,261.59,0.15,Card
FX207880,2025-05-29,Lakshmi Prasad,west,Cold Coffee,1,119.0,0.15,Cash on Delivery
FX205072,16/06/2025,Riya Kapoor,North,Filter Coffee,4,57.82,0.0,Card
FX207386,11-24-2025,Priya Balaji,west,Chicken Biryani,5,294.78,0.0,UPI
FX204779,20/09/2025,Diya Nair,SOUTH,Fish Curry Meals,1,322.42,0.0,Card
FX208933,2025-10-12,Meera Krishnan,SOUTH,Chicken Biryani,2,283.22,0.2,Cash on Delivery
FX202276,2025-07-19,Riya Kapoor,North,Chocolate Brownie,2,147.51,0.1,UPI
FX206992,06-08-2025,Nisha Gupta,East,Chocolate Brownie,7,147.51,0.2,UPI
FX205962,22/10/2025,Ananya Iyer,north,Masala Dosa,8,131.58,0.05,Cash on Delivery
FX207055,2025-04-29,Rohan Pillai,North,Veg Fried Rice,2,202.98,0.1,UPI
FX205402,2025-08-28,Sneha Varma,west,Chicken Noodles,4,236.61,0.15,Card
FX202172,05-01-2025,Nisha Gupta,East,Fish Curry Meals,5,325.71,0.0,Wallet
FX207894,2025-01-29,Priya Balaji,West,Filter Coffee,7,60.18,0.1,Wallet
FX205897,2025-11-04,Riya Kapoor,West,Veg Fried Rice,3,200.99,0.0,UPI
FX206554,2025-07-01,Vihaan Rao,North,Cold Coffee,2,117.81,,UPI
FX207790,05/06/2025,Ananya Iyer,EAST,Chocolate Brownie,5,147.51,0.05,Card
FX207364,25/08/2025,Omkar Deshpande,west,Chicken Noodles,1,236.61,0.0,UPI
FX201033,02-20-2025,Karthik Raman,EAST,Farmhouse Pizza,-2,402.99,0.25,Wallet
FX208038,03-29-2025,Meera Krishnan,North,Butter Naan,6,45.9,0.25,UPI
FX203254,2025-06-26,Tara Joshi,West,Filter Coffee,7,57.82,0.05,Card
FX208111,28/01/2025,Ishita Bose,West,Margherita Pizza,2,249.0,0.25,UPI
FX202916,12-13-2025,Saanvi Reddy,West,Chocolate Brownie,7,147.51,0.0,UPI
FX205698,26/04/2025,Nikhil Menon,north,Veg Fried Rice,8,195.02,0.1,Wallet
FX201113,28/08/2025,Diya Nair,south,Mango Lassi,7,107.91,0.05,Cash on Delivery
FX206591,10-09-2025,Vihaan Rao,East,Veg Biryani,4,214.62,0.2,UPI
FX202054,2025-02-05,Kabir Shah,south,Fish Curry Meals,5,335.58,0.05,UPI
FX204540,2025-10-27,Rohan Pillai,SOUTH,Butter Naan,4,45.45,0.2,Wallet
FX204891,27/11/2025,Omkar Deshpande,SOUTH,Mutton Roll,8,284.58,0.0,UPI
FX207436,06-20-2025,Kabir Shah,north,Fish Curry Meals,7,325.71,0.15,Wallet
FX200706,26/07/2025,Kabir Shah,west,Mango Lassi,5,109.0,0.0,Card
FX205498,12-08-2025,Riya Kapoor,West,Veg Biryani,8,223.38,0.1,UPI
FX207337,2025-10-15,Arjun Verma,North,Idli Sambar,7,88.11,,Wallet
FX204189,2025-04-27,Kavya Subramanian,north,Butter Naan,3,44.1,0.2,Card
FX202582,18/05/2025,Arjun Verma,south,Chicken Noodles,1,234.22,0.1,Card
FX203256,14/12/2025,Aarav Mehta,south,Fish Curry Meals,5,329.0,0.1,Wallet
FX206857,2025-12-25,,North,Mango Lassi,1,110.09,0.0,Card
FX203763,2025-07-18,Omkar Deshpande,East,Masala Dosa,7,130.29,0.05,Cash on Delivery
FX201138,04/11/2025,Lakshmi Prasad,south,Fish Curry Meals,3,335.58,0.1,Card
FX204647,02-05-2025,Saanvi Reddy,West,Idli Sambar,2,89.89,0.0,UPI
FX207027,23/06/2025,Lakshmi Prasad,West,Veg Fried Rice,1,199.0,0.15,UPI
FX202230,2025-03-08,Riya Kapoor,SOUTH,Mutton Roll,2,281.79,0.25,UPI
FX205400,09-29-2025,Omkar Deshpande,West,Paneer Butter Masala,5,264.18,0.25,Wallet
FX207855,2025-11-07,Yash Patel,East,Butter Naan,1,45.0,0.0,UPI
FX200557,2025-09-16,Saanvi Reddy,SOUTH,Fish Curry Meals,4,332.29,0.05,Cash on Delivery
FX207604,09-09-2025,Meera Krishnan,south,Spring Roll,7,155.82,0.0,UPI
FX203723,08-30-2025,Diya Nair,south,Green Salad,4,137.61,0.25,Card
FX206835,2025-09-06,Manish Tiwari,EAST,Chicken Noodles,6,243.78,0.1,Wallet
FX206975,2025-11-01,,East,Cold Coffee,1,116.62,0.0,Wallet
FX207546,2025-02-18,Sneha Varma,EAST,Margherita Pizza,2,249.0,0.0,UPI
FX208983,2025-07-07,Nisha Gupta,west,Masala Dosa,6,129.0,0.05,Wallet
FX201040,24/09/2025,Lakshmi Prasad,North,Butter Naan,8,45.9,0.2,Cash on Delivery
FX205102,2025-02-14,Sneha Varma,EAST,Butter Naan,4,45.0,0.0,Wallet
FX200938,2025-12-14,Priya Balaji,west,Cold Coffee,6,119.0,0.05,UPI
FX206287,09-14-2025,Manish Tiwari,SOUTH,Tandoori Chicken,4,449.0,0.0,UPI
FX202679,05-07-2025,Yash Patel,west,Chocolate Brownie,7,150.49,0.1,Wallet
FX204221,2025-10-27,Lakshmi Prasad,north,Tandoori Chicken,2,453.49,0.1,Wallet
FX208747,13/09/2025,Aditya Ghosh,West,Cold Coffee,1,121.38,0.0,Cash on Delivery
FX207097,2025-04-01,Manish Tiwari,West,Tandoori Chicken,4,440.02,0.25,Cash on Delivery
FX207673,05/06/2025,Yash Patel,West,Chocolate Brownie,7,149.0,0.25,UPI
FX201680,2025-05-26,Riya Kapoor,west,Farmhouse Pizza,-7,399.0,0.25,UPI
FX205381,23/09/2025,Aditya Ghosh,North,Butter Naan,3,45.9,0.15,Wallet
FX207244,2025-12-29,Sneha Varma,North,Green Salad,1,141.78,0.1,Wallet
FX206453,2025-04-27,Ishita Bose,north,Fish Curry Meals,8,325.71,0.05,Cash on Delivery
FX203543,2025-09-02,Karthik Raman,north,Tandoori Chicken,6,449.0,0.25,Wallet
FX207459,2025-09-14,Ishita Bose,East,Farmhouse Pizza,8,406.98,,Card
FX203359,2025-06-20,Yash Patel,EAST,Filter Coffee,6,57.82,0.25,Wallet
FX206207,12-21-2025,Rohan Pillai,SOUTH,Cold Coffee,5,121.38,0.0,UPI
FX207927,04-24-2025,Tara Joshi,East,Gulab Jamun,8,100.98,0.1,Wallet
FX204401,02-16-2025,Lakshmi Prasad,SOUTH,Margherita Pizza,1,246.51,0.0,Wallet
FX206976,2025-06-04,Nisha Gupta,EAST,Farmhouse Pizza,7,395.01,0.2,Card
FX208606,12-24-2025,,north,Margherita Pizza,8,246.51,0.0,Card
FX204985,01-17-2025,Nikhil Menon,EAST,Veg Biryani,8,214.62,0.2,Card
FX205685,07-13-2025,Priya Balaji,West,Cold Coffee,8,116.62,0.15,Cash on Delivery
FX205653,2025-06-29,Rahul Sinha,West,Masala Dosa,1,130.29,0.0,Cash on Delivery
FX202397,2025-10-20,Manish Tiwari,East,Chicken Biryani,3,294.78,0.0,Wallet
FX203955,2025-12-28,Ishita Bose,north,Veg Fried Rice,3,199.0,0.2,Wallet
FX207216,03/01/2025,Kabir Shah,west,Veg Biryani,8,223.38,0.1,Wallet
FX200184,08-14-2025,Omkar Deshpande,south,Veg Fried Rice,6,199.0,0.0,Card
FX204725,2025-04-12,,North,Butter Naan,5,45.9,0.0,Cash on Delivery
FX203623,10-18-2025,Aarav Mehta,south,Veg Biryani,3,219.0,0.05,UPI
FX207006,10/01/2025,Tara Joshi,EAST,Chocolate Brownie,3,149.0,0.1,Cash on Delivery
FX200664,27/12/2025,Kavya Subramanian,south,Green Salad,-8,139.0,0.1,Wallet
FX206064,2025-07-19,Aarav Mehta,SOUTH,Farmhouse Pizza,1,395.01,0.0,Card
FX207581,2025-07-18,Nikhil Menon,EAST,Veg Biryani,8,219.0,0.1,Wallet
FX200388,06/08/2025,Ananya Iyer,East,Cold Coffee,2,117.81,0.15,UPI
FX200038,18/05/2025,Rohan Pillai,West,Filter Coffee,5,59.59,0.05,Wallet
FX202272,2025-08-18,Karthik Raman,North,Filter Coffee,1,59.0,0.2,Wallet
FX202684,2025-09-07,Arjun Verma,south,Veg Biryani,2,216.81,0.25,Wallet
FX203530,03-31-2025,Kabir Shah,EAST,Filter Coffee,1,59.59,0.0,UPI
FX205770,05/11/2025,Riya Kapoor,West,Fish Curry Meals,4,332.29,0.15,Wallet
FX208848,08-29-2025,Vihaan Rao,west,Cold Coffee,4,116.62,,Cash on Delivery
FX206369,2025-10-26,,north,Filter Coffee,1,57.82,0.05,Wallet
FX204126,09-20-2025,Manish Tiwari,SOUTH,Margherita Pizza,7,244.02,0.0,Card
FX208562,23/06/2025,Nikhil Menon,SOUTH,Veg Biryani,3,221.19,0.05,UPI
FX203914,07-05-2025,Nikhil Menon,West,Mango Lassi,1,111.18,0.0,Card
FX202533,05-18-2025,Riya Kapoor,west,Mango Lassi,2,109.0,0.15,Wallet
FX206354,28/09/2025,Ananya Iyer,East,Butter Naan,4,45.9,0.0,Card
FX200095,12-01-2025,Dev Sharma,SOUTH,Paneer Butter Masala,5,259.0,0.05,Cash on Delivery
FX202559,12-18-2025,Arjun Verma,EAST,Spring Roll,1,155.82,0.15,Card
FX208625,07-05-2025,Vihaan Rao,North,Filter Coffee,7,60.18,0.25,Cash on Delivery
FX208387,18/11/2025,Rahul Sinha,south,Farmhouse Pizza,1,402.99,0.0,Cash on Delivery
FX208601,11/02/2025,Manish Tiwari,south,Farmhouse Pizza,1,395.01,0.25,UPI
FX201867,2025-07-02,Nikhil Menon,West,Chocolate Brownie,2,147.51,0.25,Wallet
FX203957,08/09/2025,Tara Joshi,West,Margherita Pizza,3,244.02,0.2,Cash on Delivery
FX205836,05/08/2025,Sneha Varma,West,Fish Curry Meals,8,329.0,0.1,Card
FX206136,2025-10-30,Kavya Subramanian,East,Chicken Noodles,6,236.61,0.05,Cash on Delivery
FX201968,2025-04-09,Sneha Varma,south,Masala Dosa,4,131.58,0.1,Wallet
FX208649,11-25-2025,Lakshmi Prasad,south,Butter Naan,3,44.1,0.0,UPI
FX208484,2025-12-17,Karthik Raman,south,Chicken Noodles,5,239.0,0.1,Card
FX200633,05/09/2025,Yash Patel,north,Tandoori Chicken,8,457.98,0.0,UPI
FX202731,11-01-2025,Vihaan Rao,West,Mango Lassi,8,109.0,0.0,Card
FX208787,2025-08-11,Tara Joshi,south,Gulab Jamun,1,100.98,0.1,Cash on Delivery
FX200029,2025-03-25,Manish Tiwari,North,Spring Roll,3,159.0,0.25,UPI
FX204596,2025-06-29,Aditya Ghosh,West,Chicken Biryani,1,289.0,0.25,Card
FX205070,28/03/2025,Omkar Deshpande,west,Chicken Biryani,6,294.78,0.05,Card
FX201221,12-01-2025,Nikhil Menon,North,Chicken Noodles,1,243.78,0.0,UPI
FX202436,02/01/2025,Kavya Subramanian,west,Mango Lassi,2,110.09,0.1,UPI
FX201569,18/12/2025,Aarav Mehta,SOUTH,Gulab Jamun,5,99.0,0.0,Card
FX200465,2025-03-02,Nisha Gupta,North,Masala Dosa,5,129.0,0.2,Wallet
FX206434,05-01-2025,Nisha Gupta,SOUTH,Filter Coffee,6,59.0,0.0,Wallet
FX200618,13/03/2025,Meera Krishnan,West,Idli Sambar,4,90.78,0.2,Card
FX205584,05/07/2025,Kabir Shah,EAST,Veg Biryani,3,223.38,0.0,UPI
FX201166,2025-03-25,Arjun Verma,North,Veg Biryani,8,221.19,0.05,UPI
FX204818,2025-03-05,Yash Patel,East,Spring Roll,1,160.59,0.15,Wallet
FX208123,09-20-2025,,north,Cold Coffee,3,119.0,0.15,Cash on Delivery
FX206670,12-26-2025,Sneha Varma,SOUTH,Margherita Pizza,7,253.98,0.1,UPI
FX207565,2025-01-01,Riya Kapoor,EAST,Veg Fried Rice,3,199.0,0.0,Wallet
FX207823,10/04/2025,Lakshmi Prasad,SOUTH,Masala Dosa,3,129.0,0.2,Card
FX207821,05/10/2025,Aditya Ghosh,west,Chocolate Brownie,6,149.0,0.05,Cash on Delivery
FX201835,2025-08-21,Kabir Shah,West,Margherita Pizza,4,253.98,0.1,Wallet
FX202897,05/02/2025,Dev Sharma,East,Butter Naan,3,44.55,0.0,Wallet
FX203877,22/10/2025,Aarav Mehta,East,Spring Roll,8,162.18,0.1,Cash on Delivery
FX203057,10-21-2025,Nisha Gupta,north,Veg Fried Rice,8,199.0,0.1,Wallet
FX207370,04-13-2025,Tara Joshi,north,Veg Fried Rice,4,202.98,0.15,Wallet
FX208345,07-16-2025,Manish Tiwari,SOUTH,Spring Roll,1,159.0,0.0,Wallet
FX200352,2025-03-14,Manish Tiwari,North,Masala Dosa,5,127.71,0.0,Card
FX204636,2025-03-18,Manish Tiwari,West,Chicken Noodles,7,239.0,0.0,Wallet
FX202876,2025-01-18,Ishita Bose,SOUTH,Mango Lassi,5,109.0,0.0,Wallet
FX208892,02/08/2025,Ananya Iyer,West,Veg Fried Rice,4,199.0,0.15,Cash on Delivery
FX206995,26/06/2025,Dev Sharma,EAST,Butter Naan,6,45.0,0.0,Card
FX203969,07-16-2025,Diya Nair,East,Gulab Jamun,7,100.98,0.05,Cash on Delivery
FX205678,06-20-2025,Saanvi Reddy,south,Filter Coffee,8,59.0,0.0,Wallet
FX203185,09-16-2025,,EAST,Tandoori Chicken,8,453.49,0.15,Card
FX201495,2025-07-19,Saanvi Reddy,south,Fish Curry Meals,1,335.58,0.05,Card
FX201809,2025-02-16,Priya Balaji,south,Paneer Butter Masala,7,264.18,0.25,Wallet
FX207639,07-13-2025,Diya Nair,north,Gulab Jamun,4,97.02,0.0,Cash on Delivery
FX200849,10/06/2025,Lakshmi Prasad,EAST,Cold Coffee,6,120.19,0.25,Cash on Delivery
FX208197,02-23-2025,Rohan Pillai,west,Idli Sambar,3,90.78,0.0,Card
FX208792,20/07/2025,Priya Balaji,North,Spring Roll,5,155.82,0.05,Cash on Delivery
FX205594,2025-05-11,Dev Sharma,north,Spring Roll,1,160.59,0.25,Cash on Delivery
FX201308,2025-05-13,Dev Sharma,west,Filter Coffee,3,59.59,0.2,Card
FX207873,19/09/2025,Saanvi Reddy,West,Mutton Roll,2,279.0,0.1,Card
FX205248,2025-06-09,Ananya Iyer,north,Farmhouse Pizza,3,391.02,,UPI
FX204621,2025-11-21,Aditya Ghosh,West,Paneer Butter Masala,3,264.18,0.0,Card
FX203970,10/10/2025,Ananya Iyer,west,Veg Biryani,1,219.0,0.1,UPI
FX208552,2025-08-15,Aditya Ghosh,south,Filter Coffee,2,59.0,0.0,Wallet
FX203387,03-19-2025,,East,Fish Curry Meals,3,335.58,0.0,Wallet
FX203734,12-28-2025,Aarav Mehta,west,Masala Dosa,3,130.29,0.0,UPI
FX207229,2025-05-08,Rohan Pillai,North,Spring Roll,7,160.59,0.0,Cash on Delivery
FX201329,08-06-2025,Kabir Shah,west,Spring Roll,4,159.0,0.0,UPI
FX204367,09/05/2025,Vihaan Rao,West,Masala Dosa,5,127.71,0.0,UPI
FX203319,2025-06-14,Nikhil Menon,south,Filter Coffee,8,59.59,0.1,Wallet
FX205523,2025-03-31,Diya Nair,East,Chocolate Brownie,6,150.49,0.25,Wallet
FX200875,12-30-2025,Priya Balaji,SOUTH,Chicken Biryani,2,294.78,0.0,Wallet
FX202206,2025-10-28,Rahul Sinha,north,Cold Coffee,2,119.0,0.25,UPI
FX208366,2025-10-29,Nikhil Menon,south,Paneer Butter Masala,1,253.82,,Cash on Delivery
FX207162,03-20-2025,Aarav Mehta,north,Gulab Jamun,6,98.01,0.25,Card
FX206816,05-11-2025,Dev Sharma,West,Spring Roll,7,159.0,,Card
FX203966,2025-05-25,Sneha Varma,south,Green Salad,4,141.78,0.0,Card
FX205956,27/09/2025,Rohan Pillai,north,Butter Naan,5,45.0,0.25,Card
FX204024,2025-09-25,Priya Balaji,south,Tandoori Chicken,6,444.51,0.25,UPI
FX204556,10/01/2025,Yash Patel,north,Chicken Biryani,2,294.78,0.0,UPI
FX201457,10-18-2025,Yash Patel,west,Veg Fried Rice,2,199.0,0.0,Card
FX207469,14/04/2025,Ishita Bose,south,Chicken Noodles,8,241.39,0.0,UPI
FX204512,06/07/2025,Dev Sharma,west,Paneer Butter Masala,6,259.0,0.0,Wallet
FX207702,2025-12-20,Nikhil Menon,East,Mutton Roll,1,273.42,0.2,Wallet
FX205669,30/06/2025,,west,Fish Curry Meals,3,329.0,0.1,Card
FX202609,02/11/2025,Omkar Deshpande,EAST,Fish Curry Meals,3,329.0,0.05,UPI
FX205262,02/12/2025,Meera Krishnan,south,Idli Sambar,8,89.89,0.0,UPI
FX205038,28/12/2025,Tara Joshi,north,Mango Lassi,-5,106.82,0.0,Card
FX205909,02/03/2025,Meera Krishnan,SOUTH,Chicken Noodles,3,241.39,0.2,UPI
FX202922,03/08/2025,Ishita Bose,SOUTH,Chicken Biryani,2,291.89,0.0,Cash on Delivery
FX203719,2025-09-13,Tara Joshi,North,Farmhouse Pizza,8,395.01,0.15,Card
FX205224,30/11/2025,Priya Balaji,North,Chicken Noodles,3,243.78,0.1,Card
FX208854,2025-07-15,Karthik Raman,north,Tandoori Chicken,4,440.02,0.15,Cash on Delivery
FX202090,2025-04-30,Yash Patel,south,Cold Coffee,2,121.38,0.1,Card
FX204796,03/09/2025,Nisha Gupta,west,Masala Dosa,8,131.58,0.0,Wallet
FX208870,02-11-2025,Saanvi Reddy,west,Paneer Butter Masala,8,261.59,0.2,UPI
FX208224,11-14-2025,Priya Balaji,West,Margherita Pizza,2,244.02,0.15,UPI
FX201385,11-18-2025,Riya Kapoor,North,Mutton Roll,7,279.0,0.1,Cash on Delivery
FX204933,18/12/2025,Yash Patel,west,Tandoori Chicken,5,453.49,0.15,Wallet
FX204195,2025-10-04,Vihaan Rao,West,Mango Lassi,2,110.09,0.0,UPI
FX207282,2025-06-02,Yash Patel,EAST,Butter Naan,5,44.1,0.25,UPI
FX205849,2025-08-06,Vihaan Rao,North,Idli Sambar,5,88.11,0.0,UPI
FX207371,27/01/2025,Ananya Iyer,west,Veg Fried Rice,8,197.01,0.2,UPI
FX205307,07-07-2025,Vihaan Rao,west,Masala Dosa,1,130.29,0.05,Wallet
FX205891,2025-03-30,Rohan Pillai,SOUTH,Tandoori Chicken,8,440.02,0.15,Card
FX200949,2025-12-08,Ananya Iyer,EAST,Farmhouse Pizza,6,402.99,0.05,UPI
FX206322,2025-09-22,Omkar Deshpande,West,Farmhouse Pizza,6,395.01,0.1,UPI
FX204363,07/02/2025,Kabir Shah,west,Chicken Biryani,5,289.0,0.0,Card
FX204582,04-23-2025,Yash Patel,EAST,Cold Coffee,2,121.38,0.0,Card
FX207711,19/08/2025,Nikhil Menon,north,Chicken Noodles,5,234.22,0.2,Cash on Delivery
FX200113,2025-09-07,Omkar Deshpande,EAST,Tandoori Chicken,5,453.49,0.1,UPI
FX208325,2025-11-18,Diya Nair,north,Veg Biryani,2,221.19,0.05,Card
FX207147,05/05/2025,Aarav Mehta,EAST,Chicken Biryani,8,291.89,,Cash on Delivery
FX204960,08/04/2025,Rohan Pillai,south,Butter Naan,3,44.55,0.0,Cash on Delivery
FX206708,27/02/2025,Meera Krishnan,south,Mutton Roll,2,281.79,0.1,Wallet
FX207739,09-18-2025,Yash Patel,west,Tandoori Chicken,2,457.98,,Cash on Delivery
FX204903,2025-03-27,Saanvi Reddy,East,Farmhouse Pizza,7,395.01,0.2,Wallet
FX204473,30/06/2025,Dev Sharma,west,Veg Fried Rice,7,197.01,0.2,UPI
FX208169,03-04-2025,Ishita Bose,EAST,Chocolate Brownie,5,151.98,0.2,Wallet
FX201306,2025-09-29,Saanvi Reddy,North,Cold Coffee,5,117.81,0.0,Card
FX203728,06/12/2025,Aarav Mehta,south,Spring Roll,2,162.18,0.05,Cash on Delivery
FX207850,03/02/2025,Rahul Sinha,south,Butter Naan,5,44.1,0.1,Wallet
FX203225,04-27-2025,Vihaan Rao,West,Veg Biryani,5,219.0,0.05,Wallet
FX203430,2025-09-22,Sneha Varma,north,Veg Fried Rice,5,199.0,0.0,UPI
FX200513,01/11/2025,Ananya Iyer,north,Gulab Jamun,5,100.98,0.0,Card
FX206262,01-27-2025,Omkar Deshpande,west,Spring Roll,7,162.18,0.0,UPI
FX201608,02-26-2025,Ananya Iyer,south,Chocolate Brownie,5,151.98,0.0,UPI
FX207419,2025-02-09,Rahul Sinha,North,Chocolate Brownie,6,149.0,0.2,UPI
FX203881,13/08/2025,Kabir Shah,north,Masala Dosa,5,127.71,0.1,UPI
FX202653,2025-02-17,Aarav Mehta,west,Chicken Biryani,6,283.22,0.15,Cash on Delivery
FX207679,30/07/2025,Saanvi Reddy,SOUTH,Mutton Roll,4,279.0,0.15,Cash on Delivery
FX203268,2025-05-11,Diya Nair,SOUTH,Filter Coffee,7,59.0,0.0,Card
FX201638,12/04/2025,Tara Joshi,East,Filter Coffee,7,57.82,,Card
FX200532,2025-11-02,Saanvi Reddy,North,Gulab Jamun,4,98.01,0.15,UPI
FX204980,2025-11-16,Aarav Mehta,West,Chicken Noodles,2,243.78,0.25,Cash on Delivery
FX200841,29/03/2025,Arjun Verma,East,Farmhouse Pizza,8,395.01,,Wallet
FX201412,2025-02-27,Vihaan Rao,south,Green Salad,4,141.78,0.1,UPI
FX205990,2025-04-07,Aditya Ghosh,north,Masala Dosa,8,131.58,0.0,UPI
FX207088,2025-01-07,Karthik Raman,West,Butter Naan,7,44.55,0.2,Wallet
FX206778,12-24-2025,Ishita Bose,SOUTH,Idli Sambar,2,89.89,0.0,UPI
FX207517,05-05-2025,Diya Nair,south,Mutton Roll,5,281.79,0.05,UPI
FX202242,04/03/2025,Kabir Shah,North,Tandoori Chicken,8,453.49,0.0,UPI
FX205115,2025-05-12,Nisha Gupta,North,Margherita Pizza,2,251.49,0.25,UPI
FX205529,12-05-2025,Rohan Pillai,north,Cold Coffee,2,117.81,0.0,Cash on Delivery
FX204702,18/11/2025,Sneha Varma,south,Margherita Pizza,2,244.02,0.25,Wallet
FX201520,2025-12-28,,north,Tandoori Chicken,5,453.49,0.0,Cash on Delivery
FX204293,2025-11-23,Saanvi Reddy,south,Idli Sambar,1,88.11,0.15,Wallet
FX204462,07/02/2025,Ishita Bose,west,Cold Coffee,-4,121.38,0.2,Wallet
FX202831,2025-01-25,Arjun Verma,SOUTH,Idli Sambar,6,88.11,0.2,Wallet
FX204686,03-06-2025,,EAST,Gulab Jamun,4,98.01,0.1,UPI
FX201656,15/04/2025,Aditya Ghosh,south,Mango Lassi,2,107.91,0.0,Cash on Delivery
FX205463,12-05-2025,Kavya Subramanian,North,Tandoori Chicken,6,444.51,0.15,Wallet
FX206752,12/06/2025,Saanvi Reddy,south,Farmhouse Pizza,2,391.02,0.05,UPI
FX208992,2025-09-14,Tara Joshi,north,Gulab Jamun,7,100.98,0.1,Card
FX205106,08-17-2025,,south,Mutton Roll,6,284.58,,Wallet
FX203446,03-20-2025,Diya Nair,SOUTH,Filter Coffee,8,60.18,0.2,Cash on Delivery
FX201671,03-03-2025,Meera Krishnan,EAST,Cold Coffee,1,117.81,0.1,Wallet
FX203651,03/06/2025,Riya Kapoor,west,Veg Fried Rice,5,197.01,0.25,UPI
FX207506,09-21-2025,Manish Tiwari,West,Chicken Biryani,1,286.11,0.15,Card
FX203365,2025-12-19,Rohan Pillai,north,Mutton Roll,6,276.21,0.0,UPI
FX206874,09-11-2025,Priya Balaji,East,Margherita Pizza,3,249.0,0.1,UPI
FX203152,2025-06-04,Aditya Ghosh,North,Gulab Jamun,2,99.0,0.0,Wallet
FX207357,11-01-2025,Rohan Pillai,north,Butter Naan,4,45.45,0.05,Cash on Delivery
FX202008,03-07-2025,Kabir Shah,north,Fish Curry Meals,5,335.58,0.2,UPI
FX204098,2025-08-16,Arjun Verma,East,Idli Sambar,1,90.78,0.25,UPI
FX205487,01-28-2025,Ananya Iyer,south,Green Salad,7,137.61,0.0,UPI
FX207913,28/09/2025,Tara Joshi,north,Fish Curry Meals,4,332.29,0.0,UPI
FX204393,2025-07-11,Diya Nair,west,Spring Roll,2,162.18,0.1,UPI
FX206935,2025-12-09,Lakshmi Prasad,north,Filter Coffee,3,60.18,0.0,Card
FX207340,2025-01-08,,EAST,Paneer Butter Masala,8,256.41,0.0,UPI
FX200974,12/11/2025,Kabir Shah,south,Green Salad,1,137.61,,Wallet
FX202546,2025-06-16,Yash Patel,West,Fish Curry Meals,2,325.71,0.0,UPI
FX203566,04-27-2025,Saanvi Reddy,West,Butter Naan,1,45.0,0.1,Cash on Delivery
FX205755,03-17-2025,Aarav Mehta,south,Cold Coffee,3,117.81,0.15,Cash on Delivery
FX204611,2025-06-11,Saanvi Reddy,south,Gulab Jamun,1,97.02,0.25,Cash on Delivery
FX203190,2025-01-12,Ananya Iyer,south,Veg Fried Rice,3,197.01,0.05,Cash on Delivery
FX203396,2025-12-08,Ananya Iyer,SOUTH,Butter Naan,4,44.55,0.0,UPI
FX206219,2025-12-26,Yash Patel,south,Tandoori Chicken,1,444.51,0.25,Cash on Delivery
FX200992,2025-07-26,Ishita Bose,East,Green Salad,2,139.0,0.0,UPI
FX208198,2025-12-26,Rahul Sinha,EAST,Tandoori Chicken,4,453.49,0.05,UPI
FX202631,2025-12-01,Meera Krishnan,south,Cold Coffee,3,119.0,0.15,Card
FX208063,2025-09-13,Meera Krishnan,south,Filter Coffee,2,58.41,,Card
FX205311,2025-09-16,Priya Balaji,south,Chocolate Brownie,7,150.49,0.1,Cash on Delivery
FX208084,08/12/2025,Karthik Raman,west,Mango Lassi,7,107.91,0.0,Wallet
FX200250,09-03-2025,Saanvi Reddy,East,Farmhouse Pizza,3,406.98,0.05,Card
FX205718,2025-10-30,Kabir Shah,south,Butter Naan,3,45.0,0.0,Card
FX203090,2025-03-20,Kabir Shah,south,Green Salad,7,141.78,0.25,Card
FX206909,15/07/2025,Tara Joshi,west,Gulab Jamun,5,99.99,0.2,Wallet
FX205777,2025-08-01,Dev Sharma,north,Tandoori Chicken,1,449.0,0.0,Cash on Delivery
FX203044,11-17-2025,Priya Balaji,west,Filter Coffee,6,60.18,0.05,Card
FX202295,05-28-2025,Diya Nair,North,Farmhouse Pizza,3,395.01,0.0,Cash on Delivery
FX200295,2025-03-16,Rahul Sinha,EAST,Margherita Pizza,2,251.49,0.1,Card
FX205183,09/01/2025,Saanvi Reddy,SOUTH,Mango Lassi,7,111.18,0.1,Wallet
FX207015,21/12/2025,Nisha Gupta,north,Fish Curry Meals,2,322.42,0.05,Cash on Delivery
FX207962,10-21-2025,Ananya Iyer,North,Spring Roll,7,157.41,0.25,Wallet
FX208317,29/09/2025,Sneha Varma,EAST,Paneer Butter Masala,1,264.18,0.1,Wallet
FX205019,2025-11-21,Diya Nair,south,Veg Biryani,7,214.62,0.15,UPI
FX206672,2025-12-26,Karthik Raman,East,Masala Dosa,5,131.58,,Cash on Delivery
FX207120,2025-07-28,Aarav Mehta,West,Butter Naan,6,45.45,0.2,Cash on Delivery
FX200707,22/01/2025,Kabir Shah,south,Filter Coffee,8,59.59,0.0,Cash on Delivery
FX203107,30/05/2025,Vihaan Rao,west,Veg Fried Rice,3,202.98,0.05,UPI
FX208434,05/10/2025,Rahul Sinha,West,Farmhouse Pizza,2,391.02,,Cash on Delivery
FX208268,04-23-2025,Arjun Verma,North,Mango Lassi,1,107.91,0.0,Wallet
FX206301,07/04/2025,Aditya Ghosh,SOUTH,Spring Roll,6,155.82,0.15,Card
FX207194,05-05-2025,Sneha Varma,SOUTH,Cold Coffee,2,117.81,0.05,Wallet
FX205665,22/05/2025,Rohan Pillai,West,Tandoori Chicken,1,457.98,0.0,UPI
FX201149,08/03/2025,Kabir Shah,East,Gulab Jamun,7,98.01,0.15,UPI
FX205699,10-06-2025,Kabir Shah,SOUTH,Filter Coffee,5,57.82,0.0,Card
FX203961,2025-05-30,Tara Joshi,East,Mango Lassi,6,106.82,0.0,Wallet
FX207531,2025-12-20,Lakshmi Prasad,North,Cold Coffee,3,117.81,0.25,Cash on Delivery
FX205382,2025-08-22,Sneha Varma,East,Green Salad,6,136.22,,Wallet
FX206217,2025-01-01,Priya Balaji,south,Fish Curry Meals,4,322.42,0.0,Wallet
FX205033,11-08-2025,Arjun Verma,south,Margherita Pizza,8,253.98,0.05,Cash on Delivery
FX202806,2025-01-16,Saanvi Reddy,EAST,Chicken Noodles,8,243.78,0.0,Wallet
FX201239,2025-12-10,Nisha Gupta,south,Filter Coffee,4,59.59,0.25,Cash on Delivery
FX200832,14/05/2025,Ananya Iyer,north,Cold Coffee,7,120.19,0.15,Cash on Delivery
FX206236,04-20-2025,Nikhil Menon,south,Gulab Jamun,5,100.98,0.0,Card
FX203818,2025-06-15,Nikhil Menon,EAST,Mutton Roll,1,281.79,0.1,Wallet
FX204327,11-29-2025,Lakshmi Prasad,EAST,Farmhouse Pizza,4,406.98,0.0,Card
FX203649,12/01/2025,Saanvi Reddy,north,Tandoori Chicken,8,444.51,0.2,UPI
FX205816,09-12-2025,Karthik Raman,North,Filter Coffee,6,58.41,0.15,Wallet
FX202856,2025-08-19,Dev Sharma,EAST,Fish Curry Meals,6,335.58,0.0,UPI
FX205975,25/12/2025,Karthik Raman,North,Farmhouse Pizza,8,402.99,0.0,UPI
FX205735,05-02-2025,Nikhil Menon,East,Masala Dosa,4,127.71,0.2,Wallet
FX200384,2025-02-03,Sneha Varma,south,Chicken Biryani,7,283.22,0.0,Card
FX202834,12/12/2025,Omkar Deshpande,north,Cold Coffee,3,120.19,0.25,Wallet
FX207625,16/09/2025,Aditya Ghosh,North,Mango Lassi,3,107.91,0.1,Wallet
FX201344,2025-05-27,Vihaan Rao,west,Green Salad,6,136.22,0.05,Wallet
FX206934,25/05/2025,Aarav Mehta,East,Tandoori Chicken,2,444.51,0.1,UPI
FX205476,09-25-2025,Ishita Bose,west,Idli Sambar,5,87.22,0.15,Card
FX208817,12-28-2025,Manish Tiwari,SOUTH,Chicken Biryani,5,286.11,0.25,Wallet
FX208078,09/09/2025,Ananya Iyer,EAST,Butter Naan,7,44.55,0.0,Wallet
FX204095,2025-12-04,Kavya Subramanian,north,Green Salad,2,137.61,0.05,Card
FX207106,06-23-2025,Kabir Shah,south,Cold Coffee,5,119.0,,Card
FX206597,2025-06-02,Dev Sharma,North,Veg Fried Rice,3,200.99,0.05,Card
FX208282,2025-06-25,Riya Kapoor,SOUTH,Spring Roll,5,159.0,0.1,Cash on Delivery
FX206271,11-14-2025,Karthik Raman,North,Mutton Roll,3,276.21,0.0,Card
FX200608,2025-10-28,Riya Kapoor,EAST,Chicken Noodles,7,236.61,0.0,Card
FX206679,2025-01-13,Meera Krishnan,East,Veg Fried Rice,8,197.01,0.1,Card
FX205055,2025-11-23,Karthik Raman,East,Chocolate Brownie,5,147.51,0.1,UPI
FX205809,28/06/2025,,south,Gulab Jamun,1,99.99,0.25,Cash on Delivery
FX202719,2025-12-13,Ananya Iyer,south,Cold Coffee,8,120.19,0.0,Card
FX205801,27/06/2025,Ananya Iyer,north,Chicken Biryani,1,294.78,0.05,Card
FX205313,07-23-2025,Aditya Ghosh,north,Green Salad,1,141.78,0.0,Wallet
FX205697,08-27-2025,Nisha Gupta,EAST,Tandoori Chicken,8,444.51,0.25,Cash on Delivery
FX208888,2025-10-29,Aarav Mehta,SOUTH,Mutton Roll,2,279.0,0.05,Card
FX205713,30/10/2025,Diya Nair,west,Farmhouse Pizza,4,402.99,0.15,Card
FX207668,14/06/2025,Tara Joshi,EAST,Spring Roll,6,162.18,0.0,Cash on Delivery
FX206724,2025-03-26,Nisha Gupta,East,Chicken Noodles,7,234.22,0.0,Card
FX206429,23/12/2025,Riya Kapoor,North,Butter Naan,3,45.0,0.0,Cash on Delivery
FX207014,2025-07-22,Diya Nair,north,Idli Sambar,5,89.0,0.25,Wallet
FX208734,12-06-2025,Aditya Ghosh,south,Butter Naan,-4,45.9,0.05,UPI
FX208436,2025-04-17,Sneha Varma,SOUTH,Chocolate Brownie,1,146.02,0.2,Cash on Delivery
FX208187,2025-03-22,Nikhil Menon,SOUTH,Green Salad,7,141.78,0.2,Card
FX201309,09-27-2025,Rohan Pillai,south,Veg Biryani,5,216.81,0.05,UPI
FX202908,2025-08-06,Ishita Bose,West,Chicken Biryani,6,294.78,0.0,Card
FX201098,2025-04-14,Karthik Raman,north,Veg Fried Rice,1,199.0,0.2,UPI
FX208501,2025-01-08,Kavya Subramanian,East,Gulab Jamun,1,97.02,0.25,UPI
FX203950,2025-04-28,Kavya Subramanian,west,Veg Biryani,3,221.19,0.15,Card
FX205847,2025-12-02,Manish Tiwari,EAST,Veg Biryani,6,223.38,0.0,UPI
FX203408,26/07/2025,Kabir Shah,south,Tandoori Chicken,-3,453.49,0.15,UPI
FX206462,2025-10-25,Karthik Raman,north,Mutton Roll,3,276.21,0.0,Card
FX201420,2025-06-27,Kavya Subramanian,west,Farmhouse Pizza,4,402.99,0.1,Card
FX208324,2025-11-12,Tara Joshi,SOUTH,Idli Sambar,2,88.11,0.15,UPI
FX203317,2025-06-08,Kabir Shah,East,Spring Roll,4,155.82,0.0,Card
FX200577,04-14-2025,Vihaan Rao,EAST,Cold Coffee,6,119.0,0.0,Wallet
FX202356,2025-02-03,Kabir Shah,West,Chicken Biryani,8,289.0,0.05,Card
FX205013,2025-06-14,Priya Balaji,EAST,Margherita Pizza,7,244.02,0.1,UPI
FX206626,2025-09-17,Nisha Gupta,EAST,Mutton Roll,4,281.79,0.0,Cash on Delivery
FX201382,2025-10-04,Riya Kapoor,West,Chicken Biryani,3,294.78,0.0,Wallet
FX207974,02-11-2025,Dev Sharma,SOUTH,Cold Coffee,8,117.81,0.0,Card
FX203132,03-31-2025,Nikhil Menon,south,Spring Roll,8,159.0,0.0,Cash on Delivery
FX201286,20/03/2025,Omkar Deshpande,EAST,Filter Coffee,4,58.41,0.1,UPI
FX205305,07/06/2025,Omkar Deshpande,EAST,Margherita Pizza,7,253.98,0.05,Cash on Delivery
FX202136,2025-10-10,Arjun Verma,East,Chicken Noodles,1,236.61,,Wallet
FX205967,30/01/2025,Tara Joshi,North,Fish Curry Meals,2,325.71,0.0,Cash on Delivery
FX203462,2025-11-23,Lakshmi Prasad,West,Chocolate Brownie,4,147.51,0.2,Wallet
FX205316,2025-08-22,Saanvi Reddy,west,Mango Lassi,2,106.82,0.0,Card
FX208897,05/05/2025,Lakshmi Prasad,EAST,Tandoori Chicken,3,440.02,0.1,UPI
FX208270,01-12-2025,Tara Joshi,North,Cold Coffee,8,117.81,0.0,Card
FX207847,08/11/2025,Yash Patel,East,Farmhouse Pizza,2,399.0,0.1,Card
FX208937,02-24-2025,Riya Kapoor,East,Chocolate Brownie,8,150.49,,UPI
FX204335,26/08/2025,Omkar Deshpande,SOUTH,Spring Roll,3,155.82,0.25,Wallet
FX200554,15/11/2025,Saanvi Reddy,EAST,Green Salad,1,139.0,0.0,UPI
FX202645,09/08/2025,Arjun Verma,North,Mutton Roll,4,273.42,0.25,Cash on Delivery
FX203172,04-11-2025,Lakshmi Prasad,north,Spring Roll,5,155.82,0.2,UPI
FX206040,14/06/2025,Omkar Deshpande,North,Margherita Pizza,8,253.98,0.2,Cash on Delivery
FX204202,11-20-2025,Meera Krishnan,south,Spring Roll,5,157.41,0.0,UPI
FX203699,02/03/2025,Karthik Raman,West,Chicken Biryani,4,289.0,0.25,Cash on Delivery
FX201332,12-09-2025,Aarav Mehta,North,Green Salad,1,140.39,0.1,UPI
FX206786,2025-01-23,Ananya Iyer,west,Green Salad,5,140.39,0.0,Card
FX206121,11-22-2025,Ishita Bose,north,Veg Biryani,1,221.19,0.0,UPI
FX203267,09-28-2025,Yash Patel,north,Veg Biryani,6,214.62,0.25,Wallet
FX203120,24/09/2025,Rahul Sinha,North,Farmhouse Pizza,2,399.0,0.0,UPI
FX206535,23/08/2025,Nisha Gupta,North,Gulab Jamun,2,97.02,0.0,Wallet
FX203253,11-17-2025,Aarav Mehta,West,Chicken Noodles,7,234.22,0.0,Card
FX207047,17/10/2025,Nikhil Menon,West,Mutton Roll,4,279.0,0.0,Cash on Delivery
FX207401,2025-09-14,Tara Joshi,SOUTH,Veg Biryani,5,223.38,0.0,Card
FX207986,01/05/2025,Manish Tiwari,north,Margherita Pizza,8,253.98,0.0,UPI
FX207956,2025-06-06,Diya Nair,north,Masala Dosa,5,126.42,,Cash on Delivery
FX207138,14/10/2025,Tara Joshi,SOUTH,Margherita Pizza,8,253.98,0.0,Wallet
FX201154,02/10/2025,Tara Joshi,North,Margherita Pizza,8,246.51,0.0,Card
FX206594,10/09/2025,Saanvi Reddy,west,Veg Fried Rice,3,199.0,0.0,Wallet
FX208356,03-17-2025,Kavya Subramanian,North,Paneer Butter Masala,1,256.41,,Card
FX202525,22/11/2025,Aarav Mehta,south,Spring Roll,8,155.82,0.05,Card
FX207348,12-12-2025,Saanvi Reddy,EAST,Spring Roll,6,162.18,0.15,Card
FX203508,23/01/2025,Arjun Verma,West,Margherita Pizza,2,253.98,0.15,Card
FX200044,18/01/2025,Aarav Mehta,East,Farmhouse Pizza,2,406.98,0.0,UPI
FX208395,20/07/2025,Nisha Gupta,North,Mutton Roll,6,276.21,0.1,Wallet
FX201485,08-19-2025,Aditya Ghosh,west,Butter Naan,2,45.0,0.05,Cash on Delivery
FX204759,09/10/2025,Manish Tiwari,west,Mango Lassi,1,111.18,0.1,Wallet
FX205427,18/10/2025,Omkar Deshpande,north,Green Salad,2,141.78,0.0,Cash on Delivery
FX203134,2025-12-28,Aditya Ghosh,SOUTH,Filter Coffee,2,58.41,0.15,Wallet
FX204883,03-31-2025,Kavya Subramanian,north,Green Salad,4,140.39,0.05,UPI
FX203339,11/02/2025,Meera Krishnan,EAST,Fish Curry Meals,4,329.0,0.0,Wallet
FX205367,2025-06-10,Manish Tiwari,EAST,Idli Sambar,5,88.11,0.1,Wallet
FX203082,2025-12-27,Kavya Subramanian,south,Chocolate Brownie,2,150.49,0.0,UPI
FX200614,10/01/2025,Karthik Raman,south,Spring Roll,3,162.18,0.1,Card
FX200118,11/10/2025,Arjun Verma,SOUTH,Filter Coffee,2,59.0,0.25,Cash on Delivery
FX202800,07/10/2025,Diya Nair,West,Cold Coffee,5,120.19,0.2,Card
FX205690,14/08/2025,Arjun Verma,EAST,Filter Coffee,2,59.0,0.0,Cash on Delivery
FX205089,10/10/2025,Dev Sharma,EAST,Spring Roll,4,157.41,0.15,UPI
FX201086,10-18-2025,Aarav Mehta,North,Green Salad,4,136.22,0.05,Card
FX203037,26/04/2025,Lakshmi Prasad,north,Mango Lassi,3,109.0,0.15,Cash on Delivery
FX203555,07-02-2025,Kavya Subramanian,west,Paneer Butter Masala,7,264.18,0.25,Card
FX206263,04-18-2025,Sneha Varma,East,Idli Sambar,3,87.22,0.0,UPI
FX203386,01/05/2025,Arjun Verma,North,Cold Coffee,7,119.0,,Cash on Delivery
FX202636,23/12/2025,Kavya Subramanian,EAST,Veg Fried Rice,3,200.99,0.0,UPI
FX207948,2025-08-29,Aditya Ghosh,West,Gulab Jamun,8,97.02,0.0,Cash on Delivery
FX201537,2025-01-18,Meera Krishnan,North,Cold Coffee,5,116.62,0.0,Cash on Delivery
FX205014,2025-12-23,,south,Veg Biryani,4,214.62,0.05,UPI
FX203426,2025-04-24,Diya Nair,West,Cold Coffee,6,121.38,0.25,Cash on Delivery
FX200435,12-16-2025,Saanvi Reddy,EAST,Chicken Biryani,5,283.22,0.1,UPI
FX202481,2025-10-14,Priya Balaji,SOUTH,Tandoori Chicken,1,453.49,0.0,Card
FX207286,25/06/2025,Riya Kapoor,south,Mango Lassi,4,106.82,0.0,Cash on Delivery
FX202540,2025-03-29,Manish Tiwari,north,Chicken Biryani,5,289.0,0.15,Card
FX205567,07-27-2025,Nisha Gupta,East,Margherita Pizza,1,253.98,0.05,Wallet
FX205928,25/11/2025,Ishita Bose,North,Tandoori Chicken,4,440.02,0.1,Wallet
FX205999,2025-12-19,Rahul Sinha,West,Farmhouse Pizza,6,391.02,0.1,Cash on Delivery
FX208217,2025-02-28,Aditya Ghosh,East,Veg Biryani,6,214.62,0.15,Card
FX206200,2025-09-12,Aarav Mehta,West,Tandoori Chicken,1,453.49,0.25,UPI
FX200096,11/09/2025,Diya Nair,north,Butter Naan,3,45.45,,UPI
FX204720,2025-04-07,Aditya Ghosh,East,Idli Sambar,5,87.22,0.25,Card
FX203943,03/10/2025,Meera Krishnan,SOUTH,Chocolate Brownie,4,147.51,0.05,Cash on Delivery
FX207504,22/01/2025,Lakshmi Prasad,south,Butter Naan,1,45.9,0.0,Card
FX202662,10/06/2025,Priya Balaji,SOUTH,Gulab Jamun,3,99.99,0.05,Cash on Delivery
FX200374,2025-03-15,Aditya Ghosh,south,Mango Lassi,5,107.91,0.0,Wallet
FX207757,03-22-2025,Aarav Mehta,North,Farmhouse Pizza,8,395.01,,UPI
FX204444,03/11/2025,Riya Kapoor,SOUTH,Tandoori Chicken,2,440.02,0.0,Cash on Delivery
FX207925,02-16-2025,Lakshmi Prasad,West,Chicken Biryani,8,286.11,0.25,UPI
FX208248,12/08/2025,Saanvi Reddy,south,Chocolate Brownie,5,146.02,0.0,Card
FX201583,12-16-2025,Manish Tiwari,west,Chicken Biryani,1,294.78,0.05,UPI
FX206166,2025-05-05,Arjun Verma,North,Green Salad,5,141.78,,Cash on Delivery
FX201462,2025-08-29,Tara Joshi,west,Fish Curry Meals,4,329.0,0.1,Wallet
FX203564,2025-01-05,Aditya Ghosh,SOUTH,Margherita Pizza,6,249.0,0.1,Wallet
FX202872,27/02/2025,Rahul Sinha,north,Fish Curry Meals,7,335.58,0.0,Wallet
FX201844,03-29-2025,Kavya Subramanian,EAST,Tandoori Chicken,2,449.0,0.0,Cash on Delivery
FX205896,21/06/2025,Kavya Subramanian,north,Farmhouse Pizza,2,399.0,0.0,Cash on Delivery
FX203748,10-21-2025,Rohan Pillai,East,Fish Curry Meals,3,322.42,0.25,Cash on Delivery
FX203852,07-02-2025,Karthik Raman,West,Farmhouse Pizza,3,399.0,0.15,Card
FX207471,18/01/2025,Diya Nair,North,Spring Roll,1,157.41,0.25,UPI
FX205504,2025-03-08,Meera Krishnan,North,Filter Coffee,8,58.41,0.0,Cash on Delivery
FX202296,2025-07-28,Karthik Raman,SOUTH,Chicken Noodles,4,236.61,0.0,Cash on Delivery
FX203725,2025-05-02,Dev Sharma,north,Mutton Roll,7,281.79,0.0,Wallet
FX203810,05/03/2025,Aditya Ghosh,East,Gulab Jamun,4,99.0,0.15,UPI
FX201217,2025-06-17,Kavya Subramanian,EAST,Chocolate Brownie,1,146.02,0.0,Wallet
FX206181,2025-10-29,Priya Balaji,EAST,Farmhouse Pizza,5,406.98,,UPI
FX200401,14/12/2025,Nisha Gupta,West,Filter Coffee,1,60.18,,UPI
FX206330,17/01/2025,Tara Joshi,East,Margherita Pizza,1,249.0,0.15,Card
FX206629,25/02/2025,Saanvi Reddy,SOUTH,Chicken Biryani,3,294.78,0.0,UPI
FX200272,2025-07-13,Meera Krishnan,EAST,Butter Naan,3,45.45,0.05,Cash on Delivery
FX203159,03-03-2025,Nisha Gupta,West,Butter Naan,7,45.45,0.05,Wallet
FX201793,11/02/2025,Diya Nair,West,Mutton Roll,7,284.58,0.25,UPI
FX207253,06-08-2025,Yash Patel,EAST,Tandoori Chicken,6,449.0,0.15,UPI
FX204838,01/03/2025,Nisha Gupta,west,Masala Dosa,8,126.42,0.25,Card
FX200271,2025-09-07,Nikhil Menon,north,Idli Sambar,7,89.0,0.0,Wallet
FX201194,2025-10-10,Rahul Sinha,West,Paneer Butter Masala,5,259.0,0.15,Cash on Delivery
FX207099,2025-05-17,Aarav Mehta,EAST,Paneer Butter Masala,2,256.41,0.0,Cash on Delivery
FX202297,2025-05-29,Rahul Sinha,SOUTH,Butter Naan,4,44.55,0.0,Card
FX202489,24/12/2025,Aditya Ghosh,EAST,Fish Curry Meals,5,322.42,0.2,Cash on Delivery
FX202763,2025-05-21,Ananya Iyer,North,Mango Lassi,3,111.18,0.0,Wallet
FX203416,14/02/2025,Omkar Deshpande,North,Cold Coffee,5,119.0,0.0,Card
FX203237,2025-03-12,Kavya Subramanian,EAST,Gulab Jamun,1,97.02,0.2,Card
FX201800,03-17-2025,Diya Nair,south,Cold Coffee,7,120.19,,Cash on Delivery
FX203177,31/07/2025,Ishita Bose,south,Margherita Pizza,2,251.49,0.0,Cash on Delivery
FX202699,10-25-2025,Diya Nair,EAST,Farmhouse Pizza,5,402.99,0.05,UPI
FX206854,15/12/2025,Nikhil Menon,south,Chocolate Brownie,7,146.02,0.2,UPI
FX201473,26/09/2025,Ananya Iyer,south,Margherita Pizza,5,251.49,0.15,Wallet
FX201429,2025-05-06,Meera Krishnan,EAST,Masala Dosa,2,129.0,0.0,Cash on Delivery
FX204930,2025-12-06,Karthik Raman,south,Tandoori Chicken,3,440.02,0.0,Wallet
FX207818,02/10/2025,Lakshmi Prasad,south,Veg Fried Rice,3,199.0,0.2,Wallet
FX203686,2025-10-31,Omkar Deshpande,East,Butter Naan,3,45.45,0.0,Cash on Delivery
FX200590,04/03/2025,Rahul Sinha,north,Margherita Pizza,8,249.0,0.0,Cash on Delivery
FX201824,2025-10-14,Lakshmi Prasad,north,Spring Roll,4,155.82,0.1,Wallet
FX208809,07/10/2025,Yash Patel,SOUTH,Chicken Biryani,8,286.11,0.15,UPI
FX203087,07-23-2025,Kabir Shah,East,Mango Lassi,2,110.09,,Cash on Delivery
FX201927,2025-03-06,Vihaan Rao,North,Mango Lassi,6,106.82,0.25,UPI
FX200059,2025-03-03,Omkar Deshpande,south,Fish Curry Meals,2,322.42,,Cash on Delivery
FX204704,04-26-2025,Tara Joshi,north,Paneer Butter Masala,7,256.41,0.1,Card
FX202441,10-26-2025,Vihaan Rao,SOUTH,Veg Biryani,1,216.81,0.05,Wallet
FX203600,13/10/2025,Tara Joshi,EAST,Butter Naan,3,45.45,0.25,UPI
FX201811,2025-09-29,Diya Nair,North,Filter Coffee,8,59.0,0.05,Wallet
FX206523,18/01/2025,Karthik Raman,West,Mutton Roll,1,284.58,0.1,Cash on Delivery
FX207810,04-16-2025,Priya Balaji,west,Masala Dosa,7,127.71,0.1,UPI
FX200504,19/02/2025,Lakshmi Prasad,SOUTH,Filter Coffee,4,60.18,0.25,Cash on Delivery
FX205412,2025-11-19,Yash Patel,West,Tandoori Chicken,8,440.02,0.25,Wallet
FX208113,24/11/2025,Rohan Pillai,north,Farmhouse Pizza,3,391.02,0.25,Card
FX201026,2025-10-22,Nikhil Menon,north,Margherita Pizza,6,246.51,0.25,UPI
FX202305,07/10/2025,Vihaan Rao,SOUTH,Spring Roll,8,159.0,0.15,Cash on Delivery
FX207793,25/01/2025,Meera Krishnan,East,Veg Fried Rice,7,202.98,0.2,Cash on Delivery
FX203258,22/12/2025,Sneha Varma,north,Masala Dosa,2,127.71,0.15,UPI
FX207291,16/04/2025,Manish Tiwari,North,Chicken Noodles,8,239.0,0.15,Wallet
FX200154,2025-10-22,Aditya Ghosh,West,Masala Dosa,2,129.0,0.1,Wallet
FX206437,09/01/2025,Diya Nair,SOUTH,Idli Sambar,8,89.0,0.2,Cash on Delivery
FX202954,2025-09-09,Aditya Ghosh,SOUTH,Veg Fried Rice,7,199.0,0.0,UPI
FX204361,2025-06-14,Nisha Gupta,West,Green Salad,2,139.0,0.0,UPI
FX205094,2025-11-25,Omkar Deshpande,North,Spring Roll,8,157.41,0.05,Wallet
FX200953,2025-07-22,Rohan Pillai,EAST,Spring Roll,7,157.41,0.0,Card
FX204443,2025-03-10,Vihaan Rao,East,Green Salad,2,140.39,0.25,Cash on Delivery
FX206722,06-25-2025,Omkar Deshpande,East,Cold Coffee,8,116.62,0.0,Cash on Delivery
FX207127,01/06/2025,Aditya Ghosh,West,Fish Curry Meals,8,332.29,0.0,Cash on Delivery
FX206303,13/06/2025,Rahul Sinha,North,Paneer Butter Masala,4,259.0,0.15,Wallet
FX208358,04/06/2025,Aarav Mehta,west,Farmhouse Pizza,1,402.99,0.1,UPI
FX204774,02/11/2025,Arjun Verma,west,Fish Curry Meals,1,335.58,,Cash on Delivery
FX207499,2025-01-02,Diya Nair,EAST,Mango Lassi,5,110.09,0.1,Card
FX204276,2025-01-15,Aarav Mehta,SOUTH,Masala Dosa,8,126.42,0.05,Cash on Delivery
FX207794,10/04/2025,Diya Nair,East,Chicken Noodles,8,234.22,0.0,Card
FX202322,04/04/2025,Priya Balaji,West,Butter Naan,4,45.9,0.0,Cash on Delivery
FX207972,25/07/2025,Karthik Raman,West,Farmhouse Pizza,7,395.01,0.15,Cash on Delivery
FX205831,2025-09-07,Aarav Mehta,East,Margherita Pizza,2,244.02,0.2,Cash on Delivery
FX200011,2025-06-04,Priya Balaji,EAST,Tandoori Chicken,4,457.98,0.2,UPI
FX207803,2025-07-09,Vihaan Rao,north,Farmhouse Pizza,7,391.02,0.0,Wallet
FX208109,2025-04-29,Dev Sharma,EAST,Green Salad,5,140.39,0.0,Cash on Delivery
FX200232,06-25-2025,Diya Nair,North,Gulab Jamun,4,99.99,0.0,UPI
FX206757,24/05/2025,Sneha Varma,East,Chicken Biryani,7,286.11,0.0,Cash on Delivery
FX205981,05/01/2025,Ishita Bose,south,Chicken Biryani,1,283.22,0.15,UPI
FX206095,19/06/2025,Meera Krishnan,West,Idli Sambar,8,90.78,0.0,Card
FX204862,11-20-2025,Sneha Varma,north,Paneer Butter Masala,5,264.18,0.15,Cash on Delivery
FX202921,12-03-2025,Aarav Mehta,West,Mutton Roll,7,281.79,0.0,UPI
FX200827,2025-11-29,Riya Kapoor,SOUTH,Filter Coffee,-5,59.59,0.2,Wallet
FX201815,2025-12-26,Diya Nair,West,Green Salad,6,137.61,0.15,Card
FX201335,2025-11-30,Ishita Bose,West,Paneer Butter Masala,5,253.82,0.2,Wallet
FX204059,03-01-2025,Nisha Gupta,north,Chicken Biryani,1,283.22,0.0,Cash on Delivery
FX204383,25/12/2025,Sneha Varma,East,Gulab Jamun,8,99.0,0.1,Wallet
FX206080,06/02/2025,Diya Nair,south,Fish Curry Meals,6,332.29,0.2,Card
FX201312,2025-12-06,Priya Balaji,East,Cold Coffee,-6,116.62,0.1,Wallet
FX201545,22/05/2025,Nisha Gupta,south,Paneer Butter Masala,3,259.0,0.25,UPI
FX204051,2025-01-20,Nikhil Menon,East,Farmhouse Pizza,6,395.01,0.2,Wallet
FX208663,2025-08-19,Ishita Bose,west,Mutton Roll,4,281.79,0.0,Card
FX205275,2025-08-28,Kavya Subramanian,south,Spring Roll,7,162.18,0.0,UPI
FX204976,2025-12-08,Omkar Deshpande,EAST,Filter Coffee,3,58.41,0.0,Wallet
FX201436,2025-10-18,Tara Joshi,north,Filter Coffee,-4,59.59,0.05,Card
FX204687,03-19-2025,Ananya Iyer,West,Butter Naan,1,45.45,0.0,Wallet
FX201609,2025-02-05,Aarav Mehta,west,Gulab Jamun,-5,99.0,0.1,UPI
FX206791,08/05/2025,Ananya Iyer,East,Farmhouse Pizza,3,406.98,0.05,Cash on Delivery
FX204823,2025-06-27,Omkar Deshpande,west,Cold Coffee,5,121.38,0.15,UPI
FX201488,2025-05-30,Meera Krishnan,SOUTH,Idli Sambar,8,90.78,0.15,UPI
FX208782,15/07/2025,Omkar Deshpande,SOUTH,Chicken Biryani,6,291.89,0.0,Card
FX205686,2025-04-22,Rahul Sinha,North,Spring Roll,3,160.59,0.2,Wallet
FX202084,2025-07-24,Rahul Sinha,west,Mutton Roll,2,276.21,,UPI
FX207787,2025-08-12,Kavya Subramanian,North,Chocolate Brownie,2,150.49,0.0,Cash on Delivery
FX200822,04-29-2025,Kabir Shah,south,Fish Curry Meals,7,325.71,0.1,Card
FX202750,2025-01-04,Kavya Subramanian,SOUTH,Masala Dosa,2,131.58,0.15,Cash on Delivery
FX206088,25/10/2025,Diya Nair,East,Paneer Butter Masala,6,261.59,0.1,UPI
FX207846,2025-01-23,Rohan Pillai,SOUTH,Farmhouse Pizza,7,399.0,0.2,Wallet
FX207440,2025-03-06,Arjun Verma,East,Butter Naan,6,45.45,0.15,Wallet
FX200201,03/06/2025,Kavya Subramanian,west,Paneer Butter Masala,3,259.0,0.25,Card
FX206889,2025-06-17,Kabir Shah,north,Veg Fried Rice,4,197.01,0.0,UPI
FX202078,28/10/2025,Rahul Sinha,SOUTH,Gulab Jamun,8,99.0,0.15,Cash on Delivery
FX203638,2025-05-04,Sneha Varma,north,Masala Dosa,1,127.71,0.15,Card
FX201560,11-04-2025,Lakshmi Prasad,north,Idli Sambar,5,87.22,0.15,Wallet
FX202870,2025-04-21,Ananya Iyer,North,Idli Sambar,1,89.89,0.05,Cash on Delivery
FX204999,10/10/2025,Kabir Shah,west,Veg Fried Rice,2,199.0,0.15,Cash on Delivery
FX203507,03/01/2025,Vihaan Rao,west,Margherita Pizza,-2,249.0,0.0,Cash on Delivery
FX205571,13/07/2025,Sneha Varma,East,Veg Biryani,3,219.0,0.0,Cash on Delivery
FX207289,2025-11-29,Kabir Shah,SOUTH,Tandoori Chicken,3,457.98,0.2,Card
FX201797,04-19-2025,Ishita Bose,north,Farmhouse Pizza,5,395.01,0.25,Card
FX201612,11-11-2025,Omkar Deshpande,East,Chocolate Brownie,8,146.02,0.0,Cash on Delivery
FX208185,2025-06-24,Saanvi Reddy,East,Spring Roll,2,162.18,0.15,Card
FX207631,30/03/2025,Ananya Iyer,EAST,Mutton Roll,2,279.0,0.2,Card
FX203968,20/11/2025,Tara Joshi,EAST,Veg Fried Rice,3,197.01,0.15,Cash on Delivery
FX208862,07-24-2025,Diya Nair,north,Veg Biryani,5,219.0,0.1,UPI
FX202465,2025-06-05,Ishita Bose,West,Chicken Noodles,5,241.39,0.25,UPI
FX207540,03-11-2025,Aditya Ghosh,west,Tandoori Chicken,2,444.51,0.2,UPI
FX205695,01-11-2025,Lakshmi Prasad,East,Chocolate Brownie,5,147.51,0.1,Cash on Delivery
FX204634,2025-03-14,Ananya Iyer,north,Farmhouse Pizza,3,395.01,0.0,Cash on Delivery
FX200126,24/03/2025,Nisha Gupta,SOUTH,Veg Biryani,5,223.38,0.25,UPI
FX205484,04-19-2025,Aarav Mehta,north,Veg Fried Rice,3,197.01,0.25,Card
FX201886,2025-05-24,Karthik Raman,North,Tandoori Chicken,3,444.51,0.0,UPI
FX200422,2025-11-13,Nisha Gupta,south,Cold Coffee,6,120.19,0.15,UPI
FX202892,2025-07-10,Diya Nair,west,Mutton Roll,4,276.21,0.2,Card
FX207125,18/08/2025,Kabir Shah,EAST,Farmhouse Pizza,8,391.02,0.25,Wallet
FX208378,2025-06-02,Manish Tiwari,west,Masala Dosa,8,127.71,0.0,Cash on Delivery
FX204778,2025-02-27,Tara Joshi,East,Idli Sambar,2,88.11,0.15,Cash on Delivery
FX205746,12-27-2025,Priya Balaji,EAST,Margherita Pizza,5,249.0,0.0,Card
FX200323,2025-08-11,,West,Butter Naan,2,45.45,0.2,Wallet
FX201324,10-22-2025,Arjun Verma,south,Veg Fried Rice,3,195.02,0.2,Cash on Delivery
FX205148,08-20-2025,Omkar Deshpande,west,Mango Lassi,5,107.91,0.0,UPI
FX200819,15/11/2025,Yash Patel,North,Margherita Pizza,1,246.51,0.05,Cash on Delivery
FX200612,08/08/2025,Kavya Subramanian,north,Cold Coffee,1,117.81,0.25,Wallet
FX200626,01-23-2025,Sneha Varma,West,Mango Lassi,1,111.18,0.0,Card
FX205895,04/10/2025,Riya Kapoor,south,Veg Biryani,-3,219.0,0.2,Wallet
FX201449,2025-04-16,Vihaan Rao,EAST,Cold Coffee,4,117.81,0.1,Card
FX207851,10/06/2025,Sneha Varma,EAST,Gulab Jamun,7,100.98,0.0,UPI
FX206013,17/08/2025,Saanvi Reddy,West,Paneer Butter Masala,8,253.82,0.05,Wallet
FX202675,25/10/2025,Arjun Verma,East,Butter Naan,4,44.1,0.15,UPI
FX202578,2025-10-27,Ananya Iyer,south,Green Salad,4,136.22,0.0,Cash on Delivery
FX206049,09-23-2025,Aditya Ghosh,East,Mango Lassi,4,106.82,0.2,Cash on Delivery
FX207368,19/02/2025,Aditya Ghosh,SOUTH,Spring Roll,4,159.0,0.25,Card
FX200322,01-16-2025,Vihaan Rao,EAST,Spring Roll,8,160.59,0.2,Cash on Delivery
FX204469,2025-07-21,Aarav Mehta,East,Mango Lassi,6,110.09,0.15,Cash on Delivery
FX207117,2025-04-16,,West,Margherita Pizza,6,253.98,0.0,Cash on Delivery
FX204028,08-25-2025,Kavya Subramanian,west,Gulab Jamun,3,97.02,0.05,Wallet
FX202892,2025-07-10,Diya Nair,west,Mutton Roll,4,276.21,0.2,Card
FX203609,2025-01-18,Tara Joshi,south,Filter Coffee,8,60.18,0.0,Cash on Delivery
FX204508,07/03/2025,Yash Patel,south,Cold Coffee,7,116.62,0.0,Card
FX206119,08-19-2025,Manish Tiwari,SOUTH,Fish Curry Meals,5,325.71,0.2,Card
FX204322,18/04/2025,Diya Nair,north,Chocolate Brownie,2,150.49,0.05,Cash on Delivery
FX207464,28/06/2025,Vihaan Rao,East,Veg Biryani,-6,219.0,0.0,Cash on Delivery
FX206337,2025-02-02,Tara Joshi,south,Green Salad,3,136.22,0.0,Wallet
FX202246,18/10/2025,Ananya Iyer,North,Idli Sambar,6,88.11,0.0,Wallet
FX205107,07-31-2025,Dev Sharma,west,Chicken Noodles,4,234.22,0.25,Wallet
FX203573,18/07/2025,Ananya Iyer,North,Paneer Butter Masala,8,256.41,0.0,Cash on Delivery
FX201505,28/12/2025,Dev Sharma,north,Farmhouse Pizza,2,402.99,0.25,Cash on Delivery
FX205344,2025-10-02,Kavya Subramanian,north,Veg Biryani,1,219.0,0.25,Cash on Delivery
FX203532,03-13-2025,Manish Tiwari,East,Tandoori Chicken,7,453.49,0.05,Wallet
FX202162,31/12/2025,Ananya Iyer,south,Chicken Noodles,6,239.0,0.05,Cash on Delivery
FX201337,2025-08-19,Karthik Raman,North,Idli Sambar,1,87.22,0.05,Cash on Delivery
FX201028,03-02-2025,Karthik Raman,East,Paneer Butter Masala,2,261.59,0.25,Cash on Delivery
FX203690,07/12/2025,Arjun Verma,EAST,Margherita Pizza,4,251.49,0.0,Wallet
FX208140,10-13-2025,Saanvi Reddy,EAST,Veg Biryani,3,221.19,0.0,Card
FX203046,18/06/2025,Aarav Mehta,west,Veg Biryani,7,216.81,0.0,Wallet
FX205595,2025-01-27,Ananya Iyer,west,Gulab Jamun,8,99.0,0.05,UPI
FX203597,03-18-2025,Sneha Varma,East,Veg Fried Rice,8,202.98,0.1,Cash on Delivery
FX202962,25/07/2025,Saanvi Reddy,EAST,Fish Curry Meals,4,335.58,0.2,UPI
FX201063,03/05/2025,Dev Sharma,North,Paneer Butter Masala,2,261.59,0.2,Card
FX204280,2025-05-12,Rohan Pillai,North,Chocolate Brownie,1,147.51,0.0,Cash on Delivery
FX202775,2025-01-15,Rahul Sinha,SOUTH,Chocolate Brownie,4,147.51,0.15,Cash on Delivery
FX202650,03/08/2025,Omkar Deshpande,North,Veg Fried Rice,1,195.02,0.0,UPI
FX208902,15/06/2025,,SOUTH,Green Salad,6,137.61,0.25,Wallet
FX203485,08-21-2025,Kavya Subramanian,south,Veg Biryani,4,221.19,0.05,Card
FX200229,29/10/2025,Arjun Verma,south,Butter Naan,8,44.55,0.2,Card
FX207688,23/06/2025,Kavya Subramanian,west,Gulab Jamun,3,98.01,0.1,UPI
FX206310,2025-08-03,Aarav Mehta,East,Veg Fried Rice,5,199.0,0.0,Wallet
FX200689,30/01/2025,Kavya Subramanian,North,Mutton Roll,8,279.0,0.25,Cash on Delivery
FX201271,08/09/2025,Dev Sharma,North,Margherita Pizza,1,249.0,0.25,Wallet
FX206448,2025-12-29,Kabir Shah,north,Gulab Jamun,6,99.0,0.0,Wallet
FX201780,2025-03-01,Aditya Ghosh,north,Farmhouse Pizza,3,399.0,0.0,UPI
FX203553,02/03/2025,Dev Sharma,EAST,Butter Naan,2,45.45,0.0,Card
FX203158,05-01-2025,Nisha Gupta,North,Veg Biryani,5,223.38,,Wallet
FX203830,2025-08-26,Sneha Varma,west,Butter Naan,2,44.1,,Card
FX204921,08/01/2025,Ishita Bose,north,Butter Naan,8,44.55,0.15,Card
FX201969,01-29-2025,Sneha Varma,SOUTH,Cold Coffee,7,121.38,0.2,UPI
FX205934,05-20-2025,Riya Kapoor,SOUTH,Butter Naan,4,45.0,0.25,UPI
FX208594,2025-05-19,Tara Joshi,East,Spring Roll,7,157.41,0.05,Cash on Delivery
FX204741,29/12/2025,Priya Balaji,West,Green Salad,2,137.61,0.0,Card
FX206133,2025-03-02,Nisha Gupta,EAST,Tandoori Chicken,8,449.0,0.05,Cash on Delivery
FX203592,26/11/2025,Aarav Mehta,West,Idli Sambar,5,88.11,0.15,UPI
FX204880,17/02/2025,Ishita Bose,south,Veg Fried Rice,2,197.01,0.0,Card
FX208909,01/06/2025,Dev Sharma,EAST,Spring Roll,4,155.82,0.25,Wallet
FX204924,2025-09-22,Arjun Verma,North,Farmhouse Pizza,4,395.01,0.05,UPI
FX206506,01-01-2025,Ishita Bose,East,Chicken Noodles,8,241.39,0.2,Wallet
FX208027,2025-07-03,Karthik Raman,west,Green Salad,2,141.78,0.1,Card
FX203610,11-22-2025,Dev Sharma,south,Chocolate Brownie,3,151.98,0.0,Card
FX203629,2025-04-14,Arjun Verma,SOUTH,Chocolate Brownie,8,151.98,0.15,Cash on Delivery
FX206332,01/08/2025,Arjun Verma,west,Chocolate Brownie,4,147.51,0.0,Wallet
FX204499,13/02/2025,Nikhil Menon,EAST,Chocolate Brownie,2,150.49,0.05,Wallet
FX204164,2025-08-27,Kabir Shah,West,Margherita Pizza,8,249.0,,Card
FX204057,2025-06-28,Arjun Verma,south,Veg Fried Rice,-3,200.99,0.05,Cash on Delivery
FX202687,2025-07-04,Ananya Iyer,East,Butter Naan,4,45.0,0.05,Wallet
FX201503,19/09/2025,Lakshmi Prasad,south,Tandoori Chicken,3,444.51,0.15,Cash on Delivery
FX204988,2025-06-15,Saanvi Reddy,west,Spring Roll,3,155.82,0.1,Card
FX208797,09-11-2025,Dev Sharma,North,Butter Naan,1,45.0,0.2,Cash on Delivery
FX204248,26/02/2025,Kabir Shah,south,Idli Sambar,6,89.0,0.0,Cash on Delivery
FX204911,2025-12-28,,west,Paneer Butter Masala,6,259.0,0.1,Card
FX200732,2025-08-25,Ishita Bose,East,Masala Dosa,3,131.58,0.15,Wallet
FX202945,08-23-2025,Karthik Raman,north,Mutton Roll,1,279.0,0.25,Card
FX200892,26/03/2025,Kabir Shah,West,Spring Roll,1,155.82,0.0,Cash on Delivery
FX207595,2025-05-21,Manish Tiwari,West,Mutton Roll,6,273.42,0.15,Card
FX206104,2025-12-27,Karthik Raman,west,Masala Dosa,6,126.42,0.05,Card
FX205189,05-12-2025,Ananya Iyer,north,Farmhouse Pizza,7,399.0,0.0,Wallet
FX207892,2025-11-07,Manish Tiwari,SOUTH,Gulab Jamun,5,99.0,,Card
FX203313,02-12-2025,Rahul Sinha,north,Green Salad,3,137.61,0.15,Cash on Delivery
FX206807,10-02-2025,Tara Joshi,south,Mutton Roll,6,279.0,0.0,Card
FX200734,07-23-2025,Saanvi Reddy,west,Mutton Roll,1,279.0,0.05,UPI
FX208121,26/11/2025,Manish Tiwari,West,Cold Coffee,7,117.81,0.05,Cash on Delivery
FX200516,14/02/2025,Riya Kapoor,north,Margherita Pizza,3,244.02,0.1,Card
FX205022,2025-05-23,Aditya Ghosh,West,Veg Fried Rice,7,199.0,0.0,Wallet
FX201557,26/07/2025,Arjun Verma,west,Margherita Pizza,5,253.98,0.0,UPI
FX204938,07-25-2025,Vihaan Rao,west,Chicken Noodles,4,234.22,0.2,UPI
FX202414,2025-05-11,Omkar Deshpande,SOUTH,Mango Lassi,7,109.0,0.15,Card
FX205628,01-11-2025,Saanvi Reddy,north,Chicken Biryani,6,283.22,0.05,UPI
FX208331,11-20-2025,Diya Nair,EAST,Farmhouse Pizza,4,391.02,0.25,Wallet
FX203332,27/05/2025,Manish Tiwari,west,Chicken Biryani,2,294.78,0.0,UPI
FX206214,23/09/2025,Omkar Deshpande,west,Paneer Butter Masala,2,256.41,0.15,Cash on Delivery
FX201804,2025-06-07,Nikhil Menon,SOUTH,Gulab Jamun,4,100.98,0.05,UPI
FX207662,03-29-2025,Nisha Gupta,EAST,Veg Fried Rice,2,199.0,0.25,UPI
FX201032,06/09/2025,Omkar Deshpande,EAST,Farmhouse Pizza,6,402.99,0.2,Cash on Delivery
FX202064,2025-09-11,Meera Krishnan,West,Gulab Jamun,4,99.0,0.0,Wallet
FX208556,2025-02-21,Yash Patel,SOUTH,Gulab Jamun,2,99.0,0.15,UPI
FX202867,22/01/2025,Ananya Iyer,north,Butter Naan,6,44.1,0.15,UPI
FX203223,01-11-2025,Meera Krishnan,North,Masala Dosa,3,127.71,0.0,Cash on Delivery
FX202256,2025-07-22,Sneha Varma,East,Margherita Pizza,6,246.51,0.0,UPI
FX204205,04/03/2025,Aarav Mehta,EAST,Masala Dosa,4,127.71,0.1,UPI
FX203480,11-23-2025,Rahul Sinha,north,Gulab Jamun,7,99.0,0.1,Cash on Delivery
FX206540,2025-01-14,Ishita Bose,East,Spring Roll,8,157.41,0.0,UPI
FX204802,30/05/2025,,north,Butter Naan,3,44.1,0.0,UPI
FX200720,2025-10-01,Omkar Deshpande,north,Mutton Roll,4,276.21,0.0,Card
FX207212,29/12/2025,Meera Krishnan,East,Veg Biryani,5,216.81,0.0,Wallet
FX205470,15/04/2025,Sneha Varma,SOUTH,Chicken Noodles,4,236.61,0.2,UPI
FX203138,06/05/2025,Tara Joshi,East,Paneer Butter Masala,3,253.82,0.15,UPI
FX208471,2025-07-03,Priya Balaji,north,Green Salad,5,140.39,0.0,Cash on Delivery
FX204864,2025-05-12,Priya Balaji,EAST,Idli Sambar,1,90.78,0.2,Card
FX207952,2025-08-27,Yash Patel,EAST,Farmhouse Pizza,5,402.99,0.0,Wallet
FX204011,10-11-2025,Meera Krishnan,EAST,Filter Coffee,5,58.41,0.0,Cash on Delivery
FX206952,2025-09-17,Arjun Verma,north,Cold Coffee,6,119.0,0.2,UPI
FX201908,11/06/2025,Nikhil Menon,West,Masala Dosa,1,129.0,0.25,Card
FX206933,2025-09-18,Nisha Gupta,south,Veg Fried Rice,6,197.01,0.0,Card
FX205630,09-02-2025,Saanvi Reddy,south,Mutton Roll,3,273.42,0.0,Card
FX201794,18/06/2025,Lakshmi Prasad,north,Veg Fried Rice,2,202.98,0.0,Cash on Delivery
FX206137,25/03/2025,Priya Balaji,west,Tandoori Chicken,6,444.51,0.1,UPI
FX206537,08-12-2025,Arjun Verma,SOUTH,Tandoori Chicken,3,457.98,0.1,Card
FX207762,12/05/2025,Vihaan Rao,West,Butter Naan,4,44.1,0.05,Cash on Delivery
FX202106,22/07/2025,Priya Balaji,west,Cold Coffee,3,119.0,0.0,Card
FX202335,2025-02-05,Rahul Sinha,north,Cold Coffee,3,120.19,0.2,UPI
FX200825,2025-02-22,Rohan Pillai,EAST,Tandoori Chicken,7,440.02,0.2,Card
FX204317,2025-12-29,Ishita Bose,west,Mango Lassi,4,110.09,0.2,Cash on Delivery
FX208894,2025-06-03,Lakshmi Prasad,south,Fish Curry Meals,7,329.0,0.15,Cash on Delivery
FX208935,2025-08-05,Saanvi Reddy,north,Chocolate Brownie,1,150.49,0.2,Wallet
FX201170,06/04/2025,Omkar Deshpande,north,Chocolate Brownie,3,150.49,0.25,Card
FX201153,2025-09-14,Nikhil Menon,north,Chicken Noodles,6,236.61,0.15,UPI
FX207706,2025-04-14,Meera Krishnan,West,Chicken Noodles,1,236.61,,UPI
FX204025,05/04/2025,Sneha Varma,North,Gulab Jamun,4,97.02,0.0,Card
FX200867,2025-05-30,Dev Sharma,East,Farmhouse Pizza,3,395.01,0.05,UPI
FX208348,01/12/2025,Kavya Subramanian,West,Veg Fried Rice,8,195.02,0.0,Wallet
FX208192,12/01/2025,Tara Joshi,west,Spring Roll,6,159.0,0.25,UPI
FX202120,02-20-2025,Rohan Pillai,SOUTH,Margherita Pizza,5,244.02,0.0,UPI
FX200912,14/07/2025,Ishita Bose,EAST,Veg Biryani,4,219.0,0.0,Cash on Delivery
FX202362,24/10/2025,Rohan Pillai,North,Chicken Noodles,4,243.78,0.05,UPI
FX206499,08/07/2025,Aarav Mehta,west,Chicken Biryani,8,294.78,0.15,Cash on Delivery
FX200749,2025-11-18,Aarav Mehta,West,Tandoori Chicken,3,440.02,0.2,UPI
FX205233,04-10-2025,Karthik Raman,North,Butter Naan,4,45.9,0.0,UPI
FX204292,22/03/2025,Arjun Verma,SOUTH,Veg Fried Rice,7,195.02,0.1,Cash on Delivery
FX202203,14/03/2025,Aditya Ghosh,North,Veg Biryani,6,223.38,0.1,Cash on Delivery
FX201622,07/08/2025,Dev Sharma,south,Cold Coffee,2,117.81,0.1,Card
FX201126,09-04-2025,Omkar Deshpande,East,Idli Sambar,7,88.11,0.15,Card
FX205835,2025-09-14,Nisha Gupta,West,Gulab Jamun,3,97.02,0.0,Wallet
FX205230,21/06/2025,Ananya Iyer,south,Cold Coffee,5,119.0,0.05,Wallet
FX203832,08-13-2025,Kabir Shah,west,Tandoori Chicken,7,440.02,,Cash on Delivery
FX200441,2025-05-19,Saanvi Reddy,North,Idli Sambar,8,89.0,0.15,Wallet
FX202814,02-19-2025,Rahul Sinha,EAST,Veg Biryani,2,221.19,0.05,Card
FX206756,11-04-2025,Lakshmi Prasad,East,Farmhouse Pizza,1,399.0,0.0,Card
FX205992,04/05/2025,Arjun Verma,SOUTH,Idli Sambar,6,89.0,0.0,Wallet
FX206716,02-27-2025,,EAST,Chicken Noodles,7,239.0,0.05,UPI
FX208766,22/04/2025,Tara Joshi,north,Farmhouse Pizza,3,391.02,0.2,UPI
FX202275,27/02/2025,Rohan Pillai,west,Green Salad,6,140.39,0.0,Card
FX200902,22/07/2025,Saanvi Reddy,south,Veg Fried Rice,3,199.0,0.2,Card
FX200490,10-01-2025,Nisha Gupta,SOUTH,Veg Fried Rice,8,202.98,0.2,UPI
FX205478,10/08/2025,Omkar Deshpande,north,Chocolate Brownie,7,150.49,0.25,Wallet
FX206811,24/10/2025,Meera Krishnan,West,Paneer Butter Masala,2,264.18,0.1,Card
FX204607,02-17-2025,Nikhil Menon,EAST,Margherita Pizza,4,251.49,0.0,Cash on Delivery
FX204162,2025-09-23,Omkar Deshpande,East,Margherita Pizza,1,251.49,0.0,Wallet
FX201509,20/05/2025,Kavya Subramanian,south,Chicken Noodles,3,239.0,0.0,UPI
FX204487,05-19-2025,Kabir Shah,North,Chicken Biryani,7,289.0,0.0,Card
FX208709,17/07/2025,Meera Krishnan,East,Spring Roll,6,157.41,0.1,UPI
FX205823,2025-12-25,Rahul Sinha,EAST,Chicken Noodles,3,239.0,0.05,UPI
FX205459,12-14-2025,Sneha Varma,EAST,Filter Coffee,8,60.18,0.15,Wallet
FX205332,08/12/2025,Dev Sharma,East,Chocolate Brownie,3,151.98,0.0,Wallet
FX205948,07/02/2025,Tara Joshi,West,Chicken Biryani,8,291.89,0.0,Card
FX206439,20/06/2025,Nisha Gupta,north,Farmhouse Pizza,1,399.0,,Cash on Delivery
FX208054,17/04/2025,Aarav Mehta,SOUTH,Spring Roll,3,157.41,0.05,UPI
FX200397,06-23-2025,Priya Balaji,west,Green Salad,8,137.61,0.25,Card
FX201890,2025-07-27,Vihaan Rao,East,Mutton Roll,8,276.21,0.1,Card
FX201639,2025-02-11,Saanvi Reddy,North,Chocolate Brownie,1,147.51,0.15,Cash on Delivery
FX208603,2025-01-15,Rohan Pillai,south,Veg Fried Rice,6,200.99,0.0,Card
FX206312,2025-08-22,Lakshmi Prasad,north,Margherita Pizza,2,249.0,0.15,Cash on Delivery
FX200616,2025-12-31,Sneha Varma,north,Spring Roll,5,157.41,0.0,Cash on Delivery
FX207231,04-28-2025,Riya Kapoor,East,Paneer Butter Masala,7,264.18,0.15,UPI
FX207122,2025-06-29,Karthik Raman,west,Filter Coffee,7,58.41,0.1,Wallet
FX202352,2025-07-25,Lakshmi Prasad,SOUTH,Idli Sambar,1,87.22,,Cash on Delivery
FX201038,2025-09-04,,East,Masala Dosa,6,131.58,0.2,UPI
FX203803,24/10/2025,Vihaan Rao,north,Chocolate Brownie,2,151.98,0.2,UPI
FX203992,10/07/2025,Nikhil Menon,west,Margherita Pizza,7,246.51,0.0,Cash on Delivery
FX204125,2025-03-10,Lakshmi Prasad,west,Chicken Biryani,2,286.11,0.05,Card
FX204408,2025-08-23,Manish Tiwari,EAST,Veg Biryani,8,216.81,0.2,Wallet
FX201688,10-26-2025,Meera Krishnan,south,Chicken Noodles,7,234.22,0.15,UPI
FX207409,2025-09-12,Kavya Subramanian,North,Chocolate Brownie,2,150.49,0.0,Wallet
FX205179,10/01/2025,Kavya Subramanian,West,Chicken Biryani,7,294.78,0.1,UPI
FX208531,04-12-2025,Tara Joshi,west,Mutton Roll,5,279.0,0.2,Card
FX206686,2025-01-06,Yash Patel,south,Veg Biryani,6,214.62,0.05,UPI
FX200203,2025-01-27,Rohan Pillai,west,Green Salad,8,141.78,0.1,Cash on Delivery
FX206942,2025-04-06,Riya Kapoor,East,Masala Dosa,8,126.42,0.25,Cash on Delivery
FX206815,12-24-2025,,East,Mutton Roll,8,273.42,0.0,Cash on Delivery
FX206563,06-04-2025,Aditya Ghosh,West,Masala Dosa,1,127.71,0.25,Cash on Delivery
FX208763,2025-06-18,Aditya Ghosh,SOUTH,Chicken Noodles,1,239.0,0.25,Card
FX200715,04/01/2025,Nikhil Menon,West,Masala Dosa,7,127.71,0.2,Cash on Delivery
FX201689,2025-11-26,Yash Patel,EAST,Spring Roll,8,160.59,0.0,Card
FX207072,2025-03-09,Manish Tiwari,EAST,Masala Dosa,3,126.42,0.0,Wallet
FX206869,03-17-2025,Omkar Deshpande,north,Veg Fried Rice,5,197.01,0.15,Card
FX203381,2025-03-22,Kabir Shah,North,Veg Biryani,8,219.0,0.1,Wallet
FX206875,2025-07-21,Nikhil Menon,west,Mango Lassi,1,109.0,0.1,UPI
FX203310,21/05/2025,Nisha Gupta,SOUTH,Idli Sambar,6,88.11,0.15,Card
FX206226,2025-03-19,Yash Patel,East,Margherita Pizza,7,253.98,0.25,Wallet
FX206014,14/04/2025,Omkar Deshpande,North,Veg Biryani,3,216.81,0.0,Wallet
FX205591,21/12/2025,Karthik Raman,west,Margherita Pizza,4,244.02,0.0,Cash on Delivery
FX202520,2025-03-30,Rohan Pillai,North,Cold Coffee,1,119.0,0.0,Cash on Delivery
FX204211,2025-04-22,Yash Patel,west,Paneer Butter Masala,7,253.82,0.1,Wallet
FX207750,08-30-2025,Omkar Deshpande,west,Veg Biryani,3,219.0,0.0,Wallet
FX204736,2025-09-05,Riya Kapoor,North,Chocolate Brownie,1,147.51,0.05,Card
FX206374,2025-09-19,Dev Sharma,North,Filter Coffee,8,59.59,0.15,Card
FX205150,2025-01-11,Karthik Raman,EAST,Idli Sambar,1,87.22,0.0,UPI
FX202412,2025-03-20,Kavya Subramanian,SOUTH,Mutton Roll,8,284.58,0.15,Card
FX200556,2025-02-13,Aarav Mehta,West,Veg Fried Rice,4,200.99,0.05,Cash on Delivery
FX202568,27/11/2025,Priya Balaji,North,Idli Sambar,1,88.11,0.15,Cash on Delivery
FX204388,18/02/2025,Diya Nair,West,Green Salad,7,140.39,0.1,Card
FX208373,07-26-2025,Kabir Shah,North,Veg Biryani,6,221.19,0.1,Cash on Delivery
FX201645,05-28-2025,Diya Nair,west,Idli Sambar,8,88.11,0.0,Card
FX202119,2025-07-29,Aditya Ghosh,south,Paneer Butter Masala,4,261.59,,Wallet
FX208265,24/04/2025,Lakshmi Prasad,SOUTH,Farmhouse Pizza,5,391.02,0.25,Cash on Delivery
FX208597,2025-06-06,Aditya Ghosh,south,Chicken Noodles,6,239.0,0.0,Card
FX200890,05-10-2025,Aditya Ghosh,north,Chicken Biryani,7,291.89,0.2,UPI
FX201423,2025-12-06,Rohan Pillai,EAST,Chicken Biryani,7,286.11,0.2,UPI
FX206195,2025-04-21,Kavya Subramanian,North,Veg Fried Rice,7,200.99,0.0,UPI
FX204063,23/10/2025,Arjun Verma,SOUTH,Chicken Biryani,4,283.22,0.0,Wallet
FX203016,2025-08-24,Nisha Gupta,south,Chicken Noodles,8,236.61,0.0,UPI
FX208667,2025-06-05,Saanvi Reddy,East,Fish Curry Meals,3,329.0,0.15,Card
FX201536,04-05-2025,Sneha Varma,west,Fish Curry Meals,6,332.29,0.0,UPI
FX208485,03-12-2025,Saanvi Reddy,East,Fish Curry Meals,4,335.58,0.0,UPI
FX204504,2025-03-04,Priya Balaji,north,Veg Fried Rice,2,200.99,0.0,UPI
FX200500,2025-09-18,Sneha Varma,West,Farmhouse Pizza,4,399.0,0.2,Wallet
FX202151,16/03/2025,Sneha Varma,SOUTH,Margherita Pizza,1,246.51,0.05,UPI
FX203081,2025-04-18,Dev Sharma,west,Chocolate Brownie,1,150.49,0.25,Wallet
FX206693,25/05/2025,Tara Joshi,West,Tandoori Chicken,8,449.0,0.1,Wallet
FX205061,2025-02-08,Vihaan Rao,West,Green Salad,8,139.0,0.05,Cash on Delivery
FX208860,16/03/2025,Nikhil Menon,north,Paneer Butter Masala,3,256.41,,UPI
FX207015,21/12/2025,Nisha Gupta,north,Fish Curry Meals,2,322.42,0.05,Cash on Delivery
FX203497,04/01/2025,Nisha Gupta,north,Veg Fried Rice,7,199.0,0.0,UPI
FX202363,2025-02-26,Kabir Shah,west,Paneer Butter Masala,5,253.82,0.25,Cash on Delivery
FX205705,01/06/2025,Kabir Shah,north,Masala Dosa,4,126.42,0.05,Card
FX200013,2025-05-01,Rahul Sinha,north,Fish Curry Meals,8,332.29,0.0,UPI
FX200891,07-04-2025,Kavya Subramanian,west,Spring Roll,7,157.41,0.0,UPI
FX206110,06-30-2025,Ishita Bose,SOUTH,Gulab Jamun,2,98.01,0.25,Cash on Delivery
FX208349,27/02/2025,Rohan Pillai,north,Masala Dosa,8,126.42,0.2,Card
FX204370,2025-09-25,Yash Patel,North,Idli Sambar,5,88.11,0.05,UPI
FX203679,02/07/2025,Manish Tiwari,EAST,Paneer Butter Masala,3,259.0,,Cash on Delivery
FX201521,12-19-2025,Karthik Raman,West,Veg Fried Rice,6,200.99,0.05,Wallet
FX207041,2025-01-20,Yash Patel,SOUTH,Veg Biryani,1,219.0,0.25,Cash on Delivery
FX208148,31/07/2025,Saanvi Reddy,west,Cold Coffee,3,120.19,0.0,UPI
FX207804,2025-08-27,Sneha Varma,West,Paneer Butter Masala,3,259.0,0.0,Wallet
FX202748,2025-08-27,Nisha Gupta,East,Margherita Pizza,7,246.51,0.0,UPI
FX205817,10-17-2025,Vihaan Rao,south,Farmhouse Pizza,1,391.02,0.0,Card
FX206442,04-21-2025,Diya Nair,south,Veg Biryani,5,214.62,0.0,UPI
FX207633,05/10/2025,Yash Patel,SOUTH,Cold Coffee,2,116.62,0.05,Wallet
FX208433,2025-09-14,Rohan Pillai,North,Idli Sambar,7,88.11,0.15,UPI
FX202949,2025-12-27,Riya Kapoor,north,Filter Coffee,2,57.82,0.1,UPI
FX204121,04-10-2025,Aarav Mehta,EAST,Mango Lassi,1,111.18,0.05,Wallet
FX205642,05-17-2025,Aditya Ghosh,north,Chocolate Brownie,3,147.51,0.1,UPI
FX202341,18/03/2025,Ishita Bose,North,Masala Dosa,7,130.29,,Card
FX201342,2025-06-10,Ishita Bose,south,Chocolate Brownie,3,151.98,,Card
FX208426,24/02/2025,Manish Tiwari,East,Chicken Noodles,2,236.61,0.0,Cash on Delivery
FX207943,29/09/2025,Kavya Subramanian,south,Gulab Jamun,3,100.98,0.15,Card
FX203584,17/09/2025,Omkar Deshpande,West,Idli Sambar,1,90.78,0.0,Cash on Delivery
FX205032,08-02-2025,Aarav Mehta,EAST,Butter Naan,5,45.45,0.0,UPI
FX203785,2025-04-27,Riya Kapoor,west,Gulab Jamun,5,98.01,0.05,Cash on Delivery
FX205743,07-07-2025,Arjun Verma,North,Tandoori Chicken,1,457.98,0.0,UPI
FX206177,14/12/2025,Kavya Subramanian,west,Chicken Biryani,3,294.78,0.0,Card
FX200928,11/03/2025,Kabir Shah,west,Mutton Roll,7,281.79,0.0,UPI
FX202450,2025-02-13,Riya Kapoor,West,Butter Naan,6,44.1,,UPI
FX200429,2025-03-17,Rohan Pillai,EAST,Farmhouse Pizza,3,402.99,0.15,UPI
FX200998,2025-05-23,Kabir Shah,north,Chicken Noodles,4,239.0,0.0,Wallet
FX206930,2025-01-17,Sneha Varma,south,Butter Naan,4,45.9,0.0,Card
FX202772,23/12/2025,Manish Tiwari,SOUTH,Veg Biryani,3,216.81,0.0,Cash on Delivery
FX202367,2025-09-15,Aarav Mehta,East,Veg Fried Rice,7,202.98,0.25,UPI
FX206280,17/05/2025,,East,Green Salad,2,136.22,0.2,UPI
FX203230,18/01/2025,Aditya Ghosh,north,Gulab Jamun,4,100.98,0.2,UPI
FX205779,20/01/2025,Riya Kapoor,West,Green Salad,4,139.0,0.2,Wallet
FX200190,2025-12-27,Vihaan Rao,West,Fish Curry Meals,8,325.71,0.05,Wallet
FX203314,02/11/2025,Yash Patel,West,Gulab Jamun,1,98.01,0.0,Cash on Delivery
FX204547,2025-11-13,Ananya Iyer,North,Veg Biryani,5,216.81,0.05,Card
FX208172,08-24-2025,Nikhil Menon,SOUTH,Masala Dosa,4,129.0,0.05,UPI
FX206047,2025-05-31,Meera Krishnan,SOUTH,Veg Fried Rice,6,200.99,0.0,Wallet
FX201558,05-22-2025,Aditya Ghosh,south,Paneer Butter Masala,3,261.59,0.25,UPI
FX201395,16/03/2025,Vihaan Rao,North,Fish Curry Meals,8,332.29,0.0,Card
FX202674,09-21-2025,Karthik Raman,EAST,Filter Coffee,5,60.18,0.1,Wallet
FX201452,2025-11-21,Meera Krishnan,south,Farmhouse Pizza,6,406.98,0.25,UPI
FX204172,12-15-2025,Rohan Pillai,north,Chicken Biryani,8,291.89,0.1,Cash on Delivery
FX202470,04-16-2025,Rahul Sinha,west,Veg Biryani,4,221.19,0.0,Wallet
FX204236,11-13-2025,Karthik Raman,north,Veg Biryani,6,221.19,0.2,Wallet
FX203337,06/11/2025,Nisha Gupta,south,Masala Dosa,4,129.0,0.0,Cash on Delivery
FX206603,16/10/2025,Sneha Varma,north,Filter Coffee,2,59.0,0.1,Cash on Delivery
FX202964,2025-09-15,Omkar Deshpande,East,Fish Curry Meals,3,325.71,0.1,UPI
FX205765,2025-02-02,Manish Tiwari,North,Farmhouse Pizza,4,391.02,0.15,Cash on Delivery
FX203083,2025-03-07,Saanvi Reddy,north,Veg Biryani,4,214.62,0.0,UPI
FX205126,2025-09-12,Rahul Sinha,west,Fish Curry Meals,8,325.71,0.05,Card
FX204893,2025-01-20,Meera Krishnan,SOUTH,Tandoori Chicken,8,453.49,0.2,UPI
FX207336,16/06/2025,Riya Kapoor,West,Mutton Roll,8,273.42,0.1,Card
FX205820,12/07/2025,Karthik Raman,SOUTH,Green Salad,1,140.39,0.0,Card
FX202902,25/12/2025,Dev Sharma,south,Chicken Biryani,5,286.11,0.15,Cash on Delivery
FX203510,08-09-2025,Rohan Pillai,north,Chicken Biryani,6,289.0,0.15,Cash on Delivery
FX202733,2025-04-11,Vihaan Rao,west,Masala Dosa,5,126.42,0.0,Cash on Delivery
FX203666,08/10/2025,Manish Tiwari,SOUTH,Chicken Noodles,1,236.61,0.15,UPI
FX200050,22/02/2025,,west,Gulab Jamun,8,98.01,0.25,Wallet
FX205682,2025-09-01,Manish Tiwari,SOUTH,Chicken Noodles,4,241.39,0.05,UPI
FX203125,01/07/2025,Sneha Varma,North,Butter Naan,6,45.45,0.05,UPI
FX207632,2025-01-29,Kabir Shah,East,Butter Naan,7,44.55,0.0,Cash on Delivery
FX200244,2025-08-23,Manish Tiwari,East,Veg Fried Rice,3,199.0,0.15,Wallet
FX202563,2025-12-10,Manish Tiwari,SOUTH,Farmhouse Pizza,2,406.98,0.15,Card
FX201665,26/11/2025,Rahul Sinha,EAST,Fish Curry Meals,6,329.0,0.05,Cash on Delivery
FX205167,22/04/2025,Omkar Deshpande,south,Mango Lassi,6,106.82,0.0,Cash on Delivery
FX208020,2025-04-01,Arjun Verma,North,Farmhouse Pizza,7,395.01,0.1,Cash on Delivery
FX207135,12/01/2025,Aarav Mehta,West,Chicken Noodles,2,241.39,0.0,Cash on Delivery
FX204993,2025-10-12,Ananya Iyer,North,Paneer Butter Masala,7,264.18,0.0,Card
FX208830,2025-02-03,Ananya Iyer,EAST,Paneer Butter Masala,4,253.82,0.05,Card
FX201132,06-01-2025,Nikhil Menon,EAST,Farmhouse Pizza,6,395.01,0.2,Cash on Delivery
FX200774,2025-07-19,Priya Balaji,north,Mango Lassi,2,106.82,0.0,UPI
FX203654,2025-07-14,Lakshmi Prasad,north,Paneer Butter Masala,8,253.82,0.25,Cash on Delivery
FX205532,13/07/2025,Yash Patel,south,Paneer Butter Masala,6,259.0,0.2,Wallet
FX206478,04/08/2025,,west,Chicken Biryani,2,294.78,0.25,UPI
FX206585,04/05/2025,Riya Kapoor,North,Mutton Roll,3,284.58,0.15,UPI
FX205272,2025-12-03,Diya Nair,SOUTH,Veg Biryani,8,214.62,0.0,Wallet
FX200296,2025-08-01,Nikhil Menon,west,Butter Naan,6,45.45,0.0,Wallet
FX206443,2025-09-06,Nikhil Menon,EAST,Cold Coffee,4,116.62,0.0,Cash on Delivery
FX208842,05-30-2025,Priya Balaji,East,Idli Sambar,4,88.11,0.25,UPI
FX202032,07-16-2025,Saanvi Reddy,SOUTH,Mutton Roll,7,284.58,0.25,Wallet
FX201598,18/04/2025,Kabir Shah,EAST,Filter Coffee,8,58.41,0.0,UPI
FX206103,2025-12-14,Rohan Pillai,south,Masala Dosa,1,126.42,0.2,Card
FX204137,2025-08-15,Kabir Shah,SOUTH,Veg Fried Rice,2,202.98,0.15,Wallet
FX207812,17/02/2025,Karthik Raman,West,Tandoori Chicken,3,453.49,0.05,UPI
FX202565,2025-06-12,Aarav Mehta,EAST,Chicken Noodles,-7,241.39,0.1,Wallet
FX205593,08/12/2025,Meera Krishnan,SOUTH,Cold Coffee,3,116.62,0.0,UPI
FX204727,01-02-2025,Riya Kapoor,East,Tandoori Chicken,5,440.02,0.2,Cash on Delivery
FX200340,2025-07-18,Diya Nair,West,Idli Sambar,2,87.22,0.1,Cash on Delivery
FX206645,2025-09-19,Manish Tiwari,West,Masala Dosa,6,131.58,0.0,Cash on Delivery
FX200146,2025-09-22,Arjun Verma,North,Idli Sambar,4,88.11,0.0,Card
FX201056,2025-03-05,Ananya Iyer,south,Green Salad,8,139.0,0.0,UPI
FX207773,2025-09-29,Yash Patel,north,Idli Sambar,8,87.22,,UPI
FX207266,2025-01-13,,south,Farmhouse Pizza,2,395.01,0.0,UPI
FX201960,09-03-2025,Nisha Gupta,SOUTH,Spring Roll,4,155.82,0.2,Wallet
FX202601,2025-11-19,Lakshmi Prasad,west,Spring Roll,4,155.82,0.05,UPI
FX204494,05/11/2025,Rohan Pillai,EAST,Farmhouse Pizza,3,406.98,0.0,UPI
FX202007,07/09/2025,Kabir Shah,West,Tandoori Chicken,4,453.49,0.0,UPI
FX207154,11/04/2025,Meera Krishnan,north,Butter Naan,7,45.9,0.05,Card
FX205198,25/04/2025,Riya Kapoor,North,Margherita Pizza,6,246.51,0.0,Card
FX202830,04-09-2025,Meera Krishnan,West,Idli Sambar,3,89.89,0.1,Wallet
FX205099,06-07-2025,Dev Sharma,SOUTH,Gulab Jamun,2,99.0,0.1,Wallet
FX202879,25/10/2025,Vihaan Rao,EAST,Tandoori Chicken,4,444.51,0.0,Wallet
FX207929,2025-12-31,Omkar Deshpande,North,Fish Curry Meals,8,322.42,0.0,UPI
FX207883,07/03/2025,Ananya Iyer,East,Farmhouse Pizza,7,402.99,0.0,Cash on Delivery
FX203868,19/10/2025,Tara Joshi,North,Chicken Noodles,2,243.78,0.0,Wallet
FX200206,2025-10-14,Omkar Deshpande,EAST,Chicken Noodles,1,236.61,0.25,UPI
FX201229,2025-12-03,Dev Sharma,North,Farmhouse Pizza,6,406.98,0.15,Wallet
FX204995,2025-07-20,Tara Joshi,south,Mango Lassi,1,111.18,0.0,Card
FX205466,12-21-2025,Arjun Verma,EAST,Fish Curry Meals,2,332.29,0.2,Cash on Delivery
FX201152,30/09/2025,Priya Balaji,East,Masala Dosa,1,127.71,0.0,UPI
FX203360,08-22-2025,Diya Nair,west,Chicken Noodles,4,241.39,0.15,Card
FX208850,10-09-2025,Meera Krishnan,south,Cold Coffee,7,117.81,0.0,UPI
FX203437,2025-04-09,Lakshmi Prasad,North,Chicken Biryani,3,289.0,0.1,Wallet
FX205491,2025-02-20,Aarav Mehta,west,Paneer Butter Masala,4,256.41,0.1,Cash on Delivery
FX205583,15/01/2025,Diya Nair,north,Mango Lassi,5,110.09,,Card
FX201837,2025-05-24,Nikhil Menon,SOUTH,Cold Coffee,2,119.0,0.25,UPI
FX202534,03-19-2025,Manish Tiwari,west,Veg Biryani,6,216.81,0.25,Cash on Delivery
FX200911,2025-10-09,Nikhil Menon,south,Masala Dosa,3,131.58,0.05,Cash on Delivery
FX200438,12/02/2025,Manish Tiwari,south,Farmhouse Pizza,7,399.0,,Cash on Delivery
FX203133,2025-10-20,Tara Joshi,East,Filter Coffee,7,57.82,0.1,Wallet
FX202138,18/05/2025,Dev Sharma,North,Chicken Biryani,6,286.11,0.25,Cash on Delivery
FX205227,06-24-2025,Diya Nair,SOUTH,Spring Roll,7,155.82,,Wallet
FX207829,2025-12-13,Saanvi Reddy,north,Veg Fried Rice,6,202.98,0.15,Card
FX202177,2025-02-10,Rohan Pillai,EAST,Green Salad,2,137.61,0.2,UPI
FX201142,29/01/2025,Manish Tiwari,south,Gulab Jamun,6,100.98,0.1,Wallet
FX207672,2025-12-10,Diya Nair,west,Chocolate Brownie,1,151.98,0.25,Wallet
FX205707,05-30-2025,Vihaan Rao,west,Margherita Pizza,5,246.51,0.0,Card
FX208382,31/01/2025,Omkar Deshpande,EAST,Veg Fried Rice,2,195.02,0.15,Wallet
FX200270,10/07/2025,Sneha Varma,SOUTH,Masala Dosa,5,131.58,0.1,Wallet
FX202939,01-01-2025,Tara Joshi,East,Farmhouse Pizza,2,399.0,0.0,UPI
FX204215,12-17-2025,Ananya Iyer,SOUTH,Margherita Pizza,7,251.49,0.25,Wallet
FX201827,20/05/2025,Lakshmi Prasad,south,Chicken Biryani,5,294.78,0.05,UPI
FX200378,2025-07-28,Ishita Bose,SOUTH,Cold Coffee,3,117.81,0.0,Wallet
FX204368,2025-11-09,Vihaan Rao,North,Idli Sambar,8,88.11,,Card
FX205763,2025-09-16,Aditya Ghosh,East,Farmhouse Pizza,4,402.99,0.25,Card
FX205415,2025-04-07,Sneha Varma,East,Chicken Noodles,6,236.61,0.25,Wallet
FX203105,2025-07-16,,west,Chocolate Brownie,6,146.02,0.0,Wallet
FX205650,19/11/2025,Dev Sharma,north,Fish Curry Meals,4,332.29,0.0,Wallet
FX200116,12-27-2025,Ananya Iyer,EAST,Fish Curry Meals,4,329.0,0.0,Cash on Delivery
FX206261,2025-12-08,Priya Balaji,West,Green Salad,6,140.39,0.0,Card
FX200496,18/09/2025,Aditya Ghosh,north,Butter Naan,7,44.1,0.05,Cash on Delivery
FX208322,12-31-2025,Lakshmi Prasad,West,Butter Naan,4,45.0,0.15,Card
FX206963,05-01-2025,,West,Spring Roll,5,162.18,0.0,Wallet
FX201105,24/03/2025,Yash Patel,East,Fish Curry Meals,8,322.42,0.0,UPI
FX205192,2025-12-13,Arjun Verma,East,Masala Dosa,4,127.71,0.15,Card
FX204881,2025-04-25,Omkar Deshpande,west,Mutton Roll,6,273.42,0.0,Card
FX204157,2025-09-10,Diya Nair,north,Chicken Biryani,1,289.0,0.2,Cash on Delivery
FX204732,2025-12-09,Diya Nair,East,Margherita Pizza,8,253.98,0.0,Cash on Delivery
FX201360,2025-07-24,Aditya Ghosh,North,Chicken Biryani,7,283.22,0.0,Wallet
FX205916,19/07/2025,Aarav Mehta,East,Mango Lassi,7,107.91,0.0,Wallet
FX205405,12-06-2025,Rohan Pillai,EAST,Farmhouse Pizza,4,395.01,0.15,Cash on Delivery
FX200487,2025-07-30,Ananya Iyer,SOUTH,Mango Lassi,2,106.82,0.0,Wallet
FX202989,27/06/2025,Kabir Shah,north,Tandoori Chicken,3,457.98,0.05,Cash on Delivery
FX203828,2025-07-07,,north,Idli Sambar,5,87.22,0.0,Cash on Delivery
FX200539,18/09/2025,Tara Joshi,North,Green Salad,5,137.61,0.25,Wallet
FX208009,2025-06-17,Saanvi Reddy,north,Spring Roll,2,159.0,0.0,Wallet
FX202310,2025-04-23,Vihaan Rao,SOUTH,Paneer Butter Masala,5,259.0,0.2,Cash on Delivery
FX200528,2025-11-09,Yash Patel,West,Tandoori Chicken,7,440.02,0.0,UPI
FX200494,2025-12-01,Vihaan Rao,north,Filter Coffee,5,59.0,0.1,Wallet
FX201828,07-15-2025,Arjun Verma,south,Fish Curry Meals,1,325.71,0.15,Wallet
FX204677,02/10/2025,Aarav Mehta,East,Veg Fried Rice,5,195.02,0.0,UPI
FX202669,07-12-2025,Diya Nair,south,Chicken Noodles,3,243.78,0.15,Cash on Delivery
FX202583,2025-07-08,Meera Krishnan,west,Idli Sambar,3,89.0,0.0,UPI
FX202917,13/05/2025,Sneha Varma,south,Mutton Roll,5,273.42,0.25,Cash on Delivery
FX205285,22/03/2025,Vihaan Rao,EAST,Masala Dosa,6,130.29,0.2,Card
FX208928,17/08/2025,Aditya Ghosh,West,Mutton Roll,4,279.0,0.0,Cash on Delivery
FX200433,2025-06-22,Rahul Sinha,North,Gulab Jamun,8,99.0,0.0,UPI
FX202660,08/10/2025,Riya Kapoor,north,Green Salad,3,140.39,0.0,Cash on Delivery
FX201941,08-15-2025,Kabir Shah,south,Farmhouse Pizza,5,402.99,0.15,Wallet
FX200294,2025-04-26,Meera Krishnan,south,Cold Coffee,8,119.0,0.0,UPI
FX200398,2025-09-12,Vihaan Rao,EAST,Paneer Butter Masala,1,259.0,0.0,Card
FX206030,2025-10-06,Lakshmi Prasad,south,Paneer Butter Masala,-2,261.59,0.05,UPI
FX203513,07-08-2025,Rohan Pillai,south,Chocolate Brownie,6,147.51,0.2,Cash on Delivery
FX203199,2025-12-15,Rahul Sinha,SOUTH,Masala Dosa,7,127.71,0.15,Wallet
FX204837,11-07-2025,Vihaan Rao,EAST,Chicken Noodles,3,241.39,,Wallet
FX206223,09-14-2025,Meera Krishnan,EAST,Green Salad,1,139.0,0.15,Card
FX207465,30/06/2025,Kabir Shah,EAST,Chocolate Brownie,3,151.98,0.25,Wallet
FX208206,2025-11-07,Manish Tiwari,south,Chicken Noodles,3,234.22,0.05,Wallet
FX200157,18/07/2025,Arjun Verma,EAST,Butter Naan,6,44.55,0.2,Wallet
FX206804,2025-11-24,Vihaan Rao,SOUTH,Veg Fried Rice,5,197.01,0.05,Cash on Delivery
FX206582,2025-07-02,Kavya Subramanian,west,Mutton Roll,7,273.42,0.0,Cash on Delivery
FX200645,2025-07-08,Dev Sharma,south,Cold Coffee,4,121.38,0.25,Wallet
FX202383,2025-02-25,Sneha Varma,west,Margherita Pizza,8,251.49,0.0,UPI
FX205306,06-02-2025,Riya Kapoor,EAST,Butter Naan,7,44.1,0.0,UPI
FX204006,02-06-2025,Omkar Deshpande,north,Chicken Noodles,6,234.22,0.05,Cash on Delivery
FX208150,2025-12-16,Sneha Varma,west,Veg Fried Rice,-6,195.02,0.0,Wallet
FX205827,2025-01-20,Aarav Mehta,EAST,Veg Fried Rice,4,202.98,0.25,Card
FX206083,2025-02-27,Nikhil Menon,West,Chocolate Brownie,4,151.98,0.1,Card
FX205020,12/05/2025,,East,Chicken Noodles,5,243.78,0.0,Cash on Delivery
FX203406,2025-07-13,Rahul Sinha,west,Veg Fried Rice,1,195.02,0.15,Cash on Delivery
FX207515,2025-04-09,Karthik Raman,East,Gulab Jamun,4,97.02,0.1,Card
FX208706,09-05-2025,Omkar Deshpande,west,Margherita Pizza,5,251.49,0.0,Card
FX202053,2025-09-27,Rohan Pillai,West,Tandoori Chicken,5,453.49,0.1,UPI
FX206663,2025-12-12,,SOUTH,Mango Lassi,5,106.82,0.2,UPI
FX201920,06-12-2025,Rahul Sinha,West,Chicken Noodles,4,243.78,0.25,Cash on Delivery
FX204517,2025-07-04,Kavya Subramanian,East,Butter Naan,-1,45.0,0.0,Cash on Delivery
FX206598,2025-08-08,Aarav Mehta,south,Tandoori Chicken,6,453.49,0.25,UPI
FX202651,05/02/2025,Rahul Sinha,south,Filter Coffee,8,60.18,0.1,Cash on Delivery
FX202258,05-16-2025,Tara Joshi,south,Paneer Butter Masala,3,253.82,0.0,Cash on Delivery
FX204973,2025-05-31,Meera Krishnan,EAST,Butter Naan,7,45.0,,Wallet
FX203677,02-18-2025,Manish Tiwari,SOUTH,Mango Lassi,8,110.09,0.0,Cash on Delivery
FX200741,2025-06-11,Kabir Shah,West,Chicken Biryani,2,294.78,0.1,UPI
FX201006,2025-01-12,Aarav Mehta,north,Tandoori Chicken,4,444.51,0.15,Wallet
FX201135,06-05-2025,Saanvi Reddy,west,Chicken Biryani,7,291.89,0.2,Cash on Delivery
FX207394,2025-02-17,Omkar Deshpande,EAST,Farmhouse Pizza,8,402.99,0.05,Cash on Delivery
FX204493,2025-02-15,Kavya Subramanian,north,Green Salad,4,141.78,0.2,Cash on Delivery
FX202511,2025-05-25,Aditya Ghosh,south,Cold Coffee,5,116.62,0.1,Cash on Delivery
FX206721,13/12/2025,Dev Sharma,East,Masala Dosa,8,126.42,0.05,Cash on Delivery
FX204014,2025-05-05,Sneha Varma,west,Cold Coffee,6,121.38,0.15,Card
FX205164,2025-12-17,Sneha Varma,south,Spring Roll,5,157.41,0.2,Card
FX205598,09-15-2025,Saanvi Reddy,North,Veg Biryani,3,221.19,0.0,Wallet
FX204015,2025-12-17,Ananya Iyer,East,Fish Curry Meals,5,322.42,0.1,Card
FX206825,29/12/2025,Meera Krishnan,North,Farmhouse Pizza,2,402.99,0.0,Cash on Delivery
FX204828,2025-07-15,Omkar Deshpande,west,Butter Naan,1,44.55,0.05,Wallet
FX207197,04/08/2025,Ananya Iyer,EAST,Idli Sambar,8,89.89,,Wallet
FX205073,21/12/2025,Omkar Deshpande,north,Chocolate Brownie,5,151.98,0.0,Wallet
FX204459,2025-02-10,Rohan Pillai,north,Masala Dosa,3,126.42,,Wallet
FX208360,2025-07-03,Arjun Verma,West,Paneer Butter Masala,3,253.82,0.15,UPI
FX207396,23/05/2025,Arjun Verma,EAST,Fish Curry Meals,3,329.0,0.1,UPI
FX205450,05/08/2025,Kavya Subramanian,north,Veg Biryani,1,221.19,0.2,Wallet
FX204340,21/02/2025,Karthik Raman,EAST,Margherita Pizza,3,246.51,0.0,UPI
FX204807,2025-02-22,Diya Nair,EAST,Mango Lassi,7,106.82,0.05,Wallet
FX205416,28/05/2025,Kabir Shah,North,Veg Biryani,8,214.62,0.0,Cash on Delivery
FX200668,2025-06-03,Aarav Mehta,west,Veg Biryani,5,221.19,0.25,Wallet
FX201578,2025-08-01,Tara Joshi,north,Gulab Jamun,4,99.0,0.1,Cash on Delivery
FX203063,2025-07-24,Tara Joshi,EAST,Tandoori Chicken,4,453.49,0.25,UPI
FX200965,2025-05-05,Aditya Ghosh,West,Chicken Biryani,4,283.22,0.2,Cash on Delivery
FX207221,14/02/2025,Saanvi Reddy,SOUTH,Fish Curry Meals,5,335.58,0.05,Cash on Delivery
FX205542,26/05/2025,Manish Tiwari,EAST,Filter Coffee,1,57.82,0.1,Wallet
FX201078,20/06/2025,Dev Sharma,SOUTH,Margherita Pizza,4,244.02,0.25,Wallet
FX204350,2025-02-12,Nikhil Menon,SOUTH,Butter Naan,6,45.0,,UPI
FX206142,04/08/2025,Priya Balaji,West,Chicken Noodles,6,241.39,0.1,Card
FX204646,31/12/2025,Riya Kapoor,south,Filter Coffee,1,58.41,0.05,Wallet
FX206371,02/12/2025,Nisha Gupta,EAST,Chicken Biryani,5,294.78,0.0,Wallet
FX204628,2025-03-18,Aarav Mehta,west,Veg Fried Rice,1,195.02,0.05,Wallet
FX200333,03-10-2025,Manish Tiwari,west,Green Salad,7,141.78,0.05,Card
FX206650,08/01/2025,Tara Joshi,north,Paneer Butter Masala,8,253.82,0.2,Card
FX207694,01/04/2025,Rahul Sinha,North,Farmhouse Pizza,8,391.02,0.2,Card
FX208555,02/11/2025,,East,Chocolate Brownie,6,151.98,0.25,UPI
FX205448,06/08/2025,Tara Joshi,west,Mutton Roll,1,276.21,0.0,UPI
FX205360,04-14-2025,Aarav Mehta,south,Cold Coffee,1,121.38,0.05,Cash on Delivery
FX208736,2025-04-12,Ananya Iyer,North,Veg Fried Rice,2,197.01,0.0,Wallet
FX203367,2025-04-25,Aditya Ghosh,West,Margherita Pizza,3,244.02,0.0,Card
FX200922,16/11/2025,Lakshmi Prasad,south,Spring Roll,4,160.59,0.2,UPI
FX207094,2025-07-27,Aarav Mehta,East,Green Salad,2,137.61,0.0,Cash on Delivery
FX204955,06/11/2025,Kabir Shah,north,Cold Coffee,2,121.38,0.0,UPI
FX200402,03/02/2025,Rahul Sinha,North,Paneer Butter Masala,5,256.41,0.15,Wallet
FX205901,2025-09-18,Rohan Pillai,south,Fish Curry Meals,3,322.42,0.15,UPI
FX201251,07-16-2025,Yash Patel,north,Veg Fried Rice,4,197.01,0.0,Cash on Delivery
FX204789,09-17-2025,Omkar Deshpande,west,Farmhouse Pizza,1,399.0,0.0,Card
FX207577,2025-04-12,Tara Joshi,west,Mutton Roll,5,273.42,0.0,Wallet
FX203378,04/06/2025,Nikhil Menon,south,Idli Sambar,6,89.89,0.05,Cash on Delivery
FX208621,01-16-2025,Lakshmi Prasad,East,Mango Lassi,2,110.09,0.2,Cash on Delivery
FX204974,2025-10-16,Meera Krishnan,East,Spring Roll,2,155.82,0.1,Card
FX200407,10-09-2025,Yash Patel,East,Farmhouse Pizza,1,399.0,0.25,Card
FX201296,2025-11-22,Manish Tiwari,west,Green Salad,1,140.39,0.0,UPI
FX208022,2025-10-17,Saanvi Reddy,south,Paneer Butter Masala,4,259.0,0.0,Wallet
FX200580,2025-05-30,Nisha Gupta,EAST,Chicken Biryani,1,286.11,0.25,Card
FX206915,2025-01-02,Kabir Shah,north,Farmhouse Pizza,4,395.01,0.1,Wallet
FX207058,22/03/2025,Nikhil Menon,north,Tandoori Chicken,8,444.51,0.0,Cash on Delivery
FX207246,18/02/2025,Aditya Ghosh,south,Farmhouse Pizza,1,406.98,0.0,UPI
FX201259,08-09-2025,Saanvi Reddy,west,Farmhouse Pizza,4,402.99,0.0,Wallet
FX202364,14/02/2025,Diya Nair,north,Veg Biryani,3,214.62,0.1,Cash on Delivery
FX208962,09-12-2025,Kavya Subramanian,East,Butter Naan,6,44.1,0.0,Card
FX201102,08-01-2025,Ananya Iyer,East,Idli Sambar,2,87.22,0.0,UPI
FX201907,09/01/2025,,EAST,Masala Dosa,2,130.29,0.0,UPI
FX203379,01-10-2025,,south,Chicken Biryani,2,283.22,0.0,Card
FX203880,02-05-2025,Kabir Shah,EAST,Gulab Jamun,5,99.0,0.0,Cash on Delivery
FX201016,09/10/2025,Lakshmi Prasad,north,Paneer Butter Masala,3,261.59,0.2,Wallet
FX207196,2025-03-25,Aarav Mehta,North,Filter Coffee,4,59.0,0.0,Cash on Delivery
FX205829,2025-03-11,Vihaan Rao,West,Paneer Butter Masala,5,256.41,0.2,Wallet
FX200615,2025-03-29,Karthik Raman,SOUTH,Fish Curry Meals,6,325.71,0.25,Cash on Delivery
FX200313,06/06/2025,Aarav Mehta,SOUTH,Paneer Butter Masala,4,253.82,0.0,Cash on Delivery
FX202301,2025-04-29,Dev Sharma,North,Mutton Roll,7,281.79,0.25,Card
FX200679,2025-10-04,,EAST,Green Salad,1,139.0,0.0,Card
FX205213,2025-01-26,Dev Sharma,EAST,Mutton Roll,5,279.0,0.0,Wallet
FX204631,04-05-2025,Priya Balaji,West,Farmhouse Pizza,1,399.0,0.05,Wallet
FX203195,2025-04-23,Nikhil Menon,North,Paneer Butter Masala,1,259.0,0.15,UPI
FX201621,2025-08-12,Riya Kapoor,north,Paneer Butter Masala,8,259.0,0.0,Card
FX206918,18/08/2025,Dev Sharma,EAST,Butter Naan,4,44.1,0.2,Card
FX200859,09-03-2025,Rohan Pillai,SOUTH,Fish Curry Meals,2,335.58,0.0,Card
FX205440,07-05-2025,Omkar Deshpande,North,Gulab Jamun,2,97.02,0.2,Card
FX202022,30/05/2025,Riya Kapoor,south,Veg Fried Rice,3,195.02,0.0,Card
FX202077,28/03/2025,Yash Patel,East,Fish Curry Meals,3,325.71,0.0,UPI
FX208328,2025-11-10,Rahul Sinha,West,Mango Lassi,3,110.09,0.0,Cash on Delivery
FX206091,03/09/2025,Vihaan Rao,south,Paneer Butter Masala,8,261.59,0.0,Wallet
FX203354,12-03-2025,Karthik Raman,north,Cold Coffee,7,116.62,0.1,Wallet
FX207785,2025-04-01,Saanvi Reddy,East,Filter Coffee,5,58.41,,Card
FX205688,2025-08-06,Priya Balaji,North,Paneer Butter Masala,7,264.18,0.2,UPI
FX201513,2025-11-30,Nisha Gupta,south,Chocolate Brownie,3,151.98,0.15,Cash on Delivery
FX208975,26/06/2025,Lakshmi Prasad,North,Filter Coffee,2,58.41,0.2,Wallet
FX203570,10-14-2025,Meera Krishnan,south,Fish Curry Meals,6,325.71,0.05,UPI
FX201171,26/11/2025,Kavya Subramanian,SOUTH,Margherita Pizza,3,249.0,0.1,UPI
FX206519,07-15-2025,Aditya Ghosh,West,Chocolate Brownie,6,147.51,0.2,Card
FX205464,12-08-2025,Arjun Verma,West,Fish Curry Meals,7,325.71,0.2,Wallet
FX203455,15/05/2025,Lakshmi Prasad,north,Mango Lassi,5,106.82,0.2,Card
FX201163,19/07/2025,Dev Sharma,West,Farmhouse Pizza,3,402.99,0.1,Cash on Delivery
FX203335,08-14-2025,Saanvi Reddy,SOUTH,Butter Naan,2,44.55,0.0,UPI
FX205162,2025-10-12,Arjun Verma,East,Filter Coffee,1,58.41,0.0,Card
FX203500,20/07/2025,Ishita Bose,West,Paneer Butter Masala,6,261.59,0.0,Card
FX204237,2025-10-16,Nisha Gupta,EAST,Fish Curry Meals,7,329.0,0.0,UPI
FX204692,20/12/2025,Ananya Iyer,West,Chocolate Brownie,5,150.49,0.1,Card
FX203213,18/10/2025,Saanvi Reddy,south,Margherita Pizza,7,251.49,0.0,Wallet
FX206450,19/02/2025,Omkar Deshpande,EAST,Filter Coffee,3,57.82,0.0,Cash on Delivery
FX205964,2025-01-26,Karthik Raman,west,Chocolate Brownie,8,150.49,0.0,Wallet
FX208070,01/03/2025,Vihaan Rao,EAST,Fish Curry Meals,8,325.71,0.05,Wallet
FX201283,10-07-2025,Kavya Subramanian,North,Tandoori Chicken,2,440.02,0.1,UPI
FX201497,27/05/2025,Tara Joshi,west,Mango Lassi,7,107.91,0.05,Card
FX208444,02/10/2025,Aarav Mehta,EAST,Butter Naan,3,45.9,,Cash on Delivery
FX205639,2025-08-14,Kabir Shah,North,Masala Dosa,1,126.42,0.15,Card
FX200531,2025-12-03,Karthik Raman,north,Idli Sambar,6,89.89,0.0,Card
FX204497,2025-10-01,Priya Balaji,EAST,Mango Lassi,-4,111.18,0.0,Cash on Delivery
FX205404,2025-09-16,Nikhil Menon,EAST,Butter Naan,3,45.0,0.15,Cash on Delivery
FX202320,2025-06-19,Kavya Subramanian,West,Idli Sambar,6,90.78,0.0,Cash on Delivery
FX205137,23/10/2025,Rohan Pillai,North,Paneer Butter Masala,8,259.0,0.0,Cash on Delivery
FX202871,2025-11-27,Omkar Deshpande,West,Farmhouse Pizza,6,399.0,0.2,Card
FX202819,02-07-2025,Nikhil Menon,East,Paneer Butter Masala,-5,256.41,0.15,Card
FX202683,2025-08-11,Aditya Ghosh,SOUTH,Chicken Noodles,7,239.0,0.0,Cash on Delivery
FX208570,2025-12-20,Lakshmi Prasad,SOUTH,Chicken Biryani,6,294.78,0.05,Wallet
FX203244,09-27-2025,Vihaan Rao,East,Spring Roll,4,157.41,0.2,UPI
FX201847,06-25-2025,Diya Nair,SOUTH,Cold Coffee,5,120.19,0.25,Cash on Delivery
FX204088,2025-02-10,Kavya Subramanian,south,Tandoori Chicken,1,444.51,0.2,UPI
FX200636,2025-01-01,,North,Mutton Roll,7,279.0,0.15,Wallet
FX206760,2025-06-15,Yash Patel,SOUTH,Tandoori Chicken,1,440.02,0.25,Card
FX202729,10-07-2025,Ishita Bose,west,Butter Naan,3,45.45,0.25,Wallet
FX203454,13/03/2025,Rahul Sinha,East,Farmhouse Pizza,2,402.99,0.2,Wallet
FX201858,2025-05-08,Tara Joshi,SOUTH,Chicken Biryani,6,291.89,0.2,UPI
FX201037,2025-05-10,Nikhil Menon,West,Idli Sambar,2,89.89,0.25,Wallet
FX208996,10-01-2025,Tara Joshi,West,Farmhouse Pizza,4,402.99,0.25,Wallet
FX201410,2025-08-15,Nikhil Menon,North,Filter Coffee,4,59.0,0.25,Card
FX205496,2025-01-17,Ishita Bose,EAST,Cold Coffee,2,121.38,0.15,UPI
FX203353,2025-12-12,Kavya Subramanian,west,Veg Fried Rice,3,195.02,0.25,UPI
FX207165,2025-01-05,Kavya Subramanian,south,Butter Naan,4,45.9,0.05,UPI
FX207619,2025-03-14,Nikhil Menon,EAST,Fish Curry Meals,6,335.58,0.0,Card
FX206649,10-13-2025,Diya Nair,North,Veg Biryani,3,216.81,0.05,Wallet
FX204510,22/05/2025,Rohan Pillai,south,Mango Lassi,5,107.91,0.2,Wallet
FX207385,09/11/2025,Saanvi Reddy,West,Cold Coffee,8,116.62,,UPI
FX206947,2025-12-31,Kabir Shah,West,Butter Naan,3,45.45,0.0,Card
FX207516,2025-09-30,Arjun Verma,SOUTH,Mango Lassi,6,106.82,0.0,Wallet
FX204334,28/04/2025,Kavya Subramanian,East,Mutton Roll,7,281.79,0.2,UPI
FX204220,10-01-2025,Kabir Shah,SOUTH,Butter Naan,8,45.0,0.0,UPI
FX208938,05/05/2025,Priya Balaji,north,Gulab Jamun,1,100.98,0.0,Card
FX208305,2025-03-05,Kavya Subramanian,North,Tandoori Chicken,-6,453.49,0.25,Card
FX205458,2025-07-05,Rahul Sinha,south,Chicken Biryani,6,289.0,,Wallet
FX203066,02-11-2025,Ishita Bose,SOUTH,Tandoori Chicken,2,457.98,0.0,Cash on Delivery
FX201054,2025-10-27,Diya Nair,EAST,Veg Fried Rice,7,199.0,0.25,Wallet
FX201313,2025-10-14,Saanvi Reddy,West,Butter Naan,3,45.0,0.1,UPI
FX202990,09-18-2025,Lakshmi Prasad,west,Butter Naan,8,45.45,0.0,Wallet
FX204907,11-22-2025,Meera Krishnan,EAST,Chocolate Brownie,4,147.51,0.05,UPI
FX202400,30/04/2025,Ananya Iyer,SOUTH,Masala Dosa,7,130.29,0.1,Wallet
FX205337,12-13-2025,Priya Balaji,west,Gulab Jamun,7,99.0,0.0,Wallet
FX202821,22/02/2025,Aditya Ghosh,SOUTH,Cold Coffee,5,121.38,0.15,Cash on Delivery
FX204008,30/04/2025,Tara Joshi,SOUTH,Green Salad,5,136.22,0.2,UPI
FX201071,09/04/2025,Tara Joshi,west,Masala Dosa,5,127.71,0.25,Card
FX208392,05-27-2025,Rohan Pillai,West,Chicken Biryani,5,289.0,0.0,UPI
FX204102,19/04/2025,Ishita Bose,West,Margherita Pizza,8,251.49,0.05,Wallet
FX200663,11-01-2025,Priya Balaji,North,Chicken Noodles,8,236.61,0.0,Wallet
FX204616,05/12/2025,Nikhil Menon,EAST,Butter Naan,2,45.9,0.0,UPI
FX200056,04-28-2025,Arjun Verma,West,Masala Dosa,2,127.71,0.2,Card
FX206157,2025-05-24,,west,Mutton Roll,2,276.21,0.25,Cash on Delivery
FX203352,13/07/2025,Manish Tiwari,EAST,Idli Sambar,8,87.22,0.25,Cash on Delivery
FX202263,07-11-2025,Aarav Mehta,west,Veg Fried Rice,3,200.99,0.25,Card
FX201924,07-18-2025,Rohan Pillai,North,Butter Naan,1,44.1,0.0,UPI
FX207768,11-19-2025,Lakshmi Prasad,west,Filter Coffee,-1,60.18,0.0,Card
FX207800,2025-11-07,Priya Balaji,SOUTH,Mutton Roll,6,276.21,0.25,Cash on Delivery
FX207326,04/11/2025,Kabir Shah,SOUTH,Mutton Roll,3,284.58,0.0,UPI
FX205731,17/01/2025,Aarav Mehta,West,Filter Coffee,8,58.41,0.0,Wallet
FX204321,16/11/2025,Omkar Deshpande,EAST,Masala Dosa,6,131.58,0.0,Cash on Delivery
FX207781,2025-10-02,Kabir Shah,East,Fish Curry Meals,4,335.58,0.05,Cash on Delivery
FX207610,05/11/2025,Riya Kapoor,EAST,Cold Coffee,1,116.62,,Card
FX206358,15/06/2025,Vihaan Rao,West,Chicken Biryani,2,286.11,,Card
FX202402,2025-03-22,Tara Joshi,EAST,Veg Fried Rice,2,195.02,0.0,Cash on Delivery
FX203793,18/04/2025,Lakshmi Prasad,North,Paneer Butter Masala,7,253.82,0.2,Card
FX208596,06-10-2025,Yash Patel,East,Paneer Butter Masala,3,259.0,0.0,UPI
FX202970,03/09/2025,Karthik Raman,EAST,Cold Coffee,3,119.0,0.0,UPI
FX208290,04/06/2025,Nikhil Menon,SOUTH,Green Salad,1,139.0,,UPI
FX204685,30/11/2025,Manish Tiwari,west,Mango Lassi,2,107.91,0.15,UPI
FX200154,2025-10-22,Aditya Ghosh,West,Masala Dosa,2,129.0,0.1,Wallet
FX207551,10-04-2025,Nisha Gupta,south,Mutton Roll,3,284.58,0.0,Wallet
FX205062,09/10/2025,Sneha Varma,north,Green Salad,2,139.0,0.25,Wallet
FX201185,2025-09-20,Vihaan Rao,West,Chicken Noodles,7,234.22,0.0,Wallet
FX205223,06-21-2025,Nisha Gupta,East,Veg Biryani,7,223.38,0.0,Card
FX201868,2025-10-30,Lakshmi Prasad,south,Mutton Roll,4,279.0,0.2,UPI
FX204045,27/08/2025,Omkar Deshpande,south,Mutton Roll,8,284.58,0.05,UPI
FX208705,02-17-2025,Rohan Pillai,north,Margherita Pizza,6,246.51,0.0,Card
FX203374,2025-10-22,Arjun Verma,North,Fish Curry Meals,6,325.71,0.15,Cash on Delivery
FX203390,2025-11-26,Manish Tiwari,north,Margherita Pizza,3,251.49,0.05,UPI
FX205380,04/08/2025,Aarav Mehta,West,Chicken Noodles,4,234.22,0.05,Card
FX204533,2025-11-29,Karthik Raman,North,Gulab Jamun,3,100.98,0.25,Card
FX200358,2025-06-28,Lakshmi Prasad,EAST,Butter Naan,8,44.55,0.0,Card
FX203292,22/02/2025,Ishita Bose,East,Gulab Jamun,8,97.02,0.0,Wallet
FX208220,2025-07-11,Omkar Deshpande,SOUTH,Filter Coffee,1,59.0,0.1,Card
FX204537,2025-04-26,Diya Nair,West,Filter Coffee,8,59.59,0.05,Wallet
FX203930,02/02/2025,Arjun Verma,East,Idli Sambar,7,88.11,,Cash on Delivery
FX200672,2025-05-25,Omkar Deshpande,West,Gulab Jamun,8,98.01,0.1,Card
FX207067,08/03/2025,Aditya Ghosh,south,Green Salad,7,136.22,0.2,UPI
FX207514,2025-12-22,,West,Chicken Noodles,5,236.61,0.25,UPI
FX202174,07-08-2025,Riya Kapoor,West,Veg Fried Rice,6,200.99,0.0,Wallet
FX203774,2025-04-28,Saanvi Reddy,north,Veg Biryani,2,221.19,0.0,Wallet
FX204775,2025-09-06,Meera Krishnan,North,Spring Roll,6,160.59,0.2,UPI
FX205781,2025-03-05,Lakshmi Prasad,East,Tandoori Chicken,1,440.02,0.0,UPI
FX206725,10-23-2025,Diya Nair,north,Mutton Roll,4,281.79,0.15,UPI
FX203884,05-16-2025,Dev Sharma,EAST,Butter Naan,-8,45.9,0.05,UPI
FX201743,02-06-2025,Nisha Gupta,SOUTH,Spring Roll,7,157.41,0.1,UPI
FX202184,06-09-2025,Ananya Iyer,south,Spring Roll,3,159.0,0.0,Cash on Delivery
FX200292,2025-05-18,Diya Nair,West,Spring Roll,4,160.59,0.15,Wallet
FX200085,26/06/2025,Vihaan Rao,SOUTH,Paneer Butter Masala,6,264.18,0.0,Cash on Delivery
FX208724,2025-12-15,Dev Sharma,SOUTH,Chicken Biryani,7,289.0,0.1,Cash on Delivery
FX207589,15/11/2025,Aarav Mehta,west,Gulab Jamun,7,98.01,0.1,Wallet
FX205054,2025-03-01,Riya Kapoor,SOUTH,Veg Fried Rice,1,199.0,0.0,Wallet
FX207635,20/08/2025,Sneha Varma,south,Chicken Noodles,4,241.39,0.0,UPI
FX200943,2025-08-02,Tara Joshi,west,Paneer Butter Masala,7,253.82,0.05,Wallet
FX200130,2025-07-17,Riya Kapoor,north,Margherita Pizza,3,251.49,0.2,Card
FX204386,2025-02-08,Ananya Iyer,West,Margherita Pizza,4,244.02,0.0,Cash on Delivery
FX200155,04/02/2025,Dev Sharma,south,Veg Biryani,2,216.81,0.2,Cash on Delivery
FX206938,06-22-2025,Yash Patel,East,Paneer Butter Masala,3,261.59,0.0,Cash on Delivery
FX201523,2025-07-18,Priya Balaji,EAST,Paneer Butter Masala,6,264.18,0.2,Card
FX207221,14/02/2025,Saanvi Reddy,SOUTH,Fish Curry Meals,5,335.58,0.05,Cash on Delivery
FX204000,07/01/2025,Omkar Deshpande,west,Margherita Pizza,3,253.98,0.05,Card
FX206911,2025-09-13,,West,Gulab Jamun,-8,99.0,0.1,Cash on Delivery
FX208687,2025-06-08,Sneha Varma,EAST,Chocolate Brownie,8,149.0,0.1,Card
FX206967,28/06/2025,Nikhil Menon,west,Veg Fried Rice,6,199.0,0.15,Cash on Delivery
FX200217,03-06-2025,Karthik Raman,North,Chocolate Brownie,8,149.0,0.0,Card
FX200624,23/09/2025,Diya Nair,East,Chocolate Brownie,1,147.51,0.25,Wallet
FX206479,11-21-2025,Nikhil Menon,south,Farmhouse Pizza,1,399.0,0.0,Wallet
FX202966,2025-11-26,Kavya Subramanian,north,Chocolate Brownie,8,150.49,0.15,Cash on Delivery
FX205003,29/01/2025,Vihaan Rao,SOUTH,Tandoori Chicken,7,453.49,0.2,Card
FX202095,2025-04-05,Omkar Deshpande,West,Veg Biryani,2,223.38,0.0,UPI
FX202874,05-01-2025,Omkar Deshpande,south,Mango Lassi,-4,110.09,0.15,Card
FX204501,2025-04-25,Ishita Bose,west,Filter Coffee,1,59.59,,UPI
FX200260,17/02/2025,Yash Patel,North,Spring Roll,6,157.41,0.15,UPI
FX207576,06-11-2025,Kavya Subramanian,north,Butter Naan,5,45.0,0.1,UPI
FX208939,2025-07-20,Sneha Varma,East,Gulab Jamun,2,100.98,0.2,Cash on Delivery
FX203724,08-15-2025,Saanvi Reddy,West,Masala Dosa,3,131.58,0.0,UPI
FX207378,03-30-2025,Meera Krishnan,north,Cold Coffee,2,116.62,0.0,UPI
FX208264,2025-08-14,Priya Balaji,North,Veg Biryani,2,219.0,0.0,Wallet
FX204431,2025-09-19,Vihaan Rao,EAST,Farmhouse Pizza,3,391.02,0.0,UPI
FX203894,25/09/2025,Saanvi Reddy,south,Chocolate Brownie,4,146.02,0.0,Cash on Delivery
FX203875,2025-03-25,Kabir Shah,south,Chocolate Brownie,8,146.02,0.05,Wallet
FX203715,05-11-2025,Manish Tiwari,west,Mutton Roll,8,273.42,0.2,Card
FX208821,2025-07-13,Yash Patel,north,Cold Coffee,5,117.81,0.1,UPI
FX206027,2025-02-13,Diya Nair,East,Idli Sambar,6,89.89,0.0,Cash on Delivery
FX202223,2025-04-13,Dev Sharma,West,Veg Biryani,1,223.38,0.2,Card
FX208256,2025-06-18,Nisha Gupta,south,Mutton Roll,6,273.42,0.0,Cash on Delivery
FX205250,2025-04-04,Ishita Bose,north,Tandoori Chicken,4,444.51,0.2,Cash on Delivery
FX205214,11-30-2025,Nisha Gupta,EAST,Idli Sambar,4,90.78,0.0,Cash on Delivery
FX207267,2025-04-11,Arjun Verma,west,Spring Roll,4,160.59,0.0,UPI
FX204608,12/10/2025,Meera Krishnan,North,Spring Roll,7,160.59,0.0,Wallet
FX200467,10/02/2025,Riya Kapoor,west,Margherita Pizza,3,246.51,0.1,Cash on Delivery
FX204673,11/01/2025,Vihaan Rao,SOUTH,Margherita Pizza,1,244.02,0.0,Card
FX207390,2025-10-23,Ananya Iyer,north,Margherita Pizza,5,244.02,0.25,Wallet
FX200476,05-08-2025,Kabir Shah,EAST,Chicken Noodles,4,239.0,0.1,Card
FX203665,2025-12-08,Lakshmi Prasad,SOUTH,Mango Lassi,5,106.82,0.15,Card
FX205634,2025-03-05,Dev Sharma,North,Fish Curry Meals,3,322.42,0.0,Wallet
FX205806,09/06/2025,Saanvi Reddy,west,Gulab Jamun,1,100.98,,UPI
FX203870,2025-03-23,Tara Joshi,EAST,Chocolate Brownie,8,146.02,0.15,Wallet
FX200499,11-27-2025,,SOUTH,Chicken Noodles,2,234.22,0.15,Wallet
FX205270,2025-08-04,Nisha Gupta,North,Mango Lassi,2,109.0,0.0,UPI
FX200498,2025-03-08,Diya Nair,SOUTH,Spring Roll,3,155.82,0.25,UPI
FX201275,15/03/2025,Karthik Raman,north,Chocolate Brownie,1,151.98,0.0,Cash on Delivery
FX204182,2025-09-23,Kavya Subramanian,EAST,Butter Naan,1,44.1,0.1,Card
FX208754,2025-02-27,Kavya Subramanian,west,Idli Sambar,3,89.0,0.2,UPI
FX205379,04/03/2025,Diya Nair,west,Masala Dosa,1,129.0,0.0,Wallet
FX203821,12/06/2025,Nisha Gupta,West,Filter Coffee,5,60.18,0.25,UPI
FX207692,29/12/2025,Arjun Verma,EAST,Margherita Pizza,2,251.49,0.0,Cash on Delivery
FX203019,2025-05-06,Ananya Iyer,North,Paneer Butter Masala,7,264.18,0.2,Card
FX202971,30/08/2025,Nisha Gupta,SOUTH,Tandoori Chicken,1,449.0,0.0,Wallet
FX205317,2025-12-08,Ananya Iyer,SOUTH,Fish Curry Meals,4,332.29,0.0,Cash on Delivery
FX204910,2025-04-08,Vihaan Rao,north,Mango Lassi,1,111.18,0.0,UPI
FX203156,13/06/2025,Arjun Verma,West,Filter Coffee,8,60.18,0.0,Card
FX202373,07/06/2025,Nikhil Menon,SOUTH,Idli Sambar,2,89.89,0.0,Card
FX200696,2025-06-22,Nikhil Menon,west,Veg Biryani,3,223.38,0.25,UPI
FX206790,16/08/2025,Omkar Deshpande,West,Farmhouse Pizza,5,391.02,0.0,UPI
FX203421,2025-03-09,Lakshmi Prasad,SOUTH,Veg Fried Rice,8,197.01,0.0,Card
FX206567,05-31-2025,Lakshmi Prasad,North,Cold Coffee,7,119.0,0.25,Card
FX203529,03/01/2025,Aarav Mehta,EAST,Chicken Noodles,7,239.0,,Cash on Delivery
FX205550,04/01/2025,Nisha Gupta,west,Paneer Butter Masala,8,253.82,0.0,Wallet
FX205839,2025-12-21,Diya Nair,south,Paneer Butter Masala,6,264.18,0.05,Wallet
FX205881,2025-10-14,Manish Tiwari,EAST,Chocolate Brownie,1,149.0,0.0,Wallet
FX205271,03-24-2025,Vihaan Rao,SOUTH,Chocolate Brownie,8,149.0,0.1,Wallet
FX200179,27/05/2025,Kavya Subramanian,EAST,Idli Sambar,1,88.11,0.1,Wallet
FX207715,16/12/2025,Omkar Deshpande,SOUTH,Fish Curry Meals,1,329.0,0.05,UPI
FX204309,23/03/2025,Ishita Bose,North,Fish Curry Meals,3,332.29,0.0,Cash on Delivery
FX203493,09-20-2025,Karthik Raman,SOUTH,Tandoori Chicken,2,440.02,0.05,Wallet
FX204562,14/07/2025,Omkar Deshpande,East,Green Salad,3,136.22,0.1,Wallet
FX201554,2025-02-07,Lakshmi Prasad,west,Gulab Jamun,7,97.02,0.0,UPI
FX203323,2025-11-09,Omkar Deshpande,SOUTH,Idli Sambar,3,87.22,0.25,Wallet
FX202107,2025-10-19,Dev Sharma,East,Gulab Jamun,4,99.99,0.0,UPI
FX202989,27/06/2025,Kabir Shah,north,Tandoori Chicken,3,457.98,0.05,Cash on Delivery
FX201546,2025-11-15,Rohan Pillai,south,Margherita Pizza,1,249.0,0.2,Card
FX207007,2025-05-16,Ananya Iyer,SOUTH,Spring Roll,2,160.59,0.1,Cash on Delivery
FX208496,12-24-2025,Meera Krishnan,West,Gulab Jamun,4,98.01,0.1,Cash on Delivery
FX208050,19/04/2025,Meera Krishnan,EAST,Veg Fried Rice,8,202.98,0.1,Cash on Delivery
FX205314,2025-08-10,Arjun Verma,west,Fish Curry Meals,7,325.71,0.1,Cash on Delivery
FX206718,2025-11-14,Nikhil Menon,SOUTH,Gulab Jamun,4,99.99,0.25,Wallet
FX202829,22/04/2025,Kabir Shah,West,Veg Fried Rice,4,199.0,,UPI
FX207667,2025-12-31,Dev Sharma,North,Margherita Pizza,7,244.02,0.25,Cash on Delivery
FX201502,2025-10-04,Arjun Verma,West,Chocolate Brownie,2,149.0,,UPI
FX201408,09/11/2025,Rahul Sinha,East,Gulab Jamun,1,99.0,0.15,Card
FX207304,03-16-2025,Nikhil Menon,north,Farmhouse Pizza,8,402.99,0.0,Card
FX204358,11-25-2025,,East,Mutton Roll,5,273.42,0.0,Wallet
FX204622,2025-02-16,Manish Tiwari,SOUTH,Green Salad,5,140.39,0.05,Cash on Delivery
FX200847,21/07/2025,,SOUTH,Veg Fried Rice,3,195.02,0.1,UPI
FX205111,2025-01-22,Ishita Bose,North,Butter Naan,4,45.0,0.0,Card
FX200316,2025-12-31,Manish Tiwari,West,Masala Dosa,1,126.42,0.0,Cash on Delivery
FX200506,2025-12-27,Vihaan Rao,EAST,Spring Roll,3,159.0,0.0,Card
FX208512,18/01/2025,Sneha Varma,North,Mango Lassi,8,106.82,0.25,Wallet
FX205131,06-14-2025,Diya Nair,North,Fish Curry Meals,8,335.58,0.15,Wallet
FX204662,04-30-2025,Saanvi Reddy,SOUTH,Paneer Butter Masala,1,261.59,0.0,Card
FX205987,19/04/2025,Aditya Ghosh,North,Veg Biryani,3,223.38,0.15,Card
FX208221,07-08-2025,Riya Kapoor,west,Tandoori Chicken,2,440.02,0.0,UPI
FX203091,11/07/2025,Rahul Sinha,south,Masala Dosa,2,130.29,0.25,Card
FX204700,2025-05-09,Tara Joshi,west,Butter Naan,1,45.9,0.0,UPI
FX204716,2025-10-08,Arjun Verma,EAST,Green Salad,2,141.78,0.0,Card
FX200291,2025-12-09,Rohan Pillai,south,Paneer Butter Masala,8,261.59,0.0,UPI
FX205893,01-26-2025,Tara Joshi,north,Idli Sambar,4,89.89,0.1,Card
FX206153,2025-11-29,Karthik Raman,north,Mutton Roll,2,281.79,0.2,Card
FX206471,22/04/2025,Aarav Mehta,SOUTH,Chicken Biryani,2,291.89,0.0,UPI
FX203211,2025-03-26,Lakshmi Prasad,west,Fish Curry Meals,5,335.58,,UPI
FX202790,2025-05-10,,west,Cold Coffee,6,119.0,0.25,Card
FX202953,2025-09-26,Aarav Mehta,north,Mutton Roll,2,284.58,0.25,Wallet
FX208936,2025-12-21,Ananya Iyer,north,Spring Roll,2,160.59,0.2,UPI
FX206828,20/10/2025,Rohan Pillai,West,Idli Sambar,6,88.11,0.2,Cash on Delivery
FX200795,2025-03-10,Ananya Iyer,SOUTH,Idli Sambar,8,89.0,0.0,UPI
FX202096,23/11/2025,Nisha Gupta,North,Fish Curry Meals,1,329.0,0.05,Cash on Delivery
FX202967,2025-03-16,Rahul Sinha,North,Tandoori Chicken,4,440.02,0.2,Card
FX204950,04-29-2025,Kavya Subramanian,North,Veg Biryani,1,221.19,0.0,Card
FX206467,2025-07-28,Aarav Mehta,EAST,Butter Naan,4,45.9,0.0,Card
FX207760,08/06/2025,Nikhil Menon,west,Spring Roll,6,162.18,0.0,Cash on Delivery
FX203731,06-13-2025,Diya Nair,west,Veg Fried Rice,1,197.01,0.25,UPI
FX208487,11-12-2025,Saanvi Reddy,North,Fish Curry Meals,1,325.71,0.1,Cash on Delivery
FX204507,2025-06-28,Ishita Bose,west,Paneer Butter Masala,8,253.82,0.1,Cash on Delivery
FX200288,13/08/2025,,north,Veg Fried Rice,3,195.02,0.2,Wallet
FX203435,08/10/2025,,west,Veg Biryani,8,223.38,0.05,Cash on Delivery
FX206530,2025-07-08,Ishita Bose,West,Gulab Jamun,7,97.02,0.15,Card
FX205762,2025-12-24,Tara Joshi,East,Idli Sambar,6,89.89,0.0,Card
FX200853,21/02/2025,Aarav Mehta,north,Chicken Noodles,4,241.39,0.0,Wallet
FX208807,16/10/2025,Vihaan Rao,EAST,Veg Fried Rice,2,199.0,0.0,Card
FX207967,2025-02-19,Kavya Subramanian,East,Fish Curry Meals,1,335.58,0.2,Cash on Delivery
FX207451,05-30-2025,Ananya Iyer,north,Chicken Biryani,1,286.11,0.05,UPI
FX207769,2025-11-09,Nisha Gupta,EAST,Chicken Noodles,4,241.39,0.05,Wallet
FX202229,2025-07-25,Kabir Shah,EAST,Green Salad,5,139.0,0.0,Cash on Delivery
FX207602,04/06/2025,Nikhil Menon,East,Gulab Jamun,3,100.98,0.15,Wallet
FX207345,01-05-2025,Aarav Mehta,south,Farmhouse Pizza,7,406.98,0.2,Card
FX203708,06-03-2025,Dev Sharma,west,Filter Coffee,7,60.18,0.2,Wallet
FX203572,03/12/2025,Diya Nair,north,Green Salad,2,141.78,0.0,Wallet
FX200800,24/09/2025,Priya Balaji,East,Mutton Roll,1,281.79,0.1,Wallet
FX203188,2025-07-29,Meera Krishnan,south,Chocolate Brownie,2,146.02,0.0,UPI
FX208119,07-02-2025,Manish Tiwari,north,Filter Coffee,1,58.41,0.0,Wallet
FX200739,2025-08-24,Kabir Shah,west,Chicken Noodles,1,236.61,0.0,Wallet
FX202211,2025-07-29,Sneha Varma,North,Cold Coffee,6,119.0,0.25,Card
FX203334,08-20-2025,Ishita Bose,East,Paneer Butter Masala,5,259.0,0.2,Card
FX202901,06-29-2025,Lakshmi Prasad,West,Tandoori Chicken,1,449.0,0.25,Card
FX200667,10-25-2025,Kabir Shah,south,Butter Naan,-1,45.45,,Card
FX203021,01/07/2025,Saanvi Reddy,north,Tandoori Chicken,8,440.02,0.05,Cash on Delivery
FX206833,07-02-2025,Priya Balaji,EAST,Masala Dosa,4,126.42,0.0,Card
FX208545,03-16-2025,Aditya Ghosh,SOUTH,Spring Roll,1,155.82,0.25,Wallet
FX201345,2025-01-30,Kabir Shah,SOUTH,Veg Fried Rice,2,199.0,0.15,Card
FX203820,2025-01-31,Meera Krishnan,West,Spring Roll,7,159.0,0.0,Cash on Delivery
FX205808,09-27-2025,Nisha Gupta,south,Veg Fried Rice,4,197.01,0.1,UPI
FX200502,27/11/2025,Saanvi Reddy,south,Farmhouse Pizza,6,402.99,0.0,Card
FX208128,2025-12-18,Rohan Pillai,SOUTH,Veg Biryani,6,221.19,0.25,Cash on Delivery
FX205327,2025-04-14,Lakshmi Prasad,north,Farmhouse Pizza,1,391.02,0.1,UPI
FX201451,2025-03-21,Priya Balaji,west,Fish Curry Meals,1,322.42,0.25,Wallet
FX206006,06-12-2025,Rahul Sinha,north,Spring Roll,1,155.82,0.25,UPI
FX207422,11-23-2025,Omkar Deshpande,north,Spring Roll,1,162.18,0.15,Card
FX208083,05/04/2025,Tara Joshi,East,Margherita Pizza,3,253.98,0.25,UPI
FX207934,15/09/2025,Rohan Pillai,West,Chocolate Brownie,1,149.0,0.15,Cash on Delivery
FX208232,2025-08-31,Karthik Raman,East,Margherita Pizza,-8,253.98,0.0,Card
FX204717,2025-03-19,Ananya Iyer,north,Veg Biryani,-6,219.0,0.0,UPI
FX203695,2025-08-08,Omkar Deshpande,north,Chocolate Brownie,4,150.49,0.0,Cash on Delivery
FX204130,2025-08-27,,North,Gulab Jamun,2,100.98,0.0,Card
FX206449,04-20-2025,Ishita Bose,SOUTH,Chocolate Brownie,2,150.49,0.0,Card
FX208609,2025-05-13,Yash Patel,EAST,Masala Dosa,5,127.71,0.2,Cash on Delivery
FX204658,10-19-2025,Aarav Mehta,south,Farmhouse Pizza,5,395.01,0.2,Card
FX208133,03/06/2025,Tara Joshi,west,Tandoori Chicken,7,444.51,0.0,Cash on Delivery
FX207174,02-14-2025,Manish Tiwari,East,Mango Lassi,8,110.09,0.1,Card
FX206799,07-26-2025,Priya Balaji,SOUTH,Cold Coffee,2,120.19,0.0,Card
FX203296,2025-05-25,Aditya Ghosh,south,Filter Coffee,4,60.18,0.15,Card
FX205469,08-29-2025,Ishita Bose,south,Mutton Roll,4,281.79,0.1,Cash on Delivery
FX206089,10-12-2025,Vihaan Rao,SOUTH,Idli Sambar,1,88.11,0.05,Card
FX201644,2025-07-28,Tara Joshi,south,Mutton Roll,3,273.42,0.25,UPI
FX201086,10-18-2025,Aarav Mehta,North,Green Salad,4,136.22,0.05,Card
FX208145,05/02/2025,Diya Nair,north,Chicken Biryani,5,289.0,0.25,Card
FX207161,2025-10-15,Ishita Bose,East,Idli Sambar,3,87.22,0.0,Cash on Delivery
FX201367,06-12-2025,Manish Tiwari,West,Butter Naan,5,45.0,0.0,Wallet
FX205797,01/06/2025,Nikhil Menon,north,Veg Biryani,3,219.0,0.05,UPI
FX208592,10/11/2025,Kavya Subramanian,SOUTH,Gulab Jamun,7,100.98,0.15,Wallet
FX207494,12/12/2025,Meera Krishnan,EAST,Butter Naan,4,44.55,0.0,Card
FX202572,2025-01-24,Dev Sharma,north,Idli Sambar,6,89.89,0.05,UPI
FX200578,09-13-2025,Arjun Verma,North,Tandoori Chicken,5,449.0,0.2,Card
FX202250,2025-10-14,Diya Nair,EAST,Mutton Roll,3,279.0,0.05,Card
FX206277,2025-01-10,Saanvi Reddy,West,Chicken Noodles,7,241.39,0.2,Wallet
FX206364,2025-04-26,Priya Balaji,west,Veg Biryani,2,214.62,,Cash on Delivery
FX205176,03-19-2025,Ananya Iyer,north,Mango Lassi,7,109.0,0.05,Card
FX206739,08/04/2025,,north,Fish Curry Meals,1,329.0,0.1,Cash on Delivery
FX200327,26/07/2025,Arjun Verma,West,Chicken Noodles,6,241.39,0.0,Cash on Delivery
FX204303,19/04/2025,Meera Krishnan,west,Chicken Biryani,8,294.78,0.15,UPI
FX200276,27/09/2025,Manish Tiwari,SOUTH,Chocolate Brownie,-6,151.98,0.2,Wallet
FX204792,2025-02-24,Kabir Shah,EAST,Fish Curry Meals,5,332.29,0.25,Wallet
FX205622,02-21-2025,Arjun Verma,SOUTH,Butter Naan,7,44.55,0.0,Card
FX205516,2025-12-13,Omkar Deshpande,EAST,Filter Coffee,4,59.59,0.2,UPI
FX207333,20/11/2025,Riya Kapoor,west,Gulab Jamun,8,100.98,0.25,Cash on Delivery
FX208016,2025-10-30,Vihaan Rao,south,Fish Curry Meals,2,335.58,,Cash on Delivery
FX202429,2025-06-05,Nikhil Menon,south,Masala Dosa,3,130.29,0.1,Wallet
FX200814,26/04/2025,Karthik Raman,west,Tandoori Chicken,4,440.02,0.25,Card
FX206232,2025-03-04,Vihaan Rao,north,Chicken Noodles,8,239.0,0.15,Wallet
FX203451,02-02-2025,Lakshmi Prasad,North,Mutton Roll,7,281.79,0.0,UPI
FX207726,11-06-2025,Manish Tiwari,West,Chicken Biryani,5,286.11,0.25,Cash on Delivery
FX200450,02/11/2025,,East,Butter Naan,7,45.45,0.05,Cash on Delivery
FX206541,24/12/2025,Dev Sharma,north,Margherita Pizza,8,249.0,0.0,Wallet
FX203936,31/03/2025,Kavya Subramanian,west,Gulab Jamun,7,98.01,0.25,UPI
FX201501,2025-07-02,Diya Nair,EAST,Veg Biryani,1,219.0,0.0,Cash on Delivery
FX207377,2025-04-30,Kavya Subramanian,north,Tandoori Chicken,2,457.98,0.05,UPI
FX200473,2025-08-18,Aditya Ghosh,north,Butter Naan,3,45.9,0.05,Card
FX205936,17/09/2025,Kabir Shah,North,Chicken Noodles,7,236.61,0.2,Cash on Delivery
FX203916,09/07/2025,Rohan Pillai,north,Mango Lassi,2,111.18,0.0,UPI
FX200702,2025-05-11,Omkar Deshpande,south,Green Salad,7,141.78,0.0,Cash on Delivery
FX203405,2025-10-26,Lakshmi Prasad,East,Butter Naan,5,45.45,0.0,Card
FX206905,2025-03-10,Riya Kapoor,North,Cold Coffee,8,119.0,0.15,Cash on Delivery
FX206010,23/06/2025,Manish Tiwari,south,Cold Coffee,6,117.81,0.15,UPI
FX205960,2025-04-03,Kabir Shah,west,Chicken Biryani,1,291.89,0.0,Wallet
FX202349,2025-05-25,Ishita Bose,west,Veg Fried Rice,6,197.01,,Card
FX207541,25/02/2025,Rohan Pillai,west,Mutton Roll,1,276.21,0.15,Cash on Delivery
FX208327,12-21-2025,Priya Balaji,EAST,Cold Coffee,4,117.81,0.0,UPI
FX206769,2025-07-24,,West,Mango Lassi,8,107.91,0.25,UPI
FX206196,15/06/2025,Karthik Raman,south,Veg Biryani,1,214.62,0.0,Wallet
FX200740,2025-09-03,Kavya Subramanian,East,Mango Lassi,2,110.09,0.0,Wallet
FX206511,2025-06-03,Rohan Pillai,west,Green Salad,6,141.78,0.25,Cash on Delivery
FX204601,2025-07-06,Diya Nair,North,Paneer Butter Masala,4,256.41,,Cash on Delivery
FX207526,2025-02-10,Meera Krishnan,EAST,Spring Roll,3,157.41,0.0,Cash on Delivery
FX205156,2025-05-05,,EAST,Fish Curry Meals,5,332.29,0.1,UPI
FX203380,2025-02-17,Omkar Deshpande,south,Masala Dosa,8,131.58,0.05,Wallet
FX201673,03/03/2025,Kavya Subramanian,west,Paneer Butter Masala,2,261.59,0.05,UPI
FX203541,29/11/2025,Priya Balaji,East,Veg Fried Rice,4,202.98,0.15,UPI
FX202562,18/02/2025,Priya Balaji,East,Spring Roll,7,155.82,0.0,Wallet
FX208173,15/04/2025,Rahul Sinha,south,Tandoori Chicken,6,457.98,0.0,Cash on Delivery
FX200794,2025-09-29,Ananya Iyer,North,Cold Coffee,5,117.81,,Cash on Delivery
FX203420,2025-07-15,Kabir Shah,EAST,Veg Biryani,-2,219.0,0.2,Cash on Delivery
FX204632,22/03/2025,Dev Sharma,west,Spring Roll,5,157.41,0.25,Card
FX207130,08/11/2025,,north,Spring Roll,7,157.41,0.25,Cash on Delivery
FX200410,2025-09-09,Tara Joshi,North,Masala Dosa,8,130.29,,Wallet
FX208059,23/08/2025,,West,Filter Coffee,3,58.41,0.0,Cash on Delivery
FX207200,09-22-2025,Omkar Deshpande,EAST,Masala Dosa,7,130.29,0.25,Wallet
FX202547,20/06/2025,Ananya Iyer,west,Mango Lassi,8,111.18,0.1,Wallet
FX200360,2025-12-27,Lakshmi Prasad,west,Gulab Jamun,1,99.99,0.15,UPI
FX205871,2025-05-01,Aditya Ghosh,north,Cold Coffee,5,117.81,0.25,Wallet
FX203316,07-12-2025,Meera Krishnan,SOUTH,Tandoori Chicken,5,457.98,0.1,Cash on Delivery
FX205388,29/07/2025,Kabir Shah,EAST,Veg Biryani,5,221.19,0.15,Card
FX205375,2025-08-06,Diya Nair,south,Chocolate Brownie,7,150.49,0.25,Card
FX201177,2025-09-13,Kabir Shah,EAST,Masala Dosa,7,131.58,,Wallet
FX205899,19/02/2025,Priya Balaji,west,Idli Sambar,8,87.22,0.05,Cash on Delivery
FX201954,10/09/2025,Lakshmi Prasad,SOUTH,Chocolate Brownie,8,150.49,0.25,UPI
FX200382,05/04/2025,Rohan Pillai,East,Spring Roll,8,162.18,0.1,Wallet
FX201224,2025-07-21,Aditya Ghosh,SOUTH,Green Salad,2,141.78,0.0,UPI
FX202427,2025-11-03,Yash Patel,EAST,Mango Lassi,4,109.0,0.05,Cash on Delivery
FX201209,07-08-2025,Riya Kapoor,EAST,Margherita Pizza,1,249.0,0.0,UPI
FX208281,2025-10-20,Kabir Shah,SOUTH,Mango Lassi,5,107.91,0.0,Card
FX204278,19/10/2025,Ishita Bose,East,Chocolate Brownie,8,151.98,0.05,UPI
FX203683,2025-06-11,Aditya Ghosh,EAST,Butter Naan,5,44.55,0.15,UPI
FX205043,2025-12-30,Yash Patel,south,Mango Lassi,2,110.09,0.15,UPI
FX203131,07-19-2025,Rahul Sinha,south,Cold Coffee,5,121.38,0.0,Card
FX201854,2025-06-30,Omkar Deshpande,north,Paneer Butter Masala,6,253.82,0.05,Wallet
FX200874,12/04/2025,Dev Sharma,south,Masala Dosa,5,129.0,0.05,UPI
FX203368,2025-09-27,Karthik Raman,north,Cold Coffee,5,121.38,0.0,Wallet
FX203159,03-03-2025,Nisha Gupta,West,Butter Naan,7,45.45,0.05,Wallet
FX207958,2025-09-11,Diya Nair,south,Margherita Pizza,2,249.0,0.15,Card
FX207411,2025-08-09,Riya Kapoor,north,Mango Lassi,7,111.18,0.1,Card
FX208196,02/12/2025,Yash Patel,West,Gulab Jamun,1,100.98,0.0,Wallet
FX202840,2025-07-22,Tara Joshi,EAST,Tandoori Chicken,5,457.98,0.0,UPI
FX204188,2025-01-19,Sneha Varma,north,Paneer Butter Masala,6,253.82,,Cash on Delivery
FX202937,2025-06-16,Priya Balaji,west,Gulab Jamun,6,98.01,0.0,Wallet
FX208959,2025-08-17,Aditya Ghosh,west,Chicken Noodles,2,243.78,,Cash on Delivery
FX201982,2025-06-02,Rohan Pillai,North,Paneer Butter Masala,1,253.82,0.15,Wallet
FX200619,25/04/2025,Nikhil Menon,East,Fish Curry Meals,3,332.29,,UPI
FX200426,2025-09-22,Kavya Subramanian,North,Masala Dosa,7,131.58,0.0,Wallet
FX200281,2025-11-15,Vihaan Rao,EAST,Tandoori Chicken,3,457.98,0.0,Wallet
FX200784,12-30-2025,,west,Green Salad,8,140.39,0.0,Card
FX203186,03-17-2025,Omkar Deshpande,SOUTH,Green Salad,1,137.61,0.25,Card
FX202720,03-29-2025,Saanvi Reddy,west,Spring Roll,7,157.41,0.15,UPI
FX207563,04-22-2025,Kavya Subramanian,EAST,Filter Coffee,3,57.82,0.0,Cash on Delivery
FX206025,12-20-2025,Manish Tiwari,SOUTH,Fish Curry Meals,3,322.42,0.0,Wallet
FX203017,2025-08-02,Dev Sharma,north,Chicken Noodles,8,243.78,0.05,Card
FX206117,2025-06-02,Tara Joshi,north,Fish Curry Meals,5,325.71,0.25,Wallet
FX203491,2025-09-12,Sneha Varma,SOUTH,Green Salad,8,137.61,0.1,UPI
FX207185,16/07/2025,Ishita Bose,south,Masala Dosa,6,129.0,0.0,Cash on Delivery
FX206738,03-12-2025,Dev Sharma,EAST,Cold Coffee,1,119.0,0.1,Cash on Delivery
FX203997,2025-04-07,Sneha Varma,East,Filter Coffee,1,57.82,0.0,UPI
FX202226,2025-07-04,Riya Kapoor,East,Idli Sambar,-3,90.78,0.05,Wallet
FX203060,2025-06-04,Vihaan Rao,south,Farmhouse Pizza,3,402.99,0.1,Wallet
FX203917,2025-04-17,Nisha Gupta,West,Chicken Noodles,8,239.0,0.2,UPI
FX206111,2025-12-02,Ishita Bose,north,Butter Naan,2,45.0,0.15,Card
FX202913,2025-11-12,Arjun Verma,north,Filter Coffee,3,58.41,0.05,Card
FX200708,02/12/2025,Nisha Gupta,SOUTH,Fish Curry Meals,3,332.29,0.2,UPI
FX207037,2025-05-26,Tara Joshi,west,Gulab Jamun,3,100.98,0.05,Card
FX202976,2025-10-16,Meera Krishnan,East,Veg Biryani,5,219.0,0.2,Wallet
FX201637,2025-02-16,Aarav Mehta,West,Spring Roll,1,162.18,0.0,Card
FX201791,2025-09-23,Sneha Varma,SOUTH,Gulab Jamun,3,99.0,0.0,Card
FX204849,2025-05-17,Karthik Raman,west,Spring Roll,3,160.59,0.0,Wallet
FX202308,11/07/2025,Nikhil Menon,North,Veg Biryani,4,214.62,0.25,Cash on Delivery
FX206561,2025-06-25,Omkar Deshpande,West,Veg Biryani,3,223.38,0.0,Wallet
FX207525,2025-04-23,Nisha Gupta,West,Butter Naan,5,44.1,0.0,UPI
FX204645,11-21-2025,Ananya Iyer,West,Paneer Butter Masala,5,256.41,0.1,Cash on Delivery
FX208657,2025-09-20,Tara Joshi,East,Filter Coffee,7,60.18,0.15,UPI
FX204409,2025-06-25,Arjun Verma,West,Cold Coffee,7,117.81,0.1,Cash on Delivery
FX201422,2025-05-21,Manish Tiwari,EAST,Masala Dosa,7,126.42,0.0,UPI
FX205600,23/05/2025,Lakshmi Prasad,north,Fish Curry Meals,7,335.58,0.0,Wallet
FX203376,09/07/2025,,EAST,Idli Sambar,1,90.78,0.0,Card
FX206444,2025-01-10,Priya Balaji,SOUTH,Veg Fried Rice,7,197.01,0.2,Wallet
FX208344,2025-05-27,Diya Nair,north,Tandoori Chicken,8,453.49,0.1,Wallet
FX204441,06/07/2025,Rahul Sinha,West,Spring Roll,7,157.41,0.2,Wallet
FX205873,02-25-2025,Yash Patel,north,Idli Sambar,5,87.22,0.2,Card
FX204077,20/04/2025,Tara Joshi,East,Chicken Biryani,2,286.11,0.0,Cash on Delivery
FX204888,2025-11-11,Yash Patel,SOUTH,Farmhouse Pizza,3,395.01,0.05,Card
FX201219,2025-11-26,,EAST,Cold Coffee,2,117.81,0.0,UPI
FX205088,2025-08-27,,West,Veg Fried Rice,1,195.02,0.0,Card
FX201921,29/03/2025,Manish Tiwari,East,Chicken Biryani,1,286.11,0.0,Card
FX207453,07/10/2025,Saanvi Reddy,SOUTH,Fish Curry Meals,1,325.71,0.1,Cash on Delivery
FX203411,2025-12-24,Priya Balaji,EAST,Margherita Pizza,1,253.98,0.15,Cash on Delivery
FX201203,06-22-2025,Arjun Verma,EAST,Mutton Roll,8,279.0,0.05,Wallet
FX207737,2025-07-11,Kavya Subramanian,south,Chicken Biryani,7,294.78,0.15,Card
FX200571,11/08/2025,,East,Idli Sambar,6,89.0,0.25,UPI
FX207470,06-02-2025,Manish Tiwari,North,Idli Sambar,7,89.89,0.25,Card
FX205152,2025-11-21,Karthik Raman,EAST,Masala Dosa,3,127.71,0.2,Wallet
FX208813,03/06/2025,Dev Sharma,SOUTH,Spring Roll,8,160.59,0.0,Wallet
FX205170,15/07/2025,Kavya Subramanian,North,Mutton Roll,6,279.0,0.25,UPI
FX204750,12-24-2025,Priya Balaji,south,Chocolate Brownie,2,149.0,0.0,Card
FX201434,12-03-2025,Nikhil Menon,SOUTH,Idli Sambar,4,89.0,0.25,Card
FX207145,2025-05-10,Nikhil Menon,EAST,Mango Lassi,4,109.0,0.15,Card
FX200854,01-08-2025,Priya Balaji,EAST,Filter Coffee,6,58.41,0.0,Card
FX200169,09-14-2025,Meera Krishnan,West,Farmhouse Pizza,3,399.0,0.2,UPI
FX200869,16/08/2025,Karthik Raman,south,Fish Curry Meals,6,325.71,,UPI
FX201141,25/04/2025,Nikhil Menon,south,Masala Dosa,4,127.71,0.15,Card
FX204448,23/04/2025,Yash Patel,SOUTH,Gulab Jamun,7,99.0,0.1,UPI
FX202445,09-12-2025,Ishita Bose,North,Gulab Jamun,4,100.98,0.1,Wallet
FX203925,08/11/2025,,West,Tandoori Chicken,5,440.02,0.0,Cash on Delivery
FX208653,04-01-2025,Riya Kapoor,East,Spring Roll,5,162.18,0.25,Card
FX206147,06-17-2025,Aditya Ghosh,North,Filter Coffee,5,59.59,0.0,Card
FX203259,2025-05-24,Yash Patel,East,Chocolate Brownie,1,149.0,0.05,Card
FX204252,03-14-2025,Vihaan Rao,EAST,Butter Naan,2,44.55,0.15,UPI
FX208023,12-18-2025,Nikhil Menon,East,Filter Coffee,4,57.82,0.05,UPI
FX205655,2025-02-07,Arjun Verma,North,Filter Coffee,4,59.59,0.25,Cash on Delivery
FX206747,18/03/2025,Rahul Sinha,EAST,Mutton Roll,2,279.0,0.1,Wallet
FX200599,2025-02-11,Rohan Pillai,North,Veg Biryani,7,219.0,0.0,Card
FX208320,2025-07-04,Dev Sharma,EAST,Chocolate Brownie,1,146.02,0.0,Card
FX204074,18/11/2025,Rahul Sinha,East,Green Salad,5,139.0,0.05,Wallet
FX206286,2025-07-30,Diya Nair,East,Green Salad,4,141.78,0.0,Wallet
FX201684,2025-05-16,Karthik Raman,SOUTH,Veg Biryani,1,216.81,0.1,Wallet
FX206805,26/10/2025,Tara Joshi,south,Paneer Butter Masala,4,261.59,0.15,UPI
FX201977,2025-07-19,Karthik Raman,North,Chicken Biryani,1,291.89,0.0,Cash on Delivery
FX202574,07-23-2025,Vihaan Rao,SOUTH,Spring Roll,1,155.82,0.2,Wallet
FX204810,05/10/2025,Arjun Verma,west,Cold Coffee,6,119.0,0.2,Cash on Delivery
FX203933,12/02/2025,Nisha Gupta,south,Cold Coffee,8,119.0,0.0,Wallet
FX201589,04-18-2025,Ishita Bose,west,Chocolate Brownie,8,146.02,0.0,Cash on Delivery
FX200569,2025-03-13,Nisha Gupta,SOUTH,Gulab Jamun,2,97.02,0.1,Cash on Delivery
FX208500,2025-03-17,Sneha Varma,EAST,Idli Sambar,4,88.11,0.0,Card
FX200020,05-04-2025,Diya Nair,SOUTH,Gulab Jamun,1,97.02,0.0,Card
FX200876,2025-04-05,Saanvi Reddy,west,Margherita Pizza,6,244.02,0.0,Cash on Delivery
FX206288,2025-07-04,Saanvi Reddy,SOUTH,Idli Sambar,2,87.22,0.0,Wallet
FX208998,2025-01-25,Aditya Ghosh,south,Chocolate Brownie,6,146.02,0.0,UPI
FX206969,2025-04-21,Rohan Pillai,East,Mango Lassi,4,111.18,0.15,Wallet
FX201440,2025-02-27,Omkar Deshpande,West,Masala Dosa,1,126.42,0.2,Wallet
FX207863,02/05/2025,Kavya Subramanian,SOUTH,Green Salad,4,137.61,0.2,Cash on Delivery
FX206366,06-12-2025,Nikhil Menon,North,Farmhouse Pizza,7,391.02,0.0,Wallet
FX206176,01/12/2025,Saanvi Reddy,North,Butter Naan,2,45.0,0.25,Cash on Delivery
FX208058,2025-01-13,Sneha Varma,North,Filter Coffee,7,58.41,0.0,UPI
FX205266,01/10/2025,Lakshmi Prasad,south,Paneer Butter Masala,6,259.0,0.0,Cash on Delivery
FX203357,2025-04-25,Yash Patel,East,Filter Coffee,3,59.59,0.15,UPI
FX202544,11-17-2025,Yash Patel,SOUTH,Chicken Biryani,4,291.89,0.2,Cash on Delivery
FX203643,2025-07-30,Nikhil Menon,North,Chocolate Brownie,7,147.51,0.0,Card
FX204854,2025-11-18,Riya Kapoor,SOUTH,Farmhouse Pizza,7,391.02,0.0,Card
FX201880,2025-04-06,Priya Balaji,south,Mutton Roll,2,273.42,0.1,Cash on Delivery
FX205238,2025-10-02,Aarav Mehta,west,Tandoori Chicken,3,457.98,0.1,Wallet
FX203397,04-24-2025,Manish Tiwari,west,Mutton Roll,6,281.79,0.05,Card
FX203028,2025-01-23,Manish Tiwari,EAST,Filter Coffee,3,60.18,0.2,Wallet
FX204663,2025-01-04,Arjun Verma,SOUTH,Paneer Butter Masala,3,253.82,,Cash on Delivery
FX208310,02-19-2025,Aarav Mehta,West,Mango Lassi,7,111.18,0.15,Cash on Delivery
FX207404,2025-02-22,Diya Nair,south,Mutton Roll,6,284.58,0.05,UPI
FX200099,01-13-2025,Saanvi Reddy,West,Cold Coffee,6,121.38,0.15,UPI
FX203769,2025-04-15,Aditya Ghosh,EAST,Gulab Jamun,8,100.98,0.15,Card
FX200644,11-08-2025,Karthik Raman,north,Mango Lassi,4,110.09,,UPI
FX202852,27/02/2025,,East,Chicken Biryani,8,286.11,0.1,Cash on Delivery
FX201280,10/08/2025,Lakshmi Prasad,EAST,Spring Roll,7,160.59,0.15,Wallet
FX206876,11/03/2025,Nisha Gupta,North,Butter Naan,7,45.45,0.25,UPI
FX201314,2025-01-25,Lakshmi Prasad,EAST,Veg Biryani,7,216.81,0.2,Cash on Delivery
FX203953,2025-08-05,Karthik Raman,west,Chicken Biryani,4,286.11,,Card
FX206061,04-08-2025,Karthik Raman,West,Spring Roll,7,159.0,0.25,UPI
FX201748,2025-01-22,Ananya Iyer,West,Gulab Jamun,3,98.01,0.05,Card
FX203634,08/06/2025,Kavya Subramanian,West,Veg Fried Rice,3,200.99,0.0,UPI
FX202663,25/12/2025,Priya Balaji,North,Tandoori Chicken,-4,453.49,0.25,Wallet
FX200811,07/06/2025,Nisha Gupta,north,Tandoori Chicken,3,449.0,0.1,Cash on Delivery
FX207350,29/01/2025,Saanvi Reddy,West,Green Salad,2,139.0,0.0,UPI
FX201819,2025-11-11,Vihaan Rao,EAST,Mango Lassi,5,107.91,0.1,UPI
FX204049,01-10-2025,Yash Patel,south,Fish Curry Meals,8,329.0,0.2,Wallet
FX202337,20/03/2025,,West,Spring Roll,2,162.18,0.0,Wallet
FX200718,2025-02-05,,West,Veg Fried Rice,7,200.99,,Cash on Delivery
FX203898,2025-01-11,Nisha Gupta,West,Masala Dosa,8,129.0,0.15,Wallet
FX200430,11-04-2025,Diya Nair,west,Margherita Pizza,4,249.0,0.05,Card
FX204857,07-13-2025,Omkar Deshpande,north,Green Salad,7,136.22,0.1,Wallet
FX200848,18/02/2025,Saanvi Reddy,west,Spring Roll,4,160.59,0.1,UPI
FX205241,23/09/2025,Rohan Pillai,SOUTH,Farmhouse Pizza,1,395.01,0.0,Wallet
FX208402,07-14-2025,Omkar Deshpande,south,Spring Roll,-4,159.0,0.25,Cash on Delivery
FX206140,06-06-2025,Ananya Iyer,SOUTH,Mango Lassi,5,107.91,0.2,UPI
FX202169,04-30-2025,Nisha Gupta,SOUTH,Filter Coffee,6,60.18,0.25,Card
FX202934,08-19-2025,Diya Nair,west,Veg Fried Rice,7,197.01,0.0,Cash on Delivery
FX205601,26/05/2025,Aarav Mehta,EAST,Gulab Jamun,6,100.98,,Card
FX207224,05-12-2025,Rahul Sinha,EAST,Cold Coffee,8,119.0,0.05,Card
FX201889,27/11/2025,Arjun Verma,North,Butter Naan,1,45.45,0.2,UPI
FX208812,2025-06-16,Sneha Varma,West,Mango Lassi,3,109.0,0.0,Wallet
FX207418,02-03-2025,Rahul Sinha,west,Fish Curry Meals,7,332.29,0.15,Card
FX202732,11/11/2025,Vihaan Rao,North,Chicken Biryani,1,291.89,,Card
FX205894,2025-03-25,Kabir Shah,north,Tandoori Chicken,7,453.49,0.0,Wallet
FX207607,2025-07-30,Dev Sharma,East,Gulab Jamun,3,97.02,0.1,Wallet
FX207434,12/04/2025,Diya Nair,SOUTH,Veg Fried Rice,5,199.0,0.2,Card
FX206309,01/11/2025,Tara Joshi,south,Veg Biryani,4,214.62,0.1,Wallet
FX208453,2025-08-21,Lakshmi Prasad,SOUTH,Veg Fried Rice,5,202.98,0.2,Cash on Delivery
FX202098,2025-06-22,Karthik Raman,East,Filter Coffee,8,59.0,0.0,Wallet
FX204254,2025-02-03,Rahul Sinha,north,Farmhouse Pizza,1,406.98,0.0,UPI
FX203235,2025-06-05,Vihaan Rao,North,Mutton Roll,8,281.79,0.0,UPI
FX200561,09-02-2025,Sneha Varma,North,Farmhouse Pizza,5,399.0,0.2,Cash on Delivery
FX206866,23/11/2025,Dev Sharma,south,Farmhouse Pizza,8,399.0,0.05,Card
FX204986,11/04/2025,Yash Patel,EAST,Chocolate Brownie,4,147.51,0.15,Cash on Delivery
FX205028,04-06-2025,Ananya Iyer,West,Mutton Roll,7,284.58,0.05,UPI
FX205864,26/08/2025,Tara Joshi,EAST,Margherita Pizza,8,246.51,0.2,UPI
FX205166,2025-01-03,Lakshmi Prasad,North,Paneer Butter Masala,7,259.0,0.0,UPI
FX207939,2025-08-09,Tara Joshi,SOUTH,Paneer Butter Masala,6,259.0,0.0,Card
FX208448,2025-04-02,,west,Green Salad,7,136.22,0.05,UPI
FX200724,2025-03-15,Kavya Subramanian,south,Filter Coffee,6,60.18,0.05,Cash on Delivery
FX200573,2025-12-24,Ishita Bose,EAST,Margherita Pizza,8,246.51,0.0,Cash on Delivery
FX208952,02-27-2025,Riya Kapoor,EAST,Chocolate Brownie,5,146.02,0.25,UPI
FX207830,2025-02-07,Kabir Shah,SOUTH,Fish Curry Meals,6,329.0,0.0,UPI
FX201316,08/05/2025,Nikhil Menon,East,Masala Dosa,7,129.0,0.1,Wallet
FX206455,04-25-2025,Karthik Raman,EAST,Butter Naan,5,44.55,0.05,UPI
FX203270,06-24-2025,Nikhil Menon,EAST,Paneer Butter Masala,7,253.82,0.0,UPI
FX202344,08-20-2025,Tara Joshi,North,Butter Naan,1,44.55,0.05,UPI
FX206352,06-23-2025,Ananya Iyer,North,Filter Coffee,2,59.59,0.0,Cash on Delivery
FX202399,24/09/2025,Ananya Iyer,West,Chocolate Brownie,7,147.51,0.2,Cash on Delivery
FX200500,2025-09-18,Sneha Varma,West,Farmhouse Pizza,4,399.0,0.2,Wallet
FX203160,11/06/2025,Vihaan Rao,west,Tandoori Chicken,1,453.49,0.0,Cash on Delivery
FX205800,12-05-2025,Aarav Mehta,west,Masala Dosa,1,131.58,0.25,UPI
FX208024,2025-10-26,Sneha Varma,North,Mango Lassi,8,106.82,0.0,Card
FX200348,2025-09-03,,south,Mango Lassi,1,106.82,0.05,Cash on Delivery
FX202523,10/08/2025,Manish Tiwari,EAST,Chicken Biryani,6,291.89,0.0,Card
FX206659,05-08-2025,Sneha Varma,SOUTH,Farmhouse Pizza,3,406.98,0.25,Cash on Delivery
FX207696,2025-11-15,Ishita Bose,west,Veg Fried Rice,8,197.01,,Card
FX205510,07-05-2025,Ishita Bose,west,Butter Naan,3,44.55,0.15,Card
FX208760,19/03/2025,Nisha Gupta,West,Spring Roll,7,155.82,0.2,UPI
FX200067,06/06/2025,Priya Balaji,west,Mutton Roll,-8,279.0,0.2,Cash on Delivery
FX208857,10/04/2025,Saanvi Reddy,EAST,Mango Lassi,8,110.09,0.25,Cash on Delivery
FX204481,25/08/2025,Omkar Deshpande,south,Paneer Butter Masala,2,261.59,0.0,UPI
FX206680,10/01/2025,Diya Nair,west,Cold Coffee,6,120.19,0.0,Cash on Delivery
FX207932,01/04/2025,Diya Nair,North,Gulab Jamun,8,100.98,0.25,Wallet
FX206512,2025-10-02,Aditya Ghosh,North,Tandoori Chicken,8,440.02,0.0,UPI
FX203990,12-15-2025,Ananya Iyer,East,Filter Coffee,8,57.82,0.0,Card
FX206257,18/05/2025,,West,Fish Curry Meals,8,329.0,0.05,Wallet
FX203476,03-13-2025,Aditya Ghosh,East,Veg Fried Rice,8,195.02,0.0,Cash on Delivery
FX208142,01-25-2025,Sneha Varma,north,Veg Biryani,4,221.19,,Card
FX200436,07/06/2025,Meera Krishnan,East,Tandoori Chicken,7,457.98,0.2,Wallet
FX200031,2025-11-29,Manish Tiwari,EAST,Farmhouse Pizza,3,406.98,0.0,Wallet
FX205146,2025-09-22,Yash Patel,west,Veg Biryani,3,221.19,0.0,UPI
FX200037,2025-07-17,Nisha Gupta,North,Chicken Noodles,7,241.39,0.05,Card
FX200071,2025-11-25,,East,Mutton Roll,4,281.79,0.0,Card
FX202883,2025-05-31,Rohan Pillai,west,Masala Dosa,8,126.42,0.15,Card
FX200968,2025-11-20,Meera Krishnan,south,Chicken Biryani,5,283.22,0.2,UPI
FX207199,04/11/2025,Meera Krishnan,west,Idli Sambar,7,87.22,0.1,UPI
FX203874,2025-07-23,Karthik Raman,north,Mango Lassi,5,109.0,0.15,Card
FX207142,05-02-2025,Nisha Gupta,North,Idli Sambar,6,89.89,0.2,Card
FX200567,2025-04-14,Lakshmi Prasad,West,Butter Naan,2,45.9,0.1,UPI
FX206792,06-06-2025,Yash Patel,North,Butter Naan,7,45.45,0.0,Wallet
FX203459,2025-07-27,Meera Krishnan,south,Paneer Butter Masala,3,259.0,0.0,Card
FX208130,12/06/2025,Dev Sharma,north,Margherita Pizza,4,246.51,0.25,Cash on Delivery
FX204330,2025-10-11,Rahul Sinha,south,Veg Fried Rice,5,202.98,0.0,Cash on Delivery
FX202052,04-14-2025,Karthik Raman,north,Chicken Biryani,3,291.89,0.15,Cash on Delivery
FX203166,18/02/2025,Ishita Bose,west,Masala Dosa,8,131.58,0.0,Cash on Delivery
FX203928,2025-12-05,Aditya Ghosh,north,Butter Naan,4,44.55,0.0,Wallet
FX205004,2025-02-14,Saanvi Reddy,west,Butter Naan,4,45.0,0.15,Cash on Delivery
FX208118,2025-07-01,Lakshmi Prasad,EAST,Chicken Biryani,1,286.11,0.15,Wallet
FX203565,2025-07-30,Priya Balaji,West,Margherita Pizza,8,251.49,0.0,Wallet
FX203865,17/03/2025,Saanvi Reddy,North,Mutton Roll,2,284.58,0.05,Wallet
FX206509,2025-06-01,Dev Sharma,EAST,Veg Fried Rice,6,200.99,0.0,Card
FX204705,23/04/2025,Sneha Varma,north,Tandoori Chicken,3,444.51,0.25,Cash on Delivery
FX202730,02/09/2025,Nikhil Menon,north,Mutton Roll,2,273.42,0.2,Card
FX205353,02-14-2025,Tara Joshi,EAST,Idli Sambar,5,88.11,0.0,UPI
FX203819,09/11/2025,Dev Sharma,SOUTH,Masala Dosa,3,130.29,0.15,Cash on Delivery
FX208918,2025-03-13,Rahul Sinha,south,Mango Lassi,3,109.0,0.2,Cash on Delivery
FX203764,2025-10-22,Diya Nair,north,Fish Curry Meals,1,335.58,0.0,Wallet
FX208393,27/11/2025,Lakshmi Prasad,south,Cold Coffee,2,120.19,0.2,UPI
FX206020,06/04/2025,Aditya Ghosh,EAST,Paneer Butter Masala,2,261.59,0.15,Card
FX208905,04-01-2025,Vihaan Rao,north,Spring Roll,5,159.0,0.25,UPI
FX208638,22/11/2025,Omkar Deshpande,North,Farmhouse Pizza,7,399.0,0.0,UPI
FX203452,19/02/2025,Diya Nair,East,Chicken Noodles,4,241.39,,Wallet
FX203524,02/06/2025,Lakshmi Prasad,SOUTH,Margherita Pizza,5,251.49,0.2,Card
FX203077,10-24-2025,Rahul Sinha,north,Idli Sambar,1,90.78,0.05,Card
FX206575,2025-01-16,Rohan Pillai,East,Chicken Biryani,7,291.89,0.0,Wallet
FX200780,06/04/2025,Riya Kapoor,south,Veg Biryani,1,219.0,,UPI
FX208919,03/03/2025,Saanvi Reddy,EAST,Chicken Biryani,6,289.0,0.25,Wallet
FX200310,17/09/2025,Kavya Subramanian,north,Fish Curry Meals,2,329.0,0.05,UPI
FX207455,2025-11-01,Omkar Deshpande,East,Chicken Biryani,1,294.78,0.0,Card
FX205503,14/06/2025,Omkar Deshpande,north,Filter Coffee,3,58.41,0.05,Wallet
FX202886,2025-04-26,Meera Krishnan,west,Filter Coffee,2,59.0,0.0,UPI
FX206734,05-08-2025,Riya Kapoor,East,Masala Dosa,1,131.58,0.1,UPI
FX204603,20/01/2025,Yash Patel,north,Green Salad,3,139.0,0.1,Card
FX206452,07/01/2025,Sneha Varma,west,Spring Roll,8,162.18,0.2,Card
FX200758,2025-02-12,Kabir Shah,SOUTH,Gulab Jamun,4,99.99,,Card
FX203756,2025-05-13,Kavya Subramanian,North,Filter Coffee,2,59.59,0.0,Wallet
FX202504,04-21-2025,Kabir Shah,SOUTH,Margherita Pizza,5,253.98,0.1,Wallet
FX206940,2025-12-03,Aditya Ghosh,North,Mango Lassi,3,109.0,,Wallet
FX208931,2025-04-13,Priya Balaji,west,Chocolate Brownie,3,147.51,0.25,Cash on Delivery
FX205814,02/03/2025,Arjun Verma,West,Paneer Butter Masala,6,261.59,0.0,UPI
FX208645,2025-03-03,Yash Patel,west,Farmhouse Pizza,7,391.02,0.1,Card
FX207752,2025-09-02,Karthik Raman,North,Idli Sambar,7,89.0,0.2,Wallet
FX208414,30/10/2025,Ananya Iyer,west,Veg Biryani,3,214.62,0.0,Wallet
FX205042,2025-07-31,Arjun Verma,North,Farmhouse Pizza,2,391.02,0.15,Cash on Delivery
FX206281,2025-10-13,Riya Kapoor,EAST,Chicken Biryani,3,291.89,0.25,Cash on Delivery
FX207822,12/01/2025,Diya Nair,North,Tandoori Chicken,3,449.0,0.15,Cash on Delivery
FX206723,2025-12-19,Riya Kapoor,west,Chocolate Brownie,7,149.0,0.15,Card
FX203722,19/04/2025,Nikhil Menon,West,Veg Biryani,8,221.19,0.05,UPI
FX206118,22/07/2025,Rahul Sinha,south,Fish Curry Meals,8,322.42,0.0,UPI
FX201485,08-19-2025,Aditya Ghosh,west,Butter Naan,2,45.0,0.05,Cash on Delivery
FX205559,2025-05-13,Meera Krishnan,West,Cold Coffee,7,117.81,0.25,Cash on Delivery
FX208086,12-25-2025,Aarav Mehta,EAST,Idli Sambar,4,88.11,0.15,Card
FX202933,2025-03-08,,west,Fish Curry Meals,2,329.0,0.15,Wallet
FX201064,2025-02-21,Dev Sharma,north,Idli Sambar,4,89.0,0.0,Wallet
FX205804,01/09/2025,Priya Balaji,North,Cold Coffee,7,121.38,0.0,Wallet
FX204435,2025-03-04,Yash Patel,north,Margherita Pizza,4,244.02,,UPI
FX205095,12-28-2025,Tara Joshi,north,Chicken Biryani,7,286.11,0.0,Card
FX202405,13/04/2025,Kabir Shah,west,Mutton Roll,4,279.0,0.0,Cash on Delivery
FX203857,03-18-2025,Rohan Pillai,north,Margherita Pizza,2,244.02,0.25,UPI
FX206023,14/03/2025,Yash Patel,West,Filter Coffee,4,59.59,0.15,UPI
FX206972,01-03-2025,Yash Patel,North,Butter Naan,6,45.0,0.2,Cash on Delivery
FX203753,09-07-2025,Yash Patel,south,Paneer Butter Masala,3,261.59,0.15,Cash on Delivery
FX205819,08/09/2025,Omkar Deshpande,west,Idli Sambar,-5,90.78,,Wallet
FX206795,26/11/2025,Omkar Deshpande,EAST,Fish Curry Meals,3,335.58,0.2,Wallet
FX203312,22/09/2025,Aditya Ghosh,EAST,Mango Lassi,7,107.91,0.2,Wallet
FX203465,11/06/2025,Diya Nair,SOUTH,Green Salad,4,141.78,0.15,Wallet
FX205535,08-24-2025,Omkar Deshpande,West,Chicken Biryani,5,283.22,0.25,Wallet
FX205188,2025-07-02,Meera Krishnan,SOUTH,Fish Curry Meals,8,322.42,,Wallet
FX200515,2025-07-09,Saanvi Reddy,south,Butter Naan,3,45.0,0.0,Card
FX202509,09/06/2025,Kavya Subramanian,north,Margherita Pizza,3,251.49,0.0,UPI
FX201922,2025-12-28,Sneha Varma,north,Mutton Roll,3,273.42,0.15,Cash on Delivery
FX204332,2025-04-19,Aarav Mehta,south,Gulab Jamun,2,98.01,0.0,Cash on Delivery
FX204464,2025-01-02,Yash Patel,EAST,Farmhouse Pizza,1,399.0,0.0,Card
FX204729,2025-02-17,Meera Krishnan,North,Spring Roll,7,159.0,0.2,Card
FX207888,09-15-2025,Lakshmi Prasad,SOUTH,Cold Coffee,3,120.19,0.15,Card
FX200205,12-12-2025,Manish Tiwari,north,Spring Roll,3,159.0,0.0,Card
FX207621,2025-03-10,Rohan Pillai,west,Idli Sambar,8,89.0,0.0,Cash on Delivery
FX200104,2025-12-19,Ishita Bose,East,Mutton Roll,4,273.42,0.15,Card
FX205066,2025-05-02,Priya Balaji,north,Paneer Butter Masala,4,253.82,0.05,Card
FX204852,2025-01-05,Yash Patel,north,Fish Curry Meals,5,335.58,0.1,Card
FX205572,07/12/2025,Karthik Raman,North,Chocolate Brownie,6,146.02,0.15,Card
FX205356,2025-02-21,Ishita Bose,East,Tandoori Chicken,1,457.98,0.15,UPI
FX207648,26/06/2025,Kabir Shah,East,Chocolate Brownie,5,151.98,0.2,Wallet
FX200906,11/11/2025,Tara Joshi,west,Green Salad,7,139.0,0.2,Wallet
FX200907,2025-02-04,Dev Sharma,West,Margherita Pizza,4,251.49,0.2,Card
FX204148,2025-05-16,Arjun Verma,West,Paneer Butter Masala,6,256.41,0.15,Wallet
FX200488,2025-04-14,Priya Balaji,SOUTH,Chicken Biryani,7,286.11,,Wallet
FX206399,08/11/2025,Rahul Sinha,SOUTH,Veg Fried Rice,3,200.99,0.25,Card
FX205243,10-01-2025,Vihaan Rao,north,Veg Fried Rice,5,200.99,0.2,Cash on Delivery
FX204978,10/06/2025,Dev Sharma,north,Idli Sambar,4,87.22,0.25,UPI
FX206579,31/08/2025,Kabir Shah,East,Veg Fried Rice,3,195.02,0.2,Card
FX203015,08-14-2025,Yash Patel,west,Green Salad,7,136.22,0.0,Cash on Delivery
FX204797,2025-02-10,Omkar Deshpande,North,Chocolate Brownie,5,146.02,0.05,Cash on Delivery
FX200036,30/09/2025,Omkar Deshpande,SOUTH,Chicken Biryani,6,294.78,0.0,UPI
FX205588,11-14-2025,Arjun Verma,north,Chicken Biryani,4,289.0,0.1,Wallet
FX203771,29/10/2025,Nisha Gupta,south,Green Salad,3,139.0,,UPI
FX203745,2025-09-08,Karthik Raman,East,Spring Roll,4,155.82,0.0,Wallet
FX200574,10-19-2025,Aditya Ghosh,EAST,Masala Dosa,7,129.0,0.0,Cash on Delivery
FX206007,2025-07-09,Sneha Varma,south,Green Salad,1,136.22,0.2,Cash on Delivery
FX203062,2025-12-09,Kavya Subramanian,west,Green Salad,1,141.78,0.0,Card
FX206806,08-02-2025,Diya Nair,EAST,Idli Sambar,-6,89.0,,UPI
FX207520,2025-08-08,Vihaan Rao,North,Chocolate Brownie,8,146.02,0.2,Card
FX208540,2025-04-26,Lakshmi Prasad,SOUTH,Idli Sambar,8,88.11,0.0,Wallet
FX204290,30/11/2025,Tara Joshi,west,Mutton Roll,8,281.79,,Wallet
FX202658,2025-03-22,Priya Balaji,West,Spring Roll,8,159.0,,Wallet
FX204989,01-12-2025,Aarav Mehta,north,Margherita Pizza,6,253.98,0.0,Wallet
FX207917,09/03/2025,Aarav Mehta,North,Chicken Biryani,3,291.89,0.25,Cash on Delivery
FX206089,10-12-2025,Vihaan Rao,SOUTH,Idli Sambar,1,88.11,0.05,Card
FX207772,2025-01-23,Lakshmi Prasad,north,Chicken Noodles,6,241.39,0.2,Wallet
FX206307,29/04/2025,Nisha Gupta,SOUTH,Spring Roll,8,159.0,,Cash on Delivery
FX203068,2025-11-16,Rohan Pillai,North,Green Salad,4,137.61,0.0,Card
FX200225,04/08/2025,Omkar Deshpande,west,Gulab Jamun,7,99.99,0.25,Card
FX204349,14/10/2025,Omkar Deshpande,North,Veg Biryani,7,216.81,0.0,UPI
FX204898,13/12/2025,Manish Tiwari,north,Cold Coffee,4,121.38,0.0,Card
FX205906,30/01/2025,Ishita Bose,East,Butter Naan,5,45.45,0.2,UPI
FX208253,2025-09-01,Rahul Sinha,south,Chicken Noodles,7,241.39,0.1,UPI
FX205543,2025-03-13,Rahul Sinha,south,Green Salad,2,137.61,0.0,Cash on Delivery
FX202430,2025-05-15,Diya Nair,EAST,Filter Coffee,1,59.59,0.15,Cash on Delivery
FX200131,2025-09-28,Vihaan Rao,West,Margherita Pizza,1,253.98,0.1,Cash on Delivery
FX205431,12/04/2025,Aarav Mehta,SOUTH,Tandoori Chicken,8,444.51,0.0,UPI
FX203463,04/10/2025,Yash Patel,East,Margherita Pizza,2,253.98,0.25,UPI
FX207306,2025-12-02,Dev Sharma,North,Fish Curry Meals,6,335.58,0.15,Cash on Delivery
FX204588,13/08/2025,Sneha Varma,north,Cold Coffee,1,119.0,0.0,UPI
FX203924,01-22-2025,Rohan Pillai,East,Veg Fried Rice,4,197.01,0.1,Card
FX208738,03-03-2025,Saanvi Reddy,West,Veg Fried Rice,1,195.02,0.0,UPI
FX205545,05-25-2025,Aditya Ghosh,East,Veg Biryani,4,223.38,0.0,Cash on Delivery
FX205222,2025-12-26,Rohan Pillai,west,Veg Biryani,4,219.0,,UPI
FX204808,2025-12-06,Kavya Subramanian,West,Masala Dosa,3,129.0,0.05,Cash on Delivery
FX208379,09-06-2025,Yash Patel,north,Chocolate Brownie,7,146.02,0.25,Card
FX207263,05/12/2025,Kavya Subramanian,North,Gulab Jamun,1,99.99,0.25,Card
FX203776,08/04/2025,Nisha Gupta,south,Fish Curry Meals,7,325.71,0.05,Wallet
FX203588,04/12/2025,Ananya Iyer,West,Mutton Roll,5,281.79,0.0,Card
FX204641,04/08/2025,Dev Sharma,west,Tandoori Chicken,4,457.98,0.25,Card
FX208691,09-19-2025,Sneha Varma,North,Margherita Pizza,2,246.51,0.1,UPI
FX201348,2025-08-19,Rohan Pillai,SOUTH,Mango Lassi,2,110.09,0.05,UPI
FX204805,01-21-2025,Aarav Mehta,north,Fish Curry Meals,-8,329.0,0.25,Card
FX200946,2025-04-01,Ananya Iyer,EAST,Veg Fried Rice,4,200.99,0.05,Wallet
FX201009,04-10-2025,Dev Sharma,East,Farmhouse Pizza,8,402.99,0.0,UPI
FX208057,2025-04-15,Diya Nair,North,Veg Fried Rice,8,197.01,0.15,Cash on Delivery
FX207287,05-21-2025,Kabir Shah,EAST,Veg Fried Rice,3,200.99,0.1,Cash on Delivery
FX202575,04-06-2025,Priya Balaji,EAST,Margherita Pizza,8,249.0,0.05,Card
FX207136,04/08/2025,Meera Krishnan,south,Paneer Butter Masala,1,256.41,0.05,Cash on Delivery
FX202974,09-21-2025,Manish Tiwari,SOUTH,Mango Lassi,2,107.91,0.15,Wallet
FX201584,22/12/2025,Omkar Deshpande,SOUTH,Masala Dosa,5,126.42,0.1,Card
FX202114,2025-01-25,Vihaan Rao,East,Veg Fried Rice,7,195.02,0.05,Wallet
FX205147,12/07/2025,Rohan Pillai,north,Tandoori Chicken,6,449.0,0.05,UPI
FX205585,06-05-2025,Saanvi Reddy,north,Veg Fried Rice,7,200.99,0.15,Wallet
FX207937,2025-03-20,Dev Sharma,EAST,Farmhouse Pizza,7,395.01,0.05,Cash on Delivery
FX204552,14/12/2025,Manish Tiwari,North,Butter Naan,8,45.9,0.1,UPI
FX202286,2025-12-16,Vihaan Rao,west,Chicken Noodles,3,234.22,0.0,Card
FX202067,2025-02-27,Vihaan Rao,East,Masala Dosa,8,129.0,0.15,Cash on Delivery
FX202254,10-17-2025,Aarav Mehta,North,Tandoori Chicken,8,453.49,0.0,Cash on Delivery
FX204855,2025-08-03,Aditya Ghosh,West,Masala Dosa,-2,127.71,0.2,Card
FX207000,09-05-2025,Dev Sharma,East,Spring Roll,1,162.18,0.15,UPI
FX206215,01/09/2025,Vihaan Rao,north,Filter Coffee,3,59.59,0.0,Wallet
FX203760,12/06/2025,Ananya Iyer,south,Chicken Biryani,2,286.11,0.15,Wallet
FX204894,2025-09-04,Tara Joshi,West,Cold Coffee,5,119.0,,Card
FX201339,2025-11-27,Yash Patel,SOUTH,Veg Biryani,2,216.81,0.0,UPI
FX203511,07-05-2025,Meera Krishnan,North,Veg Fried Rice,8,200.99,0.0,Wallet
FX207271,2025-10-16,Lakshmi Prasad,north,Butter Naan,8,44.1,0.2,Card
FX202805,28/06/2025,Sneha Varma,SOUTH,Masala Dosa,5,131.58,0.15,Cash on Delivery
FX202080,19/01/2025,Tara Joshi,south,Mango Lassi,7,106.82,0.0,Card
FX208162,06-27-2025,Omkar Deshpande,West,Green Salad,8,136.22,0.0,Cash on Delivery
FX207133,11-30-2025,Sneha Varma,West,Spring Roll,4,155.82,0.05,UPI
FX207637,2025-09-02,Lakshmi Prasad,West,Spring Roll,6,157.41,0.0,Card
FX208914,19/12/2025,Nisha Gupta,North,Fish Curry Meals,3,325.71,0.0,Card
FX205423,13/08/2025,Karthik Raman,East,Tandoori Chicken,7,449.0,0.2,Wallet
FX204241,03-16-2025,Lakshmi Prasad,SOUTH,Gulab Jamun,7,99.99,0.1,Card
FX207232,04-17-2025,Priya Balaji,SOUTH,Margherita Pizza,6,251.49,0.1,UPI
FX207018,2025-02-01,Meera Krishnan,West,Mutton Roll,5,284.58,0.15,Wallet
FX206851,2025-07-05,Yash Patel,West,Gulab Jamun,7,99.0,0.0,Card
FX208616,15/04/2025,Priya Balaji,West,Filter Coffee,3,60.18,0.1,Card
FX203962,2025-12-21,Dev Sharma,East,Veg Fried Rice,7,195.02,0.2,Wallet
FX206814,2025-08-16,Kavya Subramanian,East,Mutton Roll,7,276.21,0.25,Card
FX208312,15/10/2025,Nikhil Menon,south,Gulab Jamun,4,100.98,0.0,Card
FX204654,2025-10-07,Vihaan Rao,West,Masala Dosa,2,130.29,0.0,UPI
FX206517,06/04/2025,Aditya Ghosh,East,Chocolate Brownie,4,150.49,0.0,Wallet
FX208062,2025-11-02,Kabir Shah,south,Fish Curry Meals,8,332.29,0.1,Card
FX204612,15/08/2025,Kabir Shah,West,Butter Naan,3,44.1,,Card
FX200942,01-28-2025,Saanvi Reddy,East,Margherita Pizza,5,246.51,0.0,Wallet
FX202250,2025-10-14,Diya Nair,EAST,Mutton Roll,3,279.0,0.05,Card
FX208626,02-05-2025,Lakshmi Prasad,EAST,Idli Sambar,2,89.89,0.1,Cash on Delivery
FX203855,2025-09-09,Lakshmi Prasad,south,Tandoori Chicken,6,449.0,0.05,Card
FX202723,2025-11-28,Diya Nair,north,Mutton Roll,1,281.79,0.05,UPI
FX207297,2025-03-19,Meera Krishnan,west,Paneer Butter Masala,7,261.59,0.25,Wallet
FX208988,2025-08-01,Arjun Verma,West,Veg Fried Rice,2,199.0,0.25,Wallet
FX204191,2025-06-08,Yash Patel,EAST,Green Salad,4,137.61,0.1,UPI
FX201680,2025-05-26,Riya Kapoor,west,Farmhouse Pizza,-7,399.0,0.25,UPI
FX201405,2025-02-13,Kabir Shah,SOUTH,Filter Coffee,1,58.41,0.0,UPI
FX207650,2025-10-05,Nikhil Menon,west,Cold Coffee,8,121.38,0.15,Cash on Delivery
FX206955,2025-12-27,Nikhil Menon,North,Chocolate Brownie,4,147.51,0.1,Card
FX207312,16/09/2025,Nisha Gupta,EAST,Tandoori Chicken,1,453.49,0.25,UPI
FX202637,01-09-2025,Nikhil Menon,north,Cold Coffee,6,120.19,0.0,Wallet
FX206454,10/12/2025,Kavya Subramanian,SOUTH,Mutton Roll,3,284.58,,Wallet
FX201682,15/02/2025,Karthik Raman,North,Gulab Jamun,1,98.01,0.25,UPI
FX208408,2025-02-19,Dev Sharma,EAST,Margherita Pizza,7,253.98,0.0,Card
FX202483,2025-10-24,Kabir Shah,north,Farmhouse Pizza,2,391.02,0.25,UPI
FX207211,27/07/2025,Nikhil Menon,west,Veg Fried Rice,2,197.01,0.0,Card
FX204009,23/12/2025,Arjun Verma,West,Chicken Biryani,4,294.78,0.15,Cash on Delivery
FX204826,08-30-2025,Ananya Iyer,south,Chicken Biryani,1,294.78,,Cash on Delivery
FX204047,2025-09-14,Rahul Sinha,SOUTH,Paneer Butter Masala,1,261.59,0.2,UPI
FX204587,2025-07-12,Meera Krishnan,south,Paneer Butter Masala,4,264.18,,Wallet
FX200289,01/07/2025,Arjun Verma,north,Gulab Jamun,3,100.98,0.1,Cash on Delivery
FX204506,2025-05-02,Saanvi Reddy,West,Idli Sambar,6,87.22,0.2,Wallet
FX200693,10/04/2025,Nisha Gupta,North,Fish Curry Meals,4,322.42,0.0,Card
FX200625,2025-08-29,Dev Sharma,north,Cold Coffee,7,121.38,0.25,UPI
FX200351,07-11-2025,Nisha Gupta,south,Margherita Pizza,4,244.02,0.15,UPI
FX206008,23/03/2025,Aditya Ghosh,North,Masala Dosa,4,127.71,0.25,UPI
FX206703,23/01/2025,Diya Nair,EAST,Spring Roll,6,160.59,0.0,Cash on Delivery
FX201411,07-27-2025,Ananya Iyer,North,Butter Naan,1,44.1,0.0,Cash on Delivery
FX205561,05-26-2025,Nisha Gupta,south,Cold Coffee,7,120.19,,Card
FX203300,2025-05-07,Vihaan Rao,East,Tandoori Chicken,4,440.02,,UPI
FX206776,06/02/2025,Riya Kapoor,East,Green Salad,6,137.61,0.1,UPI
FX202341,18/03/2025,Ishita Bose,North,Masala Dosa,7,130.29,,Card
FX201654,2025-03-19,Rahul Sinha,West,Mutton Roll,3,276.21,0.2,Wallet
FX201628,17/09/2025,Aarav Mehta,SOUTH,Veg Biryani,5,221.19,0.25,Card
FX201896,06-14-2025,Riya Kapoor,south,Mutton Roll,8,284.58,0.0,Cash on Delivery
FX204456,10-08-2025,Vihaan Rao,north,Paneer Butter Masala,5,259.0,0.1,Wallet
FX203792,09-08-2025,Nisha Gupta,west,Spring Roll,1,157.41,0.2,UPI
FX200143,26/03/2025,Aditya Ghosh,north,Idli Sambar,6,88.11,0.05,UPI
FX202947,04/06/2025,Omkar Deshpande,west,Tandoori Chicken,8,453.49,0.2,Cash on Delivery
FX202239,05-28-2025,Rohan Pillai,East,Chocolate Brownie,4,150.49,0.05,Card
FX208855,23/09/2025,Omkar Deshpande,North,Veg Biryani,4,223.38,0.2,Wallet
FX200591,02/01/2025,Lakshmi Prasad,EAST,Farmhouse Pizza,3,391.02,,Card
FX208346,03-23-2025,Ananya Iyer,East,Veg Biryani,8,214.62,0.15,Card
FX206842,2025-05-19,Rahul Sinha,SOUTH,Chocolate Brownie,4,147.51,0.15,Wallet
FX205119,22/10/2025,Arjun Verma,north,Spring Roll,3,155.82,0.25,Card
FX201883,2025-07-15,,West,Filter Coffee,6,58.41,0.1,Card
FX202176,30/07/2025,Diya Nair,West,Veg Fried Rice,8,199.0,0.1,Wallet
FX204835,10-05-2025,Vihaan Rao,north,Mango Lassi,3,107.91,0.2,Cash on Delivery
FX208411,01-08-2025,Ishita Bose,West,Fish Curry Meals,6,335.58,,UPI
FX206860,20/07/2025,Ananya Iyer,West,Margherita Pizza,4,249.0,0.0,UPI
FX208122,19/07/2025,Ishita Bose,SOUTH,Spring Roll,7,159.0,0.0,Wallet
FX207992,2025-11-20,Dev Sharma,East,Veg Biryani,5,219.0,0.1,Card
FX205451,2025-07-16,Saanvi Reddy,West,Fish Curry Meals,7,335.58,0.1,Card
FX207362,2025-06-04,Karthik Raman,West,Chicken Biryani,5,289.0,0.05,Card
FX201704,10-25-2025,Ananya Iyer,west,Spring Roll,6,159.0,0.0,Wallet
FX205050,01-13-2025,Aditya Ghosh,north,Masala Dosa,4,127.71,0.15,Cash on Delivery
FX207924,03/06/2025,Lakshmi Prasad,West,Margherita Pizza,7,253.98,0.2,UPI
FX203333,2025-05-16,Nisha Gupta,West,Veg Biryani,1,216.81,0.25,Card
FX202111,2025-12-21,Nikhil Menon,SOUTH,Paneer Butter Masala,3,261.59,0.05,Card
FX206872,2025-06-24,Nisha Gupta,west,Veg Fried Rice,1,195.02,0.25,Cash on Delivery
FX205908,2025-02-17,Rohan Pillai,SOUTH,Mutton Roll,7,276.21,0.0,UPI
FX201435,02/04/2025,Dev Sharma,North,Fish Curry Meals,2,335.58,0.1,Cash on Delivery
FX201593,2025-05-31,Lakshmi Prasad,SOUTH,Chicken Biryani,2,291.89,0.0,Wallet
FX207438,12-24-2025,Karthik Raman,south,Veg Fried Rice,3,200.99,0.1,Wallet
FX206043,26/12/2025,Saanvi Reddy,north,Fish Curry Meals,3,335.58,0.25,Card
FX202467,03-13-2025,Saanvi Reddy,West,Fish Curry Meals,6,332.29,0.25,Card
FX203979,05-28-2025,,SOUTH,Mango Lassi,7,106.82,0.0,Card
FX207834,2025-09-02,Manish Tiwari,East,Spring Roll,8,159.0,0.0,Cash on Delivery
FX201082,23/01/2025,,West,Mango Lassi,8,111.18,0.0,Wallet
FX208450,26/05/2025,Rohan Pillai,North,Mango Lassi,6,110.09,0.0,Cash on Delivery
FX201580,2025-05-05,Kabir Shah,EAST,Margherita Pizza,7,253.98,0.15,Cash on Delivery
FX206036,2025-08-17,Rohan Pillai,North,Paneer Butter Masala,4,253.82,0.1,Wallet
FX203822,2025-02-09,Kavya Subramanian,West,Mutton Roll,3,284.58,0.2,Cash on Delivery
FX200202,05-24-2025,Dev Sharma,south,Green Salad,2,136.22,0.2,Wallet
FX204520,2025-11-27,Vihaan Rao,West,Mango Lassi,2,109.0,0.2,Card
FX205403,2025-08-08,Omkar Deshpande,south,Spring Roll,2,157.41,0.25,UPI
FX205985,10-29-2025,Diya Nair,West,Spring Roll,1,160.59,0.25,UPI
FX207234,2025-06-08,Karthik Raman,south,Spring Roll,8,157.41,0.1,Wallet
FX203999,14/11/2025,Rohan Pillai,North,Chocolate Brownie,4,146.02,0.1,Cash on Delivery
FX202991,2025-09-24,Manish Tiwari,west,Green Salad,8,136.22,0.0,Wallet
FX204204,2025-01-03,Kavya Subramanian,north,Paneer Butter Masala,4,256.41,0.15,Wallet
FX201846,10/05/2025,,west,Tandoori Chicken,4,449.0,0.0,Cash on Delivery
FX202476,2025-02-22,Nikhil Menon,west,Masala Dosa,4,127.71,0.1,Wallet
FX208229,2025-07-11,Priya Balaji,North,Chocolate Brownie,4,149.0,0.0,Wallet
FX204012,25/02/2025,Priya Balaji,south,Farmhouse Pizza,5,399.0,0.2,Card
FX202213,31/07/2025,Aditya Ghosh,south,Veg Fried Rice,5,199.0,0.0,Wallet
FX202643,05-04-2025,Aditya Ghosh,EAST,Veg Biryani,6,223.38,,UPI
FX208067,2025-11-12,Arjun Verma,North,Filter Coffee,2,60.18,0.0,Card
FX203277,04/08/2025,Diya Nair,East,Gulab Jamun,2,99.99,0.15,Card
FX208300,2025-02-05,Dev Sharma,East,Veg Fried Rice,5,202.98,0.15,Card
FX200497,01-20-2025,Priya Balaji,south,Chocolate Brownie,6,150.49,0.0,Card
FX203811,28/07/2025,Aarav Mehta,EAST,Chocolate Brownie,3,147.51,0.05,Wallet
FX208872,03-24-2025,Manish Tiwari,south,Mutton Roll,5,281.79,0.2,Card
FX202306,2025-01-05,Kavya Subramanian,south,Masala Dosa,6,126.42,0.05,Wallet
FX201603,06-21-2025,Karthik Raman,north,Tandoori Chicken,7,453.49,0.1,Wallet
FX202999,12-16-2025,Aarav Mehta,south,Chocolate Brownie,7,146.02,0.05,Wallet
FX205145,05/09/2025,Lakshmi Prasad,south,Green Salad,5,141.78,0.05,Cash on Delivery
FX202158,08-17-2025,Arjun Verma,EAST,Chocolate Brownie,7,149.0,0.15,UPI
FX201604,14/08/2025,Rahul Sinha,south,Butter Naan,4,44.1,0.15,Card
FX203022,30/12/2025,Dev Sharma,EAST,Mutton Roll,6,279.0,0.0,Card
FX208437,02/03/2025,Priya Balaji,North,Chicken Noodles,4,234.22,0.0,UPI
FX200733,2025-06-04,Dev Sharma,EAST,Gulab Jamun,8,98.01,0.2,Card
FX200280,2025-07-08,Karthik Raman,SOUTH,Farmhouse Pizza,8,395.01,0.0,UPI
FX200253,11-28-2025,Yash Patel,North,Veg Biryani,3,223.38,0.0,Cash on Delivery
FX201249,2025-06-07,Aarav Mehta,SOUTH,Spring Roll,7,159.0,0.15,Wallet
FX205557,2025-09-18,Ishita Bose,west,Fish Curry Meals,5,325.71,,Card
FX202896,19/10/2025,Kavya Subramanian,North,Veg Biryani,5,214.62,0.25,Cash on Delivery
FX201222,21/04/2025,Priya Balaji,EAST,Chicken Biryani,-1,289.0,,Wallet
FX201641,2025-07-15,Aditya Ghosh,SOUTH,Green Salad,3,136.22,0.0,Card
FX205985,10-29-2025,Diya Nair,West,Spring Roll,1,160.59,0.25,UPI
FX203131,07-19-2025,Rahul Sinha,south,Cold Coffee,5,121.38,0.0,Card
FX206652,2025-09-27,Saanvi Reddy,West,Masala Dosa,6,126.42,0.25,Card
FX204482,06/05/2025,Sneha Varma,north,Mango Lassi,-3,106.82,0.0,Card
FX200828,18/09/2025,Aarav Mehta,south,Chicken Noodles,7,236.61,0.0,UPI
FX200181,21/11/2025,Dev Sharma,EAST,Chicken Noodles,1,243.78,0.0,Wallet
FX205569,07/04/2025,Aarav Mehta,SOUTH,Farmhouse Pizza,3,399.0,0.1,Wallet
FX200264,02/10/2025,Lakshmi Prasad,west,Paneer Butter Masala,2,261.59,0.0,Wallet
FX204581,2025-10-21,Lakshmi Prasad,west,Tandoori Chicken,1,453.49,0.1,Wallet
FX207260,2025-08-15,Ananya Iyer,EAST,Fish Curry Meals,7,335.58,0.0,Cash on Delivery
FX201770,2025-06-02,Tara Joshi,West,Veg Fried Rice,5,202.98,0.0,Wallet
FX201002,2025-09-22,Omkar Deshpande,EAST,Chicken Noodles,7,241.39,0.05,Card
FX204748,2025-12-03,Ananya Iyer,West,Chicken Noodles,2,243.78,0.0,UPI
FX208858,06/03/2025,Nikhil Menon,North,Gulab Jamun,7,99.0,0.0,Wallet
FX201318,02/03/2025,Vihaan Rao,EAST,Mutton Roll,6,279.0,0.0,Card
FX201547,22/01/2025,Sneha Varma,East,Chicken Biryani,1,286.11,0.25,Cash on Delivery
FX207129,2025-02-26,Rahul Sinha,south,Spring Roll,3,159.0,0.0,UPI
FX204668,11-15-2025,Aditya Ghosh,south,Margherita Pizza,6,249.0,0.05,Cash on Delivery
FX202713,19/04/2025,Nisha Gupta,EAST,Cold Coffee,6,121.38,0.25,Cash on Delivery
FX200277,24/01/2025,Nikhil Menon,west,Farmhouse Pizza,2,402.99,0.0,Card
FX208585,13/07/2025,Rahul Sinha,East,Tandoori Chicken,4,457.98,0.05,Wallet
FX202598,2025-06-26,Priya Balaji,north,Filter Coffee,-8,59.0,0.2,Card
FX205782,08-22-2025,Aarav Mehta,North,Cold Coffee,7,120.19,0.05,Cash on Delivery
FX205627,08/11/2025,Manish Tiwari,East,Tandoori Chicken,4,449.0,0.0,UPI
FX203653,2025-02-10,Sneha Varma,East,Veg Fried Rice,4,202.98,0.05,Card
FX206441,09-21-2025,Karthik Raman,West,Tandoori Chicken,7,453.49,0.1,Wallet
FX206740,2025-07-23,Aarav Mehta,north,Cold Coffee,1,120.19,0.15,Cash on Delivery
FX201888,30/06/2025,Vihaan Rao,North,Tandoori Chicken,8,453.49,0.1,Cash on Delivery
FX208995,08/09/2025,Aditya Ghosh,SOUTH,Mango Lassi,7,110.09,0.1,Cash on Delivery
FX200634,04/01/2025,Vihaan Rao,North,Filter Coffee,7,59.59,0.25,Wallet
FX207426,22/01/2025,Riya Kapoor,SOUTH,Cold Coffee,1,121.38,0.0,Wallet
FX205672,22/02/2025,Sneha Varma,south,Chocolate Brownie,5,147.51,0.25,Cash on Delivery
FX205980,27/09/2025,Rahul Sinha,North,Butter Naan,3,45.9,0.0,Cash on Delivery
FX205717,08-14-2025,Arjun Verma,North,Butter Naan,5,44.55,0.0,UPI
FX204754,26/12/2025,Nikhil Menon,west,Farmhouse Pizza,1,402.99,0.2,Cash on Delivery
FX200079,08/06/2025,Yash Patel,SOUTH,Tandoori Chicken,2,440.02,0.05,UPI
FX208798,2025-04-05,Tara Joshi,East,Mango Lassi,8,107.91,0.0,UPI
FX203910,11-08-2025,Diya Nair,North,Mutton Roll,2,279.0,0.05,Wallet
FX206342,04-14-2025,Rohan Pillai,North,Chicken Noodles,8,239.0,0.25,Wallet
FX203488,23/03/2025,Ananya Iyer,north,Fish Curry Meals,5,335.58,0.0,Card
FX203008,08-15-2025,Kavya Subramanian,north,Idli Sambar,-8,89.0,0.0,Card
FX207205,2025-12-04,Omkar Deshpande,SOUTH,Chicken Biryani,8,283.22,0.0,Wallet
FX204591,2025-10-07,Nisha Gupta,West,Idli Sambar,6,89.0,0.0,Cash on Delivery
FX205264,13/08/2025,Meera Krishnan,west,Veg Fried Rice,6,195.02,0.05,Cash on Delivery
FX201179,2025-05-01,Lakshmi Prasad,East,Masala Dosa,7,131.58,0.15,Card
FX206233,2025-04-03,Manish Tiwari,North,Farmhouse Pizza,4,406.98,0.2,Wallet
FX201552,15/04/2025,Lakshmi Prasad,north,Masala Dosa,8,131.58,0.15,Wallet
FX203206,02/09/2025,Ishita Bose,north,Spring Roll,7,162.18,0.0,Card
FX207284,2025-01-02,Lakshmi Prasad,west,Mutton Roll,3,279.0,0.2,UPI
FX200783,02/07/2025,Vihaan Rao,west,Farmhouse Pizza,4,395.01,0.1,Wallet
FX204423,16/12/2025,Riya Kapoor,north,Farmhouse Pizza,8,399.0,0.0,UPI
FX200766,2025-11-14,Sneha Varma,North,Veg Biryani,5,221.19,0.2,Wallet
FX206059,2025-10-23,Kabir Shah,East,Chicken Noodles,8,239.0,0.0,Wallet
FX200045,2025-10-02,Rahul Sinha,west,Cold Coffee,2,119.0,0.1,UPI
FX200939,2025-07-18,Aarav Mehta,SOUTH,Gulab Jamun,4,100.98,0.05,Wallet
FX207582,2025-12-03,Rohan Pillai,EAST,Chicken Biryani,4,289.0,0.2,UPI
FX205147,12/07/2025,Rohan Pillai,north,Tandoori Chicken,6,449.0,0.05,UPI
FX201544,2025-01-31,Tara Joshi,EAST,Veg Fried Rice,6,202.98,0.15,Card
FX207449,2025-04-21,Nisha Gupta,south,Gulab Jamun,4,100.98,0.0,Wallet
FX200788,07-20-2025,Rohan Pillai,south,Mutton Roll,4,276.21,0.2,Card
FX206595,10-25-2025,Sneha Varma,EAST,Idli Sambar,6,87.22,0.25,Card
FX201990,26/05/2025,Diya Nair,west,Mutton Roll,6,276.21,0.05,UPI
FX202911,11-23-2025,Yash Patel,west,Green Salad,4,141.78,0.0,Cash on Delivery
FX205339,12-15-2025,Arjun Verma,north,Veg Fried Rice,8,200.99,0.2,Wallet
FX203129,2025-01-04,Tara Joshi,SOUTH,Butter Naan,5,45.45,0.1,Card
FX207241,2025-01-10,Nikhil Menon,EAST,Mutton Roll,4,273.42,0.05,Cash on Delivery
FX204217,05-17-2025,Karthik Raman,SOUTH,Chicken Biryani,1,291.89,0.15,Cash on Delivery
FX202932,19/10/2025,Vihaan Rao,East,Chicken Biryani,6,289.0,0.25,Cash on Delivery
FX202659,12-18-2025,,south,Veg Fried Rice,2,195.02,0.25,Cash on Delivery
FX205351,2025-01-28,Rohan Pillai,north,Filter Coffee,3,57.82,0.05,Card
FX208703,2025-08-24,Vihaan Rao,West,Spring Roll,4,160.59,0.1,Wallet
FX207017,09/03/2025,Kabir Shah,East,Veg Biryani,1,221.19,0.0,Card
FX207802,2025-07-22,Saanvi Reddy,East,Idli Sambar,8,88.11,0.15,Cash on Delivery
FX206966,27/03/2025,Karthik Raman,East,Veg Biryani,6,221.19,,UPI
FX204947,2025-06-27,Rohan Pillai,EAST,Gulab Jamun,8,99.0,0.2,Card
FX201246,2025-05-16,Saanvi Reddy,East,Chicken Biryani,5,291.89,0.0,UPI
FX202946,11/11/2025,Meera Krishnan,EAST,Veg Fried Rice,4,200.99,0.0,Cash on Delivery
FX201321,06-02-2025,Aarav Mehta,West,Mutton Roll,-6,281.79,0.05,Card
FX207766,08-18-2025,Ishita Bose,West,Green Salad,6,139.0,0.2,Cash on Delivery
FX202692,13/07/2025,Saanvi Reddy,East,Filter Coffee,6,60.18,0.0,Wallet
FX200772,24/06/2025,Saanvi Reddy,EAST,Chocolate Brownie,6,146.02,0.0,Card
FX205992,04/05/2025,Arjun Verma,SOUTH,Idli Sambar,6,89.0,0.0,Wallet
FX202595,2025-10-24,Vihaan Rao,EAST,Veg Biryani,1,223.38,0.1,Card
FX205610,04-29-2025,Karthik Raman,North,Chicken Noodles,5,236.61,0.05,Card
FX201155,2025-10-24,Karthik Raman,East,Chicken Noodles,2,241.39,0.1,Card
FX206171,02/08/2025,Sneha Varma,west,Veg Biryani,2,219.0,0.05,Cash on Delivery
FX200147,28/04/2025,Riya Kapoor,West,Paneer Butter Masala,5,264.18,0.1,UPI
FX205751,29/03/2025,Lakshmi Prasad,west,Mango Lassi,5,107.91,0.0,Cash on Delivery
FX204518,2025-04-12,Dev Sharma,East,Mutton Roll,5,281.79,0.05,Cash on Delivery
FX208977,09-22-2025,Meera Krishnan,EAST,Tandoori Chicken,7,440.02,0.2,Card
FX200134,30/07/2025,Sneha Varma,south,Chicken Noodles,6,234.22,0.0,Card
FX205229,03/11/2025,Aditya Ghosh,North,Chicken Noodles,1,239.0,0.25,Cash on Delivery
FX204411,2025-04-15,Kabir Shah,SOUTH,Chocolate Brownie,6,147.51,0.1,UPI
FX202424,11/09/2025,Meera Krishnan,EAST,Cold Coffee,7,117.81,0.0,Cash on Delivery
FX200142,08/12/2025,,EAST,Cold Coffee,3,120.19,0.1,Cash on Delivery
FX200663,11-01-2025,Priya Balaji,North,Chicken Noodles,8,236.61,0.0,Wallet
FX207545,2025-12-06,Rohan Pillai,EAST,Tandoori Chicken,3,449.0,0.0,Card
FX207163,06-04-2025,Vihaan Rao,west,Green Salad,4,136.22,0.0,Card
FX207065,2025-01-22,Aarav Mehta,West,Chocolate Brownie,1,150.49,0.25,Wallet
FX204206,12/06/2025,Ishita Bose,East,Chicken Biryani,8,291.89,0.05,Card
FX202981,06/03/2025,Kavya Subramanian,SOUTH,Mutton Roll,1,276.21,0.0,Wallet
FX202474,2025-08-19,Dev Sharma,south,Filter Coffee,3,59.59,0.0,Wallet
FX200705,30/01/2025,Nisha Gupta,south,Mutton Roll,5,284.58,0.2,Card
FX204032,12-02-2025,Ananya Iyer,south,Tandoori Chicken,4,444.51,0.15,Cash on Delivery
FX201230,09/11/2025,,north,Filter Coffee,1,59.0,0.25,Cash on Delivery
FX206712,2025-11-13,Dev Sharma,East,Green Salad,4,139.0,0.1,Card
FX205348,28/07/2025,Ishita Bose,south,Spring Roll,7,162.18,0.25,UPI
FX205133,06-16-2025,Karthik Raman,west,Butter Naan,5,45.0,0.0,Card
FX204574,04/06/2025,Yash Patel,south,Veg Fried Rice,7,195.02,0.15,UPI
FX202935,2025-07-21,Arjun Verma,SOUTH,Paneer Butter Masala,7,256.41,0.05,Cash on Delivery
FX205175,01-11-2025,Manish Tiwari,SOUTH,Mutton Roll,3,273.42,0.25,Wallet
FX202451,25/11/2025,Kavya Subramanian,West,Paneer Butter Masala,3,256.41,0.05,Wallet
FX200224,15/08/2025,Sneha Varma,EAST,Idli Sambar,8,89.0,0.0,Wallet
FX206184,27/02/2025,Sneha Varma,EAST,Mango Lassi,3,106.82,0.05,Wallet
FX203687,2025-08-20,Karthik Raman,north,Gulab Jamun,2,99.0,0.25,Cash on Delivery
FX201499,15/04/2025,Saanvi Reddy,North,Chocolate Brownie,6,150.49,0.15,Cash on Delivery
FX205636,16/06/2025,Omkar Deshpande,north,Chicken Biryani,1,283.22,0.0,Wallet
FX200212,2025-10-23,Arjun Verma,SOUTH,Tandoori Chicken,6,453.49,0.25,UPI
FX200850,25/09/2025,Omkar Deshpande,East,Mango Lassi,6,110.09,0.1,Wallet
FX204840,2025-09-28,Tara Joshi,West,Cold Coffee,2,116.62,0.1,Cash on Delivery
FX201660,2025-12-26,Lakshmi Prasad,North,Tandoori Chicken,8,453.49,0.25,Cash on Delivery
FX208060,11/09/2025,Rohan Pillai,West,Mango Lassi,7,109.0,0.1,Cash on Delivery
FX203982,17/02/2025,Omkar Deshpande,south,Green Salad,6,139.0,0.25,Card
FX202531,2025-10-27,Diya Nair,North,Filter Coffee,8,58.41,0.1,Cash on Delivery
FX207264,2025-01-11,Diya Nair,north,Cold Coffee,7,121.38,0.0,Wallet
FX203747,2025-10-17,Sneha Varma,SOUTH,Spring Roll,2,155.82,0.0,Card
FX200562,30/09/2025,Ishita Bose,West,Chicken Noodles,2,241.39,0.0,Card
FX205395,2025-10-11,Vihaan Rao,north,Veg Biryani,6,216.81,0.25,UPI
FX201047,2025-12-19,Rohan Pillai,North,Chocolate Brownie,6,149.0,0.15,Cash on Delivery
FX204222,2025-12-25,Omkar Deshpande,west,Margherita Pizza,2,244.02,0.2,Cash on Delivery
FX202841,29/09/2025,Saanvi Reddy,west,Butter Naan,3,45.45,0.15,Card
FX208504,2025-12-14,Omkar Deshpande,West,Veg Fried Rice,6,197.01,0.0,Card
FX208934,03-04-2025,Yash Patel,south,Idli Sambar,6,88.11,0.2,UPI
FX208608,2025-09-27,Saanvi Reddy,West,Filter Coffee,2,59.0,0.2,UPI
FX201818,2025-06-02,Nikhil Menon,north,Spring Roll,6,157.41,0.2,Wallet
FX204886,2025-02-15,Riya Kapoor,south,Mango Lassi,1,110.09,0.15,UPI
FX206809,2025-09-20,Ishita Bose,North,Idli Sambar,3,88.11,0.15,Cash on Delivery
FX201099,09/02/2025,Kavya Subramanian,North,Veg Fried Rice,7,195.02,0.0,Wallet
FX201272,2025-11-03,Karthik Raman,EAST,Spring Roll,3,157.41,0.25,UPI
FX205757,05-26-2025,Yash Patel,EAST,Chocolate Brownie,5,147.51,,Card
FX200054,03-23-2025,Aarav Mehta,west,Fish Curry Meals,5,325.71,0.1,UPI
FX201404,04-29-2025,Ishita Bose,East,Fish Curry Meals,5,335.58,0.25,Cash on Delivery
FX202124,06/12/2025,Nisha Gupta,West,Masala Dosa,3,131.58,0.0,Card
FX202257,2025-01-26,Kabir Shah,west,Chocolate Brownie,3,149.0,0.05,Wallet
FX201556,19/04/2025,Dev Sharma,south,Idli Sambar,-7,90.78,0.0,Card
FX206379,2025-12-21,Tara Joshi,SOUTH,Chicken Noodles,2,239.0,0.0,Cash on Delivery
FX208761,11/07/2025,Manish Tiwari,north,Spring Roll,8,159.0,0.0,UPI
FX207307,2025-09-15,Kabir Shah,EAST,Tandoori Chicken,8,449.0,0.15,Wallet
FX208684,11/09/2025,Lakshmi Prasad,North,Chicken Noodles,3,234.22,0.25,Cash on Delivery
FX203306,2025-09-15,Tara Joshi,north,Gulab Jamun,7,97.02,0.0,UPI
FX203298,2025-09-20,Diya Nair,west,Filter Coffee,7,59.0,0.05,UPI
FX202224,12-22-2025,Arjun Verma,East,Chocolate Brownie,4,147.51,0.1,Card
FX201620,03-16-2025,Kavya Subramanian,East,Veg Fried Rice,8,195.02,,Cash on Delivery
FX203720,02-16-2025,Nisha Gupta,North,Filter Coffee,7,60.18,0.25,Card
FX205789,18/05/2025,Diya Nair,East,Filter Coffee,7,57.82,0.1,Cash on Delivery
FX204710,2025-05-01,Nisha Gupta,West,Filter Coffee,3,59.0,0.15,Wallet
FX206465,29/06/2025,Saanvi Reddy,south,Mango Lassi,3,109.0,,Card
FX206818,07/05/2025,Kavya Subramanian,West,Gulab Jamun,8,99.99,0.05,UPI
FX202700,17/03/2025,Meera Krishnan,south,Farmhouse Pizza,1,406.98,,UPI
FX202499,15/06/2025,Saanvi Reddy,SOUTH,Spring Roll,3,159.0,0.0,Card
FX202577,2025-08-27,Ishita Bose,West,Chocolate Brownie,1,151.98,0.2,Cash on Delivery
FX208927,05-04-2025,Rahul Sinha,south,Spring Roll,2,160.59,0.2,UPI
FX205310,2025-08-19,Dev Sharma,north,Green Salad,3,139.0,0.05,UPI
FX204905,2025-07-02,Vihaan Rao,West,Chocolate Brownie,4,150.49,0.15,Cash on Delivery
FX202485,2025-05-07,Omkar Deshpande,EAST,Veg Biryani,1,221.19,0.15,Wallet
FX202706,2025-05-15,Tara Joshi,SOUTH,Green Salad,3,141.78,0.2,Card
FX200954,2025-11-22,Tara Joshi,south,Chicken Noodles,6,243.78,0.25,Card
FX205741,08-06-2025,Karthik Raman,SOUTH,Chicken Biryani,5,291.89,0.0,Wallet
FX200888,01-24-2025,Omkar Deshpande,EAST,Fish Curry Meals,6,329.0,0.0,Card
FX204871,05-28-2025,Saanvi Reddy,south,Butter Naan,4,45.9,0.25,Wallet
FX204913,2025-03-01,Nisha Gupta,West,Farmhouse Pizza,8,406.98,0.0,Cash on Delivery
FX200139,03-26-2025,Priya Balaji,north,Green Salad,2,137.61,0.0,UPI
FX200629,18/10/2025,Karthik Raman,East,Masala Dosa,8,131.58,0.0,Wallet
FX208241,08-11-2025,Sneha Varma,East,Paneer Butter Masala,1,259.0,0.25,UPI
FX206848,05-26-2025,Karthik Raman,EAST,Cold Coffee,4,119.0,0.0,UPI
FX201906,2025-01-17,Yash Patel,North,Spring Roll,1,157.41,0.0,Wallet
FX203371,04-27-2025,Priya Balaji,EAST,Cold Coffee,1,117.81,0.0,UPI
FX206958,23/03/2025,Kavya Subramanian,East,Farmhouse Pizza,6,406.98,0.2,Card
FX200469,2025-11-01,Saanvi Reddy,West,Chocolate Brownie,3,146.02,0.25,Cash on Delivery
FX201634,23/01/2025,Omkar Deshpande,north,Veg Biryani,7,221.19,0.0,UPI
FX207450,2025-01-25,Aditya Ghosh,south,Veg Biryani,5,223.38,0.2,Wallet
FX200652,2025-10-29,Diya Nair,north,Veg Biryani,5,221.19,0.0,UPI
FX201202,2025-12-27,Rohan Pillai,West,Tandoori Chicken,-4,440.02,0.15,UPI
FX208828,2025-09-05,Tara Joshi,north,Chicken Biryani,3,289.0,0.0,UPI
FX207347,24/12/2025,Riya Kapoor,West,Butter Naan,6,44.55,0.25,Card
FX206692,11-28-2025,Rohan Pillai,south,Tandoori Chicken,5,444.51,0.05,UPI
FX204168,2025-04-05,Aarav Mehta,EAST,Spring Roll,8,157.41,0.05,Cash on Delivery
FX207315,2025-03-22,Saanvi Reddy,SOUTH,Margherita Pizza,7,251.49,0.2,Card
FX200187,2025-02-05,Nikhil Menon,south,Chicken Noodles,1,234.22,0.2,Wallet
FX201913,2025-11-19,Meera Krishnan,West,Farmhouse Pizza,4,395.01,0.0,Cash on Delivery
FX203448,08-07-2025,Sneha Varma,SOUTH,Veg Fried Rice,-3,199.0,0.0,Cash on Delivery
FX206150,05/02/2025,Saanvi Reddy,south,Cold Coffee,8,120.19,0.0,Wallet
FX200793,2025-04-28,Nikhil Menon,south,Fish Curry Meals,4,329.0,0.0,Card
FX200910,27/01/2025,,West,Chicken Noodles,2,241.39,0.1,Cash on Delivery
FX200054,03-23-2025,Aarav Mehta,west,Fish Curry Meals,5,325.71,0.1,UPI
FX202782,14/10/2025,Meera Krishnan,SOUTH,Butter Naan,6,45.45,0.0,UPI
FX208758,05-28-2025,Manish Tiwari,EAST,Chicken Biryani,4,283.22,0.0,UPI
FX207051,24/11/2025,Priya Balaji,East,Mango Lassi,4,110.09,0.2,Cash on Delivery
FX201299,2025-07-09,Karthik Raman,north,Mango Lassi,3,109.0,0.15,Wallet
FX203882,06/09/2025,Saanvi Reddy,north,Cold Coffee,7,120.19,0.2,Card
FX200040,08-19-2025,Tara Joshi,SOUTH,Chicken Biryani,6,289.0,0.0,Card
FX204087,17/01/2025,Meera Krishnan,East,Chicken Noodles,5,241.39,0.1,UPI
FX205155,2025-10-06,Nikhil Menon,north,Idli Sambar,8,88.11,0.15,UPI
FX206977,15/12/2025,Diya Nair,West,Chicken Biryani,7,291.89,0.2,Card
FX204698,2025-12-15,Lakshmi Prasad,SOUTH,Green Salad,5,141.78,0.1,Card
FX204885,2025-11-06,Aditya Ghosh,SOUTH,Veg Fried Rice,2,202.98,0.25,Wallet
FX204575,09/09/2025,,south,Chicken Biryani,8,294.78,0.25,Card
FX207082,2025-12-13,Ananya Iyer,North,Chicken Noodles,7,239.0,0.0,Cash on Delivery
FX200328,10-13-2025,Nikhil Menon,west,Idli Sambar,8,88.11,0.2,Cash on Delivery
FX207618,16/04/2025,Kavya Subramanian,north,Margherita Pizza,6,244.02,0.2,Card
FX204996,12/01/2025,Dev Sharma,south,Idli Sambar,2,90.78,0.25,Cash on Delivery
FX204197,01-27-2025,Sneha Varma,SOUTH,Margherita Pizza,4,246.51,0.15,UPI
FX206124,2025-03-29,Riya Kapoor,north,Spring Roll,7,159.0,0.0,Cash on Delivery
FX207090,2025-04-20,,North,Gulab Jamun,8,98.01,0.2,Cash on Delivery
FX203512,2025-10-23,Vihaan Rao,west,Fish Curry Meals,2,332.29,0.25,UPI
FX203042,05-07-2025,Priya Balaji,south,Idli Sambar,2,89.0,0.0,UPI
FX208945,06-14-2025,Priya Balaji,north,Green Salad,1,139.0,0.2,Card
FX202728,2025-06-13,Nikhil Menon,East,Filter Coffee,3,58.41,,Wallet
FX207660,02/03/2025,Nikhil Menon,North,Filter Coffee,5,60.18,0.0,Card
FX208968,23/07/2025,Ananya Iyer,EAST,Spring Roll,8,157.41,0.0,Cash on Delivery
FX204814,2025-08-12,Manish Tiwari,EAST,Mango Lassi,3,109.0,0.0,Wallet
FX206667,08/01/2025,Kabir Shah,East,Chicken Noodles,6,243.78,0.0,UPI
FX204099,2025-11-18,Kavya Subramanian,SOUTH,Veg Biryani,7,214.62,0.0,Cash on Delivery
FX205499,2025-11-15,Ishita Bose,EAST,Cold Coffee,8,117.81,0.2,Wallet
FX203898,2025-01-11,Nisha Gupta,West,Masala Dosa,8,129.0,0.15,Wallet
FX207375,05-22-2025,Manish Tiwari,SOUTH,Tandoori Chicken,3,440.02,0.0,Wallet
FX205239,11-23-2025,Rahul Sinha,SOUTH,Margherita Pizza,7,251.49,0.15,Cash on Delivery
FX207053,18/11/2025,Manish Tiwari,south,Filter Coffee,3,59.0,0.0,Cash on Delivery
FX206906,05/02/2025,Saanvi Reddy,north,Mango Lassi,8,107.91,0.2,Card
FX204414,2025-12-01,Nisha Gupta,North,Masala Dosa,1,131.58,0.0,Wallet
FX200302,19/11/2025,Aditya Ghosh,EAST,Green Salad,7,141.78,0.0,UPI
FX202000,02/02/2025,Rohan Pillai,West,Mango Lassi,7,107.91,0.0,Wallet
FX202103,2025-04-20,Sneha Varma,EAST,Chocolate Brownie,7,147.51,,Card
FX208628,04-24-2025,Manish Tiwari,EAST,Idli Sambar,8,87.22,0.05,Card
FX207543,2025-02-23,Meera Krishnan,EAST,Mutton Roll,1,281.79,0.0,UPI
FX200875,12-30-2025,Priya Balaji,SOUTH,Chicken Biryani,2,294.78,0.0,Wallet
FX202311,2025-09-11,Kabir Shah,East,Tandoori Chicken,2,449.0,0.15,Card
FX200824,22/11/2025,Manish Tiwari,SOUTH,Paneer Butter Masala,8,261.59,0.1,Card
FX207480,12-23-2025,Sneha Varma,south,Veg Biryani,2,214.62,0.05,Cash on Delivery
FX208778,09-23-2025,Diya Nair,EAST,Chicken Noodles,2,243.78,0.2,Cash on Delivery
FX205480,09-25-2025,Nisha Gupta,North,Mango Lassi,7,110.09,0.0,UPI
FX202847,16/06/2025,Diya Nair,north,Green Salad,5,137.61,0.0,Cash on Delivery
FX208215,05-01-2025,Kabir Shah,West,Gulab Jamun,1,99.0,0.0,Cash on Delivery
FX206771,01-19-2025,Sneha Varma,SOUTH,Filter Coffee,2,60.18,0.2,Card
FX207391,20/09/2025,Kabir Shah,north,Paneer Butter Masala,-4,256.41,0.2,Wallet
FX203757,2025-01-08,Karthik Raman,SOUTH,Gulab Jamun,8,99.0,0.05,Wallet
FX208946,04-22-2025,Priya Balaji,SOUTH,Paneer Butter Masala,8,261.59,0.1,UPI
FX208950,12-24-2025,Aarav Mehta,North,Veg Biryani,1,223.38,0.1,UPI
FX204954,01-01-2025,Aditya Ghosh,West,Spring Roll,8,162.18,0.1,UPI
FX205207,05/08/2025,Saanvi Reddy,west,Margherita Pizza,1,251.49,0.0,Cash on Delivery
FX201445,2025-08-18,Diya Nair,north,Mango Lassi,6,110.09,0.05,UPI
FX202354,2025-06-21,Lakshmi Prasad,north,Mango Lassi,3,110.09,0.2,Card
FX206843,2025-08-16,Ishita Bose,East,Farmhouse Pizza,1,406.98,0.25,Wallet
FX203871,14/10/2025,Omkar Deshpande,North,Mango Lassi,1,107.91,0.05,Cash on Delivery
FX204655,2025-09-07,Ishita Bose,East,Chocolate Brownie,8,147.51,0.25,Wallet
FX206382,2025-03-15,Ishita Bose,West,Chocolate Brownie,4,151.98,0.0,Cash on Delivery
FX203291,23/09/2025,Priya Balaji,West,Veg Fried Rice,2,195.02,0.2,Cash on Delivery
FX201073,2025-04-16,Omkar Deshpande,north,Filter Coffee,6,60.18,0.15,Wallet
FX201061,30/01/2025,Ananya Iyer,West,Cold Coffee,6,116.62,0.0,Cash on Delivery
FX201783,2025-03-13,Ishita Bose,EAST,Margherita Pizza,8,251.49,,Card
FX203561,2025-03-03,Dev Sharma,west,Veg Biryani,1,214.62,0.0,UPI
FX206852,29/01/2025,Dev Sharma,north,Fish Curry Meals,2,329.0,0.0,Cash on Delivery
FX202857,25/07/2025,Nikhil Menon,south,Chicken Biryani,5,283.22,0.0,UPI
FX202693,13/08/2025,Manish Tiwari,EAST,Margherita Pizza,6,246.51,0.0,UPI
FX201191,11-28-2025,Arjun Verma,North,Spring Roll,8,155.82,0.0,Card
FX206689,23/11/2025,,north,Butter Naan,7,44.1,0.2,Wallet
FX205720,2025-03-28,Meera Krishnan,East,Chicken Biryani,8,283.22,0.0,UPI
FX204433,2025-12-01,Ananya Iyer,EAST,Butter Naan,6,45.0,0.2,Card
FX205511,2025-06-11,Lakshmi Prasad,West,Fish Curry Meals,8,329.0,0.05,Card
FX207098,2025-05-12,Rohan Pillai,EAST,Filter Coffee,2,59.59,0.25,Cash on Delivery
FX203231,2025-04-29,Sneha Varma,west,Masala Dosa,5,127.71,0.0,Card
FX201432,2025-11-07,,west,Filter Coffee,8,59.59,0.2,UPI
FX208026,12-17-2025,Sneha Varma,EAST,Green Salad,1,140.39,0.0,Wallet
FX205461,08-10-2025,Rohan Pillai,SOUTH,Butter Naan,2,45.45,0.2,UPI
FX204227,2025-10-24,Kavya Subramanian,East,Chicken Noodles,4,239.0,0.1,Cash on Delivery
FX201792,05-18-2025,Ishita Bose,North,Butter Naan,1,45.45,0.1,UPI
FX201873,2025-01-14,Nisha Gupta,SOUTH,Paneer Butter Masala,6,259.0,0.15,Wallet
FX202142,2025-09-09,Riya Kapoor,west,Filter Coffee,4,58.41,0.05,Cash on Delivery
FX202389,17/12/2025,Tara Joshi,north,Masala Dosa,1,126.42,0.2,Cash on Delivery
FX207032,2025-05-10,Aarav Mehta,south,Masala Dosa,8,126.42,0.0,Card
FX202987,16/05/2025,Ishita Bose,West,Idli Sambar,8,89.0,0.05,Wallet
FX200816,05-31-2025,Ananya Iyer,SOUTH,Cold Coffee,5,119.0,0.0,Wallet
FX201983,2025-10-21,Aditya Ghosh,west,Filter Coffee,2,57.82,,UPI
FX202977,2025-12-08,Saanvi Reddy,west,Veg Biryani,8,214.62,0.2,UPI
FX206024,04-15-2025,Meera Krishnan,west,Fish Curry Meals,6,332.29,0.0,Wallet
FX203641,2025-11-02,Kabir Shah,south,Masala Dosa,8,131.58,0.05,Card
FX205534,14/02/2025,Sneha Varma,west,Chocolate Brownie,5,149.0,0.0,Cash on Delivery
FX208678,02-06-2025,Ananya Iyer,north,Paneer Butter Masala,6,261.59,,UPI
FX206222,16/04/2025,Aditya Ghosh,West,Farmhouse Pizza,3,406.98,0.0,Card
FX202045,08-23-2025,Dev Sharma,EAST,Chocolate Brownie,1,150.49,0.05,Cash on Delivery
FX200004,2025-02-19,Manish Tiwari,south,Chicken Biryani,1,291.89,0.2,Cash on Delivery
FX208254,2025-03-16,Aditya Ghosh,south,Filter Coffee,6,57.82,0.1,UPI
FX204683,2025-03-08,Manish Tiwari,North,Green Salad,7,136.22,0.0,Card
FX204909,2025-04-13,,west,Masala Dosa,5,129.0,0.1,UPI
FX208035,2025-11-23,Rohan Pillai,North,Cold Coffee,3,119.0,0.2,UPI
FX208871,25/11/2025,Nikhil Menon,north,Mutton Roll,2,284.58,0.1,Card
FX204245,05-25-2025,Aditya Ghosh,North,Cold Coffee,2,116.62,0.15,Cash on Delivery
FX200837,02-02-2025,Vihaan Rao,West,Butter Naan,4,45.0,0.0,UPI
FX202355,2025-05-03,Nisha Gupta,SOUTH,Masala Dosa,2,130.29,0.0,UPI
FX204214,2025-10-15,Meera Krishnan,East,Gulab Jamun,7,97.02,0.15,UPI
FX205433,19/09/2025,Nikhil Menon,south,Tandoori Chicken,5,457.98,0.25,Card
FX203605,28/09/2025,Nisha Gupta,North,Chicken Noodles,4,241.39,0.05,UPI
FX208493,01/04/2025,Rahul Sinha,SOUTH,Fish Curry Meals,2,325.71,0.0,Cash on Delivery
FX207463,06-20-2025,Ishita Bose,SOUTH,Veg Fried Rice,4,200.99,0.25,UPI
FX202555,2025-11-20,Nisha Gupta,SOUTH,Filter Coffee,2,57.82,0.1,Card
FX205249,2025-06-01,Kabir Shah,East,Fish Curry Meals,1,322.42,0.0,Card
FX206619,03-23-2025,,North,Gulab Jamun,2,99.0,0.1,UPI
FX200885,2025-12-02,Yash Patel,North,Veg Biryani,7,219.0,0.0,UPI
FX208515,01-17-2025,Kavya Subramanian,SOUTH,Tandoori Chicken,4,449.0,0.0,UPI
FX204086,2025-01-23,Meera Krishnan,west,Fish Curry Meals,3,322.42,0.0,Card
FX201453,12-11-2025,Diya Nair,SOUTH,Farmhouse Pizza,8,402.99,0.15,Wallet
FX207325,2025-03-07,Kavya Subramanian,south,Mango Lassi,4,109.0,0.05,UPI
FX200931,2025-01-21,Riya Kapoor,West,Chicken Noodles,8,234.22,0.05,Wallet
FX201095,11/09/2025,Ananya Iyer,west,Chicken Noodles,6,239.0,0.0,Card
FX201424,10/12/2025,Kabir Shah,West,Masala Dosa,2,127.71,0.15,Card
FX203768,01/08/2025,Saanvi Reddy,west,Spring Roll,3,160.59,0.05,Card
FX202049,18/04/2025,Aarav Mehta,south,Paneer Butter Masala,7,256.41,0.1,UPI
FX203333,2025-05-16,Nisha Gupta,West,Veg Biryani,1,216.81,0.25,Card
FX205933,03/03/2025,Dev Sharma,East,Farmhouse Pizza,7,406.98,0.25,Card
FX201189,21/07/2025,Rahul Sinha,south,Cold Coffee,7,119.0,0.05,Wallet
FX203040,2025-05-31,Vihaan Rao,EAST,Idli Sambar,8,89.0,0.25,UPI
FX208495,2025-11-12,Manish Tiwari,west,Masala Dosa,7,131.58,0.0,Cash on Delivery
FX200582,13/07/2025,Diya Nair,West,Filter Coffee,2,59.59,0.15,Card
FX205721,2025-11-03,Vihaan Rao,north,Farmhouse Pizza,5,399.0,0.15,Cash on Delivery
FX208326,2025-05-06,Manish Tiwari,SOUTH,Chicken Biryani,6,291.89,0.0,UPI
FX205288,2025-06-11,Manish Tiwari,west,Butter Naan,6,45.0,0.0,UPI
FX208845,2025-04-30,Aarav Mehta,East,Chicken Biryani,1,289.0,0.25,Wallet
FX206877,2025-04-22,Nikhil Menon,EAST,Idli Sambar,8,87.22,0.0,UPI
FX200951,01/02/2025,Aditya Ghosh,EAST,Masala Dosa,4,129.0,0.1,Wallet
FX202215,08/10/2025,Riya Kapoor,south,Veg Fried Rice,6,199.0,0.2,Card
FX205012,16/02/2025,Riya Kapoor,West,Mutton Roll,2,279.0,0.15,Wallet
FX207223,14/01/2025,Aditya Ghosh,SOUTH,Green Salad,3,136.22,0.15,Cash on Delivery
FX208085,2025-01-16,Kabir Shah,North,Veg Biryani,8,223.38,0.25,Cash on Delivery
FX207048,2025-07-28,Tara Joshi,North,Mutton Roll,7,273.42,0.0,Card
FX201140,16/08/2025,Rahul Sinha,north,Veg Biryani,6,221.19,0.15,Wallet
FX203233,05-20-2025,,West,Chocolate Brownie,8,149.0,0.2,Wallet
FX202034,2025-04-16,Rohan Pillai,north,Mango Lassi,7,109.0,0.25,Wallet
FX200387,14/12/2025,Kabir Shah,north,Margherita Pizza,5,251.49,0.25,Card
FX201186,03-22-2025,Nisha Gupta,EAST,Filter Coffee,1,59.59,0.05,UPI
FX205914,05-08-2025,Rahul Sinha,SOUTH,Margherita Pizza,1,244.02,0.1,UPI
FX208613,30/10/2025,Aditya Ghosh,north,Chocolate Brownie,2,151.98,0.1,Card
FX203301,2025-12-08,Vihaan Rao,SOUTH,Idli Sambar,2,87.22,0.15,Cash on Delivery
FX207507,05/11/2025,Arjun Verma,West,Paneer Butter Masala,6,256.41,0.0,Cash on Delivery
FX205154,2025-02-11,Ananya Iyer,North,Idli Sambar,6,88.11,0.0,UPI
FX201741,2025-07-29,Diya Nair,north,Chocolate Brownie,6,147.51,0.1,UPI
FX203084,08/06/2025,Rohan Pillai,North,Masala Dosa,3,126.42,0.2,Card
FX206730,01-30-2025,Karthik Raman,north,Mutton Roll,2,281.79,0.0,Wallet
FX205885,06-10-2025,Vihaan Rao,west,Mutton Roll,7,276.21,0.0,Cash on Delivery
FX206359,2025-06-11,Rahul Sinha,West,Mutton Roll,3,281.79,0.25,Cash on Delivery
FX203680,29/11/2025,Omkar Deshpande,EAST,Idli Sambar,4,90.78,0.25,Wallet
FX205910,04/09/2025,Dev Sharma,west,Fish Curry Meals,4,335.58,0.05,UPI
FX204075,02-03-2025,Ishita Bose,West,Mango Lassi,5,107.91,0.25,Cash on Delivery
FX205756,11-11-2025,,north,Chicken Biryani,2,294.78,0.0,Wallet
FX202085,04-14-2025,Lakshmi Prasad,East,Cold Coffee,7,120.19,0.25,Cash on Delivery
FX207226,23/10/2025,Rohan Pillai,East,Filter Coffee,3,59.59,0.2,Cash on Delivery
FX201122,09-22-2025,Arjun Verma,East,Paneer Butter Masala,2,264.18,0.2,Cash on Delivery
FX202027,05/04/2025,Riya Kapoor,SOUTH,Gulab Jamun,2,99.99,0.0,Card
FX201181,2025-10-12,Yash Patel,SOUTH,Chicken Biryani,4,291.89,0.1,UPI
FX200878,2025-10-11,Sneha Varma,West,Green Salad,5,137.61,0.0,UPI
FX206719,2025-06-05,Saanvi Reddy,west,Chocolate Brownie,5,149.0,0.0,Wallet
FX204093,2025-06-25,Sneha Varma,west,Chicken Noodles,4,243.78,0.15,Wallet
FX206155,07-10-2025,Karthik Raman,EAST,Chocolate Brownie,2,149.0,0.15,UPI
FX203733,26/11/2025,Arjun Verma,west,Veg Fried Rice,4,197.01,0.0,Cash on Delivery
FX203741,2025-12-10,Diya Nair,north,Chocolate Brownie,4,147.51,0.2,Cash on Delivery
FX207192,09/06/2025,Arjun Verma,East,Green Salad,7,141.78,0.2,Cash on Delivery
FX203636,2025-07-29,Arjun Verma,west,Paneer Butter Masala,8,261.59,0.2,UPI
FX200935,06-19-2025,Aditya Ghosh,North,Margherita Pizza,8,249.0,0.2,Card
FX208497,2025-12-13,Tara Joshi,EAST,Mango Lassi,3,106.82,0.2,Cash on Delivery
FX202093,2025-05-08,Nisha Gupta,south,Mango Lassi,2,110.09,0.25,Card
FX205760,2025-11-24,Vihaan Rao,West,Margherita Pizza,1,246.51,0.0,Cash on Delivery
FX206648,2025-04-12,Omkar Deshpande,West,Mango Lassi,5,111.18,0.0,Cash on Delivery
FX200380,11-02-2025,Karthik Raman,East,Gulab Jamun,4,100.98,0.2,Cash on Delivery
FX201192,09/12/2025,Priya Balaji,North,Veg Biryani,4,223.38,0.25,UPI
FX207611,09-25-2025,Karthik Raman,North,Chicken Biryani,7,291.89,,Card
FX200638,01/11/2025,Omkar Deshpande,West,Idli Sambar,2,89.89,0.25,Wallet
FX204532,12-01-2025,Nisha Gupta,SOUTH,Veg Fried Rice,3,197.01,0.0,Wallet
FX208425,08/05/2025,Aditya Ghosh,West,Spring Roll,4,159.0,0.1,UPI
FX205669,30/06/2025,,west,Fish Curry Meals,3,329.0,0.1,Card
FX204942,2025-12-13,Manish Tiwari,West,Veg Biryani,2,219.0,0.0,Wallet
FX203778,02-02-2025,Dev Sharma,West,Chicken Biryani,4,291.89,0.0,Cash on Delivery
FX206793,03-07-2025,Riya Kapoor,north,Filter Coffee,2,58.41,0.15,Card
FX207564,01-13-2025,Aditya Ghosh,north,Idli Sambar,6,89.0,0.05,UPI
FX203436,24/03/2025,Manish Tiwari,EAST,Cold Coffee,3,116.62,0.0,Card
FX203438,2025-12-22,Arjun Verma,SOUTH,Chicken Biryani,8,291.89,0.25,Card
FX200007,2025-02-10,Omkar Deshpande,North,Tandoori Chicken,2,440.02,0.05,Card
FX202844,23/02/2025,Saanvi Reddy,north,Cold Coffee,4,121.38,0.0,Cash on Delivery
FX207886,11-17-2025,Dev Sharma,south,Paneer Butter Masala,6,259.0,0.15,Wallet
FX200412,30/06/2025,Meera Krishnan,north,Chicken Biryani,3,289.0,0.0,Cash on Delivery
FX203064,2025-02-23,Nisha Gupta,north,Paneer Butter Masala,7,256.41,0.15,UPI
FX201216,2025-07-01,Yash Patel,south,Masala Dosa,1,127.71,0.2,Cash on Delivery
FX203369,2025-02-05,Rohan Pillai,west,Gulab Jamun,5,97.02,,Wallet
FX201358,2025-01-07,Riya Kapoor,West,Fish Curry Meals,4,329.0,0.15,Card
FX208491,20/12/2025,,EAST,Mango Lassi,4,107.91,0.05,Cash on Delivery
FX207997,17/02/2025,Karthik Raman,East,Paneer Butter Masala,5,259.0,0.0,Wallet
FX203582,08-13-2025,Yash Patel,North,Masala Dosa,3,127.71,0.2,Cash on Delivery
FX204834,10-28-2025,Omkar Deshpande,SOUTH,Cold Coffee,3,117.81,0.1,Wallet
FX206543,08-07-2025,Ananya Iyer,west,Tandoori Chicken,6,453.49,0.0,Card
FX203612,2025-10-15,Rohan Pillai,East,Paneer Butter Masala,6,253.82,0.25,Wallet
FX204488,15/12/2025,Rahul Sinha,north,Veg Fried Rice,4,200.99,0.15,Cash on Delivery
FX202593,2025-07-11,,south,Veg Biryani,5,223.38,0.2,Card
FX204477,11-10-2025,Riya Kapoor,south,Paneer Butter Masala,1,264.18,0.0,UPI
FX208397,09-23-2025,Aditya Ghosh,north,Mutton Roll,2,279.0,0.1,UPI
FX205087,29/01/2025,Manish Tiwari,West,Farmhouse Pizza,5,402.99,0.05,Wallet
FX201832,2025-09-28,Priya Balaji,North,Tandoori Chicken,6,444.51,0.15,Wallet
FX202923,23/03/2025,Kavya Subramanian,West,Veg Fried Rice,1,199.0,0.0,Card
FX200510,06-18-2025,Meera Krishnan,North,Green Salad,6,139.0,0.2,Cash on Delivery
FX203482,12-16-2025,Manish Tiwari,north,Farmhouse Pizza,1,402.99,0.05,Card
FX205684,11-07-2025,Riya Kapoor,EAST,Filter Coffee,4,57.82,0.15,Card
FX203712,2025-08-21,Aarav Mehta,North,Gulab Jamun,4,98.01,0.25,Cash on Delivery
FX207354,11-18-2025,Omkar Deshpande,North,Idli Sambar,2,87.22,0.05,UPI
FX204128,2025-04-01,Karthik Raman,EAST,Veg Fried Rice,2,197.01,0.1,UPI
FX202058,03/05/2025,Yash Patel,west,Farmhouse Pizza,3,391.02,0.0,Wallet
FX202569,12-08-2025,Saanvi Reddy,East,Tandoori Chicken,5,444.51,,Card
FX202538,2025-08-17,Kabir Shah,North,Filter Coffee,5,57.82,0.0,Cash on Delivery
FX201004,2025-03-07,Omkar Deshpande,North,Paneer Butter Masala,6,264.18,0.05,UPI
FX205378,2025-02-18,Omkar Deshpande,north,Idli Sambar,7,90.78,0.15,Cash on Delivery
FX206737,31/08/2025,Riya Kapoor,SOUTH,Veg Fried Rice,6,197.01,0.0,Card
FX203456,24/09/2025,Kabir Shah,SOUTH,Gulab Jamun,5,100.98,0.2,UPI
FX207916,2025-03-01,Sneha Varma,north,Chicken Biryani,6,291.89,0.2,Cash on Delivery
FX205143,09-25-2025,Rohan Pillai,south,Margherita Pizza,1,246.51,0.0,Cash on Delivery
FX206766,09/08/2025,Aarav Mehta,north,Chicken Biryani,8,286.11,0.25,Wallet
FX208542,2025-01-06,Yash Patel,EAST,Chicken Biryani,5,283.22,0.05,UPI
FX208737,19/03/2025,Vihaan Rao,East,Paneer Butter Masala,6,256.41,0.0,Cash on Delivery
FX204555,2025-09-02,Arjun Verma,SOUTH,Farmhouse Pizza,5,391.02,0.2,Cash on Delivery
FX203549,29/09/2025,Saanvi Reddy,south,Margherita Pizza,5,246.51,0.0,UPI
FX204408,2025-08-23,Manish Tiwari,EAST,Veg Biryani,8,216.81,0.2,Wallet
FX204991,31/01/2025,Aarav Mehta,East,Idli Sambar,6,87.22,0.0,Cash on Delivery
FX200153,2025-03-19,Aarav Mehta,EAST,Chocolate Brownie,2,151.98,0.25,Cash on Delivery
FX200122,2025-10-22,Yash Patel,north,Butter Naan,3,44.55,0.0,Cash on Delivery
FX207751,10-26-2025,Rahul Sinha,north,Cold Coffee,2,119.0,0.2,UPI
FX206264,2025-12-07,Ananya Iyer,south,Butter Naan,3,44.1,0.2,Cash on Delivery
FX205185,12/02/2025,Riya Kapoor,SOUTH,Tandoori Chicken,1,457.98,0.15,Card
FX206990,05-11-2025,Riya Kapoor,North,Gulab Jamun,4,99.99,,UPI
FX205702,2025-04-02,Karthik Raman,west,Spring Roll,2,160.59,0.0,Wallet
FX207974,02-11-2025,Dev Sharma,SOUTH,Cold Coffee,8,117.81,0.0,Card
FX206744,09-13-2025,Ishita Bose,East,Veg Biryani,2,221.19,0.2,Cash on Delivery
FX201262,2025-03-24,Dev Sharma,SOUTH,Paneer Butter Masala,2,261.59,0.0,Wallet
FX200367,2025-07-30,Aarav Mehta,SOUTH,Green Salad,8,137.61,0.25,Cash on Delivery
FX206609,2025-10-09,Rohan Pillai,south,Mutton Roll,8,273.42,0.0,Wallet
FX208021,05-08-2025,Yash Patel,North,Veg Fried Rice,5,202.98,0.1,Cash on Delivery
FX201841,2025-05-27,Priya Balaji,west,Idli Sambar,3,90.78,0.0,Cash on Delivery
FX205262,02/12/2025,Meera Krishnan,south,Idli Sambar,8,89.89,0.0,UPI
FX203824,2025-03-10,Meera Krishnan,EAST,Green Salad,5,139.0,0.15,Card
FX200305,2025-04-09,Aditya Ghosh,south,Filter Coffee,4,59.59,0.0,Wallet
FX207797,09/04/2025,Lakshmi Prasad,West,Veg Biryani,5,214.62,0.2,Cash on Delivery
FX205354,25/05/2025,Lakshmi Prasad,EAST,Mango Lassi,6,109.0,0.0,UPI
FX204682,18/05/2025,Ishita Bose,north,Chicken Biryani,4,286.11,0.0,Cash on Delivery
FX203429,11-22-2025,Aarav Mehta,south,Idli Sambar,7,90.78,0.0,Wallet
FX208389,08-14-2025,Priya Balaji,West,Margherita Pizza,5,246.51,0.05,Wallet
FX203278,2025-12-25,Riya Kapoor,north,Farmhouse Pizza,5,395.01,0.0,Cash on Delivery
FX208342,03-03-2025,Ananya Iyer,north,Filter Coffee,3,57.82,0.0,Wallet
FX200180,09-10-2025,Aditya Ghosh,East,Tandoori Chicken,2,444.51,0.05,Wallet
FX205661,2025-07-10,Priya Balaji,East,Masala Dosa,2,129.0,0.1,Card
FX207342,05-15-2025,Meera Krishnan,East,Butter Naan,1,45.9,0.05,Cash on Delivery
FX206305,2025-05-05,Rahul Sinha,SOUTH,Mango Lassi,6,106.82,0.1,Cash on Delivery
FX202698,2025-11-25,Vihaan Rao,north,Mutton Roll,1,284.58,0.25,Wallet
FX200257,2025-10-16,Ananya Iyer,East,Green Salad,2,136.22,0.0,UPI
FX208584,19/03/2025,Ishita Bose,south,Fish Curry Meals,8,332.29,0.05,Card
FX205537,2025-07-20,Kavya Subramanian,EAST,Paneer Butter Masala,7,264.18,0.0,Card
FX207280,2025-06-07,Karthik Raman,North,Paneer Butter Masala,4,261.59,0.2,UPI
FX208666,2025-08-21,Nikhil Menon,north,Idli Sambar,3,88.11,0.1,Cash on Delivery
FX204274,2025-03-27,Vihaan Rao,EAST,Veg Fried Rice,2,202.98,0.15,UPI
FX207532,2025-02-08,Priya Balaji,North,Paneer Butter Masala,7,253.82,0.1,Cash on Delivery
FX203409,02/09/2025,Karthik Raman,north,Chocolate Brownie,6,146.02,0.0,UPI
FX200686,07-06-2025,Sneha Varma,south,Chicken Biryani,6,289.0,0.0,Card
FX201633,2025-09-20,Vihaan Rao,north,Farmhouse Pizza,4,391.02,0.0,Card
FX202345,2025-12-28,Priya Balaji,West,Paneer Butter Masala,5,256.41,0.05,Card
FX201789,25/03/2025,Vihaan Rao,north,Mutton Roll,3,273.42,0.25,UPI
FX205794,04-07-2025,Arjun Verma,SOUTH,Filter Coffee,1,59.59,0.1,Cash on Delivery
FX201966,14/04/2025,Kavya Subramanian,West,Fish Curry Meals,1,325.71,,Cash on Delivery
FX205533,23/12/2025,Sneha Varma,EAST,Gulab Jamun,1,98.01,0.0,Wallet
FX201663,2025-08-21,Yash Patel,East,Filter Coffee,5,60.18,0.0,Wallet
FX202590,15/05/2025,Karthik Raman,south,Spring Roll,3,157.41,,Card
FX203791,2025-07-13,Omkar Deshpande,west,Filter Coffee,6,59.59,0.0,UPI
FX207742,2025-07-02,Rohan Pillai,EAST,Chicken Noodles,3,239.0,0.25,UPI
FX203377,2025-03-16,Nikhil Menon,SOUTH,Green Salad,7,139.0,0.1,UPI
FX205031,2025-04-08,Karthik Raman,north,Filter Coffee,2,57.82,0.05,UPI
FX208841,2025-06-18,Manish Tiwari,south,Butter Naan,6,44.1,0.05,Card
FX202896,19/10/2025,Kavya Subramanian,North,Veg Biryani,5,214.62,0.25,Cash on Delivery
FX206856,2025-10-27,Omkar Deshpande,West,Veg Fried Rice,2,199.0,0.0,Wallet
FX206818,07/05/2025,Kavya Subramanian,West,Gulab Jamun,8,99.99,0.05,UPI
FX207188,2025-03-18,Lakshmi Prasad,North,Green Salad,1,136.22,0.0,Wallet
FX205480,09-25-2025,Nisha Gupta,North,Mango Lassi,7,110.09,0.0,UPI
FX205338,2025-01-17,Aarav Mehta,East,Gulab Jamun,7,99.99,0.05,Card
FX201034,2025-05-01,Kavya Subramanian,west,Veg Biryani,7,219.0,,Card
FX208924,02-18-2025,Rohan Pillai,west,Mutton Roll,1,279.0,,Wallet
FX207061,04-28-2025,Sneha Varma,East,Paneer Butter Masala,5,253.82,0.0,Wallet
FX207269,2025-08-13,Ananya Iyer,North,Chocolate Brownie,3,149.0,0.0,Card
FX200684,21/07/2025,Tara Joshi,north,Veg Biryani,3,221.19,0.1,Cash on Delivery
FX203844,2025-09-06,Kavya Subramanian,SOUTH,Chicken Noodles,7,236.61,0.0,Wallet
FX204319,06/12/2025,Nisha Gupta,East,Spring Roll,4,160.59,0.05,Wallet
FX202123,05-23-2025,Nisha Gupta,SOUTH,Mango Lassi,7,106.82,0.0,Wallet
FX201881,2025-09-18,Ishita Bose,west,Cold Coffee,6,117.81,0.1,Card
FX203624,01/03/2025,Diya Nair,West,Mango Lassi,4,107.91,0.25,Cash on Delivery
FX205580,04-12-2025,Aarav Mehta,East,Masala Dosa,6,131.58,0.25,Wallet
FX207914,2025-11-03,Rohan Pillai,West,Farmhouse Pizza,8,399.0,0.05,UPI
FX204164,2025-08-27,Kabir Shah,West,Margherita Pizza,8,249.0,,Card
FX207373,08/01/2025,Yash Patel,West,Veg Fried Rice,2,200.99,0.25,UPI
FX208144,2025-02-12,Arjun Verma,south,Tandoori Chicken,6,457.98,0.0,Cash on Delivery
FX200643,27/12/2025,Ananya Iyer,south,Paneer Butter Masala,4,256.41,0.15,Wallet
FX204684,2025-09-25,Yash Patel,south,Mutton Roll,8,276.21,0.2,UPI
FX203109,25/09/2025,Kabir Shah,south,Idli Sambar,7,90.78,0.2,Cash on Delivery
FX203919,01-04-2025,Kabir Shah,north,Veg Fried Rice,1,199.0,0.1,UPI
FX203579,2025-03-13,Karthik Raman,south,Gulab Jamun,7,98.01,0.05,Cash on Delivery
FX207528,2025-12-18,Rohan Pillai,north,Gulab Jamun,7,98.01,,UPI
FX203357,2025-04-25,Yash Patel,East,Filter Coffee,3,59.59,0.15,UPI
FX201717,11/01/2025,Riya Kapoor,west,Fish Curry Meals,4,325.71,0.15,UPI
FX203667,2025-07-31,Rohan Pillai,south,Gulab Jamun,-7,100.98,0.15,Card
FX207292,18/08/2025,Meera Krishnan,East,Chicken Noodles,7,239.0,0.2,Wallet
FX206767,24/11/2025,Sneha Varma,SOUTH,Filter Coffee,7,57.82,0.25,Wallet
FX204539,06/09/2025,Nisha Gupta,north,Fish Curry Meals,4,335.58,0.0,Card
FX204895,11-03-2025,Nikhil Menon,north,Veg Biryani,4,223.38,0.05,Cash on Delivery
FX202443,14/03/2025,Dev Sharma,SOUTH,Farmhouse Pizza,7,402.99,0.05,UPI
FX205410,03/12/2025,Vihaan Rao,west,Farmhouse Pizza,3,406.98,0.0,Wallet
FX206622,2025-02-17,Aarav Mehta,north,Farmhouse Pizza,8,391.02,0.0,Cash on Delivery
FX203869,17/07/2025,Lakshmi Prasad,south,Green Salad,7,136.22,0.2,Wallet
FX200010,17/05/2025,Ananya Iyer,EAST,Fish Curry Meals,5,329.0,0.1,Wallet
FX200165,22/11/2025,Yash Patel,West,Masala Dosa,1,129.0,,Cash on Delivery
FX206068,2025-01-03,Omkar Deshpande,west,Mango Lassi,3,111.18,0.2,Wallet
FX204651,2025-10-23,Vihaan Rao,East,Margherita Pizza,4,251.49,0.0,Wallet
FX201302,04-11-2025,Lakshmi Prasad,North,Tandoori Chicken,4,440.02,0.0,UPI
FX204406,05-29-2025,Priya Balaji,west,Paneer Butter Masala,2,256.41,0.15,Wallet
FX202369,04/05/2025,Riya Kapoor,West,Masala Dosa,7,126.42,0.05,UPI
FX206564,19/09/2025,Vihaan Rao,East,Butter Naan,3,45.45,0.0,Cash on Delivery
FX208096,02-16-2025,Rohan Pillai,north,Paneer Butter Masala,4,253.82,0.25,Cash on Delivery
FX203385,2025-12-06,Kavya Subramanian,SOUTH,Chocolate Brownie,3,151.98,0.0,Wallet
FX204314,09-23-2025,Arjun Verma,SOUTH,Green Salad,6,137.61,0.0,Cash on Delivery
FX200211,2025-11-02,Kavya Subramanian,north,Veg Biryani,2,214.62,0.0,UPI
FX201666,18/01/2025,Rahul Sinha,EAST,Farmhouse Pizza,2,399.0,,Wallet
FX203978,30/09/2025,Kavya Subramanian,North,Veg Biryani,3,214.62,0.05,UPI
FX207302,03-08-2025,Lakshmi Prasad,East,Chicken Noodles,6,243.78,0.2,Card
FX203126,2025-06-05,Ishita Bose,SOUTH,Green Salad,2,137.61,0.0,Card
FX201555,2025-06-27,Diya Nair,West,Paneer Butter Masala,4,261.59,0.1,Card
FX204536,2025-12-03,Tara Joshi,West,Chocolate Brownie,7,149.0,0.0,Wallet
FX204744,2025-02-25,Saanvi Reddy,North,Tandoori Chicken,8,444.51,0.1,UPI
FX206115,09-17-2025,Diya Nair,south,Gulab Jamun,4,100.98,0.0,UPI
FX207181,2025-04-16,,west,Farmhouse Pizza,8,391.02,0.05,Card
FX201594,09-26-2025,Saanvi Reddy,south,Idli Sambar,2,89.0,0.15,Wallet
FX205108,2025-04-26,Manish Tiwari,North,Chicken Biryani,7,286.11,0.0,Cash on Delivery
FX203759,2025-04-30,Sneha Varma,west,Filter Coffee,4,58.41,0.25,Cash on Delivery
FX203394,06-26-2025,Nikhil Menon,North,Mutton Roll,1,279.0,0.0,Wallet
FX201353,22/04/2025,Yash Patel,West,Chicken Noodles,8,239.0,0.0,Cash on Delivery
FX201915,11-21-2025,Riya Kapoor,west,Chicken Noodles,4,239.0,0.1,Wallet
FX201516,05-06-2025,Kabir Shah,West,Idli Sambar,1,88.11,0.25,UPI
FX206862,2025-02-25,Tara Joshi,West,Mutton Roll,4,281.79,0.2,Cash on Delivery
FX207733,08/05/2025,Karthik Raman,West,Butter Naan,8,44.55,0.0,Card
FX201933,2025-09-05,Kavya Subramanian,North,Cold Coffee,6,121.38,,Card
FX207393,28/08/2025,Tara Joshi,North,Filter Coffee,2,59.0,0.15,UPI
FX202195,06/06/2025,Manish Tiwari,North,Mango Lassi,7,110.09,0.0,UPI
FX207959,01-13-2025,Aarav Mehta,EAST,Butter Naan,3,45.45,0.05,Cash on Delivery
FX203001,22/11/2025,Rohan Pillai,North,Chicken Biryani,1,294.78,,UPI
FX208757,03-19-2025,Ishita Bose,North,Fish Curry Meals,8,332.29,0.0,UPI
FX200520,06-15-2025,Lakshmi Prasad,north,Veg Biryani,2,219.0,0.25,UPI
FX200230,24/01/2025,Karthik Raman,North,Butter Naan,8,45.9,0.1,Wallet
FX202194,2025-02-21,Priya Balaji,SOUTH,Veg Biryani,3,214.62,0.25,Wallet
FX204144,11/10/2025,Rahul Sinha,north,Butter Naan,5,44.55,0.05,Wallet
FX206311,2025-04-09,Ishita Bose,north,Chicken Noodles,4,236.61,0.0,Card
FX201528,05-26-2025,Rohan Pillai,north,Cold Coffee,6,121.38,0.15,Card
FX205052,2025-12-05,Meera Krishnan,north,Masala Dosa,6,131.58,0.0,Card
FX200052,29/03/2025,Kavya Subramanian,south,Masala Dosa,6,126.42,0.0,Wallet
FX208790,2025-12-17,Meera Krishnan,EAST,Paneer Butter Masala,3,259.0,0.2,Wallet
FX201755,05/08/2025,Diya Nair,west,Chocolate Brownie,8,151.98,0.25,Cash on Delivery
FX204904,11-16-2025,Sneha Varma,EAST,Farmhouse Pizza,1,395.01,0.15,UPI
FX207724,30/06/2025,Karthik Raman,EAST,Margherita Pizza,2,249.0,0.15,Card
FX203758,10-31-2025,Aarav Mehta,west,Cold Coffee,2,116.62,0.25,Cash on Delivery
FX208591,2025-09-09,Ishita Bose,SOUTH,Chicken Biryani,5,294.78,0.05,Card
FX207831,04-13-2025,Diya Nair,North,Margherita Pizza,2,251.49,0.0,Wallet
FX204747,16/12/2025,Nisha Gupta,East,Margherita Pizza,1,244.02,0.05,Wallet
FX207330,04-29-2025,Sneha Varma,west,Paneer Butter Masala,5,259.0,0.0,UPI
FX200468,07-08-2025,Tara Joshi,west,Cold Coffee,5,119.0,0.2,Cash on Delivery
FX203669,15/05/2025,Meera Krishnan,East,Chocolate Brownie,1,151.98,0.05,Cash on Delivery
FX204096,08-26-2025,Tara Joshi,north,Chocolate Brownie,8,149.0,,Card
FX200347,23/04/2025,Saanvi Reddy,west,Cold Coffee,-1,120.19,0.15,Card
FX202328,22/02/2025,Sneha Varma,East,Mango Lassi,2,109.0,0.0,Wallet
FX200990,03-08-2025,Arjun Verma,south,Farmhouse Pizza,1,406.98,0.0,Card
FX207175,05-07-2025,,south,Filter Coffee,5,59.59,0.0,Wallet
FX201483,2025-09-10,Lakshmi Prasad,north,Cold Coffee,6,120.19,,Cash on Delivery
FX208907,2025-07-20,Yash Patel,EAST,Tandoori Chicken,5,457.98,0.15,Cash on Delivery
FX200009,08-30-2025,Aarav Mehta,SOUTH,Mutton Roll,2,276.21,0.15,UPI
FX202788,24/12/2025,Riya Kapoor,south,Chicken Noodles,1,241.39,0.0,UPI
FX201668,2025-08-21,Riya Kapoor,West,Chicken Noodles,5,234.22,0.0,UPI
FX208164,2025-02-05,Priya Balaji,North,Masala Dosa,2,131.58,0.2,Wallet
FX206276,06-12-2025,Meera Krishnan,SOUTH,Idli Sambar,2,89.89,0.15,Card
FX207843,05-19-2025,Dev Sharma,west,Cold Coffee,-4,120.19,0.0,Wallet
FX203942,2025-09-25,Nisha Gupta,North,Spring Roll,5,157.41,0.15,Card
FX200285,01-22-2025,Kavya Subramanian,south,Gulab Jamun,6,98.01,0.1,UPI
FX205748,10/07/2025,Vihaan Rao,North,Chocolate Brownie,2,151.98,0.05,Card
FX208636,12/08/2025,Omkar Deshpande,North,Idli Sambar,7,89.89,0.0,Wallet
FX202391,13/06/2025,,south,Butter Naan,1,45.9,0.0,Card
FX201875,26/02/2025,Aarav Mehta,SOUTH,Cold Coffee,3,119.0,0.25,Wallet
FX208289,2025-04-10,Omkar Deshpande,north,Mango Lassi,4,110.09,0.25,Wallet
FX206527,2025-01-03,Lakshmi Prasad,north,Farmhouse Pizza,1,406.98,0.0,UPI
FX204877,2025-11-23,Sneha Varma,North,Chicken Biryani,6,294.78,0.0,UPI
FX204899,25/03/2025,Tara Joshi,north,Fish Curry Meals,4,322.42,0.05,Cash on Delivery
FX202261,20/07/2025,Manish Tiwari,North,Tandoori Chicken,6,449.0,0.2,UPI
FX200495,2025-02-12,Manish Tiwari,south,Mango Lassi,4,110.09,0.25,Card
FX202190,01-26-2025,Rahul Sinha,EAST,Gulab Jamun,8,99.0,0.2,UPI
FX207249,29/08/2025,Aditya Ghosh,north,Green Salad,3,136.22,0.05,Wallet
FX207836,04/09/2025,Yash Patel,East,Mutton Roll,1,281.79,0.2,Wallet
FX203655,04/10/2025,Diya Nair,East,Green Salad,7,139.0,0.15,Cash on Delivery
FX202209,18/02/2025,Karthik Raman,SOUTH,Mutton Roll,8,284.58,0.05,Cash on Delivery
FX203714,2025-10-17,,north,Mutton Roll,7,276.21,0.15,UPI
FX201866,2025-12-15,Ananya Iyer,west,Tandoori Chicken,7,457.98,,Card
FX208000,16/08/2025,Meera Krishnan,East,Tandoori Chicken,1,449.0,0.0,Wallet
FX203088,06-17-2025,Omkar Deshpande,north,Spring Roll,2,160.59,0.2,UPI
FX204103,2025-06-19,Rahul Sinha,south,Fish Curry Meals,1,332.29,0.15,Card
FX206317,10-16-2025,Ishita Bose,EAST,Butter Naan,1,45.0,0.0,Cash on Delivery
FX202494,11/12/2025,Kabir Shah,West,Masala Dosa,2,129.0,0.0,Card
FX202113,2025-05-18,Manish Tiwari,south,Idli Sambar,2,89.0,0.05,UPI
FX202914,2025-06-02,Nikhil Menon,West,Spring Roll,3,162.18,0.0,Wallet
FX203545,2025-03-13,Nisha Gupta,North,Tandoori Chicken,7,449.0,0.25,UPI
FX206583,2025-09-05,Nisha Gupta,SOUTH,Cold Coffee,6,119.0,0.15,Wallet
FX203954,03-16-2025,Aditya Ghosh,North,Butter Naan,5,45.0,,UPI
FX204998,24/07/2025,Nikhil Menon,EAST,Paneer Butter Masala,7,253.82,,Cash on Delivery
FX208772,2025-10-05,Rohan Pillai,SOUTH,Spring Roll,6,160.59,0.0,Wallet
FX201180,22/02/2025,Ishita Bose,north,Margherita Pizza,4,253.98,0.15,Card
FX203184,2025-02-01,Meera Krishnan,south,Cold Coffee,5,117.81,0.05,UPI
FX206850,28/07/2025,Omkar Deshpande,East,Cold Coffee,-4,120.19,0.15,UPI
FX208677,2025-10-04,Yash Patel,West,Farmhouse Pizza,2,402.99,0.05,Cash on Delivery
FX203048,2025-12-07,Ananya Iyer,south,Chocolate Brownie,3,149.0,0.0,UPI
FX203888,2025-06-22,Karthik Raman,East,Fish Curry Meals,3,325.71,0.2,UPI
FX200019,30/10/2025,Kabir Shah,south,Mango Lassi,6,109.0,0.05,Wallet
FX202010,14/03/2025,Sneha Varma,West,Gulab Jamun,5,99.99,0.0,UPI
FX202907,2025-05-30,Karthik Raman,south,Filter Coffee,5,57.82,0.25,Cash on Delivery
FX203783,27/02/2025,Sneha Varma,north,Tandoori Chicken,2,440.02,0.0,UPI
FX206572,04/03/2025,Lakshmi Prasad,south,Idli Sambar,4,88.11,0.0,Wallet
FX202324,2025-09-05,Rahul Sinha,North,Mutton Roll,1,284.58,0.2,UPI
FX208458,20/05/2025,Rahul Sinha,SOUTH,Tandoori Chicken,3,440.02,0.15,Card
FX205586,01-31-2025,Tara Joshi,West,Masala Dosa,2,127.71,0.25,Wallet
FX208941,2025-06-24,Kabir Shah,West,Cold Coffee,6,119.0,0.0,Wallet
FX207397,16/06/2025,Rohan Pillai,West,Chocolate Brownie,4,147.51,0.0,Wallet
FX208683,11-04-2025,Lakshmi Prasad,West,Chicken Biryani,7,294.78,0.2,UPI
FX201893,27/06/2025,Aarav Mehta,SOUTH,Mango Lassi,3,110.09,0.05,UPI
FX206174,01/07/2025,Karthik Raman,North,Paneer Butter Masala,2,261.59,0.15,UPI
FX206904,2025-03-08,Rahul Sinha,west,Cold Coffee,4,121.38,0.05,Wallet
FX202421,2025-04-01,Omkar Deshpande,south,Margherita Pizza,1,246.51,0.0,Cash on Delivery
FX207862,2025-11-20,Priya Balaji,SOUTH,Paneer Butter Masala,6,261.59,0.25,Wallet
FX205342,24/08/2025,Kavya Subramanian,North,Idli Sambar,6,90.78,0.0,Card
FX201224,2025-07-21,Aditya Ghosh,SOUTH,Green Salad,2,141.78,0.0,UPI
FX204534,04-25-2025,Manish Tiwari,North,Spring Roll,2,160.59,0.15,Cash on Delivery
FX206486,2025-01-26,,West,Mango Lassi,2,109.0,0.25,Cash on Delivery
FX206655,29/12/2025,Kavya Subramanian,East,Idli Sambar,8,87.22,0.0,UPI
FX201655,23/12/2025,Omkar Deshpande,West,Chicken Noodles,7,234.22,0.0,UPI
FX204002,12/11/2025,Rahul Sinha,North,Mango Lassi,1,110.09,0.25,Cash on Delivery
FX206372,2025-11-28,Nikhil Menon,south,Paneer Butter Masala,4,261.59,0.0,Wallet
FX204613,2025-09-02,Saanvi Reddy,south,Veg Fried Rice,1,200.99,0.2,UPI
FX208991,2025-11-24,Rahul Sinha,SOUTH,Fish Curry Meals,2,325.71,0.0,Wallet
FX202082,2025-04-15,Lakshmi Prasad,West,Spring Roll,1,157.41,0.2,Wallet
FX204104,2025-06-21,Priya Balaji,EAST,Green Salad,5,137.61,,Wallet
FX208632,2025-09-29,Ishita Bose,west,Spring Roll,3,160.59,0.2,Cash on Delivery
FX208816,2025-03-12,Kabir Shah,south,Gulab Jamun,1,100.98,0.1,Card
FX205730,2025-01-20,Karthik Raman,SOUTH,Filter Coffee,7,58.41,0.2,UPI
FX207240,2025-11-03,Ishita Bose,south,Masala Dosa,5,130.29,,Wallet
FX204190,07-06-2025,Manish Tiwari,SOUTH,Butter Naan,8,44.1,0.05,Wallet
FX204941,14/04/2025,Riya Kapoor,West,Butter Naan,2,45.0,0.1,Card
FX207114,2025-07-20,Arjun Verma,north,Veg Biryani,8,219.0,0.0,Cash on Delivery
FX208607,06/01/2025,Manish Tiwari,west,Chicken Noodles,5,239.0,0.0,Card
FX200209,2025-09-07,Meera Krishnan,North,Tandoori Chicken,3,444.51,0.25,UPI
FX201199,04-10-2025,Dev Sharma,west,Chocolate Brownie,5,151.98,0.1,UPI
FX201504,11-17-2025,Ananya Iyer,SOUTH,Cold Coffee,4,117.81,0.0,UPI
FX204005,21/01/2025,Omkar Deshpande,north,Veg Biryani,7,216.81,0.0,Cash on Delivery
FX204377,26/02/2025,Ananya Iyer,west,Spring Roll,1,157.41,0.25,Cash on Delivery
FX206038,2025-03-10,Meera Krishnan,SOUTH,Chocolate Brownie,3,149.0,0.0,Cash on Delivery
FX203851,30/11/2025,Saanvi Reddy,south,Chocolate Brownie,6,146.02,0.0,Wallet
FX202437,2025-05-02,Manish Tiwari,North,Veg Fried Rice,8,199.0,0.2,UPI
FX207092,21/08/2025,Arjun Verma,north,Chicken Noodles,1,234.22,0.0,Card
FX202299,05-30-2025,Rohan Pillai,West,Chocolate Brownie,3,147.51,0.15,Cash on Delivery
FX201157,2025-08-08,Ananya Iyer,North,Margherita Pizza,8,249.0,0.2,Wallet
FX207557,2025-09-25,Dev Sharma,East,Gulab Jamun,1,99.0,0.0,Cash on Delivery
FX204155,05-20-2025,Kabir Shah,EAST,Spring Roll,6,157.41,0.05,Card
FX208712,11-27-2025,Manish Tiwari,West,Farmhouse Pizza,5,391.02,0.25,UPI
FX201351,2025-10-27,Aarav Mehta,West,Idli Sambar,1,89.89,0.1,Cash on Delivery
FX205867,04-24-2025,Ishita Bose,North,Idli Sambar,6,89.0,0.0,Cash on Delivery
FX201036,07-03-2025,Manish Tiwari,north,Cold Coffee,2,116.62,0.0,Card
FX206887,2025-11-25,Meera Krishnan,SOUTH,Veg Fried Rice,4,195.02,,Wallet
FX204764,18/01/2025,Diya Nair,EAST,Chicken Biryani,2,283.22,0.0,Wallet
FX204113,08-30-2025,Saanvi Reddy,East,Green Salad,8,139.0,0.1,Wallet
FX202924,2025-08-26,Rahul Sinha,SOUTH,Mutton Roll,2,279.0,0.0,Cash on Delivery
FX205075,24/02/2025,Nisha Gupta,south,Veg Fried Rice,7,199.0,0.1,UPI
FX203061,17/02/2025,,west,Mutton Roll,3,284.58,0.25,Cash on Delivery
FX202769,10-14-2025,Yash Patel,north,Mutton Roll,1,273.42,0.05,Wallet
FX205358,2025-05-19,Omkar Deshpande,north,Veg Biryani,2,223.38,0.2,UPI
FX206357,21/01/2025,Sneha Varma,East,Masala Dosa,3,126.42,0.0,Wallet
FX203288,29/10/2025,Kavya Subramanian,south,Filter Coffee,1,59.0,0.15,Wallet
FX204281,01/12/2025,Manish Tiwari,north,Gulab Jamun,4,99.99,,Card
FX205733,02/06/2025,Ishita Bose,north,Gulab Jamun,5,99.0,0.0,Wallet
FX207990,18/07/2025,Tara Joshi,East,Mutton Roll,7,284.58,0.25,Card
FX203494,2025-01-26,Kabir Shah,west,Green Salad,1,136.22,0.2,Cash on Delivery
FX207721,03/04/2025,Meera Krishnan,SOUTH,Farmhouse Pizza,8,395.01,0.2,Cash on Delivery
FX202133,2025-07-28,Kavya Subramanian,East,Filter Coffee,4,57.82,0.25,Wallet
FX207414,07-30-2025,Nikhil Menon,west,Spring Roll,-1,157.41,0.0,Cash on Delivery
FX205202,10/01/2025,Vihaan Rao,East,Veg Fried Rice,8,200.99,0.05,UPI
FX207023,22/01/2025,Rohan Pillai,north,Chicken Biryani,2,291.89,,Cash on Delivery
FX201963,01-17-2025,Priya Balaji,EAST,Farmhouse Pizza,7,399.0,0.0,Card
FX200417,28/02/2025,Riya Kapoor,SOUTH,Cold Coffee,2,120.19,0.1,Wallet
FX208604,04/03/2025,Rohan Pillai,West,Gulab Jamun,7,99.0,0.2,Cash on Delivery
FX207814,24/05/2025,Riya Kapoor,south,Gulab Jamun,7,99.0,0.0,UPI
FX200196,16/07/2025,Manish Tiwari,North,Chicken Noodles,4,241.39,0.0,Cash on Delivery
FX205345,2025-01-10,Sneha Varma,north,Green Salad,4,141.78,0.05,Cash on Delivery
FX205848,2025-11-07,Omkar Deshpande,south,Farmhouse Pizza,8,395.01,0.25,UPI
FX200284,03/07/2025,Riya Kapoor,EAST,Fish Curry Meals,4,335.58,0.05,Card
FX208146,2025-08-24,Karthik Raman,West,Green Salad,8,137.61,,Card
FX205231,21/11/2025,Arjun Verma,North,Gulab Jamun,7,97.02,0.2,UPI
FX201568,2025-10-02,Karthik Raman,SOUTH,Tandoori Chicken,7,449.0,0.0,Card
FX206810,23/05/2025,Riya Kapoor,East,Tandoori Chicken,2,444.51,0.25,Cash on Delivery
FX207985,09/11/2025,Nisha Gupta,North,Farmhouse Pizza,4,395.01,0.25,Wallet
FX203571,2025-03-06,Sneha Varma,south,Veg Fried Rice,4,199.0,0.25,Cash on Delivery
FX207156,04-18-2025,Manish Tiwari,North,Filter Coffee,5,59.59,0.25,Card
FX201739,20/01/2025,Ananya Iyer,East,Tandoori Chicken,6,444.51,0.25,UPI
FX207556,30/07/2025,Dev Sharma,West,Tandoori Chicken,6,444.51,0.25,Card
FX208551,2025-01-22,Kavya Subramanian,East,Paneer Butter Masala,4,261.59,0.0,Cash on Delivery
FX207574,2025-10-09,Sneha Varma,north,Green Salad,2,140.39,,Card
FX206508,2025-05-16,,West,Chicken Noodles,8,241.39,0.0,Wallet
FX204670,01-31-2025,Ishita Bose,west,Margherita Pizza,6,246.51,0.0,Wallet
FX206127,2025-12-05,Priya Balaji,west,Filter Coffee,4,59.59,0.15,Cash on Delivery
FX208885,2025-01-26,,SOUTH,Chicken Noodles,6,234.22,,UPI
FX202752,2025-03-06,Aarav Mehta,north,Chocolate Brownie,5,146.02,0.0,Wallet
FX203773,2025-01-09,Ananya Iyer,EAST,Filter Coffee,4,60.18,0.05,Card
FX200112,2025-05-08,Lakshmi Prasad,EAST,Tandoori Chicken,4,449.0,0.0,UPI
FX207270,2025-01-13,Vihaan Rao,west,Tandoori Chicken,6,453.49,,UPI
FX200414,2025-05-06,Kabir Shah,SOUTH,Masala Dosa,4,126.42,,Cash on Delivery
FX206733,2025-03-09,Kabir Shah,SOUTH,Farmhouse Pizza,4,402.99,0.0,Wallet
FX200338,03/04/2025,Aarav Mehta,south,Cold Coffee,6,116.62,0.05,Wallet
FX205172,2025-12-07,Nikhil Menon,East,Paneer Butter Masala,8,264.18,0.1,UPI
FX201089,04/08/2025,,West,Mutton Roll,8,279.0,0.0,Card
FX205365,14/02/2025,Aarav Mehta,West,Fish Curry Meals,5,325.71,,Wallet
FX207938,2025-02-13,Kabir Shah,EAST,Green Salad,6,139.0,0.2,Cash on Delivery
FX203393,19/11/2025,Riya Kapoor,West,Veg Biryani,4,216.81,0.2,UPI
FX202891,2025-01-01,Kabir Shah,SOUTH,Spring Roll,4,155.82,0.25,Cash on Delivery
FX207110,12/03/2025,Nikhil Menon,south,Green Salad,8,137.61,,Cash on Delivery
FX200927,20/02/2025,Manish Tiwari,north,Green Salad,8,140.39,0.0,UPI
FX206022,07/11/2025,Sneha Varma,south,Filter Coffee,3,58.41,0.25,Cash on Delivery
FX206202,02-16-2025,Nikhil Menon,west,Cold Coffee,8,119.0,0.0,Card
FX204255,01/10/2025,Nikhil Menon,East,Paneer Butter Masala,5,256.41,,Card
FX203867,05-27-2025,Meera Krishnan,SOUTH,Veg Biryani,2,223.38,0.25,Wallet
FX202234,2025-12-20,Aarav Mehta,North,Chicken Biryani,5,286.11,0.2,Cash on Delivery
FX203439,2025-11-14,Riya Kapoor,East,Spring Roll,8,162.18,0.05,Wallet
FX202205,06-27-2025,Aarav Mehta,south,Cold Coffee,7,121.38,0.15,Card
FX203795,2025-08-03,Nikhil Menon,East,Veg Fried Rice,2,197.01,0.0,Wallet
FX206466,2025-07-12,Lakshmi Prasad,EAST,Idli Sambar,2,89.89,0.0,Wallet
FX203945,10/05/2025,Nisha Gupta,West,Mango Lassi,2,110.09,,Wallet
FX201083,26/01/2025,Sneha Varma,north,Chocolate Brownie,1,149.0,,Card
FX207380,30/08/2025,Riya Kapoor,north,Idli Sambar,6,89.0,0.2,UPI
FX202825,2025-06-07,Sneha Varma,EAST,Chicken Biryani,2,291.89,,Wallet
FX204784,2025-04-08,Dev Sharma,EAST,Fish Curry Meals,7,335.58,0.1,Wallet
FX205640,2025-07-03,Nikhil Menon,SOUTH,Farmhouse Pizza,8,399.0,0.1,UPI
FX204038,20/09/2025,Rohan Pillai,south,Green Salad,8,141.78,0.0,UPI
FX205890,2025-02-22,Meera Krishnan,SOUTH,Veg Fried Rice,3,197.01,0.0,Cash on Delivery
FX200273,13/03/2025,Rohan Pillai,north,Paneer Butter Masala,3,253.82,0.0,Card
FX207019,07-27-2025,Aditya Ghosh,EAST,Mango Lassi,2,106.82,0.15,UPI
FX208374,2025-12-31,,north,Masala Dosa,8,127.71,0.25,Wallet
FX205171,12-01-2025,Ishita Bose,south,Cold Coffee,5,117.81,0.25,Card
FX205913,01-02-2025,Sneha Varma,north,Spring Roll,2,160.59,0.05,Card
FX207837,30/12/2025,Lakshmi Prasad,south,Tandoori Chicken,7,457.98,0.25,Cash on Delivery
FX202137,01/11/2025,Omkar Deshpande,SOUTH,Chocolate Brownie,1,149.0,0.15,Cash on Delivery
FX207654,01-03-2025,Tara Joshi,West,Masala Dosa,3,126.42,0.0,Card
FX204146,2025-01-17,Arjun Verma,West,Green Salad,2,141.78,0.15,Cash on Delivery
FX204949,09-19-2025,Dev Sharma,East,Farmhouse Pizza,8,395.01,0.0,Card
FX206559,2025-03-05,Kavya Subramanian,SOUTH,Masala Dosa,3,129.0,0.0,UPI
FX200581,2025-02-23,Yash Patel,EAST,Veg Biryani,6,216.81,0.0,Card
FX202449,2025-04-26,Kavya Subramanian,West,Green Salad,4,137.61,0.0,Wallet
FX200698,02-20-2025,Lakshmi Prasad,north,Gulab Jamun,5,100.98,0.0,UPI
FX201761,05-20-2025,Kavya Subramanian,West,Veg Biryani,8,223.38,0.0,Cash on Delivery
FX208630,2025-05-05,Diya Nair,north,Chicken Noodles,6,234.22,,UPI
FX208719,2025-02-26,Meera Krishnan,south,Butter Naan,2,45.45,,Card
FX200717,04-07-2025,Ananya Iyer,North,Butter Naan,2,45.0,0.0,Cash on Delivery
FX205983,2025-05-06,Meera Krishnan,West,Veg Fried Rice,2,200.99,0.1,Cash on Delivery
FX201463,09-10-2025,Vihaan Rao,south,Chicken Noodles,2,239.0,0.05,Cash on Delivery
FX206060,08-17-2025,Vihaan Rao,North,Green Salad,-6,139.0,0.25,UPI
FX200238,16/05/2025,Vihaan Rao,west,Paneer Butter Masala,7,256.41,0.0,UPI
FX201359,10-11-2025,Nikhil Menon,SOUTH,Masala Dosa,7,126.42,0.0,Cash on Delivery
FX207941,13/11/2025,Nikhil Menon,EAST,Cold Coffee,6,117.81,0.0,Cash on Delivery
FX202371,2025-03-11,Rahul Sinha,north,Idli Sambar,5,90.78,0.0,Cash on Delivery
FX206772,2025-05-28,Dev Sharma,SOUTH,Mango Lassi,8,107.91,0.15,Wallet
FX204865,12-05-2025,Karthik Raman,SOUTH,Paneer Butter Masala,6,253.82,0.0,Card
FX208419,2025-08-30,,west,Fish Curry Meals,3,322.42,0.0,Wallet
FX203313,02-12-2025,Rahul Sinha,north,Green Salad,3,137.61,0.15,Cash on Delivery
FX201771,2025-05-27,Ishita Bose,West,Tandoori Chicken,4,440.02,0.0,Wallet
FX203738,2025-09-20,Aarav Mehta,south,Fish Curry Meals,6,335.58,0.05,Cash on Delivery
FX205528,2025-07-27,Ishita Bose,west,Mango Lassi,2,111.18,0.05,Wallet
FX202398,2025-08-27,Diya Nair,North,Spring Roll,8,157.41,0.0,Wallet
FX205911,11-17-2025,Diya Nair,north,Butter Naan,8,45.45,0.1,Cash on Delivery
FX200051,2025-05-15,Arjun Verma,north,Masala Dosa,3,129.0,0.15,Cash on Delivery
FX208699,2025-01-22,Kabir Shah,EAST,Chicken Noodles,1,236.61,,Cash on Delivery
FX203108,2025-11-26,Nisha Gupta,north,Veg Biryani,7,214.62,0.05,UPI
FX203681,03/08/2025,Priya Balaji,west,Chicken Biryani,2,294.78,0.05,Cash on Delivery
FX203085,06/06/2025,Nikhil Menon,north,Cold Coffee,2,117.81,0.0,Card
FX201699,07-10-2025,Rohan Pillai,north,Butter Naan,4,44.1,0.05,Wallet
FX202623,2025-12-26,Diya Nair,west,Mango Lassi,5,107.91,0.05,Card
FX204329,2025-09-16,Tara Joshi,north,Chicken Noodles,3,234.22,0.15,UPI
FX205296,2025-07-23,Dev Sharma,SOUTH,Paneer Butter Masala,2,253.82,0.1,Cash on Delivery
FX201285,30/04/2025,,west,Margherita Pizza,1,249.0,0.0,Card
FX200478,2025-04-12,,East,Paneer Butter Masala,7,259.0,0.2,Wallet
FX208102,07-01-2025,Priya Balaji,north,Veg Biryani,1,214.62,0.25,Cash on Delivery
FX201801,06-22-2025,,West,Masala Dosa,3,129.0,0.0,Cash on Delivery
FX204979,2025-02-03,Aarav Mehta,north,Cold Coffee,3,117.81,0.15,Cash on Delivery
FX203704,29/10/2025,Ishita Bose,West,Farmhouse Pizza,2,395.01,0.0,Cash on Delivery
FX206615,2025-07-03,Kabir Shah,East,Chicken Biryani,3,286.11,0.0,Card
FX202942,06/04/2025,Omkar Deshpande,south,Veg Fried Rice,4,200.99,0.1,Wallet
FX202539,04/11/2025,Aarav Mehta,West,Gulab Jamun,6,99.0,0.15,Cash on Delivery
FX205921,04-30-2025,Diya Nair,North,Butter Naan,7,44.55,0.1,Cash on Delivery
FX205667,21/11/2025,,south,Spring Roll,1,155.82,0.25,Cash on Delivery
FX208156,09-07-2025,,SOUTH,Veg Biryani,7,219.0,,Wallet
FX203903,2025-05-04,Diya Nair,south,Chocolate Brownie,7,147.51,0.05,UPI
FX206073,2025-07-23,Nikhil Menon,West,Mutton Roll,8,276.21,0.25,Card
FX202754,08/10/2025,Priya Balaji,East,Butter Naan,4,45.45,0.1,UPI
FX203761,10-20-2025,Kabir Shah,north,Mutton Roll,8,281.79,0.05,Wallet
FX204302,05/06/2025,Tara Joshi,north,Cold Coffee,3,116.62,0.0,UPI
FX207344,26/12/2025,Diya Nair,SOUTH,Chicken Biryani,8,294.78,0.05,Wallet
FX200000,2025-11-14,Tara Joshi,EAST,Veg Fried Rice,4,199.0,,Cash on Delivery
FX202009,09/05/2025,Aarav Mehta,west,Idli Sambar,1,87.22,0.0,Card
FX201784,2025-04-15,Riya Kapoor,EAST,Cold Coffee,8,117.81,0.05,Wallet
FX204548,17/07/2025,Priya Balaji,West,Cold Coffee,5,121.38,0.2,UPI
FX208053,2025-12-31,,EAST,Butter Naan,8,45.45,0.25,Cash on Delivery
FX201763,2025-05-07,Saanvi Reddy,south,Veg Fried Rice,3,195.02,0.2,UPI
FX204143,20/12/2025,Manish Tiwari,SOUTH,Cold Coffee,4,121.38,,Cash on Delivery
FX208559,08/12/2025,Sneha Varma,EAST,Masala Dosa,2,131.58,0.0,Wallet
FX205406,2025-11-12,Sneha Varma,West,Chicken Noodles,3,239.0,0.0,UPI
FX200385,2025-08-01,Rohan Pillai,west,Chicken Biryani,5,283.22,0.0,Card
FX204006,02-06-2025,Omkar Deshpande,north,Chicken Noodles,6,234.22,0.05,Cash on Delivery
FX201265,04/10/2025,Meera Krishnan,North,Butter Naan,5,45.45,0.0,Card
FX204726,07/09/2025,Riya Kapoor,south,Margherita Pizza,8,253.98,0.0,Wallet
FX200576,2025-05-15,Aarav Mehta,north,Chicken Noodles,1,239.0,0.0,UPI
FX204479,2025-04-16,Riya Kapoor,North,Mutton Roll,7,273.42,0.05,Card
FX205051,24/11/2025,Karthik Raman,SOUTH,Chicken Biryani,7,283.22,0.25,UPI
FX207158,10/10/2025,Ananya Iyer,south,Margherita Pizza,2,244.02,0.1,UPI
FX200114,12-28-2025,Aarav Mehta,North,Margherita Pizza,7,251.49,0.0,Wallet
FX204589,2025-09-17,Riya Kapoor,south,Chicken Biryani,1,286.11,0.0,Card
FX206269,24/08/2025,Ananya Iyer,north,Paneer Butter Masala,3,253.82,0.0,UPI
FX204607,02-17-2025,Nikhil Menon,EAST,Margherita Pizza,4,251.49,0.0,Cash on Delivery
FX206220,06/12/2025,Aarav Mehta,north,Veg Fried Rice,4,197.01,0.15,UPI
FX202978,02/04/2025,Priya Balaji,west,Masala Dosa,7,130.29,0.05,Wallet
FX200818,2025-04-25,Tara Joshi,SOUTH,Veg Biryani,1,214.62,0.0,Wallet
FX200787,26/03/2025,,west,Chocolate Brownie,8,146.02,0.1,Wallet
FX207739,09-18-2025,Yash Patel,west,Tandoori Chicken,2,457.98,,Cash on Delivery
FX204111,2025-02-09,Vihaan Rao,north,Paneer Butter Masala,3,264.18,0.15,Cash on Delivery
FX204531,2025-05-08,Diya Nair,south,Chocolate Brownie,5,149.0,0.2,Cash on Delivery
FX203577,2025-11-24,Karthik Raman,East,Cold Coffee,5,117.81,0.05,Cash on Delivery
FX207856,2025-12-12,Karthik Raman,SOUTH,Mutton Roll,3,273.42,0.0,Card
FX204050,2025-01-18,Tara Joshi,EAST,Mango Lassi,7,110.09,0.25,UPI
FX201427,2025-04-17,Rahul Sinha,SOUTH,Tandoori Chicken,8,440.02,0.15,Wallet
FX203918,29/01/2025,Nisha Gupta,EAST,Veg Biryani,3,214.62,0.25,UPI
FX206179,29/08/2025,Omkar Deshpande,West,Masala Dosa,3,127.71,,Card
FX207091,06-24-2025,Rohan Pillai,EAST,Margherita Pizza,6,251.49,0.0,UPI
FX205292,29/11/2025,Saanvi Reddy,North,Spring Roll,2,159.0,0.0,Wallet
FX203029,2025-09-30,Riya Kapoor,west,Idli Sambar,6,90.78,0.0,UPI
FX200241,10-08-2025,Tara Joshi,East,Tandoori Chicken,6,440.02,0.05,Cash on Delivery
FX208721,20/01/2025,Aarav Mehta,west,Tandoori Chicken,1,449.0,0.0,Wallet
FX201772,2025-05-22,Priya Balaji,East,Veg Biryani,4,216.81,0.05,Wallet
FX203204,2025-09-21,Nisha Gupta,East,Veg Biryani,2,214.62,0.0,UPI
FX203618,2025-12-31,Arjun Verma,East,Mutton Roll,8,279.0,0.25,Card
FX207030,26/04/2025,Diya Nair,SOUTH,Cold Coffee,4,121.38,0.15,Wallet
FX208698,2025-08-24,Kavya Subramanian,North,Butter Naan,6,45.9,0.2,UPI
FX201751,2025-01-02,Meera Krishnan,EAST,Veg Biryani,1,216.81,0.0,Cash on Delivery
FX202005,29/07/2025,Riya Kapoor,EAST,Fish Curry Meals,3,335.58,0.2,Cash on Delivery
FX203709,11/04/2025,Rahul Sinha,west,Cold Coffee,3,117.81,0.0,Wallet
FX203250,29/07/2025,Nikhil Menon,SOUTH,Mutton Roll,6,279.0,0.05,Card
FX202300,15/05/2025,Dev Sharma,West,Gulab Jamun,2,100.98,0.0,Wallet
FX201629,2025-02-27,Ananya Iyer,West,Cold Coffee,6,120.19,0.15,UPI
FX208997,2025-01-13,Dev Sharma,EAST,Masala Dosa,5,130.29,0.0,Wallet
FX207429,08-26-2025,Omkar Deshpande,North,Gulab Jamun,7,99.0,0.1,Cash on Delivery
FX201124,2025-07-29,Rahul Sinha,north,Margherita Pizza,5,244.02,0.1,Card
FX205287,04-25-2025,Vihaan Rao,EAST,Mutton Roll,5,279.0,0.0,UPI
FX200314,05/10/2025,Tara Joshi,North,Spring Roll,4,159.0,0.05,UPI
FX201777,07-29-2025,,West,Mango Lassi,8,111.18,0.0,Card
FX203944,14/07/2025,Nisha Gupta,SOUTH,Spring Roll,6,157.41,0.25,Cash on Delivery
FX200112,2025-05-08,Lakshmi Prasad,EAST,Tandoori Chicken,4,449.0,0.0,UPI
FX205059,03-20-2025,Saanvi Reddy,West,Tandoori Chicken,3,440.02,0.0,UPI
FX201685,10/02/2025,Diya Nair,East,Filter Coffee,3,60.18,0.0,Wallet
FX208103,2025-09-25,Kabir Shah,SOUTH,Spring Roll,7,160.59,0.2,Cash on Delivery
FX202890,02/05/2025,Yash Patel,North,Filter Coffee,7,59.0,0.0,Wallet
FX203518,2025-03-07,Aarav Mehta,west,Butter Naan,7,45.0,0.0,Wallet
FX206289,2025-05-28,Tara Joshi,East,Masala Dosa,4,130.29,0.0,Card
FX200362,2025-09-25,Priya Balaji,north,Farmhouse Pizza,1,402.99,,UPI
FX203732,01-12-2025,Diya Nair,East,Farmhouse Pizza,7,406.98,0.05,UPI
FX200630,06/11/2025,Kabir Shah,SOUTH,Paneer Butter Masala,4,261.59,0.0,Wallet
FX201788,2025-05-24,Omkar Deshpande,West,Chicken Biryani,6,286.11,0.25,Wallet
FX205773,13/06/2025,Nisha Gupta,East,Margherita Pizza,1,251.49,0.25,Cash on Delivery
FX205750,26/11/2025,Ishita Bose,north,Chicken Noodles,2,239.0,0.15,Card
FX202804,2025-10-18,Arjun Verma,West,Tandoori Chicken,8,449.0,0.1,Wallet
FX203958,11-16-2025,Rahul Sinha,EAST,Tandoori Chicken,8,457.98,0.0,Card
FX200119,29/08/2025,Meera Krishnan,SOUTH,Chicken Biryani,6,294.78,0.1,UPI
FX207714,2025-12-09,Rohan Pillai,SOUTH,Cold Coffee,4,116.62,0.0,Card
FX201062,2025-01-24,Nikhil Menon,EAST,Spring Roll,1,160.59,0.1,Card
FX205348,28/07/2025,Ishita Bose,south,Spring Roll,7,162.18,0.25,UPI
FX200493,25/04/2025,Priya Balaji,SOUTH,Veg Fried Rice,6,200.99,0.1,Cash on Delivery
FX200443,08/07/2025,Karthik Raman,North,Chicken Noodles,6,236.61,,Card
FX206482,2025-05-02,,West,Fish Curry Meals,5,322.42,0.0,UPI
FX208211,25/03/2025,Lakshmi Prasad,EAST,Mutton Roll,4,273.42,0.2,UPI
FX200418,11-26-2025,Kabir Shah,EAST,Chicken Noodles,4,239.0,0.15,Wallet
FX207243,23/07/2025,Ananya Iyer,EAST,Masala Dosa,5,129.0,0.05,UPI
FX207548,04-30-2025,Aditya Ghosh,south,Chicken Biryani,5,294.78,0.0,UPI
FX204042,31/08/2025,Meera Krishnan,north,Margherita Pizza,8,253.98,0.0,UPI
FX208577,28/11/2025,Sneha Varma,south,Chicken Noodles,8,236.61,,Card
FX200929,2025-04-24,Rahul Sinha,south,Butter Naan,1,44.55,0.2,Cash on Delivery
FX206596,2025-05-27,Nikhil Menon,SOUTH,Masala Dosa,5,127.71,0.2,Card
FX208456,2025-06-24,Nisha Gupta,West,Gulab Jamun,4,100.98,0.15,Wallet
FX204256,03/06/2025,Yash Patel,north,Masala Dosa,4,130.29,0.2,Cash on Delivery
FX204399,27/03/2025,Karthik Raman,south,Chicken Biryani,2,286.11,0.0,UPI
FX206162,03-29-2025,Kabir Shah,north,Chicken Biryani,3,294.78,0.15,UPI
FX205163,26/05/2025,Riya Kapoor,south,Chocolate Brownie,6,149.0,0.0,Cash on Delivery
FX205393,12-31-2025,,North,Tandoori Chicken,3,453.49,0.1,Card
FX205563,2025-08-08,Ananya Iyer,west,Spring Roll,7,160.59,0.15,Cash on Delivery
FX200934,2025-01-31,Diya Nair,EAST,Spring Roll,6,155.82,0.0,Cash on Delivery
FX207258,2025-11-24,Aditya Ghosh,north,Green Salad,8,136.22,0.0,Card
FX201945,2025-07-14,Lakshmi Prasad,East,Gulab Jamun,6,100.98,0.25,Wallet
FX200275,08/07/2025,Ishita Bose,West,Chocolate Brownie,4,149.0,0.2,Cash on Delivery
FX205966,2025-04-27,Omkar Deshpande,south,Chicken Noodles,8,243.78,0.05,UPI
FX206258,19/08/2025,Riya Kapoor,North,Spring Roll,1,162.18,,Card
FX207748,06/08/2025,Kavya Subramanian,north,Tandoori Chicken,2,449.0,0.0,Cash on Delivery
FX206871,2025-03-13,Dev Sharma,EAST,Farmhouse Pizza,1,391.02,0.1,Wallet
FX208072,2025-11-13,Ishita Bose,west,Chicken Noodles,5,243.78,0.2,Wallet
FX205251,2025-09-09,Saanvi Reddy,south,Gulab Jamun,2,99.99,0.0,Cash on Delivery
FX208176,27/02/2025,Diya Nair,West,Spring Roll,2,159.0,0.25,Wallet
FX206145,15/06/2025,Diya Nair,EAST,Gulab Jamun,5,97.02,0.0,Cash on Delivery
FX201723,18/06/2025,Tara Joshi,West,Veg Biryani,-8,223.38,0.25,Card
FX204323,2025-08-12,Kabir Shah,East,Chocolate Brownie,7,151.98,0.15,UPI
FX207858,26/05/2025,Dev Sharma,EAST,Tandoori Chicken,4,440.02,,UPI
FX208325,2025-11-18,Diya Nair,north,Veg Biryani,2,221.19,0.05,Card
FX206392,2025-01-22,Lakshmi Prasad,EAST,Gulab Jamun,1,98.01,0.25,Cash on Delivery
FX201307,29/05/2025,Ananya Iyer,North,Masala Dosa,4,130.29,0.0,Wallet
FX208688,13/10/2025,Riya Kapoor,West,Tandoori Chicken,1,444.51,0.2,UPI
FX208527,15/05/2025,Karthik Raman,North,Chocolate Brownie,5,151.98,0.1,UPI
FX206583,2025-09-05,Nisha Gupta,SOUTH,Cold Coffee,6,119.0,0.15,Wallet
FX203214,2025-12-16,Vihaan Rao,West,Chicken Biryani,8,294.78,0.2,Wallet
FX204908,2025-10-23,Priya Balaji,East,Cold Coffee,4,117.81,0.0,Wallet
FX208633,14/07/2025,Nikhil Menon,SOUTH,Filter Coffee,6,60.18,0.0,Card
FX205258,2025-03-15,Aarav Mehta,EAST,Mango Lassi,1,106.82,0.0,Wallet
FX203161,2025-06-21,Priya Balaji,west,Chocolate Brownie,5,151.98,0.1,Wallet
FX206982,2025-10-19,Lakshmi Prasad,EAST,Farmhouse Pizza,8,402.99,0.0,Card
FX203995,25/03/2025,Nikhil Menon,East,Margherita Pizza,7,244.02,0.0,Wallet
FX203095,05-09-2025,Meera Krishnan,west,Idli Sambar,7,87.22,0.0,UPI
FX201394,16/10/2025,Yash Patel,north,Chicken Biryani,4,286.11,0.15,Cash on Delivery
FX201350,30/06/2025,Ananya Iyer,SOUTH,Green Salad,3,140.39,,Wallet
FX204753,2025-10-03,Ananya Iyer,East,Cold Coffee,7,120.19,0.1,UPI
FX208600,24/09/2025,Saanvi Reddy,north,Gulab Jamun,5,97.02,0.05,Card
FX200275,08/07/2025,Ishita Bose,West,Chocolate Brownie,4,149.0,0.2,Cash on Delivery
FX203153,2025-12-14,Nisha Gupta,SOUTH,Farmhouse Pizza,5,402.99,0.1,UPI
FX207636,05-08-2025,Karthik Raman,south,Mutton Roll,5,284.58,0.1,UPI
FX201255,2025-06-23,Karthik Raman,West,Farmhouse Pizza,-4,391.02,,Wallet
FX208332,01/12/2025,Nisha Gupta,West,Farmhouse Pizza,7,395.01,0.2,UPI
FX206690,09-27-2025,Yash Patel,south,Tandoori Chicken,4,449.0,0.15,Wallet
FX203885,2025-05-10,Riya Kapoor,North,Butter Naan,-1,44.55,0.0,Wallet
FX207933,03-09-2025,Nisha Gupta,north,Gulab Jamun,2,98.01,0.0,Wallet
FX208880,08-24-2025,Rahul Sinha,SOUTH,Butter Naan,5,45.9,0.0,Cash on Delivery
FX205724,24/02/2025,Lakshmi Prasad,west,Chicken Noodles,7,236.61,0.0,UPI
FX206765,2025-01-07,Diya Nair,SOUTH,Spring Roll,1,159.0,0.05,Wallet
FX203864,2025-11-30,Dev Sharma,north,Chicken Biryani,7,294.78,0.05,UPI
FX200583,04-18-2025,Omkar Deshpande,North,Green Salad,8,141.78,0.25,Cash on Delivery
FX208524,06-10-2025,Rahul Sinha,North,Butter Naan,4,44.55,0.0,Wallet
FX201293,11-03-2025,Yash Patel,East,Mutton Roll,2,276.21,0.05,Wallet
FX204023,10-02-2025,Kabir Shah,south,Paneer Butter Masala,6,259.0,0.0,Wallet
FX207259,13/10/2025,Tara Joshi,north,Farmhouse Pizza,1,406.98,0.1,Wallet
FX205200,2025-10-19,Ananya Iyer,west,Gulab Jamun,2,97.02,,UPI
FX203775,08-30-2025,,north,Fish Curry Meals,-6,335.58,0.15,Wallet
