TravellerID,TravellerName,Gender,Age,AgeBand,Nationality,SignupDate,CustomerSegment,LoyaltyTier,IsRepeatCustomer
1,Hiroshi Gupta,Male,42,35-44,USA,2024-08-22,Family,Gold,1
2,David Gupta,Male,46,45-54,India,2025-05-26,Family,Silver,1
3,Sneha Garcia,Female,37,35-44,India,2023-12-27,Family,Gold,1
4,Charlotte Anderson,Female,49,45-54,Australia,2026-03-30,Family,Blue,0
5,Isabella Patel,Female,33,25-34,Netherlands,2024-11-13,Family,Blue,1
6,Ananya Chatterjee,Female,47,45-54,India,2024-08-04,Group Tour,Gold,1
7,Mei Patel,Female,51,45-54,India,2023-01-13,Group Tour,Platinum,1
8,Aditya Tanaka,Male,18,18-24,India,2023-11-08,Solo Traveller,Gold,1
9,Aravind Davis,Male,49,45-54,India,2024-09-11,Couple,Silver,1
10,Pierre Iyer,Male,41,35-44,India,2024-02-26,Couple,Platinum,1
11,Chloe Williams,Female,31,25-34,India,2026-03-17,Business,Blue,0
12,Lucas Gupta,Male,37,35-44,UAE,2025-02-26,Couple,Silver,1
13,Layla Smith,Female,37,35-44,Canada,2024-03-23,Family,Silver,1
14,Divya Petrov,Female,41,35-44,UAE,2025-04-05,Couple,Gold,1
15,Valentina Smith,Female,27,25-34,Japan,2024-01-13,Family,Platinum,1
16,Sophia Brown,Female,38,35-44,India,2024-03-26,Solo Traveller,Gold,1
17,Nikhil Singh,Male,29,25-34,Canada,2023-06-04,Group Tour,Platinum,1
18,Camille Petrov,Female,52,45-54,USA,2025-04-04,Family,Blue,1
19,Olivia Garcia,Female,44,35-44,India,2023-02-27,Couple,Platinum,1
20,Mia Jones,Female,31,25-34,India,2023-02-21,Couple,Platinum,1
21,Kavya Miller,Female,36,35-44,India,2025-11-20,Solo Traveller,Blue,0
22,Ava Jones,Female,18,18-24,India,2024-04-18,Couple,Platinum,1
23,Priya Reddy,Female,41,35-44,India,2024-09-30,Family,Silver,1
24,Isabella Brown,Female,45,45-54,India,2024-08-05,Family,Platinum,1
25,Kavya Anderson,Female,20,18-24,Canada,2023-09-20,Business,Platinum,1
26,Chloe Sharma,Female,44,35-44,India,2023-02-23,Solo Traveller,Platinum,1
27,Lucas Anderson,Male,33,25-34,China,2025-10-28,Couple,Blue,0
28,Lucas Reddy,Male,31,25-34,Spain,2025-05-11,Group Tour,Silver,1
29,Ahmed Iyer,Male,29,25-34,USA,2024-07-09,Family,Silver,1
30,Elena Miller,Female,35,35-44,India,2025-06-29,Couple,Blue,1
31,Giulia Muller,Female,38,35-44,South Africa,2025-05-18,Solo Traveller,Blue,1
32,Pierre Singh,Male,39,35-44,India,2025-05-03,Solo Traveller,Blue,1
33,Karthik Al-Sayed,Male,38,35-44,Spain,2023-07-02,Family,Gold,1
34,Hans Tanaka,Male,44,35-44,India,2024-02-02,Solo Traveller,Gold,1
35,Aditya Rao,Male,29,25-34,Australia,2023-06-12,Solo Traveller,Platinum,1
36,Ivan Dubois,Male,38,35-44,France,2025-08-22,Business,Blue,0
37,Hans Wilson,Male,38,35-44,India,2023-06-04,Family,Platinum,1
38,Marco Al-Sayed,Male,50,45-54,India,2023-12-14,Couple,Platinum,1
39,Sofia Gupta,Female,25,25-34,UAE,2023-10-28,Couple,Silver,1
40,Karthik Patel,Male,29,25-34,India,2023-08-08,Group Tour,Platinum,1
41,Marco Petrov,Male,35,35-44,India,2026-04-03,Group Tour,Silver,0
42,Ethan Rao,Male,38,35-44,China,2024-03-22,Family,Gold,1
43,Aravind Iyer,Male,50,45-54,India,2026-02-15,Family,Gold,0
44,Sophia Khan,Female,28,25-34,India,2023-06-28,Business,Platinum,1
45,Ava Reddy,Female,25,25-34,India,2023-05-31,Solo Traveller,Platinum,1
46,Sophia Rossi,Female,38,35-44,Canada,2024-12-26,Solo Traveller,Silver,1
47,Thomas Bose,Male,41,35-44,Singapore,2024-09-18,Couple,Platinum,1
48,Oliver Johnson,Male,33,25-34,Japan,2024-03-05,Family,Silver,1
49,Nikhil Patel,Male,31,25-34,United Kingdom,2023-07-09,Family,Platinum,1
50,Arjun Muller,Male,36,35-44,Netherlands,2023-11-24,Family,Platinum,1
51,Ishita Patel,Female,38,35-44,Spain,2025-05-05,Couple,Silver,1
52,Lakshmi Jones,Female,27,25-34,India,2024-07-07,Solo Traveller,Gold,1
53,Camille Smith,Female,53,45-54,UAE,2025-03-31,Family,Blue,1
54,Aditya Al-Sayed,Male,31,25-34,United Kingdom,2023-03-07,Solo Traveller,Platinum,1
55,Carlos Singh,Male,32,25-34,United Kingdom,2025-05-26,Family,Blue,1
56,Emma Williams,Female,56,55-64,India,2023-06-19,Solo Traveller,Gold,1
57,Noah Williams,Male,29,25-34,India,2024-03-20,Group Tour,Silver,1
58,Pierre Iyer,Male,26,25-34,Japan,2024-07-22,Group Tour,Platinum,1
59,Arjun Chatterjee,Male,43,35-44,Netherlands,2023-08-22,Couple,Silver,1
60,Ivan Taylor,Male,35,35-44,United Kingdom,2024-12-06,Couple,Platinum,1
61,Ethan Al-Sayed,Male,18,18-24,Canada,2025-07-16,Solo Traveller,Silver,1
62,Nikhil Smith,Male,18,18-24,UAE,2023-03-19,Family,Platinum,1
63,Giulia Smith,Female,36,35-44,India,2023-03-19,Couple,Platinum,1
64,Thomas Khan,Male,31,25-34,Germany,2026-01-07,Family,Blue,0
65,Sneha Anderson,Female,30,25-34,USA,2023-06-04,Couple,Platinum,1
66,Pierre Jones,Male,43,35-44,Germany,2026-03-02,Business,Blue,0
67,Grace Menon,Female,33,25-34,UAE,2025-04-23,Solo Traveller,Silver,1
68,Valentina Jones,Female,54,45-54,India,2024-10-11,Solo Traveller,Silver,1
69,Sophia Johnson,Female,44,35-44,United Kingdom,2024-08-09,Couple,Platinum,1
70,Michael Bose,Male,43,35-44,India,2023-07-29,Solo Traveller,Platinum,1
71,Yuki Tanaka,Female,55,55-64,Germany,2023-07-31,Solo Traveller,Platinum,1
72,Rohan Jones,Male,39,35-44,India,2024-06-10,Business,Gold,1
73,Aditya Jones,Male,60,55-64,China,2024-09-08,Family,Gold,1
74,Aditya Dubois,Male,44,35-44,United Kingdom,2023-04-13,Couple,Gold,1
75,Oliver Al-Sayed,Male,33,25-34,Germany,2024-12-13,Couple,Gold,1
76,Rahul Gupta,Male,39,35-44,Spain,2024-11-16,Family,Platinum,1
77,Aditya Brown,Male,55,55-64,India,2024-10-18,Group Tour,Silver,1
78,Michael Miller,Male,41,35-44,India,2023-07-20,Couple,Platinum,1
79,Fatima Taylor,Female,31,25-34,Germany,2025-11-04,Family,Silver,0
80,Ahmed Rodriguez,Male,38,35-44,Canada,2023-09-02,Family,Platinum,1
81,Ananya Bose,Female,18,18-24,South Africa,2023-09-14,Solo Traveller,Platinum,1
82,Siddharth Muller,Male,27,25-34,India,2023-03-23,Family,Platinum,1
83,Shruti Davis,Female,42,35-44,Singapore,2026-03-02,Couple,Silver,0
84,Hiroshi Nair,Male,26,25-34,India,2025-12-10,Couple,Blue,0
85,Oliver Kulkarni,Male,18,18-24,USA,2023-09-21,Family,Platinum,1
86,Elena Rossi,Female,45,45-54,Netherlands,2024-01-17,Business,Platinum,1
87,Sophia Jones,Female,18,18-24,USA,2025-06-02,Couple,Platinum,1
88,Mateo Tanaka,Male,38,35-44,USA,2024-07-17,Family,Platinum,1
89,Isabella Sharma,Female,30,25-34,Australia,2023-09-27,Group Tour,Platinum,1
90,Shruti Anderson,Female,18,18-24,Germany,2026-03-16,Couple,Silver,0
91,Mia Anderson,Female,18,18-24,Italy,2025-05-03,Business,Silver,1
92,Shruti Dubois,Female,46,45-54,USA,2024-06-15,Family,Platinum,1
93,Sneha Muller,Female,23,18-24,Singapore,2025-11-25,Solo Traveller,Silver,0
94,Liam Rossi,Male,18,18-24,India,2023-01-03,Couple,Platinum,1
95,Valentina Sharma,Female,31,25-34,India,2023-04-06,Couple,Gold,1
96,Wei Wilson,Male,45,45-54,India,2025-04-16,Solo Traveller,Gold,1
97,Priya Davis,Female,26,25-34,Canada,2023-06-04,Family,Platinum,1
98,Layla Sharma,Female,49,45-54,India,2026-01-10,Group Tour,Blue,0
99,Olivia Menon,Female,36,35-44,India,2023-12-19,Family,Gold,1
100,Emma Williams,Female,26,25-34,India,2025-01-11,Family,Platinum,1
101,Mei Chatterjee,Female,39,35-44,India,2024-04-20,Family,Silver,1
102,Daniel Al-Sayed,Male,29,25-34,United Kingdom,2025-05-11,Family,Silver,1
103,Omar Wilson,Male,42,35-44,India,2026-04-06,Business,Silver,0
104,Arjun Muller,Male,51,45-54,Spain,2024-10-15,Business,Gold,1
105,Vikram Iyer,Male,45,45-54,Italy,2024-03-06,Business,Blue,1
106,Charlotte Davis,Female,41,35-44,India,2024-07-16,Business,Gold,1
107,David Dubois,Male,56,55-64,United Kingdom,2023-05-18,Family,Platinum,1
108,Aravind Brown,Male,28,25-34,United Kingdom,2025-02-03,Solo Traveller,Silver,1
109,Chloe Sharma,Female,40,35-44,India,2025-06-29,Solo Traveller,Silver,1
110,Nikhil Chen,Male,18,18-24,India,2023-07-10,Family,Platinum,1
111,Michael Sharma,Male,28,25-34,USA,2026-02-22,Couple,Blue,0
112,Ahmed Jones,Male,41,35-44,China,2024-03-24,Group Tour,Silver,1
113,Ivan Gupta,Male,42,35-44,India,2025-01-21,Family,Gold,1
114,Karthik Nair,Male,24,18-24,Japan,2026-02-27,Solo Traveller,Blue,0
115,David Al-Sayed,Male,27,25-34,Netherlands,2023-01-30,Group Tour,Platinum,1
116,Nikhil Brown,Male,30,25-34,India,2023-02-14,Family,Platinum,1
117,Kavya Wilson,Female,44,35-44,Spain,2025-12-14,Business,Blue,0
118,Divya Kulkarni,Female,33,25-34,India,2026-03-10,Couple,Silver,0
119,Sneha Smith,Female,38,35-44,India,2025-07-21,Solo Traveller,Blue,1
120,Mia Williams,Female,39,35-44,Singapore,2024-08-27,Family,Platinum,1
121,Divya Dubois,Female,48,45-54,India,2024-12-06,Couple,Gold,1
122,Charlotte Garcia,Female,19,18-24,India,2025-01-02,Family,Silver,1
123,Siddharth Nair,Male,47,45-54,Germany,2023-09-23,Family,Platinum,1
124,Mei Johnson,Female,18,18-24,Germany,2024-03-03,Couple,Silver,1
125,Layla Anderson,Female,55,55-64,India,2024-10-17,Family,Silver,1
126,Isabella Nair,Female,35,35-44,Singapore,2023-04-03,Family,Platinum,1
127,Kavya Rossi,Female,45,45-54,India,2025-08-06,Solo Traveller,Silver,1
128,Aravind Wilson,Male,38,35-44,India,2024-07-13,Couple,Blue,1
129,Shruti Jones,Female,20,18-24,USA,2023-10-22,Group Tour,Platinum,1
130,Rohan Reddy,Male,31,25-34,Australia,2025-06-24,Couple,Gold,1
131,Priya Williams,Female,54,45-54,Singapore,2024-01-20,Family,Gold,1
132,Aravind Williams,Male,50,45-54,India,2026-01-02,Group Tour,Blue,0
133,Emma Smith,Female,18,18-24,India,2023-08-27,Group Tour,Platinum,1
134,Emma Rao,Female,45,45-54,France,2023-02-21,Family,Gold,1
135,Layla Menon,Female,32,25-34,India,2023-10-22,Couple,Platinum,1
136,Amelia Chatterjee,Female,43,35-44,Germany,2023-06-26,Couple,Platinum,1
137,Sophia Chen,Female,19,18-24,France,2025-04-04,Couple,Silver,1
138,Sofia Singh,Female,51,45-54,United Kingdom,2024-12-30,Group Tour,Blue,1
139,Siddharth Singh,Male,33,25-34,United Kingdom,2025-06-07,Family,Blue,1
140,Kavya Kulkarni,Female,18,18-24,India,2023-04-17,Business,Platinum,1
141,Lucas Miller,Male,35,35-44,United Kingdom,2024-03-25,Solo Traveller,Silver,1
142,Olivia Brown,Female,51,45-54,Singapore,2023-09-11,Solo Traveller,Platinum,1
143,Ava Smith,Female,45,45-54,USA,2025-01-18,Solo Traveller,Silver,1
144,Marco Rao,Male,28,25-34,France,2023-05-26,Solo Traveller,Platinum,1
145,Omar Menon,Male,39,35-44,Canada,2025-03-12,Group Tour,Blue,1
146,Elena Garcia,Female,44,35-44,India,2025-01-14,Couple,Platinum,1
147,Nikhil Dubois,Male,31,25-34,United Kingdom,2023-10-31,Family,Platinum,1
148,Anna Rossi,Female,26,25-34,Netherlands,2023-03-17,Business,Platinum,1
149,Aravind Sharma,Male,20,18-24,India,2023-04-22,Business,Platinum,1
150,Ishita Anderson,Female,62,55-64,India,2026-01-16,Group Tour,Gold,0
151,Lakshmi Petrov,Female,66,65+,Germany,2025-07-03,Family,Blue,1
152,Daniel Williams,Male,49,45-54,India,2024-05-10,Solo Traveller,Silver,1
153,Karthik Dubois,Male,20,18-24,Australia,2025-08-25,Group Tour,Silver,0
154,Rahul Davis,Male,43,35-44,China,2026-02-03,Family,Silver,0
155,Sophia Anderson,Female,28,25-34,Germany,2025-05-28,Couple,Silver,1
156,Isabella Menon,Female,36,35-44,United Kingdom,2023-02-02,Family,Platinum,1
157,Grace Nair,Female,48,45-54,Japan,2026-03-04,Couple,Blue,0
158,Ishita Gupta,Female,35,35-44,Japan,2025-05-05,Couple,Blue,1
159,Valentina Garcia,Female,30,25-34,United Kingdom,2024-05-03,Group Tour,Platinum,1
160,Aditya Davis,Male,50,45-54,India,2024-11-20,Group Tour,Silver,1
161,Michael Rodriguez,Male,58,55-64,Singapore,2024-02-28,Couple,Gold,1
162,Olivia Johnson,Female,33,25-34,India,2023-03-09,Family,Gold,1
163,Amelia Davis,Female,70,65+,India,2023-08-11,Solo Traveller,Platinum,1
164,James Al-Sayed,Male,26,25-34,India,2024-12-08,Couple,Gold,1
165,Ethan Patel,Male,31,25-34,India,2025-01-17,Solo Traveller,Gold,1
166,Michael Taylor,Male,66,65+,India,2025-07-30,Couple,Gold,1
167,Chloe Gupta,Female,48,45-54,India,2023-01-19,Couple,Platinum,1
168,Ethan Reddy,Male,25,25-34,India,2025-01-03,Family,Platinum,1
169,Marco Patel,Male,18,18-24,India,2023-02-01,Group Tour,Platinum,1
170,Wei Wilson,Male,48,45-54,United Kingdom,2025-07-05,Group Tour,Silver,1
171,Daniel Khan,Male,57,55-64,Canada,2024-07-25,Group Tour,Gold,1
172,Daniel Sharma,Male,26,25-34,UAE,2024-03-24,Solo Traveller,Platinum,1
173,Karthik Garcia,Male,29,25-34,India,2025-11-02,Group Tour,Blue,0
174,Marco Tanaka,Male,37,35-44,India,2024-01-06,Family,Platinum,1
175,Ethan Iyer,Male,18,18-24,India,2024-03-18,Family,Platinum,1
176,Anna Rao,Female,50,45-54,India,2025-03-15,Couple,Gold,1
177,Hans Menon,Male,56,55-64,Germany,2023-03-12,Solo Traveller,Platinum,1
178,Sofia Reddy,Female,51,45-54,USA,2025-02-11,Couple,Silver,1
179,Yuki Dubois,Female,31,25-34,India,2023-12-02,Family,Platinum,1
180,Meera Nair,Female,47,45-54,China,2025-06-09,Couple,Silver,1
181,Lucas Garcia,Male,66,65+,India,2023-02-12,Family,Platinum,1
182,Hiroshi Rao,Male,55,55-64,Italy,2025-05-25,Solo Traveller,Silver,1
183,Hiroshi Muller,Male,35,35-44,India,2025-01-11,Solo Traveller,Silver,1
184,Rohan Brown,Male,62,55-64,United Kingdom,2026-03-14,Solo Traveller,Silver,0
185,Rohan Nair,Male,34,25-34,India,2023-09-29,Couple,Gold,1
186,James Brown,Male,56,55-64,India,2024-11-26,Couple,Silver,1
187,James Rossi,Male,21,18-24,China,2025-11-26,Group Tour,Silver,0
188,Fatima Tanaka,Female,40,35-44,USA,2023-01-16,Family,Platinum,1
189,Olivia Taylor,Female,18,18-24,Netherlands,2023-09-22,Couple,Platinum,1
190,Rohan Tanaka,Male,43,35-44,India,2023-01-22,Solo Traveller,Gold,1
191,Priya Dubois,Female,47,45-54,Netherlands,2025-01-31,Family,Silver,1
192,Arjun Patel,Male,43,35-44,India,2025-05-23,Couple,Blue,1
193,Fatima Jones,Female,59,55-64,France,2024-09-29,Couple,Silver,1
194,Camille Taylor,Female,57,55-64,UAE,2026-01-09,Family,Silver,0
195,Ava Brown,Female,30,25-34,India,2025-11-27,Solo Traveller,Gold,0
196,Hans Menon,Male,31,25-34,India,2023-01-23,Group Tour,Platinum,1
197,Omar Dubois,Male,40,35-44,USA,2023-09-06,Couple,Gold,1
198,David Anderson,Male,49,45-54,India,2026-02-04,Solo Traveller,Silver,0
199,Lakshmi Al-Sayed,Female,32,25-34,France,2025-01-16,Couple,Gold,1
200,Karthik Jones,Male,40,35-44,India,2026-04-13,Group Tour,Silver,0
201,Sophia Anderson,Female,33,25-34,India,2025-11-28,Couple,Blue,0
202,Giulia Miller,Female,53,45-54,India,2023-09-29,Couple,Gold,1
203,Camille Anderson,Female,45,45-54,India,2024-05-13,Solo Traveller,Silver,1
204,Nandini Tanaka,Female,40,35-44,Singapore,2025-02-07,Couple,Blue,1
205,Olivia Jones,Female,30,25-34,Singapore,2023-06-02,Solo Traveller,Platinum,1
206,David Iyer,Male,51,45-54,United Kingdom,2024-08-25,Group Tour,Silver,1
207,Vikram Tanaka,Male,48,45-54,India,2024-02-11,Group Tour,Platinum,1
208,Sofia Chatterjee,Female,53,45-54,Japan,2024-06-14,Family,Silver,1
209,Liam Petrov,Male,19,18-24,Australia,2023-08-29,Couple,Gold,1
210,Hans Smith,Male,24,18-24,USA,2024-09-08,Couple,Silver,1
211,Aditya Kulkarni,Male,54,45-54,Japan,2026-01-16,Solo Traveller,Blue,0
212,James Garcia,Male,51,45-54,India,2025-10-01,Group Tour,Gold,0
213,Sophia Sharma,Female,49,45-54,India,2025-02-06,Couple,Silver,1
214,Fatima Jones,Female,44,35-44,India,2025-01-06,Family,Platinum,1
215,Siddharth Miller,Male,29,25-34,India,2024-09-24,Solo Traveller,Gold,1
216,Meera Sharma,Female,18,18-24,Singapore,2025-02-24,Family,Gold,1
217,Fatima Nair,Female,49,45-54,Germany,2023-08-12,Solo Traveller,Platinum,1
218,Hans Chen,Male,32,25-34,India,2025-05-10,Solo Traveller,Blue,1
219,Pierre Williams,Male,22,18-24,India,2025-02-03,Couple,Gold,1
220,Emma Bose,Female,42,35-44,India,2025-07-14,Couple,Gold,1
221,Aditya Rossi,Male,25,25-34,Singapore,2023-10-24,Group Tour,Platinum,1
222,Sofia Williams,Female,42,35-44,India,2024-08-30,Family,Gold,1
223,Ishita Nair,Female,43,35-44,United Kingdom,2023-10-28,Group Tour,Platinum,1
224,Carlos Anderson,Male,50,45-54,Japan,2024-01-06,Family,Silver,1
225,Meera Davis,Female,62,55-64,France,2025-01-07,Business,Gold,1
226,Ava Williams,Female,32,25-34,India,2024-05-31,Couple,Gold,1
227,Lakshmi Anderson,Female,39,35-44,Australia,2024-10-16,Family,Gold,1
228,Nandini Khan,Female,18,18-24,South Africa,2025-05-14,Couple,Silver,1
229,Nikhil Anderson,Male,35,35-44,India,2023-09-09,Couple,Platinum,1
230,Aravind Sharma,Male,42,35-44,United Kingdom,2024-07-18,Couple,Silver,1
231,Shruti Al-Sayed,Female,47,45-54,India,2026-03-01,Couple,Blue,0
232,Liam Tanaka,Male,18,18-24,United Kingdom,2025-01-30,Group Tour,Blue,1
233,Ahmed Singh,Male,24,18-24,Japan,2024-12-02,Business,Blue,1
234,Rohan Taylor,Male,31,25-34,India,2024-11-10,Couple,Silver,1
235,Omar Dubois,Male,58,55-64,India,2023-11-07,Family,Platinum,1
236,Divya Dubois,Female,30,25-34,USA,2025-07-04,Solo Traveller,Silver,1
237,Mia Rossi,Female,36,35-44,UAE,2025-04-20,Group Tour,Silver,1
238,Valentina Rossi,Female,33,25-34,United Kingdom,2025-07-10,Couple,Silver,1
239,Mateo Khan,Male,22,18-24,India,2024-01-11,Group Tour,Silver,1
240,Chloe Jones,Female,18,18-24,UAE,2023-10-27,Business,Platinum,1
241,Shruti Williams,Female,78,65+,India,2026-02-24,Couple,Blue,0
242,Hiroshi Reddy,Male,57,55-64,India,2024-05-11,Couple,Gold,1
243,Liam Singh,Male,53,45-54,India,2024-06-15,Couple,Platinum,1
244,Yuki Taylor,Female,52,45-54,USA,2025-12-01,Group Tour,Gold,0
245,Sofia Davis,Female,33,25-34,India,2024-04-25,Business,Gold,1
246,Sophia Kulkarni,Female,23,18-24,Australia,2025-10-29,Family,Silver,0
247,Anna Al-Sayed,Female,41,35-44,Canada,2023-09-20,Family,Platinum,1
248,Chloe Garcia,Female,34,25-34,India,2023-08-19,Solo Traveller,Platinum,1
249,Daniel Brown,Male,61,55-64,United Kingdom,2023-10-27,Solo Traveller,Gold,1
250,Hiroshi Rao,Male,18,18-24,India,2025-10-30,Solo Traveller,Blue,0
251,Rahul Williams,Male,42,35-44,India,2026-03-14,Family,Silver,0
252,Isabella Garcia,Female,27,25-34,USA,2024-11-09,Family,Gold,1
253,Noah Wilson,Male,47,45-54,Netherlands,2024-07-25,Solo Traveller,Silver,1
254,Chloe Kulkarni,Female,34,25-34,India,2023-08-12,Family,Platinum,1
255,Ananya Wilson,Female,29,25-34,United Kingdom,2024-07-13,Solo Traveller,Platinum,1
256,Thomas Singh,Male,52,45-54,United Kingdom,2024-12-14,Couple,Platinum,1
257,Wei Davis,Male,29,25-34,India,2025-03-29,Couple,Silver,1
258,Isabella Kulkarni,Female,49,45-54,Spain,2024-11-28,Business,Silver,1
259,Hiroshi Rao,Male,29,25-34,Italy,2025-08-22,Solo Traveller,Silver,0
260,Charlotte Menon,Female,18,18-24,India,2026-01-29,Couple,Blue,0
261,Ivan Davis,Male,64,55-64,USA,2025-01-06,Couple,Gold,1
262,Siddharth Anderson,Male,31,25-34,UAE,2023-07-12,Solo Traveller,Platinum,1
263,Ananya Jones,Female,31,25-34,Germany,2024-11-22,Family,Platinum,1
264,Valentina Chatterjee,Female,24,18-24,India,2025-03-02,Solo Traveller,Gold,1
265,Anna Petrov,Female,24,18-24,India,2026-03-03,Business,Blue,0
266,Pierre Taylor,Male,34,25-34,France,2024-09-09,Solo Traveller,Gold,1
267,Carlos Johnson,Male,25,25-34,India,2024-07-11,Family,Silver,1
268,Omar Wilson,Male,35,35-44,India,2023-09-03,Solo Traveller,Platinum,1
269,David Miller,Male,38,35-44,USA,2024-05-01,Couple,Platinum,1
270,Kavya Kulkarni,Female,43,35-44,India,2024-09-05,Couple,Gold,1
271,Thomas Sharma,Male,33,25-34,Singapore,2023-01-18,Solo Traveller,Silver,1
272,Aditya Taylor,Male,18,18-24,India,2023-12-06,Family,Platinum,1
273,Nikhil Rossi,Male,28,25-34,India,2024-11-02,Couple,Silver,1
274,David Dubois,Male,42,35-44,Australia,2023-10-22,Family,Platinum,1
275,Sneha Dubois,Female,25,25-34,India,2024-12-23,Couple,Gold,1
276,Arjun Rodriguez,Male,39,35-44,India,2026-04-05,Group Tour,Blue,0
277,Manish Al-Sayed,Male,35,35-44,India,2024-04-22,Couple,Platinum,1
278,Michael Kulkarni,Male,32,25-34,Netherlands,2023-10-30,Couple,Platinum,1
279,Omar Wilson,Male,62,55-64,India,2024-10-01,Couple,Platinum,1
280,Nikhil Williams,Male,37,35-44,Netherlands,2025-06-06,Solo Traveller,Silver,1
281,Yuki Davis,Female,19,18-24,USA,2024-02-08,Solo Traveller,Gold,1
282,Sophia Garcia,Female,42,35-44,France,2025-08-21,Family,Silver,0
283,Marco Chen,Male,29,25-34,Japan,2025-05-22,Couple,Silver,1
284,Mei Miller,Female,52,45-54,USA,2024-07-05,Business,Silver,1
285,Ahmed Miller,Male,44,35-44,India,2023-03-22,Family,Platinum,1
286,Fatima Rodriguez,Female,47,45-54,India,2025-12-08,Solo Traveller,Gold,0
287,Arjun Rao,Male,38,35-44,India,2023-01-12,Family,Platinum,1
288,Divya Nair,Female,18,18-24,United Kingdom,2025-08-15,Solo Traveller,Blue,1
289,Arjun Miller,Male,44,35-44,India,2023-01-21,Family,Platinum,1
290,Shruti Johnson,Female,51,45-54,Germany,2023-06-04,Business,Platinum,1
291,Priya Dubois,Female,38,35-44,India,2024-06-04,Business,Gold,1
292,Pierre Dubois,Male,46,45-54,Australia,2025-02-07,Couple,Gold,1
293,Pierre Menon,Male,40,35-44,India,2024-05-19,Couple,Gold,1
294,Hans Rodriguez,Male,43,35-44,India,2025-10-29,Solo Traveller,Silver,0
295,Carlos Singh,Male,51,45-54,South Africa,2024-06-06,Solo Traveller,Silver,1
296,Sophia Muller,Female,57,55-64,USA,2025-06-27,Family,Silver,1
297,Sofia Miller,Female,39,35-44,USA,2023-08-02,Couple,Platinum,1
298,Charlotte Anderson,Female,43,35-44,France,2025-10-24,Solo Traveller,Blue,0
299,Mateo Rao,Male,41,35-44,India,2025-12-04,Group Tour,Blue,0
300,Michael Rossi,Male,41,35-44,India,2023-12-17,Group Tour,Silver,1
301,Shruti Dubois,Female,52,45-54,USA,2024-05-02,Business,Platinum,1
302,David Rossi,Male,31,25-34,Germany,2025-02-28,Couple,Gold,1
303,Thomas Anderson,Male,35,35-44,India,2023-05-19,Business,Platinum,1
304,Sophia Tanaka,Female,56,55-64,Germany,2025-03-29,Group Tour,Gold,1
305,Daniel Johnson,Male,18,18-24,USA,2024-09-05,Business,Gold,1
306,Sofia Williams,Female,49,45-54,Japan,2024-07-04,Solo Traveller,Silver,1
307,Vikram Brown,Male,46,45-54,India,2023-07-11,Family,Platinum,1
308,Olivia Rao,Female,36,35-44,Germany,2025-12-23,Solo Traveller,Blue,0
309,Elena Nair,Female,43,35-44,Singapore,2025-05-22,Couple,Blue,1
310,Giulia Sharma,Female,43,35-44,UAE,2023-01-06,Solo Traveller,Platinum,1
311,Lakshmi Wilson,Female,18,18-24,India,2026-03-05,Couple,Blue,0
312,Liam Iyer,Male,41,35-44,United Kingdom,2026-01-07,Group Tour,Blue,0
313,Ava Anderson,Female,44,35-44,India,2025-10-01,Solo Traveller,Silver,0
314,Yuki Williams,Female,57,55-64,India,2023-07-14,Business,Platinum,1
315,Oliver Rodriguez,Male,18,18-24,India,2025-12-30,Family,Silver,0
316,Aditya Kulkarni,Male,32,25-34,Canada,2024-10-28,Business,Silver,1
317,Ahmed Taylor,Male,53,45-54,India,2024-10-23,Couple,Silver,1
318,Olivia Al-Sayed,Female,30,25-34,France,2024-01-03,Family,Platinum,1
319,Oliver Khan,Male,29,25-34,India,2023-12-17,Family,Platinum,1
320,Fatima Gupta,Female,43,35-44,Italy,2024-08-15,Business,Silver,1
321,Manish Rodriguez,Male,18,18-24,Germany,2023-04-24,Family,Gold,1
322,Ava Khan,Female,18,18-24,India,2023-07-24,Family,Platinum,1
323,Wei Iyer,Male,33,25-34,Singapore,2026-01-28,Group Tour,Gold,0
324,Ava Nair,Female,55,55-64,India,2024-02-04,Group Tour,Platinum,1
325,Elena Taylor,Female,18,18-24,India,2025-10-22,Family,Blue,0
326,Valentina Khan,Female,40,35-44,India,2023-08-23,Group Tour,Gold,1
327,Chloe Gupta,Female,31,25-34,India,2024-11-13,Group Tour,Gold,1
328,Siddharth Garcia,Male,44,35-44,India,2023-07-19,Family,Platinum,1
329,Sofia Gupta,Female,18,18-24,India,2023-03-05,Group Tour,Platinum,1
330,Nikhil Smith,Male,22,18-24,United Kingdom,2026-01-20,Solo Traveller,Blue,0
331,Omar Anderson,Male,49,45-54,India,2023-08-26,Couple,Gold,1
332,Karthik Khan,Male,30,25-34,South Africa,2025-05-12,Solo Traveller,Blue,1
333,Rohan Chatterjee,Male,21,18-24,India,2023-04-23,Family,Platinum,1
334,Karthik Patel,Male,46,45-54,India,2023-12-30,Family,Gold,1
335,Oliver Al-Sayed,Male,27,25-34,India,2024-12-06,Couple,Silver,1
336,Grace Anderson,Female,41,35-44,India,2024-01-01,Business,Platinum,1
337,Manish Muller,Male,35,35-44,India,2023-03-19,Solo Traveller,Platinum,1
338,Karthik Rodriguez,Male,41,35-44,Singapore,2023-01-30,Group Tour,Platinum,1
339,Shruti Gupta,Female,18,18-24,India,2025-03-28,Solo Traveller,Blue,1
340,Liam Garcia,Male,43,35-44,Singapore,2025-10-15,Solo Traveller,Gold,0
341,Hiroshi Johnson,Male,36,35-44,United Kingdom,2024-02-07,Solo Traveller,Gold,1
342,Daniel Patel,Male,35,35-44,India,2023-05-06,Family,Platinum,1
343,Ethan Al-Sayed,Male,18,18-24,India,2025-02-18,Couple,Gold,1
344,Michael Kulkarni,Male,35,35-44,United Kingdom,2025-04-22,Group Tour,Blue,1
345,Valentina Muller,Female,18,18-24,Spain,2023-07-19,Couple,Platinum,1
346,Rohan Kulkarni,Male,22,18-24,USA,2024-05-26,Business,Platinum,1
347,Mia Petrov,Female,46,45-54,Canada,2024-07-07,Solo Traveller,Gold,1
348,Marco Al-Sayed,Male,45,45-54,UAE,2024-12-11,Couple,Silver,1
349,Pierre Patel,Male,49,45-54,India,2023-08-09,Family,Platinum,1
350,Mia Wilson,Female,44,35-44,South Africa,2023-03-01,Couple,Gold,1
351,Elena Davis,Female,57,55-64,Australia,2025-11-08,Solo Traveller,Silver,0
352,Mei Gupta,Female,50,45-54,India,2023-05-09,Family,Platinum,1
353,Siddharth Smith,Male,18,18-24,India,2025-09-22,Business,Silver,0
354,Hans Taylor,Male,40,35-44,India,2025-01-06,Business,Blue,1
355,Daniel Garcia,Male,25,25-34,India,2023-07-14,Business,Platinum,1
356,Ishita Reddy,Female,18,18-24,India,2024-12-10,Couple,Gold,1
357,Manish Rodriguez,Male,45,45-54,India,2023-05-20,Group Tour,Platinum,1
358,Sneha Brown,Female,38,35-44,United Kingdom,2025-10-02,Couple,Silver,0
359,Ava Rossi,Female,40,35-44,India,2024-10-04,Family,Silver,1
360,Lakshmi Anderson,Female,35,35-44,UAE,2026-04-06,Family,Blue,0
361,Priya Menon,Female,37,35-44,India,2025-03-23,Family,Silver,1
362,Ava Al-Sayed,Female,27,25-34,United Kingdom,2023-02-13,Family,Platinum,1
363,Daniel Dubois,Male,18,18-24,India,2023-08-14,Family,Platinum,1
364,Omar Dubois,Male,37,35-44,India,2025-12-24,Couple,Blue,0
365,Pierre Rodriguez,Male,30,25-34,India,2023-07-28,Group Tour,Platinum,1
366,Vikram Chatterjee,Male,40,35-44,India,2025-10-12,Family,Blue,0
367,Aditya Chen,Male,26,25-34,India,2024-05-18,Couple,Silver,1
368,Aditya Sharma,Male,44,35-44,Germany,2024-08-09,Group Tour,Gold,1
369,Omar Sharma,Male,28,25-34,Germany,2024-07-05,Group Tour,Platinum,1
370,Ishita Chen,Female,52,45-54,United Kingdom,2024-03-27,Couple,Platinum,1
371,Hiroshi Anderson,Male,51,45-54,India,2024-08-09,Couple,Gold,1
372,Noah Kulkarni,Male,44,35-44,India,2024-07-04,Solo Traveller,Blue,1
373,Shruti Johnson,Female,50,45-54,India,2023-07-28,Family,Platinum,1
374,James Williams,Male,46,45-54,India,2023-02-24,Couple,Gold,1
375,Aditya Al-Sayed,Male,55,55-64,Germany,2025-04-11,Business,Platinum,1
376,Siddharth Dubois,Male,34,25-34,Australia,2025-08-19,Group Tour,Blue,0
377,Elena Petrov,Female,40,35-44,India,2025-07-30,Family,Platinum,1
378,Daniel Patel,Male,49,45-54,Singapore,2025-04-25,Couple,Silver,1
379,Ava Smith,Female,37,35-44,China,2024-04-07,Family,Platinum,1
380,Valentina Kulkarni,Female,49,45-54,India,2025-01-07,Family,Gold,1
381,Marco Rao,Male,31,25-34,India,2023-12-06,Family,Gold,1
382,Fatima Smith,Female,30,25-34,India,2025-05-14,Group Tour,Gold,1
383,Sofia Muller,Female,18,18-24,United Kingdom,2024-09-29,Couple,Silver,1
384,Liam Johnson,Male,50,45-54,India,2026-03-09,Family,Silver,0
385,Emma Rao,Female,29,25-34,India,2024-09-22,Solo Traveller,Gold,1
386,Thomas Patel,Male,18,18-24,France,2023-12-17,Couple,Platinum,1
387,Arjun Davis,Male,34,25-34,India,2023-09-01,Solo Traveller,Platinum,1
388,Thomas Kulkarni,Male,24,18-24,Singapore,2025-04-29,Solo Traveller,Blue,1
389,Arjun Taylor,Male,55,55-64,Singapore,2025-01-11,Couple,Blue,1
390,Carlos Nair,Male,45,45-54,Germany,2025-09-23,Group Tour,Silver,0
391,Kavya Muller,Female,25,25-34,India,2023-01-04,Solo Traveller,Platinum,1
392,Nandini Bose,Female,57,55-64,India,2026-01-17,Family,Blue,0
393,Marco Iyer,Male,39,35-44,India,2025-07-19,Solo Traveller,Gold,1
394,Elena Gupta,Female,18,18-24,India,2023-05-26,Group Tour,Platinum,1
395,Hans Taylor,Male,18,18-24,India,2023-01-07,Family,Platinum,1
396,Amelia Sharma,Female,56,55-64,United Kingdom,2024-12-30,Family,Platinum,1
397,Hans Rossi,Male,24,18-24,France,2023-01-07,Couple,Platinum,1
398,Rohan Rao,Male,49,45-54,India,2025-06-28,Family,Gold,1
399,Thomas Wilson,Male,30,25-34,USA,2025-10-06,Business,Silver,0
400,Amelia Tanaka,Female,33,25-34,India,2024-08-08,Family,Platinum,1
401,Valentina Patel,Female,29,25-34,India,2024-03-06,Group Tour,Platinum,1
402,Mei Khan,Female,42,35-44,United Kingdom,2023-07-09,Group Tour,Platinum,1
403,Liam Chatterjee,Male,18,18-24,India,2025-08-28,Family,Blue,0
404,Amelia Nair,Female,37,35-44,United Kingdom,2024-06-19,Group Tour,Platinum,1
405,Sofia Brown,Female,60,55-64,India,2024-01-15,Group Tour,Gold,1
406,Mei Muller,Female,38,35-44,India,2023-11-01,Couple,Gold,1
407,Marco Khan,Male,40,35-44,India,2025-11-17,Solo Traveller,Blue,0
408,Aditya Wilson,Male,38,35-44,France,2024-02-15,Couple,Platinum,1
409,James Rodriguez,Male,31,25-34,India,2023-02-08,Couple,Platinum,1
410,Mei Davis,Female,34,25-34,India,2026-01-09,Solo Traveller,Silver,0
411,Ivan Sharma,Male,18,18-24,Singapore,2026-03-12,Family,Blue,0
412,Lakshmi Taylor,Female,51,45-54,South Africa,2025-11-28,Group Tour,Blue,0
413,Amelia Garcia,Female,24,18-24,India,2024-10-21,Business,Platinum,1
414,Ethan Chen,Male,47,45-54,Germany,2025-07-27,Couple,Silver,1
415,Hiroshi Jones,Male,52,45-54,India,2023-06-20,Couple,Platinum,1
416,Sophia Davis,Female,18,18-24,India,2024-10-07,Solo Traveller,Platinum,1
417,Mia Khan,Female,45,45-54,United Kingdom,2024-07-08,Business,Silver,1
418,Sofia Rossi,Female,35,35-44,Canada,2025-03-18,Business,Gold,1
419,Omar Menon,Male,44,35-44,Germany,2025-05-20,Solo Traveller,Blue,1
420,Lakshmi Johnson,Female,36,35-44,India,2023-08-18,Family,Gold,1
421,Mei Petrov,Female,19,18-24,Germany,2023-07-30,Group Tour,Platinum,1
422,Ahmed Menon,Male,48,45-54,Japan,2023-05-15,Family,Platinum,1
423,Fatima Bose,Female,26,25-34,Japan,2023-04-20,Family,Gold,1
424,Fatima Brown,Female,41,35-44,India,2023-10-27,Family,Platinum,1
425,Ananya Iyer,Female,57,55-64,India,2024-08-08,Business,Platinum,1
426,Siddharth Khan,Male,43,35-44,United Kingdom,2023-11-08,Business,Platinum,1
427,Fatima Anderson,Female,29,25-34,Germany,2026-01-05,Business,Blue,0
428,Oliver Bose,Male,38,35-44,India,2025-10-23,Family,Blue,0
429,Ananya Brown,Female,51,45-54,United Kingdom,2024-03-08,Couple,Silver,1
430,Kavya Chatterjee,Female,41,35-44,India,2025-03-14,Couple,Silver,1
431,Grace Jones,Female,27,25-34,India,2024-03-20,Family,Silver,1
432,Ananya Sharma,Female,34,25-34,Singapore,2024-03-07,Business,Platinum,1
433,Hiroshi Gupta,Male,64,55-64,Italy,2023-03-31,Family,Platinum,1
434,Rohan Rodriguez,Male,38,35-44,Spain,2026-01-03,Family,Blue,0
435,Olivia Rodriguez,Female,25,25-34,India,2024-01-22,Family,Platinum,1
436,Lakshmi Singh,Female,38,35-44,Germany,2024-08-30,Couple,Gold,1
437,Wei Jones,Male,42,35-44,USA,2023-10-20,Family,Platinum,1
438,Ahmed Sharma,Male,57,55-64,China,2023-01-23,Family,Platinum,1
439,David Johnson,Male,50,45-54,India,2025-07-09,Solo Traveller,Gold,1
440,Manish Petrov,Male,32,25-34,Italy,2023-09-29,Solo Traveller,Gold,1
441,Ishita Rao,Female,26,25-34,India,2025-07-24,Group Tour,Blue,1
442,Karthik Dubois,Male,41,35-44,Spain,2023-03-12,Business,Platinum,1
443,Anna Iyer,Female,51,45-54,India,2023-07-21,Solo Traveller,Platinum,1
444,Layla Johnson,Female,20,18-24,India,2023-06-09,Couple,Platinum,1
445,Mia Chatterjee,Female,50,45-54,India,2024-01-19,Couple,Platinum,1
446,Lakshmi Kulkarni,Female,39,35-44,India,2024-07-06,Solo Traveller,Platinum,1
447,Liam Jones,Male,58,55-64,India,2023-03-27,Group Tour,Platinum,1
448,Kavya Brown,Female,30,25-34,United Kingdom,2025-05-26,Group Tour,Silver,1
449,Liam Bose,Male,47,45-54,Canada,2024-01-19,Couple,Platinum,1
450,Rahul Reddy,Male,33,25-34,India,2026-02-21,Couple,Blue,0
451,Camille Reddy,Female,32,25-34,UAE,2025-04-11,Couple,Silver,1
452,Omar Menon,Male,57,55-64,India,2025-04-24,Couple,Gold,1
453,Omar Dubois,Male,24,18-24,India,2024-01-19,Family,Gold,1
454,Michael Nair,Male,58,55-64,United Kingdom,2023-09-06,Group Tour,Platinum,1
455,Vikram Al-Sayed,Male,45,45-54,India,2023-02-03,Solo Traveller,Platinum,1
456,Karthik Taylor,Male,29,25-34,Italy,2025-08-07,Family,Blue,1
457,Grace Taylor,Female,29,25-34,Germany,2024-06-24,Couple,Gold,1
458,Siddharth Muller,Male,63,55-64,USA,2024-08-02,Solo Traveller,Gold,1
459,Nandini Kulkarni,Female,37,35-44,India,2023-04-28,Family,Platinum,1
460,Isabella Singh,Female,45,45-54,India,2024-04-02,Family,Platinum,1
461,Daniel Johnson,Male,26,25-34,Singapore,2025-06-28,Solo Traveller,Gold,1
462,Mateo Al-Sayed,Male,45,45-54,South Africa,2024-05-23,Group Tour,Platinum,1
463,Camille Chen,Female,59,55-64,Netherlands,2026-04-03,Couple,Silver,0
464,Daniel Muller,Male,28,25-34,Netherlands,2025-01-19,Couple,Silver,1
465,Daniel Tanaka,Male,60,55-64,India,2025-04-05,Family,Gold,1
466,Anna Chen,Female,34,25-34,United Kingdom,2026-02-19,Couple,Blue,0
467,Meera Muller,Female,34,25-34,India,2025-10-20,Solo Traveller,Blue,0
468,Noah Khan,Male,39,35-44,Australia,2023-09-15,Family,Platinum,1
469,Mei Nair,Female,18,18-24,USA,2024-03-26,Family,Gold,1
470,Shruti Patel,Female,18,18-24,UAE,2024-03-25,Solo Traveller,Silver,1
471,Omar Chatterjee,Male,34,25-34,India,2026-03-08,Group Tour,Silver,0
472,Mateo Al-Sayed,Male,33,25-34,India,2023-04-26,Family,Platinum,1
473,Omar Petrov,Male,19,18-24,Italy,2023-01-26,Solo Traveller,Platinum,1
474,Aditya Rao,Male,47,45-54,United Kingdom,2023-05-15,Solo Traveller,Platinum,1
475,Michael Rao,Male,30,25-34,India,2025-07-01,Solo Traveller,Blue,1
476,Nikhil Anderson,Male,46,45-54,India,2024-07-27,Group Tour,Silver,1
477,Ava Chen,Female,50,45-54,India,2024-04-22,Family,Platinum,1
478,Marco Garcia,Male,69,65+,USA,2023-01-03,Solo Traveller,Platinum,1
479,Isabella Patel,Female,31,25-34,India,2025-05-01,Family,Blue,1
480,Chloe Miller,Female,44,35-44,India,2023-08-22,Solo Traveller,Platinum,1
481,Divya Dubois,Female,33,25-34,USA,2024-03-24,Business,Gold,1
482,Priya Rao,Female,26,25-34,India,2026-02-28,Family,Blue,0
483,Aravind Sharma,Male,58,55-64,South Africa,2024-11-18,Couple,Gold,1
484,Sophia Wilson,Female,35,35-44,India,2024-06-20,Family,Platinum,1
485,Michael Iyer,Male,34,25-34,UAE,2023-04-29,Business,Platinum,1
486,Shruti Menon,Female,36,35-44,India,2026-01-09,Solo Traveller,Blue,0
487,Michael Rossi,Male,21,18-24,India,2025-12-28,Couple,Blue,0
488,Shruti Miller,Female,49,45-54,Australia,2025-02-03,Couple,Silver,1
489,Omar Nair,Male,52,45-54,India,2023-03-05,Group Tour,Platinum,1
490,Ishita Anderson,Female,52,45-54,Italy,2023-01-20,Business,Platinum,1
491,Noah Brown,Male,19,18-24,France,2025-03-28,Solo Traveller,Gold,1
492,Oliver Petrov,Male,25,25-34,Netherlands,2025-08-06,Solo Traveller,Blue,1
493,Manish Khan,Male,32,25-34,India,2024-07-15,Family,Platinum,1
494,Mia Dubois,Female,39,35-44,India,2024-01-28,Family,Silver,1
495,Meera Johnson,Female,45,45-54,India,2024-07-03,Couple,Platinum,1
496,Ananya Garcia,Female,50,45-54,United Kingdom,2024-11-04,Family,Silver,1
497,Mia Garcia,Female,18,18-24,Germany,2023-01-18,Solo Traveller,Platinum,1
498,Lucas Davis,Male,25,25-34,United Kingdom,2025-09-13,Family,Silver,0
499,Michael Reddy,Male,31,25-34,India,2023-03-31,Family,Platinum,1
500,Ananya Anderson,Female,53,45-54,India,2025-10-06,Solo Traveller,Silver,0
501,Manish Patel,Male,42,35-44,India,2023-09-27,Business,Platinum,1
502,Hans Tanaka,Male,28,25-34,UAE,2025-02-04,Family,Silver,1
503,Michael Muller,Male,42,35-44,India,2024-10-24,Solo Traveller,Platinum,1
504,Elena Davis,Female,39,35-44,India,2026-04-05,Solo Traveller,Blue,0
505,Ethan Tanaka,Male,56,55-64,United Kingdom,2024-06-01,Solo Traveller,Gold,1
506,Ethan Kulkarni,Male,37,35-44,United Kingdom,2024-03-20,Couple,Platinum,1
507,Karthik Rao,Male,25,25-34,France,2025-01-08,Solo Traveller,Gold,1
508,Meera Wilson,Female,37,35-44,Netherlands,2025-09-30,Family,Silver,0
509,Nikhil Bose,Male,39,35-44,Germany,2023-12-09,Couple,Gold,1
510,Manish Brown,Male,32,25-34,India,2025-02-13,Family,Blue,1
511,Noah Tanaka,Male,44,35-44,India,2025-11-21,Group Tour,Blue,0
512,Wei Khan,Male,44,35-44,India,2025-09-11,Couple,Blue,0
513,Camille Al-Sayed,Female,33,25-34,India,2023-06-16,Family,Platinum,1
514,Yuki Anderson,Female,41,35-44,India,2024-01-05,Couple,Silver,1
515,Charlotte Tanaka,Female,21,18-24,India,2023-07-09,Solo Traveller,Platinum,1
516,Manish Nair,Male,35,35-44,UAE,2025-05-26,Group Tour,Blue,1
517,Kavya Gupta,Female,30,25-34,India,2025-10-18,Family,Gold,0
518,Pierre Kulkarni,Male,49,45-54,USA,2023-11-25,Couple,Gold,1
519,Olivia Tanaka,Female,18,18-24,Canada,2025-08-18,Family,Silver,0
520,Olivia Al-Sayed,Female,18,18-24,India,2024-12-27,Group Tour,Blue,1
521,Nandini Bose,Female,45,45-54,France,2023-07-02,Couple,Platinum,1
522,Mia Miller,Female,35,35-44,Spain,2023-10-21,Solo Traveller,Platinum,1
523,Layla Tanaka,Female,59,55-64,Netherlands,2025-02-15,Couple,Silver,1
524,Ahmed Rossi,Male,28,25-34,India,2024-05-30,Couple,Silver,1
525,Lakshmi Chatterjee,Female,33,25-34,Netherlands,2023-11-16,Group Tour,Platinum,1
526,Liam Garcia,Male,26,25-34,India,2025-07-18,Couple,Gold,1
527,Camille Iyer,Female,37,35-44,India,2023-10-27,Solo Traveller,Platinum,1
528,Sofia Chatterjee,Female,44,35-44,France,2025-11-16,Solo Traveller,Silver,0
529,Thomas Bose,Male,37,35-44,India,2023-05-17,Solo Traveller,Platinum,1
530,Isabella Gupta,Female,47,45-54,Germany,2023-03-03,Couple,Platinum,1
531,Anna Al-Sayed,Female,18,18-24,India,2024-09-27,Couple,Gold,1
532,Hans Menon,Male,18,18-24,India,2024-04-21,Group Tour,Platinum,1
533,Grace Williams,Female,18,18-24,Germany,2026-02-21,Family,Blue,0
534,Camille Brown,Female,42,35-44,China,2025-06-27,Family,Blue,1
535,Aditya Miller,Male,25,25-34,India,2024-03-10,Family,Gold,1
536,Shruti Gupta,Female,33,25-34,India,2025-01-18,Couple,Blue,1
537,Lucas Tanaka,Male,53,45-54,Singapore,2025-10-17,Group Tour,Blue,0
538,Noah Singh,Male,46,45-54,Australia,2023-05-08,Solo Traveller,Platinum,1
539,Mateo Rao,Male,37,35-44,USA,2024-03-02,Family,Platinum,1
540,Oliver Johnson,Male,48,45-54,United Kingdom,2023-09-25,Solo Traveller,Platinum,1
541,Divya Sharma,Female,52,45-54,Australia,2025-05-16,Family,Blue,1
542,Layla Garcia,Female,42,35-44,India,2026-02-27,Family,Blue,0
543,Mateo Davis,Male,62,55-64,India,2025-08-21,Couple,Blue,0
544,Wei Davis,Male,38,35-44,UAE,2023-04-07,Group Tour,Platinum,1
545,Yuki Bose,Female,49,45-54,India,2023-02-05,Group Tour,Platinum,1
546,Omar Singh,Male,44,35-44,Germany,2024-08-07,Solo Traveller,Platinum,1
547,Olivia Bose,Female,57,55-64,USA,2024-12-11,Solo Traveller,Silver,1
548,Camille Singh,Female,48,45-54,South Africa,2023-08-25,Couple,Gold,1
549,Isabella Gupta,Female,44,35-44,India,2023-10-14,Family,Gold,1
550,Anna Rodriguez,Female,56,55-64,USA,2023-04-11,Couple,Platinum,1
551,Meera Rossi,Female,35,35-44,USA,2025-10-07,Family,Blue,0
552,Ava Bose,Female,57,55-64,India,2024-06-03,Couple,Platinum,1
553,Noah Sharma,Male,39,35-44,India,2023-07-11,Family,Platinum,1
554,Manish Reddy,Male,61,55-64,India,2024-12-26,Family,Gold,1
555,Nikhil Brown,Male,35,35-44,United Kingdom,2025-07-06,Family,Gold,1
556,Rahul Al-Sayed,Male,32,25-34,United Kingdom,2024-10-25,Group Tour,Platinum,1
557,Rahul Nair,Male,50,45-54,India,2025-02-24,Couple,Platinum,1
558,Mei Anderson,Female,36,35-44,India,2025-05-11,Solo Traveller,Silver,1
559,Ava Anderson,Female,62,55-64,Netherlands,2025-03-20,Group Tour,Silver,1
560,Marco Brown,Male,46,45-54,UAE,2024-04-25,Family,Gold,1
561,Ahmed Nair,Male,56,55-64,India,2023-12-23,Business,Gold,1
562,Arjun Rossi,Male,60,55-64,India,2025-06-03,Couple,Silver,1
563,Ishita Jones,Female,59,55-64,India,2025-09-08,Couple,Silver,0
564,Carlos Rao,Male,44,35-44,India,2023-05-07,Family,Platinum,1
565,Giulia Sharma,Female,51,45-54,Canada,2026-03-22,Family,Silver,0
566,Ethan Rodriguez,Male,38,35-44,India,2024-06-30,Business,Platinum,1
567,Anna Chen,Female,38,35-44,India,2023-06-08,Couple,Gold,1
568,Hans Wilson,Male,49,45-54,Spain,2023-12-23,Group Tour,Platinum,1
569,Shruti Khan,Female,53,45-54,India,2026-02-10,Business,Blue,0
570,Pierre Jones,Male,18,18-24,India,2024-09-27,Group Tour,Platinum,1
571,Sophia Muller,Female,25,25-34,USA,2023-02-16,Family,Gold,1
572,Mateo Anderson,Male,46,45-54,India,2024-08-23,Family,Gold,1
573,Grace Singh,Female,48,45-54,India,2025-05-29,Group Tour,Silver,1
574,Wei Iyer,Male,39,35-44,India,2023-10-25,Couple,Gold,1
575,Mei Patel,Female,32,25-34,India,2023-10-11,Family,Gold,1
576,Charlotte Johnson,Female,38,35-44,Germany,2024-03-31,Couple,Silver,1
577,Ivan Smith,Male,35,35-44,India,2025-11-25,Group Tour,Silver,0
578,Sneha Garcia,Female,55,55-64,India,2024-11-29,Solo Traveller,Silver,1
579,Pierre Al-Sayed,Male,47,45-54,India,2025-06-14,Business,Silver,1
580,Lucas Gupta,Male,28,25-34,India,2025-08-30,Family,Silver,0
581,Vikram Singh,Male,45,45-54,India,2023-06-28,Group Tour,Platinum,1
582,Thomas Miller,Male,32,25-34,India,2024-12-06,Family,Gold,1
583,Olivia Muller,Female,33,25-34,India,2024-12-31,Family,Silver,1
584,Olivia Brown,Female,46,45-54,India,2025-02-11,Family,Gold,1
585,Isabella Anderson,Female,29,25-34,India,2024-12-27,Business,Platinum,1
586,Carlos Reddy,Male,18,18-24,India,2025-01-30,Family,Blue,1
587,Yuki Chen,Female,24,18-24,United Kingdom,2025-06-26,Couple,Silver,1
588,David Gupta,Male,35,35-44,India,2023-01-25,Solo Traveller,Platinum,1
589,Ethan Rodriguez,Male,37,35-44,Germany,2024-01-03,Solo Traveller,Gold,1
590,Pierre Chatterjee,Male,43,35-44,India,2023-04-03,Solo Traveller,Platinum,1
591,Rahul Nair,Male,40,35-44,India,2025-05-09,Solo Traveller,Silver,1
592,Hans Kulkarni,Male,48,45-54,India,2026-04-02,Family,Blue,0
593,Daniel Khan,Male,47,45-54,China,2026-02-01,Solo Traveller,Silver,0
594,Lucas Reddy,Male,34,25-34,Japan,2023-03-25,Couple,Platinum,1
595,Lucas Miller,Male,18,18-24,India,2023-10-23,Family,Gold,1
596,Isabella Gupta,Female,46,45-54,South Africa,2023-11-12,Family,Platinum,1
597,Omar Chen,Male,53,45-54,United Kingdom,2023-08-31,Solo Traveller,Platinum,1
598,Shruti Iyer,Female,40,35-44,USA,2026-02-28,Solo Traveller,Blue,0
599,Ivan Chatterjee,Male,47,45-54,India,2023-02-14,Family,Platinum,1
600,Marco Miller,Male,30,25-34,India,2026-03-14,Business,Blue,0
601,Pierre Patel,Male,59,55-64,United Kingdom,2024-03-07,Couple,Gold,1
602,Manish Patel,Male,25,25-34,United Kingdom,2026-04-01,Family,Blue,0
603,Mia Petrov,Female,50,45-54,Australia,2024-10-20,Group Tour,Blue,1
604,Mateo Sharma,Male,48,45-54,Germany,2023-06-08,Family,Platinum,1
605,Camille Reddy,Female,32,25-34,Singapore,2023-09-30,Couple,Gold,1
606,Yuki Williams,Female,53,45-54,Singapore,2024-12-16,Business,Gold,1
607,Sneha Miller,Female,39,35-44,India,2024-08-17,Couple,Platinum,1
608,Aravind Davis,Male,20,18-24,India,2023-07-26,Solo Traveller,Platinum,1
609,Ananya Garcia,Female,27,25-34,USA,2023-04-09,Solo Traveller,Platinum,1
610,Marco Rodriguez,Male,26,25-34,UAE,2025-02-12,Family,Blue,1
611,Lucas Tanaka,Male,18,18-24,India,2024-02-13,Family,Platinum,1
612,Ishita Smith,Female,48,45-54,Germany,2025-11-18,Solo Traveller,Silver,0
613,Rahul Chatterjee,Male,42,35-44,India,2023-10-07,Family,Platinum,1
614,Pierre Smith,Male,29,25-34,India,2024-12-01,Group Tour,Gold,1
615,Hans Kulkarni,Male,43,35-44,India,2023-05-06,Family,Platinum,1
616,Fatima Smith,Female,22,18-24,India,2025-04-04,Solo Traveller,Blue,1
617,Manish Bose,Male,59,55-64,Singapore,2025-05-26,Couple,Silver,1
618,Elena Taylor,Female,55,55-64,Netherlands,2025-04-23,Solo Traveller,Gold,1
619,Karthik Anderson,Male,54,45-54,Canada,2026-02-08,Business,Blue,0
620,David Gupta,Male,45,45-54,India,2026-04-10,Group Tour,Blue,0
621,James Johnson,Male,40,35-44,India,2025-09-12,Couple,Silver,0
622,Aravind Nair,Male,58,55-64,USA,2023-05-26,Solo Traveller,Platinum,1
623,Hiroshi Wilson,Male,74,65+,UAE,2024-01-22,Family,Platinum,1
624,James Bose,Male,31,25-34,France,2025-10-26,Family,Blue,0
625,Marco Menon,Male,48,45-54,Japan,2024-10-18,Solo Traveller,Gold,1
626,Hans Rao,Male,31,25-34,India,2023-03-11,Group Tour,Platinum,1
627,James Anderson,Male,49,45-54,United Kingdom,2025-09-29,Group Tour,Silver,0
628,Carlos Tanaka,Male,44,35-44,India,2024-06-07,Group Tour,Gold,1
629,Giulia Reddy,Female,57,55-64,Italy,2023-11-05,Group Tour,Platinum,1
630,Pierre Jones,Male,33,25-34,United Kingdom,2024-10-29,Couple,Blue,1
631,Liam Khan,Male,28,25-34,Germany,2024-04-17,Couple,Platinum,1
632,Olivia Rossi,Female,18,18-24,South Africa,2025-02-18,Couple,Gold,1
633,Carlos Jones,Male,48,45-54,India,2024-09-26,Solo Traveller,Gold,1
634,Ananya Al-Sayed,Female,39,35-44,India,2025-11-01,Couple,Blue,0
635,Pierre Bose,Male,21,18-24,Germany,2025-03-20,Couple,Platinum,1
636,Omar Gupta,Male,26,25-34,Japan,2025-10-11,Family,Blue,0
637,Ivan Al-Sayed,Male,41,35-44,USA,2025-03-17,Solo Traveller,Silver,1
638,Giulia Iyer,Female,37,35-44,Netherlands,2025-11-13,Solo Traveller,Blue,0
639,Aditya Rossi,Male,23,18-24,India,2024-06-18,Couple,Silver,1
640,David Smith,Male,54,45-54,India,2024-07-13,Family,Platinum,1
641,Giulia Iyer,Female,31,25-34,South Africa,2025-01-31,Solo Traveller,Blue,1
642,Aditya Sharma,Male,52,45-54,France,2024-07-27,Couple,Silver,1
643,Oliver Menon,Male,52,45-54,India,2025-03-03,Solo Traveller,Blue,1
644,Ivan Chatterjee,Male,55,55-64,India,2025-02-10,Solo Traveller,Silver,1
645,Siddharth Wilson,Male,58,55-64,USA,2023-03-16,Solo Traveller,Platinum,1
646,Layla Jones,Female,21,18-24,South Africa,2025-08-08,Family,Silver,1
647,Oliver Rao,Male,39,35-44,India,2024-04-26,Group Tour,Platinum,1
648,Thomas Petrov,Male,54,45-54,France,2025-01-24,Couple,Silver,1
649,Fatima Miller,Female,29,25-34,India,2023-08-30,Group Tour,Platinum,1
650,Priya Menon,Female,22,18-24,India,2023-10-11,Solo Traveller,Gold,1
651,Amelia Iyer,Female,30,25-34,South Africa,2025-06-18,Group Tour,Blue,1
652,Michael Dubois,Male,40,35-44,Italy,2025-04-17,Family,Blue,1
653,Noah Singh,Male,39,35-44,Canada,2023-09-14,Couple,Silver,1
654,Vikram Miller,Male,58,55-64,Japan,2024-11-05,Family,Gold,1
655,Layla Chen,Female,29,25-34,India,2025-12-01,Business,Blue,0
656,Charlotte Menon,Female,43,35-44,France,2026-03-28,Solo Traveller,Blue,0
657,Ivan Miller,Male,49,45-54,India,2026-01-12,Group Tour,Silver,0
658,Carlos Johnson,Male,26,25-34,India,2023-08-14,Group Tour,Platinum,1
659,Daniel Al-Sayed,Male,32,25-34,India,2023-01-14,Business,Platinum,1
660,Omar Smith,Male,46,45-54,India,2023-12-27,Couple,Blue,1
661,Divya Johnson,Female,27,25-34,Australia,2025-12-17,Group Tour,Blue,0
662,Lakshmi Menon,Female,45,45-54,Germany,2023-04-22,Group Tour,Platinum,1
663,James Rao,Male,37,35-44,United Kingdom,2025-04-28,Business,Silver,1
664,Pierre Wilson,Male,52,45-54,United Kingdom,2025-02-11,Family,Gold,1
665,Noah Muller,Male,18,18-24,India,2024-09-22,Family,Silver,1
666,Noah Kulkarni,Male,64,55-64,Japan,2025-05-20,Group Tour,Silver,1
667,Anna Miller,Female,21,18-24,Canada,2024-04-24,Solo Traveller,Gold,1
668,Valentina Nair,Female,22,18-24,United Kingdom,2024-07-08,Family,Silver,1
669,Mateo Garcia,Male,26,25-34,India,2025-11-17,Group Tour,Blue,0
670,Olivia Reddy,Female,48,45-54,United Kingdom,2025-12-04,Group Tour,Blue,0
671,Sophia Gupta,Female,26,25-34,India,2024-11-25,Couple,Silver,1
672,Grace Rossi,Female,40,35-44,India,2026-02-07,Couple,Blue,0
673,Shruti Jones,Female,40,35-44,USA,2024-08-19,Family,Gold,1
674,Hiroshi Nair,Male,24,18-24,South Africa,2023-09-13,Couple,Platinum,1
675,Marco Rodriguez,Male,25,25-34,India,2025-07-28,Family,Silver,1
676,Anna Muller,Female,18,18-24,Canada,2023-03-26,Business,Platinum,1
677,Noah Gupta,Male,33,25-34,Spain,2023-08-10,Family,Gold,1
678,Thomas Johnson,Male,40,35-44,India,2024-02-06,Family,Gold,1
679,Nikhil Patel,Male,44,35-44,Australia,2025-08-26,Couple,Silver,0
680,Sofia Singh,Female,20,18-24,Australia,2023-11-17,Couple,Platinum,1
681,Sofia Garcia,Female,57,55-64,USA,2025-06-15,Family,Platinum,1
682,Mia Taylor,Female,45,45-54,India,2023-10-16,Solo Traveller,Gold,1
683,Chloe Anderson,Female,18,18-24,Singapore,2026-01-26,Family,Blue,0
684,Oliver Gupta,Male,28,25-34,Canada,2025-11-22,Solo Traveller,Silver,0
685,Layla Taylor,Female,56,55-64,United Kingdom,2023-01-30,Family,Platinum,1
686,James Anderson,Male,52,45-54,Australia,2026-03-28,Group Tour,Blue,0
687,Meera Tanaka,Female,54,45-54,Australia,2026-02-26,Group Tour,Silver,0
688,Sophia Dubois,Female,49,45-54,France,2023-06-30,Group Tour,Silver,1
689,Aditya Sharma,Male,48,45-54,United Kingdom,2024-12-06,Family,Gold,1
690,Emma Chatterjee,Female,26,25-34,India,2024-03-27,Family,Platinum,1
691,Hans Dubois,Male,38,35-44,India,2023-03-23,Couple,Platinum,1
692,Elena Brown,Female,57,55-64,China,2024-09-28,Solo Traveller,Silver,1
693,Oliver Muller,Male,39,35-44,USA,2023-06-30,Couple,Platinum,1
694,Aravind Sharma,Male,39,35-44,UAE,2026-01-16,Solo Traveller,Silver,0
695,Emma Dubois,Female,36,35-44,India,2024-10-23,Couple,Gold,1
696,Lakshmi Bose,Female,47,45-54,United Kingdom,2024-07-26,Group Tour,Blue,1
697,Camille Chatterjee,Female,25,25-34,China,2023-04-10,Business,Platinum,1
698,Elena Khan,Female,33,25-34,Japan,2025-04-08,Couple,Blue,1
699,Rohan Gupta,Male,39,35-44,China,2024-04-09,Business,Gold,1
700,Isabella Patel,Female,42,35-44,Spain,2024-01-18,Solo Traveller,Platinum,1
701,Sophia Petrov,Female,22,18-24,India,2024-07-27,Solo Traveller,Platinum,1
702,Fatima Kulkarni,Female,64,55-64,India,2024-10-17,Group Tour,Silver,1
703,Chloe Sharma,Female,45,45-54,USA,2024-02-19,Couple,Platinum,1
704,Olivia Sharma,Female,25,25-34,USA,2023-06-15,Business,Platinum,1
705,Vikram Dubois,Male,52,45-54,India,2026-04-07,Solo Traveller,Blue,0
706,Michael Iyer,Male,50,45-54,United Kingdom,2023-04-10,Solo Traveller,Gold,1
707,Arjun Rodriguez,Male,27,25-34,United Kingdom,2023-04-23,Family,Platinum,1
708,Omar Anderson,Male,40,35-44,Netherlands,2025-04-20,Family,Silver,1
709,Ahmed Nair,Male,22,18-24,India,2026-01-21,Solo Traveller,Blue,0
710,Daniel Iyer,Male,34,25-34,India,2024-06-28,Group Tour,Platinum,1
711,Emma Garcia,Female,37,35-44,USA,2024-06-22,Couple,Platinum,1
712,Lucas Sharma,Male,45,45-54,India,2024-08-26,Family,Gold,1
713,Ananya Davis,Female,48,45-54,India,2023-02-05,Couple,Platinum,1
714,Olivia Rao,Female,18,18-24,India,2025-06-28,Family,Silver,1
715,Anna Sharma,Female,36,35-44,Singapore,2024-02-18,Family,Silver,1
716,Mei Al-Sayed,Female,31,25-34,India,2025-12-05,Solo Traveller,Blue,0
717,David Tanaka,Male,37,35-44,India,2025-07-09,Couple,Gold,1
718,Camille Williams,Female,49,45-54,India,2024-09-03,Couple,Platinum,1
719,Mateo Iyer,Male,31,25-34,India,2025-04-23,Group Tour,Gold,1
720,Oliver Williams,Male,56,55-64,India,2023-05-23,Family,Gold,1
721,Priya Gupta,Female,23,18-24,UAE,2023-01-20,Family,Platinum,1
722,Thomas Davis,Male,19,18-24,USA,2023-08-17,Solo Traveller,Platinum,1
723,Rohan Miller,Male,48,45-54,India,2025-10-21,Couple,Blue,0
724,Mateo Brown,Male,56,55-64,United Kingdom,2025-05-03,Solo Traveller,Silver,1
725,Marco Muller,Male,37,35-44,India,2024-06-01,Couple,Platinum,1
726,Sophia Johnson,Female,42,35-44,South Africa,2024-01-19,Couple,Platinum,1
727,Sofia Johnson,Female,39,35-44,India,2024-07-28,Solo Traveller,Gold,1
728,Ethan Miller,Male,41,35-44,United Kingdom,2025-02-25,Family,Silver,1
729,Meera Miller,Female,61,55-64,USA,2025-01-03,Couple,Gold,1
730,Ethan Taylor,Male,42,35-44,India,2023-10-05,Solo Traveller,Gold,1
731,Marco Reddy,Male,18,18-24,Netherlands,2024-09-29,Group Tour,Silver,1
732,Ishita Muller,Female,45,45-54,India,2023-04-20,Solo Traveller,Gold,1
733,Meera Anderson,Female,42,35-44,Germany,2024-06-05,Couple,Silver,1
734,Grace Davis,Female,37,35-44,Singapore,2024-06-25,Family,Silver,1
735,Daniel Patel,Male,40,35-44,India,2025-03-29,Solo Traveller,Silver,1
736,Ava Petrov,Female,46,45-54,India,2024-06-30,Group Tour,Platinum,1
737,Ethan Jones,Male,23,18-24,Canada,2023-05-21,Solo Traveller,Platinum,1
738,Aravind Miller,Male,20,18-24,China,2023-10-18,Solo Traveller,Platinum,1
739,Nikhil Rodriguez,Male,48,45-54,France,2026-03-10,Business,Blue,0
740,Mateo Al-Sayed,Male,18,18-24,India,2023-09-23,Family,Platinum,1
741,Isabella Gupta,Female,45,45-54,Spain,2023-08-27,Group Tour,Platinum,1
742,Shruti Iyer,Female,18,18-24,India,2023-08-15,Solo Traveller,Platinum,1
743,Sneha Khan,Female,43,35-44,India,2025-11-12,Couple,Silver,0
744,Aravind Muller,Male,57,55-64,India,2024-10-20,Business,Silver,1
745,Mateo Nair,Male,30,25-34,India,2024-05-28,Couple,Gold,1
746,Layla Nair,Female,68,65+,Australia,2025-07-03,Family,Silver,1
747,Carlos Singh,Male,30,25-34,Germany,2024-08-26,Couple,Platinum,1
748,Ahmed Rodriguez,Male,24,18-24,India,2025-12-29,Couple,Blue,0
749,Wei Tanaka,Male,45,45-54,India,2023-02-24,Family,Platinum,1
750,Karthik Johnson,Male,28,25-34,USA,2025-07-28,Group Tour,Silver,1
751,Anna Al-Sayed,Female,35,35-44,India,2023-06-08,Solo Traveller,Platinum,1
752,Valentina Dubois,Female,31,25-34,Australia,2024-04-26,Couple,Platinum,1
753,Grace Miller,Female,47,45-54,Germany,2025-07-03,Solo Traveller,Blue,1
754,Karthik Sharma,Male,46,45-54,Singapore,2025-06-21,Family,Gold,1
755,Vikram Iyer,Male,29,25-34,India,2024-03-25,Couple,Gold,1
756,Hiroshi Jones,Male,18,18-24,India,2023-01-05,Family,Platinum,1
757,Amelia Rao,Female,19,18-24,Italy,2023-12-25,Couple,Gold,1
758,Divya Smith,Female,46,45-54,India,2023-10-14,Business,Gold,1
759,Aditya Al-Sayed,Male,18,18-24,Australia,2024-07-24,Family,Silver,1
760,Arjun Tanaka,Male,20,18-24,India,2024-11-24,Business,Platinum,1
761,Noah Smith,Male,54,45-54,South Africa,2026-03-19,Solo Traveller,Blue,0
762,Yuki Iyer,Female,63,55-64,Australia,2026-04-04,Family,Blue,0
763,Grace Wilson,Female,44,35-44,India,2023-07-20,Couple,Platinum,1
764,Hiroshi Rao,Male,34,25-34,India,2023-06-27,Couple,Platinum,1
765,Daniel Jones,Male,24,18-24,India,2024-07-14,Family,Gold,1
766,Amelia Patel,Female,52,45-54,India,2025-11-06,Solo Traveller,Silver,0
767,Anna Khan,Female,18,18-24,India,2025-06-17,Couple,Silver,1
768,Lakshmi Brown,Female,53,45-54,India,2023-04-20,Family,Gold,1
769,Shruti Rodriguez,Female,39,35-44,USA,2023-07-26,Group Tour,Platinum,1
770,Amelia Iyer,Female,49,45-54,China,2025-06-26,Couple,Silver,1
771,Ishita Chen,Female,18,18-24,France,2024-09-05,Couple,Gold,1
772,Ethan Petrov,Male,22,18-24,USA,2023-11-01,Family,Platinum,1
773,Kavya Garcia,Female,75,65+,USA,2023-01-19,Group Tour,Platinum,1
774,Layla Miller,Female,44,35-44,Germany,2023-06-12,Family,Silver,1
775,Thomas Kulkarni,Male,21,18-24,India,2023-01-07,Couple,Platinum,1
776,Hiroshi Miller,Male,47,45-54,India,2025-02-25,Couple,Platinum,1
777,Valentina Chatterjee,Female,50,45-54,United Kingdom,2025-10-17,Solo Traveller,Silver,0
778,Aditya Chatterjee,Male,51,45-54,India,2025-12-15,Couple,Blue,0
779,Charlotte Petrov,Female,38,35-44,USA,2023-12-27,Couple,Silver,1
780,Noah Rao,Male,28,25-34,India,2025-08-18,Couple,Blue,0
781,Rohan Sharma,Male,59,55-64,Canada,2024-06-12,Group Tour,Gold,1
782,Mei Gupta,Female,64,55-64,India,2023-01-02,Family,Platinum,1
783,Carlos Davis,Male,35,35-44,India,2024-08-15,Couple,Silver,1
784,Sofia Rodriguez,Female,26,25-34,India,2023-02-26,Business,Gold,1
785,Chloe Brown,Female,41,35-44,India,2025-07-27,Business,Blue,1
786,James Garcia,Male,30,25-34,United Kingdom,2025-03-30,Family,Gold,1
787,Rahul Johnson,Male,27,25-34,India,2025-11-07,Couple,Silver,0
788,Ahmed Smith,Male,27,25-34,Netherlands,2025-10-01,Solo Traveller,Blue,0
789,Oliver Patel,Male,25,25-34,USA,2025-01-07,Solo Traveller,Platinum,1
790,David Miller,Male,38,35-44,Germany,2024-06-24,Family,Platinum,1
791,Carlos Davis,Male,56,55-64,India,2025-02-14,Couple,Gold,1
792,Elena Rao,Female,27,25-34,United Kingdom,2025-01-18,Couple,Silver,1
793,Thomas Rodriguez,Male,25,25-34,India,2023-03-22,Family,Platinum,1
794,Nandini Singh,Female,50,45-54,United Kingdom,2023-11-18,Family,Platinum,1
795,Omar Tanaka,Male,40,35-44,India,2025-02-16,Business,Gold,1
796,Marco Menon,Male,26,25-34,India,2025-10-18,Solo Traveller,Silver,0
797,Omar Anderson,Male,35,35-44,United Kingdom,2023-05-04,Family,Platinum,1
798,Anna Petrov,Female,35,35-44,China,2024-02-17,Couple,Gold,1
799,Mei Dubois,Female,43,35-44,India,2023-01-03,Family,Platinum,1
800,Anna Rodriguez,Female,32,25-34,Germany,2024-06-09,Solo Traveller,Gold,1
801,Rohan Singh,Male,59,55-64,Netherlands,2024-07-23,Couple,Blue,1
802,Karthik Chatterjee,Male,18,18-24,India,2024-01-08,Family,Platinum,1
803,Siddharth Reddy,Male,18,18-24,United Kingdom,2025-11-18,Group Tour,Blue,0
804,David Rao,Male,56,55-64,China,2024-10-16,Group Tour,Gold,1
805,Giulia Wilson,Female,27,25-34,India,2023-06-04,Solo Traveller,Platinum,1
806,Oliver Brown,Male,18,18-24,Spain,2025-10-31,Family,Gold,0
807,Liam Khan,Male,41,35-44,India,2025-06-28,Couple,Silver,1
808,Ethan Nair,Male,65,65+,USA,2023-04-15,Solo Traveller,Platinum,1
809,Karthik Williams,Male,18,18-24,India,2024-02-15,Couple,Platinum,1
810,Carlos Jones,Male,30,25-34,Canada,2023-12-27,Business,Platinum,1
811,Mateo Dubois,Male,25,25-34,India,2023-03-08,Solo Traveller,Platinum,1
812,Ava Dubois,Female,37,35-44,India,2024-07-09,Family,Gold,1
813,Priya Al-Sayed,Female,41,35-44,India,2024-12-04,Family,Silver,1
814,Sneha Kulkarni,Female,39,35-44,Japan,2024-10-03,Couple,Platinum,1
815,Camille Nair,Female,18,18-24,USA,2024-06-24,Group Tour,Platinum,1
816,Marco Al-Sayed,Male,45,45-54,China,2024-06-01,Group Tour,Silver,1
817,Kavya Menon,Female,52,45-54,India,2024-06-06,Family,Silver,1
818,Oliver Johnson,Male,47,45-54,United Kingdom,2026-04-10,Solo Traveller,Blue,0
819,Sophia Rodriguez,Female,36,35-44,India,2023-07-17,Couple,Platinum,1
820,Mateo Muller,Male,53,45-54,India,2023-01-18,Business,Platinum,1
821,Ethan Reddy,Male,36,35-44,India,2024-10-28,Couple,Platinum,1
822,Layla Tanaka,Female,18,18-24,India,2023-10-07,Couple,Platinum,1
823,Amelia Williams,Female,28,25-34,United Kingdom,2024-08-22,Couple,Silver,1
824,Shruti Reddy,Female,36,35-44,Germany,2025-05-23,Family,Silver,1
825,Siddharth Dubois,Male,50,45-54,France,2023-11-08,Business,Silver,1
826,Mei Tanaka,Female,42,35-44,Netherlands,2023-03-02,Group Tour,Platinum,1
827,Shruti Brown,Female,53,45-54,India,2023-11-18,Couple,Gold,1
828,Kavya Jones,Female,34,25-34,India,2023-11-29,Couple,Gold,1
829,Layla Iyer,Female,41,35-44,Canada,2023-07-01,Family,Silver,1
830,Vikram Anderson,Male,41,35-44,United Kingdom,2023-08-11,Solo Traveller,Platinum,1
831,Oliver Anderson,Male,55,55-64,UAE,2024-11-24,Couple,Silver,1
832,Ishita Johnson,Female,31,25-34,Germany,2025-03-25,Solo Traveller,Silver,1
833,Mia Al-Sayed,Female,28,25-34,Singapore,2025-03-03,Couple,Gold,1
834,Valentina Miller,Female,33,25-34,India,2023-08-29,Family,Gold,1
835,Ethan Miller,Male,42,35-44,Germany,2024-08-21,Solo Traveller,Platinum,1
836,Mateo Kulkarni,Male,37,35-44,India,2024-12-22,Solo Traveller,Platinum,1
837,Meera Al-Sayed,Female,37,35-44,Australia,2024-04-07,Group Tour,Gold,1
838,Ananya Menon,Female,36,35-44,India,2023-07-02,Couple,Platinum,1
839,Anna Menon,Female,42,35-44,India,2025-03-11,Group Tour,Blue,1
840,Chloe Singh,Female,57,55-64,India,2023-01-09,Family,Platinum,1
841,Siddharth Nair,Male,18,18-24,India,2024-11-08,Family,Gold,1
842,Daniel Rao,Male,43,35-44,India,2025-03-12,Family,Silver,1
843,Mia Tanaka,Female,33,25-34,USA,2025-01-01,Family,Silver,1
844,Sneha Chatterjee,Female,44,35-44,USA,2025-03-29,Solo Traveller,Silver,1
845,Valentina Petrov,Female,29,25-34,India,2023-01-07,Couple,Gold,1
846,Arjun Chatterjee,Male,41,35-44,India,2025-02-17,Group Tour,Gold,1
847,Isabella Miller,Female,30,25-34,India,2025-05-09,Group Tour,Platinum,1
848,Aravind Rossi,Male,25,25-34,Japan,2023-09-03,Solo Traveller,Silver,1
849,Valentina Garcia,Female,33,25-34,USA,2025-04-28,Group Tour,Platinum,1
850,Meera Al-Sayed,Female,47,45-54,Japan,2023-10-21,Business,Platinum,1
851,Mei Petrov,Female,50,45-54,India,2025-04-27,Couple,Silver,1
852,Liam Gupta,Male,18,18-24,India,2026-04-11,Family,Blue,0
853,Amelia Johnson,Female,34,25-34,USA,2024-02-09,Family,Platinum,1
854,Daniel Brown,Male,18,18-24,Japan,2023-02-18,Couple,Silver,1
855,Isabella Davis,Female,39,35-44,Canada,2024-07-25,Couple,Blue,1
856,Charlotte Rao,Female,56,55-64,France,2024-06-07,Business,Silver,1
857,Rahul Petrov,Male,41,35-44,Australia,2023-07-16,Solo Traveller,Platinum,1
858,Valentina Williams,Female,42,35-44,Australia,2024-06-18,Family,Silver,1
859,Sofia Tanaka,Female,35,35-44,France,2023-01-09,Family,Platinum,1
860,Sneha Sharma,Female,52,45-54,USA,2025-10-22,Solo Traveller,Silver,0
861,Sofia Nair,Female,30,25-34,India,2025-01-20,Family,Silver,1
862,Vikram Smith,Male,45,45-54,India,2025-04-27,Solo Traveller,Silver,1
863,Arjun Rao,Male,30,25-34,India,2024-03-19,Solo Traveller,Blue,1
864,Karthik Kulkarni,Male,56,55-64,India,2024-04-02,Business,Silver,1
865,Fatima Sharma,Female,36,35-44,India,2025-10-26,Family,Blue,0
866,Ananya Taylor,Female,51,45-54,Italy,2023-06-29,Couple,Platinum,1
867,Ahmed Muller,Male,39,35-44,Japan,2024-06-20,Group Tour,Silver,1
868,Ahmed Reddy,Male,44,35-44,India,2025-03-21,Couple,Gold,1
869,Thomas Miller,Male,50,45-54,USA,2023-05-13,Solo Traveller,Platinum,1
870,Camille Rodriguez,Female,36,35-44,India,2025-09-18,Couple,Silver,0
871,Divya Rossi,Female,42,35-44,Spain,2023-08-26,Couple,Platinum,1
872,Aditya Menon,Male,31,25-34,Canada,2025-03-02,Couple,Platinum,1
873,Oliver Muller,Male,30,25-34,India,2023-08-02,Couple,Platinum,1
874,Omar Chatterjee,Male,48,45-54,India,2026-01-20,Solo Traveller,Blue,0
875,Mei Chatterjee,Female,24,18-24,Germany,2023-08-01,Couple,Platinum,1
876,Elena Reddy,Female,22,18-24,Spain,2025-07-28,Family,Silver,1
877,Camille Dubois,Female,62,55-64,USA,2026-01-09,Family,Blue,0
878,Sneha Menon,Female,20,18-24,USA,2025-05-13,Couple,Silver,1
879,Divya Garcia,Female,33,25-34,India,2025-10-07,Solo Traveller,Blue,0
880,Fatima Wilson,Female,37,35-44,Singapore,2025-12-22,Couple,Gold,0
881,Carlos Menon,Male,52,45-54,USA,2023-10-26,Solo Traveller,Gold,1
882,Yuki Wilson,Female,51,45-54,Germany,2026-02-07,Group Tour,Gold,0
883,Sofia Jones,Female,26,25-34,India,2024-02-26,Couple,Silver,1
884,Amelia Muller,Female,18,18-24,France,2025-04-17,Solo Traveller,Silver,1
885,Hiroshi Dubois,Male,37,35-44,USA,2023-08-20,Group Tour,Platinum,1
886,Manish Davis,Male,19,18-24,India,2024-11-01,Couple,Silver,1
887,Ishita Reddy,Female,26,25-34,United Kingdom,2023-06-27,Group Tour,Platinum,1
888,Rohan Rossi,Male,39,35-44,UAE,2023-12-27,Couple,Gold,1
889,Wei Rodriguez,Male,25,25-34,India,2025-07-23,Family,Silver,1
890,Omar Al-Sayed,Male,28,25-34,South Africa,2025-08-19,Family,Silver,0
891,David Dubois,Male,40,35-44,Germany,2023-11-01,Family,Gold,1
892,Vikram Kulkarni,Male,41,35-44,India,2025-12-15,Family,Blue,0
893,Valentina Tanaka,Female,42,35-44,India,2023-06-29,Solo Traveller,Gold,1
894,Noah Reddy,Male,50,45-54,India,2025-08-04,Family,Silver,1
895,Priya Reddy,Female,35,35-44,China,2024-01-28,Family,Platinum,1
896,Mei Dubois,Female,51,45-54,India,2026-02-25,Group Tour,Blue,0
897,Isabella Kulkarni,Female,29,25-34,Canada,2025-05-09,Solo Traveller,Blue,1
898,Priya Khan,Female,44,35-44,India,2023-08-15,Solo Traveller,Platinum,1
899,Arjun Chen,Male,34,25-34,Canada,2024-03-17,Group Tour,Gold,1
900,Wei Smith,Male,62,55-64,India,2024-12-19,Couple,Platinum,1
901,Karthik Nair,Male,33,25-34,Singapore,2025-07-19,Group Tour,Blue,1
902,Ishita Rossi,Female,40,35-44,Australia,2024-08-14,Group Tour,Platinum,1
903,Elena Miller,Female,68,65+,Germany,2026-04-03,Family,Blue,0
904,Liam Rao,Male,42,35-44,India,2025-12-16,Solo Traveller,Blue,0
905,Hiroshi Iyer,Male,27,25-34,Singapore,2023-11-20,Family,Silver,1
906,Ishita Iyer,Female,30,25-34,United Kingdom,2024-09-25,Family,Platinum,1
907,Karthik Smith,Male,32,25-34,USA,2023-01-23,Solo Traveller,Platinum,1
908,Michael Gupta,Male,41,35-44,India,2024-03-07,Solo Traveller,Platinum,1
909,Anna Smith,Female,35,35-44,India,2025-12-26,Couple,Blue,0
910,Elena Chen,Female,39,35-44,USA,2023-11-18,Solo Traveller,Silver,1
911,Nandini Wilson,Female,47,45-54,Netherlands,2024-09-01,Couple,Gold,1
912,Giulia Patel,Female,24,18-24,China,2023-06-24,Couple,Platinum,1
913,Nandini Nair,Female,18,18-24,Australia,2023-04-26,Family,Platinum,1
914,Wei Al-Sayed,Male,44,35-44,India,2025-10-01,Family,Silver,0
915,Mei Miller,Female,40,35-44,India,2025-04-06,Group Tour,Silver,1
916,Meera Nair,Female,21,18-24,Spain,2023-07-17,Business,Gold,1
917,Rahul Menon,Male,32,25-34,Japan,2023-12-14,Solo Traveller,Gold,1
918,Ivan Kulkarni,Male,50,45-54,USA,2024-08-20,Business,Gold,1
919,Ahmed Chatterjee,Male,29,25-34,India,2025-03-13,Family,Silver,1
920,Rohan Al-Sayed,Male,47,45-54,Netherlands,2023-07-11,Solo Traveller,Gold,1
921,Ahmed Smith,Male,41,35-44,India,2025-07-16,Solo Traveller,Silver,1
922,Lakshmi Rossi,Female,23,18-24,India,2024-02-23,Family,Silver,1
923,Daniel Anderson,Male,61,55-64,Singapore,2026-04-05,Couple,Blue,0
924,Pierre Brown,Male,39,35-44,Canada,2023-07-14,Group Tour,Platinum,1
925,Kavya Reddy,Female,18,18-24,India,2023-03-05,Family,Platinum,1
926,Nandini Bose,Female,48,45-54,USA,2025-01-30,Group Tour,Gold,1
927,Grace Rodriguez,Female,28,25-34,India,2024-04-02,Couple,Gold,1
928,Anna Iyer,Female,37,35-44,Japan,2023-11-20,Couple,Platinum,1
929,Elena Miller,Female,53,45-54,India,2025-02-10,Solo Traveller,Gold,1
930,Shruti Chen,Female,39,35-44,India,2025-09-15,Family,Silver,0
931,Noah Johnson,Male,25,25-34,Canada,2023-02-27,Business,Platinum,1
932,Noah Smith,Male,56,55-64,India,2023-07-20,Family,Platinum,1
933,Michael Smith,Male,45,45-54,India,2023-12-23,Solo Traveller,Silver,1
934,Oliver Petrov,Male,48,45-54,Singapore,2025-07-25,Family,Gold,1
935,Thomas Taylor,Male,53,45-54,United Kingdom,2025-07-07,Couple,Blue,1
936,Pierre Khan,Male,47,45-54,USA,2026-02-27,Solo Traveller,Blue,0
937,Kavya Bose,Female,48,45-54,India,2023-04-25,Couple,Platinum,1
938,Carlos Chen,Male,31,25-34,Singapore,2024-02-20,Family,Platinum,1
939,Sophia Rodriguez,Female,34,25-34,India,2024-11-13,Couple,Silver,1
940,Yuki Williams,Female,56,55-64,China,2024-09-17,Couple,Platinum,1
941,Amelia Tanaka,Female,60,55-64,Netherlands,2023-10-08,Family,Platinum,1
942,Fatima Chen,Female,39,35-44,Italy,2025-04-26,Family,Silver,1
943,Carlos Jones,Male,29,25-34,Singapore,2023-10-12,Group Tour,Gold,1
944,Priya Sharma,Female,35,35-44,India,2023-12-09,Couple,Gold,1
945,Rohan Taylor,Male,38,35-44,India,2023-10-09,Couple,Platinum,1
946,Rohan Brown,Male,27,25-34,USA,2026-01-12,Solo Traveller,Blue,0
947,Ethan Tanaka,Male,27,25-34,Singapore,2024-06-11,Group Tour,Platinum,1
948,Oliver Rao,Male,25,25-34,India,2024-05-25,Family,Blue,1
949,Noah Wilson,Male,39,35-44,India,2023-05-20,Business,Platinum,1
950,Mateo Singh,Male,27,25-34,India,2025-09-19,Couple,Silver,0
951,Sofia Sharma,Female,18,18-24,Singapore,2024-10-31,Couple,Gold,1
952,Valentina Taylor,Female,40,35-44,India,2024-01-22,Solo Traveller,Platinum,1
953,Hiroshi Menon,Male,37,35-44,United Kingdom,2026-02-03,Solo Traveller,Silver,0
954,Yuki Garcia,Female,40,35-44,Australia,2024-06-27,Family,Platinum,1
955,Divya Reddy,Female,51,45-54,France,2026-03-12,Family,Blue,0
956,Mei Johnson,Female,43,35-44,India,2023-12-25,Solo Traveller,Platinum,1
957,Elena Muller,Female,18,18-24,USA,2025-06-23,Couple,Gold,1
958,Aditya Khan,Male,52,45-54,USA,2023-07-23,Family,Platinum,1
959,Rohan Taylor,Male,55,55-64,India,2023-01-03,Family,Platinum,1
960,Aravind Jones,Male,35,35-44,United Kingdom,2025-04-24,Family,Platinum,1
961,James Patel,Male,18,18-24,USA,2025-02-08,Couple,Silver,1
962,Karthik Singh,Male,53,45-54,India,2025-10-19,Family,Silver,0
963,Ethan Al-Sayed,Male,39,35-44,Japan,2025-12-08,Solo Traveller,Blue,0
964,Michael Wilson,Male,34,25-34,France,2025-09-27,Couple,Gold,0
965,Shruti Johnson,Female,38,35-44,Netherlands,2025-02-23,Family,Gold,1
966,Yuki Singh,Female,23,18-24,India,2026-03-31,Group Tour,Blue,0
967,Ishita Nair,Female,33,25-34,India,2024-02-14,Family,Platinum,1
968,Mei Petrov,Female,44,35-44,Japan,2026-01-09,Group Tour,Gold,0
969,Kavya Bose,Female,47,45-54,India,2023-11-06,Business,Platinum,1
970,Daniel Kulkarni,Male,50,45-54,Germany,2023-06-16,Solo Traveller,Gold,1
971,Hiroshi Wilson,Male,25,25-34,India,2023-06-06,Group Tour,Platinum,1
972,Carlos Bose,Male,38,35-44,India,2025-10-12,Couple,Blue,0
973,Michael Reddy,Male,30,25-34,United Kingdom,2024-10-02,Family,Platinum,1
974,Layla Miller,Female,18,18-24,India,2025-05-22,Solo Traveller,Silver,1
975,Grace Kulkarni,Female,22,18-24,Australia,2024-05-13,Solo Traveller,Silver,1
976,Michael Smith,Male,51,45-54,India,2024-10-06,Family,Gold,1
977,Thomas Miller,Male,50,45-54,UAE,2024-02-20,Family,Gold,1
978,Wei Smith,Male,40,35-44,India,2025-02-24,Business,Silver,1
979,Yuki Rossi,Female,44,35-44,USA,2023-12-03,Couple,Silver,1
980,Isabella Rodriguez,Female,61,55-64,USA,2025-08-21,Couple,Gold,0
981,Mia Jones,Female,21,18-24,USA,2023-10-09,Family,Silver,1
982,Liam Rao,Male,26,25-34,India,2024-02-02,Couple,Gold,1
983,Ethan Rodriguez,Male,59,55-64,UAE,2024-10-25,Couple,Silver,1
984,Daniel Petrov,Male,40,35-44,Germany,2025-07-31,Group Tour,Silver,1
985,Marco Chatterjee,Male,31,25-34,India,2024-03-12,Couple,Gold,1
986,Aditya Miller,Male,29,25-34,USA,2024-11-24,Couple,Silver,1
987,Rohan Al-Sayed,Male,18,18-24,Germany,2025-08-30,Couple,Blue,0
988,Ethan Rodriguez,Male,45,45-54,India,2023-07-14,Couple,Platinum,1
989,Rohan Brown,Male,25,25-34,Canada,2024-09-15,Family,Platinum,1
990,Hiroshi Williams,Male,39,35-44,United Kingdom,2024-01-24,Couple,Silver,1
991,Omar Chen,Male,24,18-24,USA,2024-12-22,Family,Gold,1
992,Omar Johnson,Male,47,45-54,India,2026-01-17,Solo Traveller,Silver,0
993,Daniel Gupta,Male,45,45-54,India,2025-07-19,Family,Blue,1
994,Pierre Sharma,Male,42,35-44,India,2025-08-07,Family,Silver,1
995,Noah Davis,Male,42,35-44,China,2023-07-07,Solo Traveller,Platinum,1
996,Priya Rao,Female,29,25-34,India,2026-01-28,Couple,Silver,0
997,Nikhil Anderson,Male,30,25-34,Germany,2023-04-30,Family,Platinum,1
998,Giulia Jones,Female,72,65+,India,2023-04-18,Couple,Platinum,1
999,Omar Miller,Male,35,35-44,India,2025-10-30,Solo Traveller,Platinum,0
1000,Shruti Chen,Female,55,55-64,India,2023-01-02,Group Tour,Platinum,1
1001,Manish Iyer,Male,37,35-44,India,2024-10-19,Couple,Platinum,1
1002,Camille Singh,Female,40,35-44,Spain,2025-01-16,Solo Traveller,Silver,1
1003,Olivia Singh,Female,47,45-54,France,2024-06-03,Solo Traveller,Silver,1
1004,Amelia Petrov,Female,53,45-54,United Kingdom,2025-10-30,Solo Traveller,Blue,0
1005,Giulia Rodriguez,Female,19,18-24,India,2025-06-17,Group Tour,Silver,1
1006,Kavya Al-Sayed,Female,50,45-54,India,2023-05-10,Couple,Platinum,1
1007,Oliver Bose,Male,27,25-34,India,2024-09-17,Group Tour,Gold,1
1008,Kavya Al-Sayed,Female,23,18-24,India,2026-03-12,Couple,Silver,0
1009,Meera Anderson,Female,21,18-24,France,2024-01-18,Solo Traveller,Gold,1
1010,Siddharth Khan,Male,31,25-34,Italy,2024-05-27,Solo Traveller,Silver,1
1011,Liam Jones,Male,43,35-44,United Kingdom,2025-05-06,Business,Silver,1
1012,Ananya Chatterjee,Female,45,45-54,China,2024-11-03,Business,Silver,1
1013,Siddharth Wilson,Male,24,18-24,India,2025-08-06,Solo Traveller,Silver,1
1014,Divya Singh,Female,41,35-44,Spain,2025-07-01,Group Tour,Silver,1
1015,Amelia Nair,Female,27,25-34,Netherlands,2023-10-21,Couple,Platinum,1
1016,Vikram Rao,Male,36,35-44,USA,2025-03-13,Business,Blue,1
1017,Valentina Chen,Female,27,25-34,India,2025-02-23,Group Tour,Silver,1
1018,Camille Williams,Female,34,25-34,India,2024-10-13,Family,Gold,1
1019,Grace Muller,Female,53,45-54,India,2023-10-01,Couple,Platinum,1
1020,Emma Nair,Female,43,35-44,India,2023-12-10,Solo Traveller,Gold,1
1021,Aravind Jones,Male,41,35-44,India,2026-03-02,Couple,Silver,0
1022,Mateo Khan,Male,22,18-24,India,2026-01-21,Group Tour,Blue,0
1023,Carlos Taylor,Male,43,35-44,Australia,2024-05-07,Couple,Gold,1
1024,Ishita Menon,Female,41,35-44,United Kingdom,2024-07-24,Family,Platinum,1
1025,Fatima Iyer,Female,47,45-54,United Kingdom,2023-09-12,Business,Gold,1
1026,Rahul Taylor,Male,26,25-34,Singapore,2023-03-23,Group Tour,Platinum,1
1027,Karthik Rao,Male,26,25-34,India,2024-11-02,Family,Silver,1
1028,Ivan Khan,Male,42,35-44,Singapore,2024-07-02,Couple,Gold,1
1029,Daniel Dubois,Male,33,25-34,Japan,2026-01-15,Couple,Silver,0
1030,Sofia Singh,Female,33,25-34,India,2024-05-01,Business,Gold,1
1031,Rohan Taylor,Male,41,35-44,South Africa,2026-04-05,Group Tour,Blue,0
1032,Sneha Petrov,Female,18,18-24,India,2023-07-04,Group Tour,Gold,1
1033,Divya Tanaka,Female,28,25-34,Australia,2025-08-11,Couple,Blue,1
1034,Aravind Petrov,Male,23,18-24,United Kingdom,2025-02-14,Group Tour,Silver,1
1035,Layla Singh,Female,49,45-54,India,2023-12-25,Couple,Gold,1
1036,Hiroshi Al-Sayed,Male,22,18-24,United Kingdom,2023-12-23,Solo Traveller,Platinum,1
1037,Anna Taylor,Female,41,35-44,India,2025-09-20,Family,Silver,0
1038,Yuki Patel,Female,46,45-54,India,2025-01-18,Solo Traveller,Blue,1
1039,Ivan Patel,Male,27,25-34,South Africa,2023-11-28,Solo Traveller,Platinum,1
1040,Lucas Petrov,Male,50,45-54,France,2023-03-19,Business,Platinum,1
1041,Pierre Rossi,Male,49,45-54,Canada,2025-07-11,Group Tour,Gold,1
1042,Chloe Rossi,Female,54,45-54,Italy,2025-09-18,Family,Blue,0
1043,Aravind Rao,Male,23,18-24,United Kingdom,2025-09-05,Couple,Silver,0
1044,Siddharth Williams,Male,42,35-44,United Kingdom,2024-09-09,Couple,Gold,1
1045,Hans Brown,Male,66,65+,India,2024-02-15,Family,Platinum,1
1046,Ivan Nair,Male,40,35-44,Spain,2025-12-06,Couple,Blue,0
1047,Arjun Chen,Male,55,55-64,India,2024-10-29,Business,Platinum,1
1048,Aditya Rossi,Male,31,25-34,India,2023-01-20,Solo Traveller,Platinum,1
1049,Carlos Garcia,Male,51,45-54,India,2023-09-30,Solo Traveller,Gold,1
1050,Thomas Wilson,Male,24,18-24,India,2025-12-09,Solo Traveller,Blue,0
1051,Daniel Tanaka,Male,33,25-34,USA,2026-01-27,Solo Traveller,Gold,0
1052,Omar Kulkarni,Male,31,25-34,India,2025-11-28,Couple,Silver,0
1053,David Anderson,Male,64,55-64,South Africa,2023-10-02,Solo Traveller,Platinum,1
1054,Michael Khan,Male,22,18-24,Australia,2023-05-16,Solo Traveller,Silver,1
1055,Giulia Petrov,Female,31,25-34,Germany,2024-09-30,Group Tour,Silver,1
1056,Divya Reddy,Female,62,55-64,Spain,2023-05-11,Solo Traveller,Platinum,1
1057,Mateo Chatterjee,Male,46,45-54,Japan,2025-11-19,Family,Silver,0
1058,Shruti Chen,Female,38,35-44,Canada,2025-08-13,Family,Blue,1
1059,Ethan Chatterjee,Male,33,25-34,India,2024-11-20,Couple,Silver,1
1060,Vikram Reddy,Male,18,18-24,Spain,2025-08-31,Solo Traveller,Silver,0
1061,Olivia Iyer,Female,34,25-34,Singapore,2026-03-24,Couple,Blue,0
1062,Ivan Dubois,Male,44,35-44,UAE,2025-04-05,Solo Traveller,Silver,1
1063,Grace Singh,Female,40,35-44,Singapore,2025-06-04,Couple,Silver,1
1064,Ananya Menon,Female,49,45-54,USA,2023-06-02,Family,Platinum,1
1065,Omar Menon,Male,29,25-34,India,2025-05-26,Couple,Silver,1
1066,Carlos Dubois,Male,32,25-34,India,2023-02-11,Family,Platinum,1
1067,Shruti Brown,Female,31,25-34,Germany,2023-04-19,Family,Gold,1
1068,Layla Jones,Female,18,18-24,India,2026-02-05,Family,Silver,0
1069,Sneha Tanaka,Female,50,45-54,India,2024-11-24,Family,Platinum,1
1070,Fatima Gupta,Female,62,55-64,USA,2024-02-27,Solo Traveller,Gold,1
1071,Yuki Williams,Female,31,25-34,Netherlands,2025-07-06,Family,Silver,1
1072,Omar Singh,Male,23,18-24,United Kingdom,2024-12-21,Couple,Silver,1
1073,Ava Reddy,Female,45,45-54,Japan,2024-01-20,Solo Traveller,Platinum,1
1074,Marco Khan,Male,20,18-24,USA,2024-04-22,Family,Gold,1
1075,Mateo Jones,Male,65,65+,India,2024-03-15,Solo Traveller,Platinum,1
1076,Charlotte Rodriguez,Female,42,35-44,India,2025-11-26,Family,Blue,0
1077,Layla Iyer,Female,38,35-44,China,2023-03-07,Solo Traveller,Platinum,1
1078,Ananya Chatterjee,Female,41,35-44,Japan,2025-11-26,Family,Blue,0
1079,Mia Anderson,Female,26,25-34,India,2023-01-19,Solo Traveller,Platinum,1
1080,Thomas Reddy,Male,27,25-34,India,2023-08-26,Business,Platinum,1
1081,Rahul Nair,Male,40,35-44,United Kingdom,2024-01-04,Family,Silver,1
1082,Kavya Dubois,Female,38,35-44,India,2024-05-08,Business,Silver,1
1083,Ahmed Nair,Male,35,35-44,USA,2023-05-16,Family,Platinum,1
1084,Anna Wilson,Female,45,45-54,USA,2025-07-24,Solo Traveller,Silver,1
1085,Layla Garcia,Female,29,25-34,Netherlands,2025-01-21,Family,Platinum,1
1086,James Kulkarni,Male,36,35-44,Spain,2025-10-29,Family,Silver,0
1087,Michael Rossi,Male,28,25-34,India,2023-03-16,Family,Platinum,1
1088,David Bose,Male,43,35-44,USA,2023-01-20,Couple,Platinum,1
1089,Pierre Rao,Male,55,55-64,India,2023-10-11,Solo Traveller,Platinum,1
1090,Vikram Iyer,Male,62,55-64,India,2025-07-24,Couple,Silver,1
1091,Anna Petrov,Female,24,18-24,Singapore,2023-07-30,Solo Traveller,Platinum,1
1092,Chloe Garcia,Female,26,25-34,South Africa,2023-07-28,Solo Traveller,Platinum,1
1093,Noah Bose,Male,19,18-24,USA,2024-04-08,Group Tour,Gold,1
1094,Ahmed Miller,Male,62,55-64,UAE,2024-05-08,Couple,Gold,1
1095,Divya Patel,Female,57,55-64,India,2023-11-22,Solo Traveller,Platinum,1
1096,Chloe Kulkarni,Female,18,18-24,France,2024-12-26,Couple,Gold,1
1097,Daniel Chatterjee,Male,25,25-34,Germany,2026-01-20,Solo Traveller,Silver,0
1098,Lucas Garcia,Male,18,18-24,India,2023-11-26,Couple,Platinum,1
1099,Mei Williams,Female,39,35-44,Germany,2025-02-26,Solo Traveller,Gold,1
1100,Liam Iyer,Male,39,35-44,UAE,2024-02-02,Solo Traveller,Gold,1
1101,Ananya Davis,Female,40,35-44,United Kingdom,2026-02-25,Business,Silver,0
1102,Giulia Nair,Female,22,18-24,India,2024-08-21,Couple,Silver,1
1103,Noah Muller,Male,25,25-34,India,2025-04-23,Solo Traveller,Gold,1
1104,Camille Jones,Female,44,35-44,Netherlands,2025-10-03,Group Tour,Blue,0
1105,Oliver Taylor,Male,57,55-64,Canada,2023-11-04,Couple,Platinum,1
1106,Camille Dubois,Female,67,65+,India,2025-09-13,Solo Traveller,Blue,0
1107,Karthik Bose,Male,62,55-64,China,2024-08-30,Couple,Silver,1
1108,Hans Anderson,Male,62,55-64,India,2023-02-14,Business,Platinum,1
1109,Sneha Anderson,Female,40,35-44,India,2023-07-08,Couple,Platinum,1
1110,Sophia Rodriguez,Female,40,35-44,USA,2023-06-24,Family,Platinum,1
1111,Carlos Chen,Male,35,35-44,Japan,2023-10-19,Couple,Gold,1
1112,Priya Muller,Female,35,35-44,Japan,2025-09-15,Solo Traveller,Blue,0
1113,Ananya Chatterjee,Female,30,25-34,India,2024-01-05,Couple,Gold,1
1114,Aravind Kulkarni,Male,44,35-44,India,2023-07-11,Solo Traveller,Platinum,1
1115,Charlotte Brown,Female,30,25-34,USA,2024-10-17,Solo Traveller,Silver,1
1116,Kavya Patel,Female,28,25-34,Singapore,2024-06-15,Couple,Gold,1
1117,Lucas Miller,Male,23,18-24,India,2023-04-04,Family,Platinum,1
1118,Shruti Dubois,Female,45,45-54,India,2025-12-02,Family,Silver,0
1119,Valentina Brown,Female,42,35-44,Italy,2025-11-23,Couple,Blue,0
1120,Lucas Reddy,Male,34,25-34,India,2024-04-20,Family,Silver,1
1121,Grace Tanaka,Female,36,35-44,India,2024-04-04,Couple,Platinum,1
1122,Ishita Rao,Female,30,25-34,India,2024-06-24,Family,Platinum,1
1123,Marco Sharma,Male,54,45-54,Canada,2025-09-02,Couple,Blue,0
1124,Mia Khan,Female,42,35-44,Singapore,2024-05-02,Couple,Platinum,1
1125,Kavya Tanaka,Female,59,55-64,India,2024-09-22,Business,Platinum,1
1126,Liam Al-Sayed,Male,19,18-24,India,2026-02-27,Family,Blue,0
1127,Grace Singh,Female,32,25-34,India,2024-10-07,Couple,Silver,1
1128,Chloe Tanaka,Female,32,25-34,UAE,2025-07-26,Family,Silver,1
1129,Mia Smith,Female,36,35-44,USA,2025-01-28,Couple,Silver,1
1130,Fatima Smith,Female,57,55-64,Singapore,2024-05-23,Solo Traveller,Gold,1
1131,Nandini Tanaka,Female,49,45-54,China,2024-06-03,Couple,Platinum,1
1132,Oliver Williams,Male,47,45-54,India,2025-07-21,Solo Traveller,Silver,1
1133,Noah Anderson,Male,42,35-44,United Kingdom,2025-06-22,Family,Gold,1
1134,Amelia Nair,Female,53,45-54,Italy,2025-05-10,Couple,Blue,1
1135,Layla Taylor,Female,50,45-54,India,2024-09-16,Business,Blue,1
1136,Charlotte Rossi,Female,63,55-64,India,2024-12-01,Family,Silver,1
1137,Nandini Al-Sayed,Female,50,45-54,India,2024-12-15,Group Tour,Gold,1
1138,Sofia Rodriguez,Female,50,45-54,Australia,2023-10-03,Business,Platinum,1
1139,Mia Rao,Female,37,35-44,France,2024-04-11,Family,Gold,1
1140,Shruti Singh,Female,23,18-24,India,2024-03-07,Couple,Platinum,1
1141,Nikhil Khan,Male,35,35-44,India,2024-10-28,Group Tour,Gold,1
1142,Amelia Nair,Female,27,25-34,India,2023-09-12,Couple,Platinum,1
1143,Kavya Singh,Female,49,45-54,United Kingdom,2024-11-28,Family,Silver,1
1144,Ava Sharma,Female,46,45-54,United Kingdom,2025-11-01,Group Tour,Gold,0
1145,Aravind Taylor,Male,72,65+,India,2025-02-04,Couple,Silver,1
1146,Manish Muller,Male,32,25-34,India,2026-01-10,Family,Blue,0
1147,Manish Dubois,Male,36,35-44,Singapore,2023-01-12,Family,Platinum,1
1148,Sofia Rossi,Female,31,25-34,USA,2025-08-13,Couple,Blue,1
1149,Kavya Singh,Female,32,25-34,South Africa,2024-02-01,Couple,Blue,1
1150,Liam Rossi,Male,26,25-34,India,2025-02-28,Family,Blue,1
1151,Priya Kulkarni,Female,56,55-64,India,2025-08-15,Solo Traveller,Silver,1
1152,Rahul Sharma,Male,39,35-44,USA,2026-01-02,Group Tour,Blue,0
1153,David Reddy,Male,39,35-44,India,2023-03-05,Family,Platinum,1
1154,Ava Patel,Female,33,25-34,USA,2023-10-06,Couple,Gold,1
1155,Omar Iyer,Male,37,35-44,India,2025-09-08,Family,Platinum,0
1156,Lucas Rodriguez,Male,33,25-34,Japan,2023-04-11,Family,Platinum,1
1157,Karthik Miller,Male,47,45-54,India,2025-06-05,Solo Traveller,Gold,1
1158,Aravind Tanaka,Male,52,45-54,Australia,2023-11-06,Solo Traveller,Platinum,1
1159,Siddharth Miller,Male,44,35-44,India,2025-01-04,Couple,Gold,1
1160,Carlos Chen,Male,43,35-44,France,2025-09-11,Couple,Blue,0
1161,Sneha Al-Sayed,Female,56,55-64,India,2024-04-20,Group Tour,Gold,1
1162,Kavya Brown,Female,54,45-54,India,2023-05-07,Family,Platinum,1
1163,Charlotte Al-Sayed,Female,45,45-54,India,2025-10-14,Family,Platinum,0
1164,Elena Sharma,Female,58,55-64,United Kingdom,2026-03-30,Couple,Silver,0
1165,Aditya Muller,Male,26,25-34,India,2024-07-15,Family,Gold,1
1166,Lakshmi Rossi,Female,26,25-34,India,2025-06-17,Couple,Silver,1
1167,Ivan Taylor,Male,37,35-44,India,2025-04-18,Solo Traveller,Silver,1
1168,Valentina Brown,Female,43,35-44,France,2023-09-01,Solo Traveller,Platinum,1
1169,Shruti Rossi,Female,34,25-34,Australia,2023-03-04,Group Tour,Platinum,1
1170,Kavya Davis,Female,33,25-34,India,2024-11-07,Couple,Silver,1
1171,Aravind Brown,Male,30,25-34,Netherlands,2023-12-02,Solo Traveller,Gold,1
1172,Sophia Chatterjee,Female,45,45-54,United Kingdom,2025-07-30,Couple,Blue,1
1173,Arjun Petrov,Male,18,18-24,Singapore,2023-05-28,Group Tour,Silver,1
1174,Marco Smith,Male,33,25-34,Japan,2023-02-10,Solo Traveller,Platinum,1
1175,Isabella Davis,Female,28,25-34,India,2023-06-02,Couple,Platinum,1
1176,Chloe Chatterjee,Female,62,55-64,France,2023-03-19,Solo Traveller,Platinum,1
1177,Mei Rao,Female,40,35-44,USA,2023-11-05,Family,Gold,1
1178,Sofia Muller,Female,35,35-44,China,2023-06-28,Family,Platinum,1
1179,Hans Taylor,Male,23,18-24,India,2024-09-18,Solo Traveller,Gold,1
1180,Olivia Rodriguez,Female,29,25-34,India,2024-07-18,Couple,Silver,1
1181,Hiroshi Wilson,Male,46,45-54,United Kingdom,2023-02-17,Solo Traveller,Platinum,1
1182,Mateo Iyer,Male,42,35-44,Japan,2025-03-11,Family,Gold,1
1183,Hans Gupta,Male,25,25-34,Japan,2023-05-19,Business,Platinum,1
1184,Ananya Brown,Female,46,45-54,Australia,2023-06-18,Group Tour,Gold,1
1185,Hiroshi Johnson,Male,42,35-44,Germany,2023-07-23,Solo Traveller,Silver,1
1186,Isabella Chatterjee,Female,60,55-64,USA,2024-04-20,Business,Gold,1
1187,Aravind Anderson,Male,40,35-44,India,2023-11-01,Family,Platinum,1
1188,Ahmed Patel,Male,38,35-44,India,2025-01-16,Couple,Platinum,1
1189,Ivan Rodriguez,Male,46,45-54,India,2025-05-14,Couple,Blue,1
1190,Isabella Tanaka,Female,42,35-44,India,2025-12-11,Couple,Blue,0
1191,David Petrov,Male,39,35-44,India,2023-01-06,Solo Traveller,Gold,1
1192,Manish Taylor,Male,54,45-54,United Kingdom,2023-10-02,Solo Traveller,Platinum,1
1193,Ethan Chatterjee,Male,18,18-24,India,2023-03-27,Couple,Platinum,1
1194,Pierre Taylor,Male,33,25-34,India,2025-10-31,Family,Blue,0
1195,Liam Sharma,Male,41,35-44,India,2024-08-07,Group Tour,Silver,1
1196,Divya Menon,Female,41,35-44,India,2023-09-15,Family,Gold,1
1197,Rahul Miller,Male,27,25-34,France,2024-04-09,Family,Platinum,1
1198,Noah Nair,Male,32,25-34,India,2024-02-09,Couple,Blue,1
1199,Meera Dubois,Female,42,35-44,Singapore,2023-01-29,Family,Platinum,1
1200,Charlotte Iyer,Female,52,45-54,South Africa,2025-12-26,Couple,Silver,0
1201,Pierre Brown,Male,24,18-24,United Kingdom,2024-02-01,Family,Platinum,1
1202,Priya Williams,Female,37,35-44,Australia,2025-04-01,Family,Blue,1
1203,Anna Garcia,Female,30,25-34,India,2025-07-23,Couple,Gold,1
1204,Oliver Sharma,Male,74,65+,India,2023-01-20,Group Tour,Platinum,1
1205,Sofia Jones,Female,54,45-54,India,2024-08-02,Group Tour,Platinum,1
1206,Omar Anderson,Male,38,35-44,India,2023-06-05,Couple,Platinum,1
1207,Rohan Kulkarni,Male,50,45-54,India,2023-11-01,Family,Gold,1
1208,Nikhil Khan,Male,39,35-44,India,2023-11-19,Family,Platinum,1
1209,Charlotte Nair,Female,37,35-44,India,2024-09-26,Solo Traveller,Platinum,1
1210,Ishita Johnson,Female,23,18-24,India,2026-04-10,Solo Traveller,Blue,0
1211,Layla Menon,Female,39,35-44,India,2023-10-24,Solo Traveller,Platinum,1
1212,Thomas Rao,Male,33,25-34,India,2023-06-03,Couple,Gold,1
1213,Ava Davis,Female,32,25-34,United Kingdom,2024-11-06,Solo Traveller,Gold,1
1214,James Khan,Male,26,25-34,Canada,2025-04-07,Couple,Platinum,1
1215,James Khan,Male,41,35-44,Netherlands,2023-01-22,Family,Platinum,1
1216,Shruti Jones,Female,18,18-24,South Africa,2026-03-28,Couple,Blue,0
1217,Ishita Chen,Female,78,65+,India,2024-09-07,Couple,Silver,1
1218,Aditya Bose,Male,29,25-34,China,2025-09-08,Solo Traveller,Gold,0
1219,Valentina Jones,Female,42,35-44,France,2025-12-10,Group Tour,Blue,0
1220,Rahul Chatterjee,Male,40,35-44,India,2024-02-16,Group Tour,Platinum,1
1221,Mia Menon,Female,46,45-54,India,2024-09-05,Group Tour,Blue,1
1222,Mateo Menon,Male,45,45-54,USA,2023-10-26,Solo Traveller,Platinum,1
1223,Ethan Taylor,Male,41,35-44,India,2025-05-08,Couple,Blue,1
1224,Arjun Chatterjee,Male,58,55-64,United Kingdom,2023-04-14,Solo Traveller,Platinum,1
1225,Giulia Jones,Female,47,45-54,South Africa,2023-10-29,Business,Gold,1
1226,Sophia Miller,Female,48,45-54,France,2025-08-11,Family,Gold,1
1227,Valentina Patel,Female,48,45-54,Australia,2024-03-03,Family,Silver,1
1228,Wei Menon,Male,51,45-54,USA,2023-04-16,Solo Traveller,Platinum,1
1229,Carlos Sharma,Male,45,45-54,India,2023-12-18,Business,Gold,1
1230,Chloe Miller,Female,39,35-44,South Africa,2023-06-25,Couple,Platinum,1
1231,Arjun Wilson,Male,49,45-54,USA,2024-09-15,Solo Traveller,Silver,1
1232,Aravind Dubois,Male,36,35-44,India,2025-02-10,Family,Silver,1
1233,Hiroshi Bose,Male,39,35-44,UAE,2023-08-01,Group Tour,Gold,1
1234,Isabella Singh,Female,38,35-44,India,2024-08-02,Group Tour,Silver,1
1235,Omar Jones,Male,18,18-24,India,2023-05-02,Solo Traveller,Platinum,1
1236,Ananya Iyer,Female,50,45-54,India,2024-09-12,Family,Gold,1
1237,James Nair,Male,64,55-64,Italy,2025-03-28,Family,Silver,1
1238,Emma Jones,Female,38,35-44,India,2024-12-02,Couple,Gold,1
1239,Daniel Reddy,Male,58,55-64,India,2026-03-24,Group Tour,Blue,0
1240,Priya Menon,Female,18,18-24,United Kingdom,2026-03-03,Family,Silver,0
1241,Emma Reddy,Female,54,45-54,Australia,2025-05-02,Family,Gold,1
1242,Giulia Khan,Female,27,25-34,Singapore,2023-05-31,Business,Platinum,1
1243,Mia Patel,Female,41,35-44,India,2024-08-21,Group Tour,Gold,1
1244,Ivan Bose,Male,20,18-24,United Kingdom,2026-04-14,Solo Traveller,Blue,0
1245,Amelia Khan,Female,24,18-24,India,2024-10-31,Couple,Silver,1
1246,Mateo Rossi,Male,32,25-34,India,2025-01-29,Group Tour,Gold,1
1247,Giulia Taylor,Female,39,35-44,France,2025-03-13,Solo Traveller,Blue,1
1248,Pierre Chen,Male,18,18-24,India,2025-07-19,Family,Blue,1
1249,Emma Garcia,Female,45,45-54,Singapore,2024-12-12,Group Tour,Platinum,1
1250,Priya Reddy,Female,61,55-64,UAE,2023-07-31,Couple,Platinum,1
1251,Giulia Menon,Female,19,18-24,India,2024-11-09,Couple,Gold,1
1252,Elena Smith,Female,22,18-24,Germany,2023-07-27,Family,Gold,1
1253,Elena Gupta,Female,44,35-44,Japan,2024-03-31,Group Tour,Platinum,1
1254,Kavya Khan,Female,31,25-34,South Africa,2024-09-25,Group Tour,Gold,1
1255,Divya Chen,Female,20,18-24,USA,2025-10-16,Group Tour,Blue,0
1256,Oliver Petrov,Male,33,25-34,United Kingdom,2024-02-28,Solo Traveller,Gold,1
1257,Arjun Rao,Male,48,45-54,Australia,2025-08-15,Couple,Silver,1
1258,Aditya Miller,Male,37,35-44,India,2024-11-15,Couple,Gold,1
1259,Noah Muller,Male,58,55-64,India,2023-05-03,Couple,Platinum,1
1260,Aditya Williams,Male,39,35-44,India,2026-02-11,Group Tour,Gold,0
1261,Amelia Petrov,Female,60,55-64,France,2025-04-03,Business,Blue,1
1262,David Wilson,Male,33,25-34,India,2025-02-07,Couple,Platinum,1
1263,Liam Bose,Male,53,45-54,South Africa,2025-12-15,Group Tour,Blue,0
1264,Camille Smith,Female,46,45-54,UAE,2024-02-14,Couple,Platinum,1
1265,Hans Wilson,Male,34,25-34,USA,2024-06-29,Couple,Silver,1
1266,Rahul Iyer,Male,48,45-54,USA,2023-07-11,Solo Traveller,Silver,1
1267,Marco Al-Sayed,Male,34,25-34,Singapore,2023-06-01,Family,Platinum,1
1268,Ananya Muller,Female,54,45-54,Spain,2023-01-15,Couple,Platinum,1
1269,Ananya Smith,Female,59,55-64,India,2024-01-27,Solo Traveller,Gold,1
1270,Manish Khan,Male,32,25-34,Australia,2023-02-25,Family,Platinum,1
1271,Carlos Iyer,Male,29,25-34,India,2025-10-24,Family,Silver,0
1272,Karthik Johnson,Male,49,45-54,India,2023-06-19,Family,Gold,1
1273,Ava Dubois,Female,46,45-54,India,2024-12-20,Group Tour,Silver,1
1274,Isabella Petrov,Female,37,35-44,India,2025-03-28,Group Tour,Blue,1
1275,Thomas Nair,Male,61,55-64,Italy,2023-05-21,Group Tour,Platinum,1
1276,Mei Wilson,Female,37,35-44,Japan,2023-08-25,Solo Traveller,Silver,1
1277,Sofia Taylor,Female,24,18-24,United Kingdom,2024-10-14,Group Tour,Silver,1
1278,David Garcia,Male,29,25-34,India,2023-12-16,Family,Silver,1
1279,Priya Rossi,Female,34,25-34,Singapore,2023-04-15,Couple,Platinum,1
1280,Oliver Iyer,Male,32,25-34,Netherlands,2023-12-31,Family,Silver,1
1281,Aravind Rossi,Male,18,18-24,France,2025-10-29,Solo Traveller,Blue,0
1282,Noah Khan,Male,28,25-34,India,2023-11-28,Solo Traveller,Platinum,1
1283,Priya Rodriguez,Female,30,25-34,Japan,2025-11-17,Group Tour,Silver,0
1284,Oliver Brown,Male,32,25-34,France,2023-08-15,Family,Platinum,1
1285,Lucas Dubois,Male,44,35-44,India,2024-01-23,Solo Traveller,Gold,1
1286,Ishita Johnson,Female,59,55-64,United Kingdom,2023-04-12,Solo Traveller,Gold,1
1287,Mia Jones,Female,33,25-34,India,2024-12-21,Couple,Silver,1
1288,Fatima Petrov,Female,28,25-34,India,2024-12-09,Business,Silver,1
1289,Olivia Smith,Female,41,35-44,India,2025-11-19,Group Tour,Gold,0
1290,Siddharth Rao,Male,21,18-24,India,2026-03-23,Family,Gold,0
1291,Ethan Tanaka,Male,43,35-44,UAE,2023-12-21,Solo Traveller,Platinum,1
1292,Ivan Rodriguez,Male,23,18-24,United Kingdom,2024-11-28,Business,Gold,1
1293,Liam Chen,Male,19,18-24,UAE,2024-01-15,Group Tour,Platinum,1
1294,Pierre Chatterjee,Male,56,55-64,India,2024-11-23,Couple,Silver,1
1295,Daniel Sharma,Male,62,55-64,United Kingdom,2025-01-24,Solo Traveller,Silver,1
1296,Camille Dubois,Female,60,55-64,South Africa,2025-06-06,Business,Silver,1
1297,Mei Petrov,Female,40,35-44,Canada,2025-12-02,Family,Blue,0
1298,Arjun Bose,Male,55,55-64,India,2024-06-09,Business,Blue,1
1299,Daniel Johnson,Male,38,35-44,United Kingdom,2024-07-09,Group Tour,Gold,1
1300,Emma Khan,Female,33,25-34,India,2023-06-14,Family,Platinum,1
1301,Meera Garcia,Female,18,18-24,India,2023-11-24,Couple,Platinum,1
1302,Pierre Al-Sayed,Male,68,65+,India,2024-04-22,Group Tour,Platinum,1
1303,Rahul Tanaka,Male,22,18-24,India,2023-02-09,Solo Traveller,Platinum,1
1304,Ivan Wilson,Male,40,35-44,India,2025-03-23,Couple,Blue,1
1305,Fatima Rossi,Female,50,45-54,India,2024-06-21,Family,Silver,1
1306,Siddharth Reddy,Male,33,25-34,Canada,2026-02-27,Solo Traveller,Blue,0
1307,Michael Davis,Male,27,25-34,Italy,2024-12-23,Couple,Silver,1
1308,Camille Johnson,Female,56,55-64,UAE,2024-02-02,Group Tour,Platinum,1
1309,Grace Khan,Female,25,25-34,Germany,2024-04-02,Couple,Platinum,1
1310,Karthik Chatterjee,Male,21,18-24,India,2025-11-11,Group Tour,Blue,0
1311,Elena Dubois,Female,34,25-34,India,2026-04-03,Group Tour,Blue,0
1312,Carlos Garcia,Male,49,45-54,India,2025-08-12,Solo Traveller,Silver,1
1313,Thomas Sharma,Male,42,35-44,India,2023-06-16,Solo Traveller,Platinum,1
1314,Ahmed Rodriguez,Male,47,45-54,India,2026-01-05,Family,Blue,0
1315,Fatima Dubois,Female,36,35-44,Italy,2025-01-16,Couple,Blue,1
1316,Hiroshi Rodriguez,Male,59,55-64,Singapore,2024-03-14,Family,Gold,1
1317,Charlotte Gupta,Female,47,45-54,USA,2024-05-07,Family,Platinum,1
1318,Sophia Anderson,Female,32,25-34,India,2025-02-24,Group Tour,Gold,1
1319,Lucas Garcia,Male,51,45-54,Canada,2025-05-10,Business,Blue,1
1320,Aravind Dubois,Male,33,25-34,India,2023-10-11,Family,Gold,1
1321,Nandini Patel,Female,47,45-54,India,2024-03-05,Solo Traveller,Gold,1
1322,Lucas Sharma,Male,37,35-44,India,2023-10-19,Couple,Platinum,1
1323,Fatima Johnson,Female,52,45-54,United Kingdom,2024-03-23,Solo Traveller,Gold,1
1324,Wei Rodriguez,Male,61,55-64,India,2023-03-23,Solo Traveller,Platinum,1
1325,Rahul Bose,Male,62,55-64,USA,2023-01-16,Couple,Platinum,1
1326,Omar Dubois,Male,32,25-34,India,2024-04-12,Family,Gold,1
1327,Charlotte Reddy,Female,45,45-54,India,2023-06-09,Group Tour,Platinum,1
1328,Vikram Kulkarni,Male,41,35-44,Australia,2023-02-16,Couple,Platinum,1
1329,Giulia Bose,Female,18,18-24,India,2023-01-12,Business,Platinum,1
1330,Camille Petrov,Female,45,45-54,Japan,2025-12-07,Family,Silver,0
1331,Priya Dubois,Female,43,35-44,India,2023-11-09,Solo Traveller,Platinum,1
1332,Marco Petrov,Male,52,45-54,India,2024-11-24,Solo Traveller,Gold,1
1333,Elena Kulkarni,Female,21,18-24,Australia,2023-11-10,Family,Platinum,1
1334,Arjun Smith,Male,54,45-54,United Kingdom,2023-05-14,Solo Traveller,Platinum,1
1335,Ava Miller,Female,52,45-54,India,2025-02-20,Group Tour,Silver,1
1336,Elena Bose,Female,18,18-24,Spain,2025-05-06,Couple,Silver,1
1337,Rahul Rossi,Male,37,35-44,Italy,2026-03-11,Family,Blue,0
1338,Siddharth Johnson,Male,32,25-34,USA,2024-07-14,Family,Gold,1
1339,Charlotte Menon,Female,62,55-64,USA,2024-05-12,Business,Silver,1
1340,David Anderson,Male,50,45-54,India,2024-01-15,Family,Silver,1
1341,Giulia Davis,Female,42,35-44,India,2025-11-16,Family,Silver,0
1342,Nikhil Brown,Male,45,45-54,USA,2024-05-18,Family,Platinum,1
1343,Nikhil Anderson,Male,43,35-44,USA,2023-05-11,Solo Traveller,Platinum,1
1344,Ivan Smith,Male,33,25-34,India,2023-05-14,Family,Platinum,1
1345,Nikhil Sharma,Male,36,35-44,India,2023-11-25,Family,Gold,1
1346,Amelia Jones,Female,32,25-34,Canada,2023-05-21,Family,Platinum,1
1347,Sneha Menon,Female,44,35-44,India,2023-06-26,Family,Platinum,1
1348,Camille Patel,Female,31,25-34,India,2023-11-12,Couple,Platinum,1
1349,Charlotte Chen,Female,27,25-34,Japan,2024-03-19,Group Tour,Gold,1
1350,Arjun Sharma,Male,18,18-24,India,2025-08-21,Group Tour,Silver,0
1351,Michael Taylor,Male,49,45-54,India,2023-04-30,Couple,Platinum,1
1352,Pierre Smith,Male,26,25-34,USA,2026-01-26,Couple,Silver,0
1353,Mateo Davis,Male,32,25-34,Germany,2024-02-02,Solo Traveller,Gold,1
1354,Ahmed Williams,Male,45,45-54,India,2024-03-23,Couple,Platinum,1
1355,Ivan Williams,Male,18,18-24,Netherlands,2026-03-19,Solo Traveller,Gold,0
1356,Hiroshi Singh,Male,38,35-44,Australia,2024-03-12,Couple,Platinum,1
1357,Marco Rodriguez,Male,47,45-54,United Kingdom,2023-12-20,Family,Gold,1
1358,Grace Sharma,Female,46,45-54,South Africa,2024-05-07,Family,Platinum,1
1359,Layla Miller,Female,18,18-24,USA,2024-11-24,Couple,Gold,1
1360,Charlotte Nair,Female,39,35-44,United Kingdom,2025-12-04,Family,Silver,0
1361,Divya Bose,Female,23,18-24,Spain,2025-06-07,Business,Gold,1
1362,Ahmed Williams,Male,75,65+,India,2025-11-02,Solo Traveller,Gold,0
1363,Liam Miller,Male,44,35-44,Canada,2024-11-08,Family,Silver,1
1364,Ethan Jones,Male,54,45-54,United Kingdom,2023-06-11,Couple,Platinum,1
1365,Wei Kulkarni,Male,26,25-34,USA,2024-09-21,Business,Silver,1
1366,Hans Rodriguez,Male,20,18-24,India,2024-05-08,Family,Platinum,1
1367,Nikhil Tanaka,Male,38,35-44,India,2023-03-26,Family,Platinum,1
1368,Hiroshi Muller,Male,47,45-54,India,2023-03-16,Family,Platinum,1
1369,Rahul Anderson,Male,37,35-44,India,2025-03-15,Couple,Gold,1
1370,Oliver Petrov,Male,18,18-24,Spain,2025-05-15,Solo Traveller,Gold,1
1371,Grace Taylor,Female,39,35-44,India,2025-09-12,Group Tour,Silver,0
1372,Layla Williams,Female,42,35-44,Germany,2024-02-11,Family,Platinum,1
1373,Ethan Sharma,Male,28,25-34,France,2024-01-31,Couple,Gold,1
1374,Michael Dubois,Male,47,45-54,India,2023-03-29,Business,Platinum,1
1375,Thomas Kulkarni,Male,54,45-54,India,2024-03-03,Group Tour,Platinum,1
1376,Ananya Bose,Female,35,35-44,India,2025-07-08,Solo Traveller,Silver,1
1377,Ethan Khan,Male,24,18-24,South Africa,2024-08-17,Family,Blue,1
1378,Hiroshi Chatterjee,Male,37,35-44,India,2023-04-11,Family,Platinum,1
1379,Ananya Patel,Female,50,45-54,India,2023-07-22,Solo Traveller,Platinum,1
1380,Omar Nair,Male,61,55-64,Australia,2024-09-08,Group Tour,Gold,1
1381,Isabella Nair,Female,43,35-44,India,2024-09-18,Family,Platinum,1
1382,Oliver Patel,Male,35,35-44,Spain,2024-02-05,Business,Gold,1
1383,Pierre Reddy,Male,43,35-44,India,2023-06-21,Group Tour,Platinum,1
1384,Olivia Iyer,Female,31,25-34,India,2026-02-03,Group Tour,Blue,0
1385,Karthik Petrov,Male,39,35-44,India,2025-09-30,Couple,Silver,0
1386,Rahul Reddy,Male,32,25-34,Italy,2025-07-29,Business,Blue,1
1387,Rahul Davis,Male,59,55-64,India,2023-12-18,Group Tour,Silver,1
1388,Grace Petrov,Female,44,35-44,India,2025-11-24,Group Tour,Gold,0
1389,Sophia Sharma,Female,47,45-54,India,2023-05-02,Solo Traveller,Platinum,1
1390,Lucas Muller,Male,35,35-44,India,2023-10-23,Couple,Platinum,1
1391,Manish Brown,Male,43,35-44,USA,2025-04-17,Solo Traveller,Silver,1
1392,Rahul Nair,Male,25,25-34,India,2025-10-10,Family,Silver,0
1393,Lakshmi Davis,Female,48,45-54,Australia,2023-07-21,Couple,Gold,1
1394,Nandini Taylor,Female,21,18-24,India,2024-10-28,Couple,Platinum,1
1395,Valentina Khan,Female,48,45-54,South Africa,2025-05-29,Solo Traveller,Silver,1
1396,James Tanaka,Male,38,35-44,South Africa,2025-09-02,Solo Traveller,Silver,0
1397,Ishita Chatterjee,Female,40,35-44,India,2024-01-07,Couple,Platinum,1
1398,Lucas Muller,Male,37,35-44,India,2025-01-25,Solo Traveller,Gold,1
1399,Carlos Wilson,Male,30,25-34,Germany,2024-06-13,Group Tour,Platinum,1
1400,Emma Iyer,Female,33,25-34,India,2024-01-09,Solo Traveller,Gold,1
1401,Daniel Iyer,Male,47,45-54,Germany,2025-11-16,Business,Silver,0
1402,Siddharth Johnson,Male,54,45-54,United Kingdom,2023-11-11,Solo Traveller,Platinum,1
1403,Ava Al-Sayed,Female,30,25-34,USA,2025-03-31,Family,Blue,1
1404,Wei Dubois,Male,37,35-44,United Kingdom,2023-07-27,Couple,Platinum,1
1405,Oliver Bose,Male,18,18-24,Spain,2026-01-26,Couple,Blue,0
1406,Sophia Gupta,Female,60,55-64,India,2025-03-04,Group Tour,Blue,1
1407,Siddharth Wilson,Male,25,25-34,Canada,2025-04-19,Group Tour,Silver,1
1408,Aditya Garcia,Male,18,18-24,India,2023-04-16,Solo Traveller,Platinum,1
1409,Valentina Wilson,Female,36,35-44,India,2023-05-01,Couple,Platinum,1
1410,Lakshmi Kulkarni,Female,44,35-44,Canada,2025-06-21,Couple,Platinum,1
1411,Yuki Miller,Female,60,55-64,Germany,2025-12-24,Group Tour,Blue,0
1412,Noah Williams,Male,38,35-44,United Kingdom,2023-04-24,Family,Gold,1
1413,Yuki Anderson,Female,47,45-54,India,2024-08-15,Family,Silver,1
1414,James Iyer,Male,36,35-44,India,2025-08-20,Couple,Gold,0
1415,Grace Brown,Female,31,25-34,India,2023-01-27,Couple,Platinum,1
1416,Amelia Williams,Female,38,35-44,India,2025-09-12,Couple,Blue,0
1417,Rahul Anderson,Male,33,25-34,UAE,2025-09-13,Family,Blue,0
1418,Noah Petrov,Male,37,35-44,Australia,2025-02-16,Business,Gold,1
1419,Mia Rao,Female,39,35-44,India,2025-12-04,Family,Blue,0
1420,Oliver Khan,Male,39,35-44,China,2024-09-11,Couple,Gold,1
1421,Manish Gupta,Male,28,25-34,Spain,2025-08-06,Couple,Silver,1
1422,Elena Reddy,Female,38,35-44,India,2025-05-12,Family,Silver,1
1423,Rohan Iyer,Male,38,35-44,Italy,2023-08-04,Solo Traveller,Gold,1
1424,Grace Johnson,Female,46,45-54,Spain,2023-02-08,Group Tour,Platinum,1
1425,Daniel Smith,Male,51,45-54,India,2023-09-27,Solo Traveller,Platinum,1
1426,Olivia Taylor,Female,32,25-34,India,2023-11-08,Couple,Platinum,1
1427,David Rossi,Male,18,18-24,India,2026-03-12,Couple,Silver,0
1428,Mia Chatterjee,Female,41,35-44,Singapore,2023-08-03,Group Tour,Platinum,1
1429,Rahul Tanaka,Male,18,18-24,India,2023-06-07,Solo Traveller,Platinum,1
1430,Aravind Taylor,Male,41,35-44,South Africa,2026-03-09,Business,Blue,0
1431,Aravind Singh,Male,52,45-54,Canada,2023-11-22,Couple,Platinum,1
1432,Vikram Johnson,Male,68,65+,UAE,2025-03-01,Business,Gold,1
1433,Valentina Khan,Female,53,45-54,USA,2025-12-05,Family,Blue,0
1434,Giulia Tanaka,Female,18,18-24,Netherlands,2026-02-18,Couple,Blue,0
1435,Camille Miller,Female,18,18-24,Australia,2024-07-05,Group Tour,Platinum,1
1436,Mateo Davis,Male,54,45-54,Germany,2023-03-11,Family,Gold,1
1437,Mia Rodriguez,Female,42,35-44,South Africa,2026-04-06,Solo Traveller,Silver,0
1438,Ava Bose,Female,35,35-44,India,2023-03-16,Family,Gold,1
1439,Manish Reddy,Male,67,65+,USA,2025-04-23,Group Tour,Silver,1
1440,Daniel Smith,Male,33,25-34,Netherlands,2023-05-23,Couple,Platinum,1
1441,Chloe Anderson,Female,44,35-44,India,2025-12-05,Solo Traveller,Silver,0
1442,Omar Petrov,Male,28,25-34,India,2024-01-29,Group Tour,Silver,1
1443,Priya Rossi,Female,51,45-54,Canada,2025-08-29,Group Tour,Silver,0
1444,Ishita Reddy,Female,35,35-44,UAE,2025-02-22,Family,Silver,1
1445,Camille Anderson,Female,18,18-24,India,2023-12-21,Group Tour,Platinum,1
1446,Thomas Jones,Male,40,35-44,India,2025-12-14,Family,Silver,0
1447,Karthik Iyer,Male,38,35-44,Singapore,2023-09-09,Couple,Platinum,1
1448,Shruti Miller,Female,34,25-34,France,2023-08-22,Couple,Platinum,1
1449,Hans Rodriguez,Male,18,18-24,United Kingdom,2025-04-30,Couple,Gold,1
1450,Aravind Patel,Male,26,25-34,India,2026-02-03,Couple,Blue,0
1451,Lakshmi Rao,Female,60,55-64,India,2025-04-21,Couple,Gold,1
1452,Rahul Brown,Male,52,45-54,India,2024-07-21,Solo Traveller,Silver,1
1453,Sofia Menon,Female,30,25-34,United Kingdom,2024-09-28,Couple,Platinum,1
1454,Nikhil Wilson,Male,44,35-44,United Kingdom,2026-02-05,Group Tour,Blue,0
1455,Sneha Garcia,Female,42,35-44,Singapore,2025-01-25,Couple,Silver,1
1456,Vikram Khan,Male,52,45-54,India,2023-12-07,Solo Traveller,Platinum,1
1457,Marco Davis,Male,19,18-24,India,2023-08-11,Business,Platinum,1
1458,Daniel Kulkarni,Male,29,25-34,France,2024-12-31,Family,Silver,1
1459,Omar Brown,Male,40,35-44,India,2025-08-27,Group Tour,Gold,0
1460,Divya Johnson,Female,37,35-44,Australia,2025-04-04,Family,Blue,1
1461,Mei Dubois,Female,27,25-34,India,2024-04-15,Group Tour,Platinum,1
1462,Pierre Anderson,Male,39,35-44,Singapore,2025-07-13,Group Tour,Blue,1
1463,Karthik Rossi,Male,44,35-44,Spain,2025-01-16,Family,Gold,1
1464,Meera Davis,Female,44,35-44,India,2025-03-02,Family,Gold,1
1465,Lakshmi Nair,Female,18,18-24,USA,2023-11-24,Couple,Gold,1
1466,Divya Rao,Female,21,18-24,Netherlands,2026-02-12,Couple,Silver,0
1467,Amelia Petrov,Female,23,18-24,United Kingdom,2025-02-09,Couple,Silver,1
1468,Anna Smith,Female,58,55-64,India,2023-04-05,Family,Platinum,1
1469,Siddharth Nair,Male,21,18-24,France,2023-09-19,Group Tour,Platinum,1
1470,Arjun Wilson,Male,39,35-44,United Kingdom,2023-12-21,Group Tour,Gold,1
1471,Layla Jones,Female,33,25-34,China,2024-06-03,Family,Platinum,1
1472,Oliver Al-Sayed,Male,54,45-54,India,2023-05-21,Business,Gold,1
1473,Arjun Menon,Male,25,25-34,France,2023-04-09,Couple,Platinum,1
1474,Ahmed Rao,Male,52,45-54,India,2024-01-09,Group Tour,Platinum,1
1475,Olivia Patel,Female,43,35-44,Canada,2023-11-09,Couple,Platinum,1
1476,Divya Al-Sayed,Female,36,35-44,Australia,2025-04-02,Solo Traveller,Platinum,1
1477,Liam Johnson,Male,36,35-44,Japan,2023-09-03,Couple,Platinum,1
1478,Daniel Petrov,Male,24,18-24,India,2023-01-17,Group Tour,Platinum,1
1479,Carlos Dubois,Male,35,35-44,Netherlands,2023-12-21,Solo Traveller,Gold,1
1480,Grace Williams,Female,45,45-54,India,2023-05-05,Family,Gold,1
1481,Noah Chen,Male,18,18-24,Germany,2023-04-12,Couple,Platinum,1
1482,David Iyer,Male,43,35-44,USA,2026-02-07,Group Tour,Silver,0
1483,Divya Garcia,Female,48,45-54,India,2025-04-02,Couple,Blue,1
1484,Ishita Rodriguez,Female,18,18-24,USA,2025-03-31,Couple,Silver,1
1485,Lakshmi Brown,Female,65,65+,India,2023-09-03,Family,Platinum,1
1486,Ishita Jones,Female,23,18-24,United Kingdom,2025-10-08,Family,Blue,0
1487,Valentina Muller,Female,18,18-24,Germany,2023-11-29,Couple,Platinum,1
1488,Yuki Miller,Female,27,25-34,India,2025-06-27,Solo Traveller,Silver,1
1489,Vikram Reddy,Male,57,55-64,France,2026-01-04,Solo Traveller,Blue,0
1490,Daniel Sharma,Male,40,35-44,Australia,2025-06-03,Family,Silver,1
1491,Valentina Menon,Female,22,18-24,India,2026-03-26,Group Tour,Blue,0
1492,Isabella Singh,Female,18,18-24,Germany,2023-08-28,Couple,Platinum,1
1493,Vikram Rodriguez,Male,66,65+,UAE,2024-04-09,Solo Traveller,Platinum,1
1494,Mateo Smith,Male,49,45-54,India,2023-07-27,Family,Platinum,1
1495,Rahul Reddy,Male,40,35-44,United Kingdom,2024-06-03,Couple,Gold,1
1496,Lakshmi Johnson,Female,27,25-34,India,2024-03-17,Family,Silver,1
1497,Ahmed Anderson,Male,34,25-34,India,2025-10-03,Business,Silver,0
1498,Arjun Kulkarni,Male,39,35-44,India,2023-06-29,Couple,Platinum,1
1499,Elena Smith,Female,41,35-44,Italy,2025-01-01,Family,Blue,1
1500,Chloe Al-Sayed,Female,42,35-44,India,2026-01-20,Family,Blue,0
1501,Oliver Al-Sayed,Male,33,25-34,India,2025-09-16,Group Tour,Silver,0
1502,Thomas Johnson,Male,50,45-54,USA,2025-08-18,Solo Traveller,Silver,0
1503,Isabella Nair,Female,20,18-24,Singapore,2024-02-01,Couple,Gold,1
1504,Sophia Dubois,Female,18,18-24,India,2023-06-13,Family,Gold,1
1505,Elena Garcia,Female,38,35-44,Japan,2023-02-19,Couple,Platinum,1
1506,Rohan Nair,Male,39,35-44,Spain,2024-05-01,Solo Traveller,Platinum,1
1507,Kavya Sharma,Female,48,45-54,United Kingdom,2023-09-23,Solo Traveller,Gold,1
1508,David Tanaka,Male,41,35-44,USA,2023-04-09,Family,Platinum,1
1509,David Anderson,Male,46,45-54,USA,2023-02-22,Family,Gold,1
1510,Ahmed Al-Sayed,Male,45,45-54,India,2026-01-19,Family,Silver,0
1511,Sophia Menon,Female,44,35-44,India,2025-11-02,Solo Traveller,Blue,0
1512,Ivan Bose,Male,58,55-64,India,2023-11-09,Family,Platinum,1
1513,Ananya Rao,Female,50,45-54,USA,2025-11-27,Couple,Silver,0
1514,Daniel Singh,Male,78,65+,Australia,2023-02-02,Couple,Platinum,1
1515,Vikram Muller,Male,27,25-34,UAE,2024-07-14,Solo Traveller,Platinum,1
1516,Mateo Al-Sayed,Male,26,25-34,India,2023-08-10,Couple,Gold,1
1517,Ethan Brown,Male,29,25-34,United Kingdom,2024-02-13,Couple,Gold,1
1518,Thomas Jones,Male,55,55-64,Netherlands,2025-01-27,Group Tour,Blue,1
1519,Noah Kulkarni,Male,34,25-34,India,2023-12-16,Solo Traveller,Platinum,1
1520,Ava Nair,Female,47,45-54,Netherlands,2023-02-19,Couple,Gold,1
1521,James Dubois,Male,41,35-44,India,2023-08-05,Group Tour,Gold,1
1522,Siddharth Iyer,Male,31,25-34,Italy,2025-10-08,Couple,Silver,0
1523,Ivan Garcia,Male,42,35-44,Netherlands,2023-11-22,Group Tour,Platinum,1
1524,Wei Garcia,Male,57,55-64,India,2025-12-20,Group Tour,Blue,0
1525,Ananya Tanaka,Female,62,55-64,India,2023-01-07,Family,Platinum,1
1526,Amelia Davis,Female,45,45-54,Singapore,2025-04-15,Solo Traveller,Silver,1
1527,Ava Anderson,Female,31,25-34,India,2024-09-20,Solo Traveller,Platinum,1
1528,Aravind Al-Sayed,Male,27,25-34,Germany,2023-02-04,Solo Traveller,Platinum,1
1529,Thomas Bose,Male,56,55-64,India,2024-02-24,Couple,Platinum,1
1530,Fatima Patel,Female,20,18-24,India,2023-04-09,Solo Traveller,Silver,1
1531,Thomas Gupta,Male,46,45-54,Netherlands,2024-09-07,Couple,Silver,1
1532,Shruti Chen,Female,35,35-44,India,2024-04-13,Couple,Silver,1
1533,Ishita Al-Sayed,Female,29,25-34,India,2025-05-01,Solo Traveller,Silver,1
1534,Mateo Rossi,Male,43,35-44,Australia,2024-12-01,Family,Silver,1
1535,Meera Petrov,Female,29,25-34,USA,2024-06-09,Couple,Silver,1
1536,Daniel Garcia,Male,18,18-24,UAE,2026-03-24,Family,Gold,0
1537,Carlos Wilson,Male,34,25-34,India,2024-01-17,Couple,Platinum,1
1538,Isabella Al-Sayed,Female,53,45-54,India,2024-07-09,Couple,Platinum,1
1539,Mei Brown,Female,33,25-34,India,2023-11-26,Family,Platinum,1
1540,Rahul Petrov,Male,30,25-34,India,2025-01-06,Business,Platinum,1
1541,Olivia Khan,Female,30,25-34,India,2023-08-07,Group Tour,Gold,1
1542,Carlos Singh,Male,33,25-34,Netherlands,2025-06-28,Family,Silver,1
1543,David Rossi,Male,40,35-44,India,2023-03-10,Family,Platinum,1
1544,Ahmed Brown,Male,24,18-24,UAE,2023-05-31,Couple,Platinum,1
1545,James Chen,Male,44,35-44,Singapore,2025-02-01,Couple,Gold,1
1546,Ava Petrov,Female,48,45-54,India,2024-01-13,Business,Platinum,1
1547,Layla Williams,Female,50,45-54,India,2025-02-19,Family,Gold,1
1548,Lucas Anderson,Male,21,18-24,Japan,2026-03-27,Couple,Blue,0
1549,Nikhil Menon,Male,25,25-34,India,2025-01-16,Family,Gold,1
1550,Daniel Johnson,Male,36,35-44,India,2023-09-30,Business,Platinum,1
1551,Camille Tanaka,Female,67,65+,Germany,2025-07-09,Couple,Gold,1
1552,Lakshmi Chen,Female,41,35-44,India,2026-03-07,Couple,Blue,0
1553,Anna Anderson,Female,41,35-44,United Kingdom,2024-09-04,Business,Silver,1
1554,Elena Menon,Female,58,55-64,India,2025-10-12,Group Tour,Blue,0
1555,Ivan Khan,Male,26,25-34,India,2025-06-02,Solo Traveller,Platinum,1
1556,Arjun Tanaka,Male,62,55-64,India,2025-11-05,Family,Blue,0
1557,Anna Miller,Female,18,18-24,India,2026-01-24,Couple,Blue,0
1558,Hiroshi Menon,Male,57,55-64,India,2024-01-22,Solo Traveller,Platinum,1
1559,Shruti Chen,Female,58,55-64,South Africa,2023-03-22,Group Tour,Platinum,1
1560,Olivia Miller,Female,43,35-44,Singapore,2025-05-06,Solo Traveller,Blue,1
1561,Grace Miller,Female,27,25-34,Singapore,2023-12-30,Solo Traveller,Platinum,1
1562,Rahul Garcia,Male,29,25-34,India,2025-04-06,Couple,Silver,1
1563,Grace Wilson,Female,32,25-34,India,2023-08-21,Family,Gold,1
1564,Daniel Kulkarni,Male,26,25-34,Canada,2023-12-17,Solo Traveller,Gold,1
1565,Michael Garcia,Male,33,25-34,India,2024-10-07,Business,Platinum,1
1566,Amelia Taylor,Female,32,25-34,India,2025-09-13,Solo Traveller,Blue,0
1567,Sophia Al-Sayed,Female,18,18-24,United Kingdom,2023-10-16,Solo Traveller,Platinum,1
1568,Fatima Dubois,Female,37,35-44,India,2025-12-08,Family,Blue,0
1569,Siddharth Gupta,Male,33,25-34,India,2023-05-25,Solo Traveller,Platinum,1
1570,Ahmed Tanaka,Male,28,25-34,India,2025-07-15,Family,Silver,1
1571,Giulia Bose,Female,36,35-44,India,2025-06-05,Group Tour,Silver,1
1572,Sneha Dubois,Female,52,45-54,Singapore,2024-07-21,Couple,Silver,1
1573,Wei Rao,Male,28,25-34,UAE,2024-07-14,Business,Platinum,1
1574,Giulia Chatterjee,Female,37,35-44,Australia,2024-08-28,Solo Traveller,Platinum,1
1575,Vikram Smith,Male,30,25-34,Netherlands,2023-06-06,Couple,Platinum,1
1576,Anna Gupta,Female,44,35-44,India,2026-02-02,Couple,Blue,0
1577,James Brown,Male,39,35-44,China,2024-09-10,Family,Platinum,1
1578,Divya Williams,Female,35,35-44,Italy,2024-06-30,Solo Traveller,Silver,1
1579,Omar Brown,Male,46,45-54,India,2026-02-14,Couple,Silver,0
1580,Camille Muller,Female,36,35-44,India,2025-04-28,Group Tour,Blue,1
1581,Lakshmi Taylor,Female,58,55-64,USA,2023-11-14,Group Tour,Platinum,1
1582,Manish Sharma,Male,28,25-34,India,2024-06-13,Group Tour,Platinum,1
1583,Isabella Rao,Female,47,45-54,United Kingdom,2025-01-04,Couple,Silver,1
1584,Hiroshi Garcia,Male,45,45-54,India,2024-05-26,Business,Gold,1
1585,Isabella Davis,Female,44,35-44,Spain,2024-04-07,Solo Traveller,Gold,1
1586,Michael Jones,Male,36,35-44,India,2023-01-10,Couple,Platinum,1
1587,Divya Anderson,Female,78,65+,Japan,2024-01-11,Family,Platinum,1
1588,Marco Rodriguez,Male,46,45-54,United Kingdom,2024-12-11,Solo Traveller,Gold,1
1589,Pierre Nair,Male,56,55-64,India,2025-10-04,Couple,Platinum,0
1590,Manish Tanaka,Male,44,35-44,Australia,2024-08-21,Couple,Silver,1
1591,Ananya Patel,Female,35,35-44,United Kingdom,2024-03-09,Solo Traveller,Platinum,1
1592,Chloe Menon,Female,41,35-44,Spain,2024-10-11,Couple,Platinum,1
1593,Carlos Taylor,Male,41,35-44,Germany,2025-12-04,Couple,Gold,0
1594,James Anderson,Male,18,18-24,India,2026-01-14,Group Tour,Silver,0
1595,Hiroshi Garcia,Male,23,18-24,United Kingdom,2025-10-16,Couple,Blue,0
1596,Wei Al-Sayed,Male,42,35-44,Singapore,2025-08-28,Group Tour,Silver,0
1597,Valentina Anderson,Female,38,35-44,India,2024-08-13,Solo Traveller,Silver,1
1598,Ishita Sharma,Female,60,55-64,USA,2024-07-16,Solo Traveller,Silver,1
1599,Michael Smith,Male,44,35-44,Singapore,2025-09-07,Business,Blue,0
1600,Anna Brown,Female,50,45-54,Singapore,2024-08-08,Group Tour,Platinum,1
1601,Mateo Gupta,Male,30,25-34,Netherlands,2024-03-15,Family,Platinum,1
1602,Anna Nair,Female,26,25-34,India,2025-05-11,Couple,Gold,1
1603,Ethan Jones,Male,48,45-54,India,2024-10-17,Business,Gold,1
1604,Kavya Chatterjee,Female,38,35-44,France,2025-06-24,Couple,Silver,1
1605,Emma Rodriguez,Female,61,55-64,Spain,2023-11-06,Solo Traveller,Platinum,1
1606,Grace Gupta,Female,20,18-24,USA,2025-08-29,Group Tour,Silver,0
1607,Ethan Kulkarni,Male,18,18-24,United Kingdom,2024-02-04,Solo Traveller,Gold,1
1608,Daniel Chen,Male,47,45-54,India,2025-12-13,Solo Traveller,Blue,0
1609,Ivan Patel,Male,54,45-54,India,2024-01-09,Family,Platinum,1
1610,Aditya Petrov,Male,37,35-44,India,2023-07-27,Family,Gold,1
1611,Chloe Davis,Female,21,18-24,Australia,2025-09-13,Couple,Blue,0
1612,Arjun Chatterjee,Male,32,25-34,India,2023-05-13,Family,Platinum,1
1613,Fatima Anderson,Female,41,35-44,India,2023-04-26,Family,Platinum,1
1614,Aravind Bose,Male,21,18-24,Germany,2025-09-08,Family,Blue,0
1615,Anna Khan,Female,40,35-44,India,2023-11-21,Solo Traveller,Gold,1
1616,Amelia Brown,Female,45,45-54,Australia,2024-02-04,Solo Traveller,Platinum,1
1617,Nikhil Khan,Male,55,55-64,USA,2025-11-04,Family,Blue,0
1618,Marco Rossi,Male,29,25-34,India,2023-09-17,Couple,Platinum,1
1619,Shruti Tanaka,Female,28,25-34,UAE,2024-04-16,Group Tour,Platinum,1
1620,Manish Kulkarni,Male,34,25-34,India,2023-08-10,Family,Platinum,1
1621,Marco Smith,Male,48,45-54,France,2024-09-05,Couple,Gold,1
1622,Noah Rossi,Male,39,35-44,India,2023-06-12,Business,Gold,1
1623,Karthik Anderson,Male,24,18-24,Italy,2024-06-09,Couple,Platinum,1
1624,Vikram Chatterjee,Male,34,25-34,USA,2024-09-12,Solo Traveller,Gold,1
1625,Anna Williams,Female,33,25-34,India,2024-04-23,Group Tour,Platinum,1
1626,Rohan Wilson,Male,55,55-64,India,2023-11-03,Solo Traveller,Gold,1
1627,Rohan Muller,Male,18,18-24,United Kingdom,2024-06-11,Solo Traveller,Platinum,1
1628,Camille Menon,Female,18,18-24,India,2026-01-26,Business,Blue,0
1629,Thomas Gupta,Male,26,25-34,Singapore,2023-11-19,Couple,Gold,1
1630,Emma Rossi,Female,25,25-34,India,2025-11-08,Solo Traveller,Silver,0
1631,Mia Williams,Female,49,45-54,India,2023-12-10,Family,Gold,1
1632,Lakshmi Kulkarni,Female,20,18-24,Germany,2024-10-09,Business,Blue,1
1633,Anna Khan,Female,43,35-44,Canada,2024-05-14,Business,Gold,1
1634,Hans Iyer,Male,30,25-34,UAE,2024-12-24,Couple,Platinum,1
1635,Chloe Kulkarni,Female,34,25-34,India,2023-10-21,Couple,Platinum,1
1636,Giulia Khan,Female,42,35-44,India,2023-10-07,Couple,Platinum,1
1637,Charlotte Bose,Female,40,35-44,UAE,2024-08-08,Family,Platinum,1
1638,Omar Al-Sayed,Male,28,25-34,Germany,2025-06-16,Family,Silver,1
1639,Rohan Iyer,Male,38,35-44,India,2024-10-13,Couple,Gold,1
1640,Carlos Sharma,Male,52,45-54,India,2023-10-06,Group Tour,Platinum,1
1641,Fatima Taylor,Female,60,55-64,USA,2025-11-16,Family,Silver,0
1642,Olivia Rossi,Female,48,45-54,India,2026-03-21,Couple,Blue,0
1643,Noah Williams,Male,48,45-54,India,2025-05-09,Couple,Silver,1
1644,Aditya Menon,Male,34,25-34,India,2025-06-01,Family,Blue,1
1645,David Petrov,Male,29,25-34,USA,2024-03-14,Group Tour,Gold,1
1646,Sophia Petrov,Female,47,45-54,India,2025-05-20,Couple,Silver,1
1647,Shruti Davis,Female,59,55-64,India,2025-03-27,Family,Silver,1
1648,Omar Chatterjee,Male,29,25-34,India,2025-09-27,Solo Traveller,Silver,0
1649,Layla Rodriguez,Female,33,25-34,Australia,2025-11-08,Solo Traveller,Blue,0
1650,Layla Anderson,Female,48,45-54,France,2023-03-31,Group Tour,Gold,1
1651,Carlos Brown,Male,53,45-54,India,2025-11-08,Couple,Blue,0
1652,Chloe Williams,Female,68,65+,Germany,2025-12-18,Couple,Gold,0
1653,Michael Dubois,Male,25,25-34,Germany,2023-10-31,Couple,Gold,1
1654,Grace Patel,Female,36,35-44,India,2024-04-05,Solo Traveller,Gold,1
1655,Manish Chen,Male,21,18-24,Germany,2023-10-05,Business,Gold,1
1656,Nikhil Davis,Male,18,18-24,Germany,2026-03-13,Family,Silver,0
1657,Ishita Singh,Female,27,25-34,India,2024-04-13,Family,Silver,1
1658,Fatima Rodriguez,Female,31,25-34,UAE,2025-01-20,Solo Traveller,Blue,1
1659,Sophia Nair,Female,38,35-44,India,2025-11-06,Solo Traveller,Silver,0
1660,Nikhil Bose,Male,24,18-24,Germany,2025-12-04,Couple,Gold,0
1661,Hans Miller,Male,67,65+,India,2025-05-09,Couple,Silver,1
1662,Mei Nair,Female,31,25-34,India,2024-09-07,Group Tour,Gold,1
1663,Lucas Al-Sayed,Male,29,25-34,Canada,2024-04-27,Business,Gold,1
1664,Siddharth Johnson,Male,42,35-44,India,2026-02-26,Couple,Blue,0
1665,Aditya Nair,Male,37,35-44,USA,2023-04-09,Family,Platinum,1
1666,Noah Wilson,Male,24,18-24,India,2023-10-06,Family,Platinum,1
1667,Ahmed Bose,Male,63,55-64,India,2024-01-03,Couple,Silver,1
1668,Valentina Dubois,Female,53,45-54,Singapore,2025-04-17,Solo Traveller,Blue,1
1669,Karthik Bose,Male,37,35-44,Italy,2025-03-23,Couple,Silver,1
1670,Chloe Rao,Female,51,45-54,Germany,2025-12-01,Business,Silver,0
1671,Sneha Patel,Female,41,35-44,Japan,2025-11-01,Couple,Blue,0
1672,James Williams,Male,49,45-54,China,2025-05-28,Family,Blue,1
1673,Priya Chatterjee,Female,49,45-54,India,2025-01-13,Family,Silver,1
1674,Giulia Chen,Female,36,35-44,India,2023-07-29,Business,Gold,1
1675,Valentina Khan,Female,41,35-44,UAE,2024-03-14,Family,Platinum,1
1676,Oliver Johnson,Male,53,45-54,India,2024-02-20,Business,Gold,1
1677,Thomas Gupta,Male,37,35-44,United Kingdom,2026-03-09,Family,Blue,0
1678,Rahul Patel,Male,50,45-54,India,2023-06-28,Couple,Platinum,1
1679,Aravind Reddy,Male,41,35-44,China,2025-06-30,Family,Silver,1
1680,Nandini Davis,Female,44,35-44,Australia,2024-03-18,Solo Traveller,Silver,1
1681,Pierre Sharma,Male,18,18-24,United Kingdom,2024-01-20,Solo Traveller,Gold,1
1682,Priya Anderson,Female,33,25-34,USA,2024-11-02,Solo Traveller,Silver,1
1683,Hans Patel,Male,41,35-44,UAE,2023-10-14,Family,Gold,1
1684,Nikhil Davis,Male,49,45-54,India,2023-10-03,Family,Platinum,1
1685,Anna Patel,Female,43,35-44,India,2023-08-16,Couple,Platinum,1
1686,Isabella Chatterjee,Female,28,25-34,Canada,2025-11-05,Couple,Blue,0
1687,Anna Wilson,Female,33,25-34,Singapore,2023-02-11,Group Tour,Gold,1
1688,Manish Gupta,Male,45,45-54,Canada,2025-07-16,Family,Blue,1
1689,Carlos Rossi,Male,48,45-54,India,2025-09-07,Solo Traveller,Silver,0
1690,Hans Chatterjee,Male,26,25-34,Canada,2025-08-29,Group Tour,Blue,0
1691,Omar Anderson,Male,32,25-34,USA,2023-02-02,Family,Gold,1
1692,Lucas Singh,Male,32,25-34,India,2025-11-21,Business,Blue,0
1693,Yuki Rossi,Female,57,55-64,India,2024-03-27,Family,Blue,1
1694,Michael Bose,Male,18,18-24,Australia,2023-05-13,Group Tour,Gold,1
1695,Rohan Patel,Male,18,18-24,USA,2024-04-18,Solo Traveller,Platinum,1
1696,Ivan Khan,Male,48,45-54,India,2025-02-25,Family,Gold,1
1697,Amelia Davis,Female,30,25-34,Italy,2023-04-07,Group Tour,Gold,1
1698,Amelia Brown,Female,20,18-24,India,2024-10-16,Couple,Silver,1
1699,Hans Khan,Male,21,18-24,United Kingdom,2025-11-02,Couple,Blue,0
1700,Karthik Chatterjee,Male,51,45-54,Canada,2026-01-10,Family,Blue,0
1701,Nikhil Taylor,Male,25,25-34,Spain,2024-02-13,Couple,Gold,1
1702,Liam Rao,Male,54,45-54,India,2023-01-21,Couple,Platinum,1
1703,Pierre Singh,Male,21,18-24,Singapore,2023-07-08,Family,Platinum,1
1704,Lakshmi Tanaka,Female,45,45-54,UAE,2025-02-24,Group Tour,Silver,1
1705,Valentina Kulkarni,Female,37,35-44,Germany,2024-11-03,Business,Platinum,1
1706,Mateo Brown,Male,33,25-34,India,2024-12-06,Solo Traveller,Platinum,1
1707,Siddharth Menon,Male,25,25-34,India,2026-01-15,Family,Blue,0
1708,Aditya Rossi,Male,36,35-44,United Kingdom,2023-02-03,Solo Traveller,Platinum,1
1709,Karthik Menon,Male,42,35-44,India,2023-01-09,Family,Silver,1
1710,Elena Johnson,Female,18,18-24,India,2026-03-06,Family,Blue,0
1711,Hiroshi Iyer,Male,57,55-64,India,2023-08-23,Family,Gold,1
1712,Ahmed Williams,Male,58,55-64,India,2025-04-09,Couple,Gold,1
1713,Shruti Wilson,Female,46,45-54,USA,2024-03-14,Family,Gold,1
1714,Sofia Khan,Female,34,25-34,Australia,2024-06-01,Business,Silver,1
1715,Ava Garcia,Female,36,35-44,India,2024-08-22,Business,Platinum,1
1716,Rohan Gupta,Male,44,35-44,France,2024-11-03,Couple,Silver,1
1717,Daniel Wilson,Male,28,25-34,India,2025-02-11,Family,Blue,1
1718,Daniel Kulkarni,Male,71,65+,USA,2023-01-31,Group Tour,Platinum,1
1719,Meera Chen,Female,31,25-34,Spain,2024-11-30,Family,Gold,1
1720,Wei Al-Sayed,Male,29,25-34,Spain,2023-03-15,Solo Traveller,Gold,1
1721,Wei Smith,Male,42,35-44,United Kingdom,2024-06-26,Group Tour,Silver,1
1722,Aravind Bose,Male,45,45-54,India,2023-04-24,Couple,Platinum,1
1723,Vikram Khan,Male,48,45-54,India,2024-09-28,Couple,Silver,1
1724,Sophia Garcia,Female,35,35-44,India,2023-09-21,Solo Traveller,Platinum,1
1725,Lucas Petrov,Male,35,35-44,Japan,2024-08-23,Solo Traveller,Platinum,1
1726,Carlos Al-Sayed,Male,40,35-44,Singapore,2025-11-21,Group Tour,Blue,0
1727,Pierre Smith,Male,39,35-44,India,2025-01-31,Solo Traveller,Silver,1
1728,Vikram Iyer,Male,29,25-34,India,2023-05-31,Group Tour,Platinum,1
1729,Aditya Rodriguez,Male,18,18-24,Netherlands,2024-01-05,Family,Platinum,1
1730,Thomas Muller,Male,30,25-34,Netherlands,2025-06-01,Couple,Silver,1
1731,Ava Kulkarni,Female,22,18-24,India,2025-11-01,Business,Blue,0
1732,Ishita Patel,Female,37,35-44,UAE,2024-01-14,Group Tour,Platinum,1
1733,Noah Rossi,Male,34,25-34,India,2023-09-07,Couple,Gold,1
1734,Siddharth Wilson,Male,31,25-34,Australia,2023-12-03,Solo Traveller,Platinum,1
1735,Karthik Menon,Male,19,18-24,India,2025-05-04,Group Tour,Silver,1
1736,Ava Brown,Female,25,25-34,Australia,2023-04-16,Couple,Platinum,1
1737,Mateo Taylor,Male,18,18-24,India,2024-09-15,Solo Traveller,Blue,1
1738,Omar Rodriguez,Male,28,25-34,India,2024-07-20,Couple,Silver,1
1739,Karthik Muller,Male,40,35-44,Singapore,2024-12-23,Family,Blue,1
1740,Hans Davis,Male,34,25-34,South Africa,2023-07-29,Family,Gold,1
1741,Chloe Brown,Female,42,35-44,India,2025-09-14,Couple,Silver,0
1742,Hans Gupta,Male,30,25-34,Australia,2024-10-06,Solo Traveller,Silver,1
1743,Wei Nair,Male,62,55-64,India,2023-07-27,Solo Traveller,Platinum,1
1744,Shruti Al-Sayed,Female,45,45-54,Singapore,2023-05-02,Family,Silver,1
1745,Divya Johnson,Female,18,18-24,India,2024-06-23,Solo Traveller,Platinum,1
1746,Elena Tanaka,Female,62,55-64,Germany,2025-10-14,Solo Traveller,Blue,0
1747,Michael Garcia,Male,43,35-44,Singapore,2024-09-25,Group Tour,Silver,1
1748,Vikram Menon,Male,39,35-44,Canada,2024-12-20,Business,Platinum,1
1749,Grace Garcia,Female,59,55-64,India,2025-02-05,Couple,Gold,1
1750,Hiroshi Petrov,Male,33,25-34,India,2023-01-08,Couple,Platinum,1
1751,Nikhil Muller,Male,45,45-54,India,2023-04-12,Family,Platinum,1
1752,Ivan Jones,Male,52,45-54,India,2026-01-25,Family,Blue,0
1753,Yuki Sharma,Female,60,55-64,India,2025-04-08,Couple,Gold,1
1754,Vikram Bose,Male,33,25-34,India,2023-09-30,Couple,Platinum,1
1755,Mia Muller,Female,46,45-54,UAE,2024-05-26,Family,Gold,1
1756,Fatima Williams,Female,49,45-54,India,2023-01-04,Business,Platinum,1
1757,Thomas Kulkarni,Male,47,45-54,France,2025-05-13,Family,Blue,1
1758,Lucas Petrov,Male,65,65+,India,2024-04-25,Couple,Gold,1
1759,Ishita Al-Sayed,Female,29,25-34,Singapore,2024-04-17,Solo Traveller,Gold,1
1760,Mia Singh,Female,52,45-54,India,2025-09-01,Group Tour,Silver,0
1761,Valentina Singh,Female,21,18-24,India,2024-07-01,Business,Gold,1
1762,Valentina Khan,Female,48,45-54,India,2023-03-14,Solo Traveller,Platinum,1
1763,Lakshmi Miller,Female,47,45-54,Japan,2024-03-27,Family,Gold,1
1764,Sneha Bose,Female,40,35-44,Germany,2024-01-11,Solo Traveller,Platinum,1
1765,Fatima Williams,Female,36,35-44,India,2024-11-06,Family,Gold,1
1766,Mei Rossi,Female,43,35-44,USA,2023-12-16,Couple,Platinum,1
1767,Aditya Khan,Male,37,35-44,India,2025-05-11,Family,Silver,1
1768,Pierre Chatterjee,Male,19,18-24,India,2026-01-20,Solo Traveller,Blue,0
1769,Wei Miller,Male,43,35-44,India,2023-07-11,Couple,Platinum,1
1770,Elena Johnson,Female,48,45-54,UAE,2023-09-09,Group Tour,Platinum,1
1771,Lakshmi Chen,Female,25,25-34,UAE,2024-04-09,Solo Traveller,Gold,1
1772,Meera Brown,Female,29,25-34,Germany,2023-11-16,Solo Traveller,Gold,1
1773,Mei Rossi,Female,35,35-44,India,2024-02-26,Group Tour,Gold,1
1774,Kavya Nair,Female,23,18-24,India,2025-03-26,Group Tour,Blue,1
1775,Lakshmi Davis,Female,33,25-34,India,2025-06-17,Family,Silver,1
1776,Shruti Smith,Female,27,25-34,India,2023-08-11,Family,Gold,1
1777,Ahmed Iyer,Male,20,18-24,France,2024-11-20,Couple,Gold,1
1778,Wei Davis,Male,45,45-54,China,2024-03-30,Couple,Silver,1
1779,Thomas Jones,Male,36,35-44,India,2023-11-17,Solo Traveller,Platinum,1
1780,Vikram Jones,Male,24,18-24,United Kingdom,2023-06-24,Couple,Platinum,1
1781,Anna Rao,Female,18,18-24,United Kingdom,2025-06-02,Solo Traveller,Blue,1
1782,Arjun Nair,Male,46,45-54,Canada,2023-03-12,Group Tour,Platinum,1
1783,Yuki Anderson,Female,36,35-44,Australia,2024-04-26,Family,Platinum,1
1784,Aditya Reddy,Male,41,35-44,United Kingdom,2024-08-16,Solo Traveller,Gold,1
1785,Camille Chen,Female,41,35-44,India,2026-02-11,Family,Blue,0
1786,Liam Patel,Male,29,25-34,United Kingdom,2025-09-03,Group Tour,Blue,0
1787,Carlos Nair,Male,31,25-34,India,2023-09-06,Couple,Platinum,1
1788,Lucas Taylor,Male,33,25-34,Italy,2026-01-30,Family,Silver,0
1789,Kavya Singh,Female,53,45-54,India,2024-07-01,Family,Platinum,1
1790,Lucas Bose,Male,27,25-34,India,2024-12-13,Solo Traveller,Silver,1
1791,Carlos Singh,Male,52,45-54,India,2025-09-26,Business,Blue,0
1792,Ava Rodriguez,Female,27,25-34,India,2023-12-24,Family,Platinum,1
1793,David Johnson,Male,53,45-54,India,2024-01-17,Couple,Platinum,1
1794,Michael Nair,Male,23,18-24,India,2026-02-17,Solo Traveller,Blue,0
1795,Ethan Nair,Male,54,45-54,India,2025-12-25,Couple,Silver,0
1796,Yuki Miller,Female,59,55-64,South Africa,2026-03-04,Family,Blue,0
1797,Aravind Tanaka,Male,71,65+,India,2023-12-29,Group Tour,Platinum,1
1798,Sofia Patel,Female,44,35-44,India,2025-07-27,Group Tour,Blue,1
1799,Ethan Taylor,Male,31,25-34,Netherlands,2024-07-03,Solo Traveller,Gold,1
1800,Hans Bose,Male,71,65+,Spain,2025-07-20,Family,Silver,1
1801,David Garcia,Male,35,35-44,India,2024-02-11,Solo Traveller,Silver,1
1802,Pierre Anderson,Male,58,55-64,India,2026-01-20,Couple,Blue,0
1803,Manish Al-Sayed,Male,36,35-44,South Africa,2026-03-28,Family,Silver,0
1804,Layla Muller,Female,29,25-34,India,2025-06-02,Family,Silver,1
1805,Emma Kulkarni,Female,25,25-34,India,2024-01-07,Group Tour,Silver,1
1806,Hans Williams,Male,51,45-54,Canada,2025-11-01,Couple,Blue,0
1807,Rahul Miller,Male,57,55-64,United Kingdom,2025-04-23,Group Tour,Blue,1
1808,David Reddy,Male,32,25-34,India,2025-05-19,Group Tour,Silver,1
1809,Oliver Al-Sayed,Male,21,18-24,Canada,2025-12-28,Family,Blue,0
1810,Hiroshi Brown,Male,35,35-44,USA,2025-03-22,Group Tour,Blue,1
1811,Ahmed Brown,Male,32,25-34,India,2023-10-13,Solo Traveller,Platinum,1
1812,Lakshmi Miller,Female,30,25-34,India,2024-08-30,Family,Silver,1
1813,Lakshmi Menon,Female,41,35-44,USA,2024-10-20,Family,Platinum,1
1814,Ivan Chatterjee,Male,56,55-64,India,2023-12-22,Family,Gold,1
1815,Shruti Chen,Female,23,18-24,Australia,2023-11-05,Couple,Platinum,1
1816,Noah Sharma,Male,32,25-34,UAE,2025-12-11,Solo Traveller,Blue,0
1817,Sneha Bose,Female,19,18-24,India,2023-03-31,Family,Platinum,1
1818,Omar Davis,Male,62,55-64,Singapore,2024-06-12,Solo Traveller,Silver,1
1819,David Nair,Male,31,25-34,UAE,2025-04-08,Business,Silver,1
1820,Carlos Rossi,Male,41,35-44,India,2023-12-23,Family,Platinum,1
1821,Noah Reddy,Male,43,35-44,Germany,2023-06-07,Solo Traveller,Platinum,1
1822,Oliver Sharma,Male,42,35-44,Japan,2023-09-18,Solo Traveller,Gold,1
1823,Manish Garcia,Male,55,55-64,Australia,2024-09-06,Family,Silver,1
1824,Noah Muller,Male,39,35-44,Germany,2025-03-15,Family,Silver,1
1825,Anna Miller,Female,51,45-54,India,2026-03-06,Couple,Blue,0
1826,Ivan Rodriguez,Male,42,35-44,South Africa,2023-10-03,Couple,Silver,1
1827,Karthik Wilson,Male,37,35-44,UAE,2024-06-01,Couple,Silver,1
1828,Lakshmi Jones,Female,38,35-44,India,2023-08-05,Family,Silver,1
1829,Hiroshi Al-Sayed,Male,34,25-34,India,2025-08-12,Solo Traveller,Gold,1
1830,Manish Rossi,Male,55,55-64,India,2025-03-21,Solo Traveller,Gold,1
1831,Kavya Menon,Female,35,35-44,India,2025-03-28,Couple,Blue,1
1832,Hans Muller,Male,28,25-34,USA,2023-05-10,Family,Platinum,1
1833,Mia Patel,Female,47,45-54,UAE,2024-03-09,Solo Traveller,Platinum,1
1834,Rohan Bose,Male,25,25-34,USA,2024-10-07,Group Tour,Platinum,1
1835,Sneha Garcia,Female,50,45-54,India,2025-03-07,Group Tour,Gold,1
1836,Fatima Brown,Female,39,35-44,USA,2025-07-04,Solo Traveller,Silver,1
1837,Michael Rao,Male,38,35-44,United Kingdom,2023-06-23,Solo Traveller,Gold,1
1838,Lucas Bose,Male,48,45-54,UAE,2024-05-24,Group Tour,Gold,1
1839,Manish Garcia,Male,43,35-44,India,2023-04-04,Family,Platinum,1
1840,Sophia Al-Sayed,Female,34,25-34,Germany,2025-06-07,Family,Blue,1
1841,Aditya Wilson,Male,28,25-34,India,2024-08-09,Couple,Gold,1
1842,Yuki Chen,Female,44,35-44,Singapore,2024-03-05,Solo Traveller,Platinum,1
1843,Kavya Rodriguez,Female,38,35-44,UAE,2023-11-24,Couple,Gold,1
1844,Karthik Tanaka,Male,41,35-44,France,2023-08-23,Group Tour,Platinum,1
1845,Vikram Wilson,Male,50,45-54,India,2025-04-03,Couple,Gold,1
1846,Shruti Bose,Female,40,35-44,South Africa,2026-02-09,Solo Traveller,Blue,0
1847,Rohan Al-Sayed,Male,48,45-54,South Africa,2026-01-16,Couple,Silver,0
1848,Omar Nair,Male,31,25-34,India,2026-01-01,Family,Silver,0
1849,Isabella Al-Sayed,Female,42,35-44,United Kingdom,2024-08-11,Business,Gold,1
1850,Rahul Gupta,Male,31,25-34,India,2023-02-21,Family,Platinum,1
1851,Divya Johnson,Female,36,35-44,India,2025-02-20,Family,Gold,1
1852,Michael Nair,Male,36,35-44,USA,2025-11-11,Couple,Silver,0
1853,Arjun Brown,Male,26,25-34,India,2024-05-13,Business,Gold,1
1854,Siddharth Menon,Male,18,18-24,India,2025-03-03,Solo Traveller,Silver,1
1855,Lucas Wilson,Male,19,18-24,India,2024-09-29,Solo Traveller,Gold,1
1856,Vikram Gupta,Male,31,25-34,India,2023-08-30,Group Tour,Platinum,1
1857,Valentina Smith,Female,35,35-44,United Kingdom,2025-05-19,Group Tour,Platinum,1
1858,Carlos Sharma,Male,25,25-34,United Kingdom,2024-08-17,Family,Gold,1
1859,Nikhil Johnson,Male,34,25-34,USA,2024-10-26,Couple,Gold,1
1860,Rohan Nair,Male,20,18-24,Australia,2023-04-06,Solo Traveller,Platinum,1
1861,Rohan Smith,Male,23,18-24,Netherlands,2023-04-16,Couple,Platinum,1
1862,Lakshmi Brown,Female,40,35-44,Canada,2023-04-25,Couple,Platinum,1
1863,Kavya Nair,Female,70,65+,India,2024-12-31,Solo Traveller,Blue,1
1864,Grace Anderson,Female,26,25-34,Germany,2024-09-14,Couple,Silver,1
1865,Anna Al-Sayed,Female,52,45-54,Australia,2025-12-10,Couple,Silver,0
1866,Vikram Bose,Male,21,18-24,Netherlands,2023-10-26,Couple,Gold,1
1867,James Petrov,Male,46,45-54,USA,2025-03-06,Couple,Silver,1
1868,Chloe Chatterjee,Female,38,35-44,Singapore,2025-12-01,Couple,Gold,0
1869,Shruti Petrov,Female,29,25-34,India,2026-01-20,Group Tour,Blue,0
1870,Fatima Rossi,Female,46,45-54,India,2025-10-10,Family,Blue,0
1871,Aravind Rodriguez,Male,49,45-54,India,2023-10-16,Business,Gold,1
1872,Sneha Rao,Female,54,45-54,France,2024-03-17,Family,Platinum,1
1873,Thomas Williams,Male,41,35-44,Germany,2024-05-24,Business,Silver,1
1874,Camille Rao,Female,55,55-64,India,2026-03-31,Family,Blue,0
1875,Ivan Garcia,Male,45,45-54,South Africa,2023-03-21,Solo Traveller,Platinum,1
1876,Camille Bose,Female,54,45-54,USA,2025-10-20,Couple,Blue,0
1877,Ivan Davis,Male,19,18-24,Netherlands,2024-06-13,Family,Gold,1
1878,Meera Muller,Female,33,25-34,USA,2023-07-10,Couple,Platinum,1
1879,Ivan Petrov,Male,39,35-44,India,2024-12-22,Group Tour,Gold,1
1880,Daniel Sharma,Male,54,45-54,India,2024-06-09,Group Tour,Gold,1
1881,James Singh,Male,27,25-34,Singapore,2024-06-16,Solo Traveller,Platinum,1
1882,Liam Anderson,Male,37,35-44,India,2024-12-20,Family,Blue,1
1883,Lakshmi Chatterjee,Female,49,45-54,France,2023-11-22,Couple,Gold,1
1884,Sophia Jones,Female,38,35-44,India,2023-01-29,Business,Platinum,1
1885,Mateo Reddy,Male,36,35-44,India,2023-05-30,Solo Traveller,Platinum,1
1886,Layla Iyer,Female,50,45-54,Italy,2023-01-17,Solo Traveller,Platinum,1
1887,Liam Reddy,Male,32,25-34,India,2024-06-27,Family,Silver,1
1888,Anna Menon,Female,55,55-64,United Kingdom,2025-04-28,Solo Traveller,Gold,1
1889,Wei Petrov,Male,43,35-44,India,2023-02-08,Business,Platinum,1
1890,Ethan Bose,Male,28,25-34,India,2023-07-22,Group Tour,Platinum,1
1891,Valentina Williams,Female,32,25-34,India,2024-08-24,Family,Gold,1
1892,Amelia Tanaka,Female,39,35-44,India,2026-03-09,Business,Blue,0
1893,Divya Singh,Female,38,35-44,Netherlands,2025-06-14,Family,Blue,1
1894,Nikhil Williams,Male,35,35-44,Spain,2024-02-16,Couple,Platinum,1
1895,Ishita Khan,Female,27,25-34,USA,2023-07-26,Family,Gold,1
1896,Camille Reddy,Female,30,25-34,India,2025-01-21,Couple,Silver,1
1897,Aditya Khan,Male,53,45-54,India,2023-11-01,Solo Traveller,Platinum,1
1898,Rahul Jones,Male,35,35-44,India,2024-01-31,Couple,Platinum,1
1899,James Sharma,Male,36,35-44,Singapore,2024-08-03,Family,Gold,1
1900,Mateo Williams,Male,61,55-64,South Africa,2023-07-11,Couple,Gold,1
1901,Rohan Muller,Male,56,55-64,India,2025-03-30,Business,Silver,1
1902,Nandini Singh,Female,36,35-44,Germany,2024-03-09,Couple,Silver,1
1903,Shruti Sharma,Female,28,25-34,China,2025-01-26,Family,Silver,1
1904,Thomas Muller,Male,50,45-54,India,2024-01-05,Family,Platinum,1
1905,Sophia Al-Sayed,Female,68,65+,India,2024-08-17,Solo Traveller,Gold,1
1906,Wei Singh,Male,28,25-34,India,2023-07-07,Family,Gold,1
1907,Shruti Bose,Female,34,25-34,India,2023-04-23,Couple,Gold,1
1908,Ahmed Miller,Male,28,25-34,Japan,2026-03-02,Family,Gold,0
1909,Lakshmi Johnson,Female,18,18-24,India,2023-05-29,Couple,Platinum,1
1910,Chloe Patel,Female,48,45-54,Canada,2025-03-03,Solo Traveller,Blue,1
1911,Ethan Johnson,Male,42,35-44,USA,2025-12-24,Family,Blue,0
1912,Yuki Anderson,Female,41,35-44,India,2024-07-08,Family,Silver,1
1913,Noah Rossi,Male,29,25-34,India,2024-06-18,Family,Blue,1
1914,Aravind Iyer,Male,22,18-24,India,2025-11-30,Solo Traveller,Gold,0
1915,Nandini Sharma,Female,35,35-44,India,2024-06-16,Solo Traveller,Platinum,1
1916,Ethan Kulkarni,Male,27,25-34,India,2024-03-20,Family,Gold,1
1917,Charlotte Garcia,Female,56,55-64,India,2024-09-01,Group Tour,Silver,1
1918,Ivan Al-Sayed,Male,30,25-34,India,2024-05-02,Family,Silver,1
1919,Hiroshi Gupta,Male,27,25-34,India,2024-04-26,Family,Gold,1
1920,Sofia Taylor,Female,48,45-54,India,2025-07-25,Family,Silver,1
1921,Rohan Dubois,Male,34,25-34,India,2024-03-06,Group Tour,Platinum,1
1922,Giulia Taylor,Female,33,25-34,India,2023-08-04,Couple,Platinum,1
1923,Rahul Johnson,Male,37,35-44,Spain,2024-11-24,Family,Silver,1
1924,Amelia Wilson,Female,19,18-24,India,2026-03-22,Couple,Blue,0
1925,Meera Williams,Female,49,45-54,India,2025-12-11,Family,Silver,0
1926,Thomas Menon,Male,37,35-44,Germany,2025-07-23,Group Tour,Blue,1
1927,Arjun Kulkarni,Male,38,35-44,India,2023-04-22,Family,Platinum,1
1928,Valentina Petrov,Female,52,45-54,Netherlands,2024-08-26,Group Tour,Silver,1
1929,Mia Reddy,Female,38,35-44,India,2025-07-07,Family,Silver,1
1930,Pierre Brown,Male,33,25-34,India,2024-11-30,Business,Platinum,1
1931,Yuki Petrov,Female,44,35-44,Japan,2024-12-22,Business,Gold,1
1932,Hiroshi Rodriguez,Male,51,45-54,Germany,2026-02-09,Family,Blue,0
1933,Shruti Rao,Female,28,25-34,India,2024-04-08,Couple,Gold,1
1934,Grace Muller,Female,23,18-24,India,2026-01-08,Couple,Blue,0
1935,Charlotte Kulkarni,Female,38,35-44,Spain,2025-10-05,Group Tour,Blue,0
1936,Chloe Sharma,Female,37,35-44,India,2023-05-31,Family,Gold,1
1937,James Nair,Male,29,25-34,India,2024-07-13,Group Tour,Platinum,1
1938,Charlotte Jones,Female,18,18-24,India,2025-03-14,Group Tour,Silver,1
1939,David Wilson,Male,39,35-44,United Kingdom,2025-05-24,Group Tour,Silver,1
1940,Manish Garcia,Male,50,45-54,USA,2023-04-19,Solo Traveller,Platinum,1
1941,Amelia Davis,Female,34,25-34,Germany,2025-11-16,Family,Gold,0
1942,Chloe Davis,Female,39,35-44,Canada,2024-01-28,Business,Blue,1
1943,Omar Gupta,Male,61,55-64,India,2023-07-29,Solo Traveller,Platinum,1
1944,Nandini Davis,Female,26,25-34,India,2023-03-05,Family,Gold,1
1945,Anna Nair,Female,18,18-24,India,2023-07-02,Family,Platinum,1
1946,Liam Jones,Male,19,18-24,India,2024-06-29,Couple,Gold,1
1947,Ivan Rossi,Male,30,25-34,India,2025-11-25,Couple,Silver,0
1948,Thomas Brown,Male,38,35-44,India,2025-01-04,Business,Gold,1
1949,Chloe Wilson,Female,37,35-44,Australia,2025-05-26,Group Tour,Silver,1
1950,Aditya Patel,Male,50,45-54,Japan,2023-11-20,Couple,Gold,1
1951,Amelia Petrov,Female,50,45-54,Japan,2024-04-25,Solo Traveller,Blue,1
1952,David Rodriguez,Male,23,18-24,India,2023-03-03,Group Tour,Platinum,1
1953,Nandini Smith,Female,32,25-34,India,2025-09-18,Couple,Blue,0
1954,Carlos Johnson,Male,55,55-64,UAE,2024-09-01,Solo Traveller,Gold,1
1955,Ivan Chatterjee,Male,39,35-44,India,2024-09-05,Couple,Gold,1
1956,Ishita Jones,Female,39,35-44,Canada,2023-09-08,Couple,Platinum,1
1957,Fatima Smith,Female,43,35-44,United Kingdom,2023-02-25,Couple,Platinum,1
1958,Ivan Gupta,Male,41,35-44,India,2024-05-20,Group Tour,Platinum,1
1959,Ahmed Reddy,Male,20,18-24,Singapore,2023-09-28,Couple,Platinum,1
1960,Manish Khan,Male,40,35-44,India,2025-10-28,Family,Blue,0
1961,Valentina Garcia,Female,46,45-54,Germany,2024-12-26,Couple,Gold,1
1962,Lucas Menon,Male,54,45-54,India,2023-05-14,Couple,Silver,1
1963,Ivan Johnson,Male,53,45-54,India,2024-07-28,Family,Silver,1
1964,Sofia Rossi,Female,55,55-64,India,2025-10-06,Couple,Silver,0
1965,Ava Miller,Female,32,25-34,United Kingdom,2023-06-27,Family,Platinum,1
1966,Divya Davis,Female,44,35-44,India,2026-04-04,Family,Blue,0
1967,Charlotte Anderson,Female,34,25-34,India,2023-03-28,Family,Gold,1
1968,Thomas Anderson,Male,30,25-34,Japan,2024-07-31,Family,Gold,1
1969,Fatima Anderson,Female,30,25-34,India,2024-05-29,Couple,Gold,1
1970,Thomas Davis,Male,35,35-44,Italy,2025-09-16,Business,Blue,0
1971,Charlotte Nair,Female,33,25-34,India,2024-02-01,Couple,Platinum,1
1972,Hiroshi Nair,Male,42,35-44,India,2025-03-15,Group Tour,Blue,1
1973,Rohan Reddy,Male,41,35-44,Canada,2026-03-24,Family,Silver,0
1974,Ava Miller,Female,75,65+,United Kingdom,2023-06-18,Group Tour,Gold,1
1975,Mateo Smith,Male,40,35-44,India,2024-12-18,Couple,Gold,1
1976,Lakshmi Singh,Female,22,18-24,Australia,2024-10-18,Solo Traveller,Silver,1
1977,Nikhil Jones,Male,48,45-54,Italy,2025-12-20,Family,Gold,0
1978,Chloe Bose,Female,66,65+,Italy,2024-10-21,Group Tour,Silver,1
1979,Elena Muller,Female,55,55-64,India,2023-11-04,Family,Gold,1
1980,Omar Chen,Male,55,55-64,India,2024-12-28,Couple,Blue,1
1981,Thomas Tanaka,Male,24,18-24,India,2025-09-30,Solo Traveller,Silver,0
1982,Amelia Taylor,Female,30,25-34,China,2024-10-17,Solo Traveller,Silver,1
1983,Karthik Al-Sayed,Male,18,18-24,Spain,2025-07-29,Couple,Silver,1
1984,Amelia Muller,Female,51,45-54,Singapore,2023-10-24,Family,Silver,1
1985,Lucas Tanaka,Male,36,35-44,USA,2024-10-08,Couple,Gold,1
1986,David Reddy,Male,61,55-64,India,2024-04-20,Couple,Platinum,1
1987,Pierre Rodriguez,Male,45,45-54,India,2025-10-18,Couple,Silver,0
1988,Lakshmi Smith,Female,49,45-54,United Kingdom,2024-06-27,Family,Gold,1
1989,Giulia Brown,Female,25,25-34,France,2024-08-14,Family,Silver,1
1990,Kavya Nair,Female,35,35-44,Germany,2026-02-18,Solo Traveller,Blue,0
1991,Liam Al-Sayed,Male,56,55-64,India,2023-08-18,Group Tour,Silver,1
1992,Yuki Petrov,Female,46,45-54,USA,2024-10-22,Couple,Blue,1
1993,David Khan,Male,78,65+,India,2023-03-31,Family,Platinum,1
1994,Arjun Nair,Male,40,35-44,India,2024-11-14,Couple,Blue,1
1995,Valentina Miller,Female,20,18-24,India,2025-02-12,Solo Traveller,Blue,1
1996,Ivan Williams,Male,28,25-34,India,2026-02-14,Solo Traveller,Blue,0
1997,Camille Chatterjee,Female,48,45-54,Australia,2023-09-21,Family,Gold,1
1998,Camille Singh,Female,33,25-34,United Kingdom,2023-09-16,Group Tour,Gold,1
1999,James Al-Sayed,Male,46,45-54,India,2023-09-13,Group Tour,Platinum,1
2000,Emma Bose,Female,50,45-54,Canada,2025-04-28,Family,Blue,1
2001,Noah Chatterjee,Male,25,25-34,India,2025-10-03,Couple,Silver,0
2002,Noah Rodriguez,Male,33,25-34,UAE,2023-10-29,Solo Traveller,Platinum,1
2003,Ivan Reddy,Male,36,35-44,India,2025-07-24,Couple,Gold,1
2004,Vikram Reddy,Male,38,35-44,Australia,2024-09-03,Group Tour,Gold,1
2005,Divya Williams,Female,55,55-64,India,2024-10-05,Solo Traveller,Gold,1
2006,Lucas Wilson,Male,31,25-34,India,2024-02-28,Couple,Gold,1
2007,Sophia Rao,Female,43,35-44,India,2026-02-04,Solo Traveller,Blue,0
2008,Mateo Williams,Male,45,45-54,India,2023-07-11,Couple,Platinum,1
2009,Rohan Gupta,Male,59,55-64,France,2024-06-16,Couple,Silver,1
2010,Amelia Jones,Female,49,45-54,China,2023-06-26,Couple,Platinum,1
2011,Mia Johnson,Female,23,18-24,India,2026-03-13,Group Tour,Blue,0
2012,Sofia Miller,Female,62,55-64,Italy,2024-12-20,Family,Silver,1
2013,Michael Kulkarni,Male,38,35-44,India,2023-02-28,Group Tour,Platinum,1
2014,Nikhil Singh,Male,69,65+,Japan,2025-04-06,Family,Platinum,1
2015,Nikhil Rodriguez,Male,36,35-44,Netherlands,2023-05-10,Group Tour,Gold,1
2016,Elena Nair,Female,24,18-24,Singapore,2023-10-23,Couple,Platinum,1
2017,Anna Chatterjee,Female,43,35-44,India,2024-10-22,Group Tour,Blue,1
2018,Mia Iyer,Female,42,35-44,Italy,2023-05-01,Group Tour,Platinum,1
2019,Layla Gupta,Female,63,55-64,Australia,2023-05-12,Solo Traveller,Platinum,1
2020,Oliver Patel,Male,38,35-44,USA,2024-09-22,Family,Silver,1
2021,Ethan Nair,Male,20,18-24,India,2023-01-15,Couple,Platinum,1
2022,Marco Davis,Male,53,45-54,India,2024-10-04,Solo Traveller,Gold,1
2023,Kavya Anderson,Female,39,35-44,India,2026-03-18,Family,Platinum,0
2024,Layla Sharma,Female,60,55-64,Singapore,2024-04-19,Family,Gold,1
2025,Marco Muller,Male,18,18-24,USA,2023-05-13,Family,Gold,1
2026,Ava Wilson,Female,46,45-54,India,2025-06-03,Group Tour,Silver,1
2027,Layla Wilson,Female,38,35-44,France,2023-01-07,Business,Platinum,1
2028,Giulia Dubois,Female,44,35-44,Spain,2025-03-29,Couple,Silver,1
2029,Priya Bose,Female,42,35-44,USA,2025-01-14,Group Tour,Blue,1
2030,Siddharth Chatterjee,Male,32,25-34,India,2025-12-28,Family,Blue,0
2031,Ahmed Muller,Male,18,18-24,Singapore,2025-08-18,Group Tour,Blue,0
2032,David Bose,Male,21,18-24,United Kingdom,2026-03-29,Couple,Blue,0
2033,Valentina Brown,Female,63,55-64,India,2024-07-22,Couple,Silver,1
2034,Sophia Bose,Female,40,35-44,Australia,2023-05-22,Couple,Platinum,1
2035,Meera Miller,Female,29,25-34,India,2024-06-20,Business,Gold,1
2036,Arjun Miller,Male,52,45-54,Germany,2023-06-19,Couple,Gold,1
2037,Nandini Rao,Female,65,65+,UAE,2023-08-17,Family,Gold,1
2038,Omar Jones,Male,56,55-64,India,2023-10-25,Couple,Platinum,1
2039,Pierre Rao,Male,61,55-64,India,2025-06-08,Solo Traveller,Silver,1
2040,Mei Wilson,Female,46,45-54,Japan,2024-10-13,Couple,Silver,1
2041,Sofia Iyer,Female,34,25-34,South Africa,2023-09-16,Couple,Gold,1
2042,Priya Rao,Female,46,45-54,Australia,2023-08-02,Business,Gold,1
2043,James Chen,Male,18,18-24,USA,2024-04-05,Family,Platinum,1
2044,Wei Rao,Male,59,55-64,USA,2025-06-13,Solo Traveller,Gold,1
2045,Ava Kulkarni,Female,46,45-54,Italy,2026-03-28,Solo Traveller,Silver,0
2046,Aditya Petrov,Male,23,18-24,India,2023-01-21,Business,Platinum,1
2047,Mia Tanaka,Female,18,18-24,United Kingdom,2023-03-25,Couple,Platinum,1
2048,Mia Chen,Female,41,35-44,USA,2024-07-11,Business,Platinum,1
2049,Pierre Smith,Male,44,35-44,Singapore,2023-02-03,Family,Platinum,1
2050,Sofia Singh,Female,33,25-34,Japan,2024-06-15,Couple,Platinum,1
2051,Valentina Petrov,Female,28,25-34,India,2023-05-10,Couple,Platinum,1
2052,Camille Rossi,Female,51,45-54,Netherlands,2023-06-06,Family,Gold,1
2053,Mei Johnson,Female,47,45-54,United Kingdom,2023-02-19,Family,Platinum,1
2054,Thomas Garcia,Male,46,45-54,USA,2024-07-31,Couple,Gold,1
2055,Lakshmi Johnson,Female,51,45-54,India,2023-03-05,Family,Platinum,1
2056,Divya Gupta,Female,25,25-34,India,2024-04-25,Couple,Platinum,1
2057,Wei Chen,Male,18,18-24,India,2023-06-10,Group Tour,Platinum,1
2058,Amelia Bose,Female,38,35-44,France,2025-11-08,Couple,Silver,0
2059,Siddharth Reddy,Male,18,18-24,Italy,2025-03-09,Family,Platinum,1
2060,Mei Patel,Female,66,65+,India,2025-01-11,Group Tour,Silver,1
2061,Hans Garcia,Male,23,18-24,United Kingdom,2023-01-18,Business,Gold,1
2062,Mia Dubois,Female,31,25-34,India,2025-07-18,Solo Traveller,Blue,1
2063,Pierre Brown,Male,51,45-54,United Kingdom,2025-10-02,Couple,Blue,0
2064,Lakshmi Petrov,Female,33,25-34,India,2025-11-10,Couple,Gold,0
2065,Lakshmi Taylor,Female,44,35-44,India,2024-07-01,Business,Gold,1
2066,Charlotte Garcia,Female,51,45-54,India,2025-06-07,Solo Traveller,Silver,1
2067,Oliver Anderson,Male,45,45-54,Australia,2025-10-04,Couple,Silver,0
2068,Pierre Muller,Male,41,35-44,France,2025-04-18,Solo Traveller,Platinum,1
2069,Rohan Khan,Male,25,25-34,India,2023-02-14,Couple,Platinum,1
2070,Camille Williams,Female,35,35-44,UAE,2024-08-23,Couple,Gold,1
2071,Priya Singh,Female,18,18-24,USA,2023-07-08,Group Tour,Platinum,1
2072,Arjun Al-Sayed,Male,31,25-34,China,2026-03-20,Business,Silver,0
2073,Oliver Nair,Male,46,45-54,Canada,2024-02-04,Solo Traveller,Platinum,1
2074,Giulia Chatterjee,Female,30,25-34,United Kingdom,2025-03-07,Solo Traveller,Silver,1
2075,Ava Bose,Female,24,18-24,United Kingdom,2023-10-20,Couple,Platinum,1
2076,Pierre Sharma,Male,22,18-24,UAE,2025-05-07,Group Tour,Blue,1
2077,Mateo Chen,Male,18,18-24,Australia,2025-03-01,Solo Traveller,Gold,1
2078,Noah Muller,Male,31,25-34,India,2023-08-14,Solo Traveller,Gold,1
2079,Omar Rao,Male,58,55-64,USA,2024-11-14,Couple,Gold,1
2080,Ahmed Dubois,Male,36,35-44,India,2023-04-11,Family,Platinum,1
2081,Manish Petrov,Male,45,45-54,India,2025-12-09,Group Tour,Silver,0
2082,Camille Kulkarni,Female,30,25-34,USA,2024-11-19,Family,Gold,1
2083,Sneha Sharma,Female,21,18-24,India,2025-12-19,Group Tour,Silver,0
2084,Yuki Iyer,Female,33,25-34,India,2026-04-09,Family,Blue,0
2085,Arjun Taylor,Male,59,55-64,Germany,2023-05-27,Couple,Platinum,1
2086,Nikhil Tanaka,Male,27,25-34,Italy,2025-04-28,Couple,Silver,1
2087,Shruti Johnson,Female,28,25-34,India,2023-03-05,Group Tour,Platinum,1
2088,Sophia Rodriguez,Female,55,55-64,Australia,2025-11-10,Group Tour,Blue,0
2089,Amelia Nair,Female,52,45-54,United Kingdom,2023-01-17,Solo Traveller,Platinum,1
2090,David Khan,Male,55,55-64,India,2024-04-05,Business,Gold,1
2091,Isabella Williams,Female,35,35-44,United Kingdom,2025-10-12,Couple,Blue,0
2092,Aravind Gupta,Male,37,35-44,Netherlands,2024-05-22,Solo Traveller,Gold,1
2093,Michael Brown,Male,30,25-34,USA,2025-07-23,Group Tour,Gold,1
2094,Fatima Dubois,Female,27,25-34,Singapore,2024-08-19,Solo Traveller,Blue,1
2095,Hiroshi Nair,Male,27,25-34,Canada,2024-12-10,Couple,Silver,1
2096,Layla Dubois,Female,52,45-54,UAE,2026-01-08,Couple,Blue,0
2097,Meera Garcia,Female,29,25-34,Italy,2023-10-28,Family,Silver,1
2098,Manish Garcia,Male,34,25-34,Italy,2024-06-25,Family,Silver,1
2099,Fatima Khan,Female,52,45-54,India,2024-11-21,Solo Traveller,Blue,1
2100,Liam Davis,Male,76,65+,Singapore,2023-09-26,Family,Platinum,1
2101,Carlos Tanaka,Male,29,25-34,USA,2026-03-15,Group Tour,Blue,0
2102,Lucas Tanaka,Male,36,35-44,India,2026-02-09,Business,Blue,0
2103,Ava Garcia,Female,31,25-34,South Africa,2024-06-19,Business,Silver,1
2104,Marco Miller,Male,40,35-44,India,2023-02-13,Couple,Platinum,1
2105,Wei Singh,Male,18,18-24,USA,2025-01-03,Solo Traveller,Gold,1
2106,Elena Garcia,Female,64,55-64,USA,2023-10-28,Couple,Platinum,1
2107,Shruti Williams,Female,49,45-54,India,2024-07-22,Family,Silver,1
2108,Lucas Garcia,Male,29,25-34,USA,2023-08-05,Couple,Platinum,1
2109,Grace Rossi,Female,41,35-44,UAE,2023-07-01,Family,Platinum,1
2110,Lucas Wilson,Male,44,35-44,India,2026-04-13,Group Tour,Blue,0
2111,Pierre Smith,Male,51,45-54,India,2026-03-21,Family,Blue,0
2112,Ivan Chatterjee,Male,56,55-64,India,2023-06-13,Solo Traveller,Platinum,1
2113,Arjun Bose,Male,18,18-24,India,2023-07-05,Family,Platinum,1
2114,Aravind Rodriguez,Male,25,25-34,India,2023-06-05,Solo Traveller,Platinum,1
2115,Valentina Patel,Female,56,55-64,USA,2025-02-16,Family,Silver,1
2116,Ishita Muller,Female,22,18-24,India,2026-02-08,Family,Blue,0
2117,Hans Bose,Male,24,18-24,USA,2025-01-23,Solo Traveller,Silver,1
2118,Priya Rossi,Female,37,35-44,Australia,2023-08-07,Solo Traveller,Platinum,1
2119,Vikram Brown,Male,37,35-44,India,2023-05-03,Solo Traveller,Platinum,1
2120,Aditya Anderson,Male,56,55-64,India,2024-12-12,Group Tour,Gold,1
2121,Mia Davis,Female,30,25-34,USA,2025-02-06,Business,Silver,1
2122,Liam Iyer,Male,52,45-54,USA,2025-04-27,Couple,Silver,1
2123,Marco Khan,Male,43,35-44,South Africa,2026-02-14,Group Tour,Silver,0
2124,Mia Khan,Female,51,45-54,India,2025-12-10,Family,Blue,0
2125,Oliver Tanaka,Male,49,45-54,India,2025-04-12,Couple,Silver,1
2126,Chloe Al-Sayed,Female,35,35-44,India,2024-06-07,Couple,Platinum,1
2127,Camille Tanaka,Female,59,55-64,Canada,2024-10-14,Solo Traveller,Blue,1
2128,Siddharth Muller,Male,18,18-24,South Africa,2024-09-14,Couple,Silver,1
2129,Meera Sharma,Female,35,35-44,Germany,2025-09-26,Solo Traveller,Silver,0
2130,Layla Johnson,Female,38,35-44,Australia,2026-02-16,Solo Traveller,Blue,0
2131,Sofia Al-Sayed,Female,39,35-44,Germany,2024-04-23,Couple,Platinum,1
2132,Pierre Muller,Male,40,35-44,Singapore,2023-02-24,Family,Platinum,1
2133,Sneha Al-Sayed,Female,41,35-44,India,2025-01-22,Family,Gold,1
2134,Priya Patel,Female,38,35-44,India,2024-08-25,Solo Traveller,Silver,1
2135,Ivan Jones,Male,42,35-44,Germany,2024-10-13,Solo Traveller,Silver,1
2136,Ava Bose,Female,53,45-54,Japan,2024-11-22,Couple,Silver,1
2137,Hiroshi Wilson,Male,62,55-64,India,2025-12-26,Solo Traveller,Blue,0
2138,Olivia Bose,Female,27,25-34,Japan,2024-12-29,Family,Silver,1
2139,Hiroshi Kulkarni,Male,36,35-44,Canada,2026-01-22,Solo Traveller,Silver,0
2140,Lucas Chatterjee,Male,53,45-54,India,2023-04-25,Couple,Platinum,1
2141,Rahul Johnson,Male,48,45-54,India,2025-07-28,Family,Silver,1
2142,Carlos Iyer,Male,58,55-64,Japan,2023-04-18,Couple,Platinum,1
2143,Sneha Reddy,Female,45,45-54,France,2023-07-18,Family,Platinum,1
2144,David Khan,Male,18,18-24,Australia,2026-01-01,Couple,Blue,0
2145,Oliver Iyer,Male,38,35-44,Singapore,2026-02-27,Solo Traveller,Blue,0
2146,Charlotte Brown,Female,51,45-54,Japan,2025-05-12,Group Tour,Silver,1
2147,Wei Garcia,Male,32,25-34,USA,2023-06-21,Family,Gold,1
2148,Isabella Wilson,Female,18,18-24,Singapore,2026-03-03,Couple,Blue,0
2149,Grace Patel,Female,18,18-24,USA,2023-12-14,Family,Platinum,1
2150,Anna Patel,Female,26,25-34,India,2025-08-31,Solo Traveller,Blue,0
2151,Oliver Muller,Male,43,35-44,India,2025-03-05,Family,Platinum,1
2152,Ethan Chatterjee,Male,34,25-34,France,2024-04-07,Couple,Silver,1
2153,Omar Smith,Male,28,25-34,USA,2025-08-09,Group Tour,Blue,1
2154,Noah Anderson,Male,24,18-24,UAE,2024-03-26,Couple,Gold,1
2155,Anna Singh,Female,45,45-54,Canada,2024-09-04,Solo Traveller,Gold,1
2156,Mateo Petrov,Male,32,25-34,India,2024-01-13,Solo Traveller,Gold,1
2157,Layla Reddy,Female,44,35-44,India,2025-09-14,Couple,Platinum,0
2158,Arjun Khan,Male,49,45-54,Italy,2024-07-20,Couple,Platinum,1
2159,Vikram Miller,Male,51,45-54,France,2024-06-05,Family,Gold,1
2160,Divya Petrov,Female,46,45-54,Canada,2024-01-28,Business,Platinum,1
2161,Ahmed Singh,Male,33,25-34,India,2025-05-08,Couple,Silver,1
2162,Carlos Davis,Male,18,18-24,India,2024-05-31,Couple,Silver,1
2163,Chloe Wilson,Female,31,25-34,India,2023-10-21,Group Tour,Platinum,1
2164,Lucas Khan,Male,44,35-44,India,2023-10-24,Solo Traveller,Gold,1
2165,Daniel Miller,Male,38,35-44,India,2023-11-13,Solo Traveller,Platinum,1
2166,Ananya Dubois,Female,23,18-24,Australia,2025-11-26,Group Tour,Silver,0
2167,Mia Muller,Female,42,35-44,India,2025-12-25,Family,Gold,0
2168,Aravind Rao,Male,52,45-54,India,2025-02-20,Solo Traveller,Blue,1
2169,Manish Patel,Male,43,35-44,Japan,2025-12-07,Solo Traveller,Silver,0
2170,Elena Rao,Female,44,35-44,India,2024-11-26,Couple,Silver,1
2171,Grace Al-Sayed,Female,46,45-54,India,2025-06-27,Couple,Silver,1
2172,Hiroshi Davis,Male,59,55-64,India,2024-07-31,Couple,Platinum,1
2173,Olivia Chen,Female,46,45-54,India,2025-03-23,Family,Silver,1
2174,Olivia Davis,Female,61,55-64,Germany,2025-08-27,Couple,Silver,0
2175,Charlotte Williams,Female,18,18-24,India,2025-04-30,Family,Gold,1
2176,Rahul Williams,Male,54,45-54,India,2024-07-03,Solo Traveller,Platinum,1
2177,Lucas Kulkarni,Male,33,25-34,Germany,2026-01-04,Family,Silver,0
2178,Fatima Johnson,Female,59,55-64,Canada,2025-08-25,Couple,Blue,0
2179,Grace Davis,Female,27,25-34,Singapore,2023-06-07,Couple,Platinum,1
2180,Hiroshi Smith,Male,36,35-44,India,2023-12-18,Solo Traveller,Platinum,1
2181,Manish Al-Sayed,Male,40,35-44,India,2024-07-29,Business,Gold,1
2182,Aravind Rao,Male,28,25-34,France,2023-02-25,Solo Traveller,Platinum,1
2183,Sneha Rossi,Female,32,25-34,Australia,2025-10-23,Couple,Blue,0
2184,Vikram Chatterjee,Male,65,65+,India,2024-01-15,Couple,Gold,1
2185,Isabella Kulkarni,Female,52,45-54,India,2025-06-08,Group Tour,Blue,1
2186,Manish Chen,Male,47,45-54,India,2023-01-13,Couple,Platinum,1
2187,Fatima Rao,Female,52,45-54,India,2025-12-15,Solo Traveller,Silver,0
2188,Sneha Patel,Female,24,18-24,United Kingdom,2025-07-23,Family,Blue,1
2189,Hiroshi Rao,Male,29,25-34,India,2024-11-15,Solo Traveller,Blue,1
2190,Priya Rossi,Female,23,18-24,United Kingdom,2023-04-25,Couple,Platinum,1
2191,Oliver Patel,Male,48,45-54,Canada,2025-09-27,Group Tour,Silver,0
2192,Manish Davis,Male,40,35-44,India,2025-08-10,Solo Traveller,Blue,1
2193,Ava Jones,Female,27,25-34,Germany,2025-08-04,Family,Silver,1
2194,Mateo Miller,Male,22,18-24,South Africa,2025-04-07,Couple,Silver,1
2195,Pierre Muller,Male,52,45-54,South Africa,2024-01-20,Couple,Platinum,1
2196,Nikhil Chen,Male,71,65+,UAE,2025-10-31,Group Tour,Gold,0
2197,David Dubois,Male,36,35-44,India,2024-09-09,Couple,Blue,1
2198,Aditya Anderson,Male,26,25-34,India,2025-03-19,Solo Traveller,Gold,1
2199,Mia Williams,Female,28,25-34,India,2026-01-15,Family,Blue,0
2200,Ahmed Brown,Male,35,35-44,Singapore,2023-07-18,Solo Traveller,Gold,1
2201,Sophia Johnson,Female,24,18-24,India,2024-08-14,Solo Traveller,Platinum,1
2202,Ananya Chatterjee,Female,42,35-44,India,2025-07-26,Family,Silver,1
2203,Sneha Chatterjee,Female,46,45-54,USA,2023-02-18,Family,Platinum,1
2204,Thomas Wilson,Male,31,25-34,United Kingdom,2024-03-14,Couple,Gold,1
2205,Ahmed Menon,Male,45,45-54,China,2024-02-26,Group Tour,Gold,1
2206,Charlotte Johnson,Female,45,45-54,India,2024-09-22,Couple,Platinum,1
2207,Pierre Bose,Male,41,35-44,India,2023-04-30,Couple,Platinum,1
2208,Omar Smith,Male,57,55-64,South Africa,2023-04-05,Solo Traveller,Platinum,1
2209,Rohan Dubois,Male,38,35-44,India,2023-06-01,Solo Traveller,Platinum,1
2210,Marco Brown,Male,30,25-34,China,2023-09-25,Family,Silver,1
2211,Pierre Davis,Male,35,35-44,India,2025-06-09,Couple,Silver,1
2212,Meera Rodriguez,Female,28,25-34,Japan,2023-06-28,Family,Platinum,1
2213,Chloe Dubois,Female,39,35-44,Canada,2025-02-17,Group Tour,Platinum,1
2214,Oliver Chen,Male,57,55-64,Japan,2026-03-15,Business,Blue,0
2215,Manish Wilson,Male,18,18-24,UAE,2025-04-06,Couple,Blue,1
2216,Amelia Brown,Female,43,35-44,India,2025-02-07,Couple,Gold,1
2217,Yuki Wilson,Female,40,35-44,India,2023-02-24,Couple,Platinum,1
2218,Mia Taylor,Female,48,45-54,India,2024-09-14,Solo Traveller,Platinum,1
2219,Anna Muller,Female,44,35-44,Spain,2025-09-21,Group Tour,Silver,0
2220,Hans Williams,Male,19,18-24,USA,2023-02-10,Family,Silver,1
2221,Liam Nair,Male,51,45-54,India,2025-07-02,Couple,Blue,1
2222,Kavya Reddy,Female,35,35-44,Germany,2025-10-11,Solo Traveller,Blue,0
2223,Ahmed Khan,Male,32,25-34,India,2023-05-01,Group Tour,Platinum,1
2224,David Petrov,Male,36,35-44,Germany,2026-01-13,Solo Traveller,Gold,0
2225,Ava Chen,Female,38,35-44,Germany,2025-05-15,Group Tour,Blue,1
2226,Sophia Williams,Female,42,35-44,India,2023-06-13,Couple,Platinum,1
2227,Priya Kulkarni,Female,36,35-44,Australia,2023-10-11,Group Tour,Gold,1
2228,Yuki Rossi,Female,49,45-54,India,2025-11-22,Solo Traveller,Blue,0
2229,Kavya Taylor,Female,51,45-54,India,2024-12-11,Couple,Gold,1
2230,James Rao,Male,34,25-34,India,2025-10-11,Solo Traveller,Blue,0
2231,Ishita Kulkarni,Female,47,45-54,India,2024-04-22,Family,Platinum,1
2232,Arjun Taylor,Male,30,25-34,India,2024-06-23,Family,Silver,1
2233,Emma Rossi,Female,28,25-34,India,2023-01-24,Solo Traveller,Silver,1
2234,Manish Petrov,Male,18,18-24,Japan,2024-11-07,Solo Traveller,Silver,1
2235,Aravind Dubois,Male,47,45-54,India,2024-03-05,Group Tour,Platinum,1
2236,Rohan Williams,Male,44,35-44,Canada,2023-08-29,Solo Traveller,Silver,1
2237,Mateo Kulkarni,Male,50,45-54,United Kingdom,2025-05-14,Solo Traveller,Gold,1
2238,Aditya Chatterjee,Male,42,35-44,United Kingdom,2025-06-16,Business,Silver,1
2239,Kavya Patel,Female,42,35-44,Netherlands,2025-11-26,Family,Blue,0
2240,Manish Nair,Male,34,25-34,Canada,2023-02-20,Solo Traveller,Platinum,1
2241,Manish Gupta,Male,51,45-54,India,2025-07-17,Solo Traveller,Silver,1
2242,Meera Tanaka,Female,42,35-44,India,2024-01-13,Couple,Silver,1
2243,Elena Singh,Female,53,45-54,India,2024-02-19,Couple,Silver,1
2244,Nandini Gupta,Female,54,45-54,USA,2023-05-06,Couple,Platinum,1
2245,Hiroshi Anderson,Male,25,25-34,USA,2025-07-02,Family,Gold,1
2246,Priya Rao,Female,48,45-54,Singapore,2025-12-16,Couple,Blue,0
2247,Ishita Bose,Female,41,35-44,Germany,2025-01-17,Family,Gold,1
2248,Priya Johnson,Female,40,35-44,South Africa,2026-04-05,Couple,Blue,0
2249,Thomas Davis,Male,41,35-44,Canada,2023-07-01,Couple,Platinum,1
2250,Aditya Menon,Male,32,25-34,China,2025-12-20,Solo Traveller,Blue,0
2251,Manish Al-Sayed,Male,37,35-44,India,2024-06-01,Family,Silver,1
2252,Michael Wilson,Male,41,35-44,India,2025-10-20,Family,Silver,0
2253,Emma Khan,Female,26,25-34,India,2026-01-08,Couple,Silver,0
2254,Omar Bose,Male,22,18-24,Italy,2023-07-13,Family,Gold,1
2255,Carlos Jones,Male,28,25-34,Canada,2024-03-17,Group Tour,Gold,1
2256,Rohan Rodriguez,Male,20,18-24,United Kingdom,2024-04-22,Group Tour,Gold,1
2257,Pierre Kulkarni,Male,42,35-44,Canada,2024-02-15,Solo Traveller,Platinum,1
2258,Liam Petrov,Male,61,55-64,Australia,2024-02-01,Solo Traveller,Platinum,1
2259,Arjun Miller,Male,47,45-54,China,2024-09-14,Family,Gold,1
2260,Rohan Petrov,Male,41,35-44,India,2024-08-29,Couple,Gold,1
2261,Hiroshi Jones,Male,36,35-44,India,2025-02-04,Solo Traveller,Gold,1
2262,Siddharth Rossi,Male,43,35-44,India,2025-05-07,Couple,Blue,1
2263,Mateo Kulkarni,Male,49,45-54,Australia,2024-09-05,Couple,Platinum,1
2264,Ava Miller,Female,40,35-44,Australia,2023-11-14,Family,Gold,1
2265,Layla Jones,Female,30,25-34,USA,2026-03-17,Group Tour,Blue,0
2266,Nandini Rodriguez,Female,52,45-54,India,2026-01-21,Solo Traveller,Blue,0
2267,Hans Dubois,Male,59,55-64,India,2023-10-19,Group Tour,Gold,1
2268,Hans Nair,Male,35,35-44,China,2023-03-15,Solo Traveller,Platinum,1
2269,Kavya Rao,Female,46,45-54,Netherlands,2025-01-11,Business,Blue,1
2270,Manish Al-Sayed,Male,31,25-34,India,2024-04-28,Group Tour,Blue,1
2271,Kavya Taylor,Female,27,25-34,India,2023-10-14,Solo Traveller,Platinum,1
2272,Oliver Chen,Male,65,65+,India,2024-02-29,Solo Traveller,Silver,1
2273,Pierre Anderson,Male,34,25-34,India,2023-04-05,Couple,Platinum,1
2274,Vikram Brown,Male,39,35-44,India,2024-02-05,Couple,Platinum,1
2275,Arjun Chen,Male,57,55-64,Australia,2023-06-14,Couple,Platinum,1
2276,Arjun Kulkarni,Male,39,35-44,India,2024-05-18,Couple,Platinum,1
2277,Layla Chen,Female,34,25-34,Canada,2023-12-14,Couple,Silver,1
2278,Sofia Chatterjee,Female,33,25-34,United Kingdom,2024-01-20,Solo Traveller,Gold,1
2279,Fatima Al-Sayed,Female,43,35-44,France,2026-03-18,Group Tour,Blue,0
2280,Thomas Bose,Male,34,25-34,Italy,2023-06-08,Group Tour,Gold,1
2281,Emma Garcia,Female,32,25-34,USA,2026-02-14,Group Tour,Blue,0
2282,Manish Kulkarni,Male,18,18-24,USA,2025-04-13,Couple,Gold,1
2283,Siddharth Wilson,Male,32,25-34,India,2026-02-08,Family,Blue,0
2284,Charlotte Rodriguez,Female,65,65+,Japan,2024-08-15,Family,Silver,1
2285,Olivia Muller,Female,22,18-24,South Africa,2025-12-31,Solo Traveller,Silver,0
2286,Daniel Kulkarni,Male,65,65+,India,2024-01-12,Solo Traveller,Gold,1
2287,Nandini Williams,Female,33,25-34,USA,2025-01-10,Solo Traveller,Blue,1
2288,Karthik Kulkarni,Male,42,35-44,Australia,2023-02-08,Couple,Platinum,1
2289,Isabella Taylor,Female,46,45-54,Germany,2023-01-16,Couple,Platinum,1
2290,Grace Miller,Female,34,25-34,USA,2023-10-16,Family,Gold,1
2291,Fatima Taylor,Female,34,25-34,India,2025-07-31,Solo Traveller,Blue,1
2292,Olivia Chen,Female,43,35-44,India,2024-09-17,Solo Traveller,Platinum,1
2293,Wei Gupta,Male,18,18-24,USA,2023-09-30,Group Tour,Gold,1
2294,Valentina Brown,Female,26,25-34,India,2025-02-26,Solo Traveller,Silver,1
2295,Nikhil Menon,Male,38,35-44,United Kingdom,2023-11-07,Solo Traveller,Platinum,1
2296,Mateo Taylor,Male,38,35-44,Germany,2023-05-25,Couple,Platinum,1
2297,Mei Rao,Female,40,35-44,United Kingdom,2023-01-09,Business,Platinum,1
2298,Fatima Nair,Female,38,35-44,Australia,2025-01-18,Solo Traveller,Gold,1
2299,Camille Miller,Female,48,45-54,Canada,2024-10-04,Couple,Platinum,1
2300,Marco Dubois,Male,53,45-54,India,2023-12-16,Solo Traveller,Gold,1
2301,Mateo Chatterjee,Male,51,45-54,USA,2025-06-05,Family,Silver,1
2302,Rohan Rao,Male,46,45-54,United Kingdom,2024-09-04,Group Tour,Silver,1
2303,Lucas Johnson,Male,44,35-44,India,2023-06-17,Family,Platinum,1
2304,Nikhil Anderson,Male,29,25-34,India,2023-02-27,Solo Traveller,Platinum,1
2305,Layla Miller,Female,50,45-54,UAE,2025-12-26,Couple,Blue,0
2306,James Sharma,Male,52,45-54,Australia,2024-02-19,Family,Gold,1
2307,Mei Jones,Female,31,25-34,France,2024-01-27,Business,Gold,1
2308,Valentina Jones,Female,51,45-54,United Kingdom,2025-01-28,Solo Traveller,Silver,1
2309,Omar Wilson,Male,44,35-44,Japan,2024-12-07,Couple,Platinum,1
2310,Omar Al-Sayed,Male,47,45-54,India,2025-10-27,Solo Traveller,Silver,0
2311,Carlos Khan,Male,25,25-34,India,2023-04-21,Couple,Platinum,1
2312,Rahul Brown,Male,24,18-24,India,2024-04-06,Couple,Silver,1
2313,Liam Petrov,Male,32,25-34,France,2024-03-03,Couple,Gold,1
2314,Yuki Miller,Female,18,18-24,USA,2024-07-20,Couple,Gold,1
2315,Mei Iyer,Female,18,18-24,India,2024-12-18,Group Tour,Platinum,1
2316,Anna Dubois,Female,61,55-64,France,2024-12-15,Family,Silver,1
2317,Ava Taylor,Female,42,35-44,Spain,2023-02-05,Solo Traveller,Platinum,1
2318,Sophia Rodriguez,Female,30,25-34,Singapore,2025-07-29,Group Tour,Blue,1
2319,Mia Garcia,Female,38,35-44,United Kingdom,2025-12-22,Couple,Blue,0
2320,Hiroshi Rossi,Male,34,25-34,India,2025-01-11,Family,Silver,1
2321,Mia Chatterjee,Female,38,35-44,India,2025-06-06,Couple,Silver,1
2322,Noah Muller,Male,33,25-34,India,2024-07-30,Business,Gold,1
2323,Lucas Petrov,Male,40,35-44,Italy,2025-02-27,Couple,Silver,1
2324,Arjun Miller,Male,28,25-34,South Africa,2026-01-02,Solo Traveller,Blue,0
2325,Priya Chatterjee,Female,26,25-34,India,2023-07-05,Business,Silver,1
2326,Ethan Wilson,Male,31,25-34,India,2025-07-18,Couple,Silver,1
2327,Aditya Menon,Male,30,25-34,Singapore,2026-03-01,Couple,Blue,0
2328,Ethan Kulkarni,Male,52,45-54,India,2024-11-25,Couple,Silver,1
2329,Giulia Patel,Female,41,35-44,USA,2025-09-20,Couple,Silver,0
2330,Chloe Sharma,Female,33,25-34,United Kingdom,2023-05-27,Family,Platinum,1
2331,Divya Williams,Female,22,18-24,UAE,2025-06-24,Couple,Gold,1
2332,Sofia Singh,Female,45,45-54,India,2025-08-24,Solo Traveller,Silver,0
2333,Divya Patel,Female,30,25-34,UAE,2025-01-10,Solo Traveller,Silver,1
2334,Wei Brown,Male,28,25-34,Netherlands,2025-07-21,Family,Silver,1
2335,Camille Khan,Female,42,35-44,Singapore,2024-06-01,Family,Silver,1
2336,Meera Sharma,Female,22,18-24,India,2025-09-06,Solo Traveller,Silver,0
2337,David Kulkarni,Male,37,35-44,India,2025-10-29,Business,Silver,0
2338,Ananya Rao,Female,43,35-44,India,2024-05-12,Couple,Gold,1
2339,Anna Singh,Female,35,35-44,Netherlands,2024-09-19,Couple,Blue,1
2340,Hans Al-Sayed,Male,30,25-34,USA,2025-04-05,Group Tour,Gold,1
2341,Nandini Taylor,Female,36,35-44,India,2025-11-24,Business,Gold,0
2342,Lakshmi Al-Sayed,Female,31,25-34,India,2025-10-03,Solo Traveller,Blue,0
2343,Valentina Chatterjee,Female,42,35-44,Canada,2023-06-24,Family,Platinum,1
2344,Amelia Khan,Female,28,25-34,Germany,2023-09-26,Family,Platinum,1
2345,Aditya Williams,Male,18,18-24,France,2023-04-23,Business,Platinum,1
2346,Nandini Al-Sayed,Female,24,18-24,India,2024-11-26,Couple,Silver,1
2347,Kavya Rao,Female,29,25-34,India,2025-12-28,Solo Traveller,Blue,0
2348,Isabella Rossi,Female,28,25-34,Canada,2025-12-02,Family,Blue,0
2349,Oliver Miller,Male,62,55-64,France,2025-11-16,Business,Blue,0
2350,Aditya Rodriguez,Male,57,55-64,Australia,2025-01-27,Solo Traveller,Gold,1
2351,Sneha Garcia,Female,40,35-44,USA,2023-10-07,Couple,Silver,1
2352,Grace Anderson,Female,43,35-44,Japan,2023-08-06,Couple,Platinum,1
2353,Chloe Anderson,Female,40,35-44,Canada,2025-09-20,Family,Blue,0
2354,Liam Brown,Male,53,45-54,India,2024-01-02,Solo Traveller,Platinum,1
2355,Sophia Reddy,Female,38,35-44,USA,2025-07-22,Business,Platinum,1
2356,Omar Al-Sayed,Male,23,18-24,India,2024-06-28,Group Tour,Platinum,1
2357,Liam Tanaka,Male,39,35-44,Australia,2025-01-29,Couple,Gold,1
2358,Rahul Al-Sayed,Male,35,35-44,Germany,2024-09-25,Couple,Gold,1
2359,Priya Williams,Female,32,25-34,Canada,2024-08-29,Business,Silver,1
2360,Hiroshi Jones,Male,38,35-44,UAE,2023-12-03,Couple,Gold,1
2361,Ethan Johnson,Male,34,25-34,India,2024-05-14,Solo Traveller,Platinum,1
2362,Rahul Khan,Male,18,18-24,India,2023-05-22,Couple,Platinum,1
2363,Wei Williams,Male,55,55-64,United Kingdom,2025-10-20,Group Tour,Blue,0
2364,Liam Wilson,Male,55,55-64,India,2024-01-26,Family,Platinum,1
2365,Isabella Davis,Female,61,55-64,USA,2024-09-12,Business,Silver,1
2366,Manish Taylor,Male,47,45-54,India,2023-10-31,Couple,Platinum,1
2367,Liam Chen,Male,43,35-44,India,2026-03-29,Family,Blue,0
2368,Ahmed Smith,Male,45,45-54,South Africa,2024-10-23,Solo Traveller,Gold,1
2369,Charlotte Gupta,Female,45,45-54,India,2024-08-26,Couple,Silver,1
2370,Sneha Rao,Female,30,25-34,United Kingdom,2025-09-16,Family,Silver,0
2371,Aravind Brown,Male,45,45-54,Australia,2023-03-21,Family,Platinum,1
2372,Hans Iyer,Male,35,35-44,Italy,2024-03-09,Group Tour,Gold,1
2373,Lakshmi Garcia,Female,20,18-24,Italy,2023-02-13,Couple,Platinum,1
2374,Anna Al-Sayed,Female,33,25-34,United Kingdom,2025-12-13,Solo Traveller,Silver,0
2375,Grace Smith,Female,32,25-34,Canada,2023-09-14,Solo Traveller,Platinum,1
2376,Nandini Petrov,Female,43,35-44,India,2023-09-22,Solo Traveller,Platinum,1
2377,Aravind Khan,Male,36,35-44,United Kingdom,2025-04-07,Family,Blue,1
2378,Olivia Bose,Female,18,18-24,India,2023-01-18,Couple,Platinum,1
2379,Aravind Rossi,Male,18,18-24,India,2023-11-01,Couple,Platinum,1
2380,Vikram Muller,Male,51,45-54,Netherlands,2023-06-27,Family,Gold,1
2381,Hiroshi Singh,Male,34,25-34,United Kingdom,2025-10-10,Family,Gold,0
2382,Hiroshi Chen,Male,28,25-34,India,2025-02-10,Couple,Silver,1
2383,Nikhil Patel,Male,37,35-44,India,2025-12-14,Couple,Silver,0
2384,Aravind Johnson,Male,27,25-34,India,2025-09-23,Family,Blue,0
2385,Sophia Sharma,Female,26,25-34,USA,2023-04-06,Family,Platinum,1
2386,Fatima Menon,Female,48,45-54,France,2024-04-26,Group Tour,Gold,1
2387,Omar Gupta,Male,43,35-44,Italy,2023-05-20,Family,Platinum,1
2388,David Sharma,Male,56,55-64,India,2025-02-06,Couple,Silver,1
2389,Charlotte Al-Sayed,Female,54,45-54,United Kingdom,2025-10-25,Group Tour,Blue,0
2390,Rohan Singh,Male,57,55-64,Italy,2024-03-30,Couple,Platinum,1
2391,Mateo Garcia,Male,41,35-44,Japan,2025-06-07,Solo Traveller,Silver,1
2392,Valentina Iyer,Female,19,18-24,India,2025-08-08,Couple,Platinum,1
2393,Manish Smith,Male,37,35-44,India,2023-09-28,Business,Platinum,1
2394,Omar Bose,Male,47,45-54,India,2023-03-12,Couple,Platinum,1
2395,Ishita Miller,Female,47,45-54,India,2025-06-13,Group Tour,Blue,1
2396,David Garcia,Male,30,25-34,India,2025-07-17,Couple,Silver,1
2397,Lakshmi Bose,Female,56,55-64,India,2025-11-24,Couple,Silver,0
2398,Grace Rossi,Female,44,35-44,UAE,2024-09-11,Business,Platinum,1
2399,Sneha Gupta,Female,50,45-54,India,2023-05-18,Family,Gold,1
2400,Lucas Garcia,Male,35,35-44,Singapore,2026-03-01,Couple,Blue,0
