OrderID,OrderDate,Product,Category,Region,City,UnitsSold,UnitPrice,Sales,Channel
ORD-103272,2025-01-01,Webcam,Peripherals,West,Mumbai,4,6500,26000,Retail Store
ORD-103833,2025-01-01,Smartphone,Mobility,East,Patna,4,43700,174800,Online
ORD-100137,2025-01-01,Smartphone,Mobility,West,Ahmedabad,11,80600,886600,Retail Store
ORD-100974,2025-01-01,Keyboard,Peripherals,East,Kolkata,11,3100,34100,Retail Store
ORD-102396,2025-01-01,Smartwatch,Mobility,West,Mumbai,6,24000,144000,Online
ORD-100880,2025-01-01,Desktop PC,Computing,South,Bengaluru,5,50300,251500,Retail Store
ORD-103332,2025-01-02,Smartphone,Mobility,South,Hyderabad,6,72100,432600,Online
ORD-100382,2025-01-02,Webcam,Peripherals,East,Guwahati,3,8800,26400,Partner
ORD-103270,2025-01-02,Smartphone,Mobility,West,Mumbai,4,22300,89200,Retail Store
ORD-102376,2025-01-02,Desktop PC,Computing,South,Bengaluru,10,38100,381000,Online
ORD-102150,2025-01-02,Headphones,Audio,North,Chandigarh,5,3200,16000,Partner
ORD-103698,2025-01-02,Printer,Office,South,Chennai,1,25300,25300,Online
ORD-104096,2025-01-02,Scanner,Office,East,Guwahati,7,13600,95200,Partner
ORD-102765,2025-01-02,Monitor,Peripherals,South,Chennai,10,11300,113000,Partner
ORD-100994,2025-01-02,Headphones,Audio,North,Lucknow,11,11000,121000,Online
ORD-100995,2025-01-02,Mouse,Peripherals,East,Bhubaneswar,7,1700,11900,Retail Store
ORD-103499,2025-01-02,Speaker,Audio,North,Lucknow,9,11800,106200,Online
ORD-100854,2025-01-03,Keyboard,Peripherals,West,Mumbai,2,4100,8200,Online
ORD-100879,2025-01-03,Printer,Office,West,Mumbai,8,27200,217600,Retail Store
ORD-101317,2025-01-03,Keyboard,Peripherals,East,Patna,10,1400,14000,Retail Store
ORD-101996,2025-01-03,Laptop,Computing,East,Guwahati,2,71600,143200,Retail Store
ORD-102598,2025-01-03,Keyboard,Peripherals,West,Mumbai,11,2000,22000,Online
ORD-102233,2025-01-03,Tablet,Mobility,South,Bengaluru,1,46400,46400,Retail Store
ORD-103796,2025-01-04,Monitor,Peripherals,South,Hyderabad,7,20300,142100,Online
ORD-100154,2025-01-04,Mouse,Peripherals,West,Pune,4,900,3600,Online
ORD-103145,2025-01-04,Laptop,Computing,North,Jaipur,7,77000,539000,Retail Store
ORD-104173,2025-01-04,Headphones,Audio,North,Delhi,7,3500,24500,Retail Store
ORD-104174,2025-01-04,Monitor,Peripherals,South,Hyderabad,8,19500,156000,Online
ORD-103863,2025-01-04,Smartphone,Mobility,East,Bhubaneswar,7,77900,545300,Retail Store
ORD-103550,2025-01-04,Desktop PC,Computing,North,Jaipur,5,44600,223000,Retail Store
ORD-103496,2025-01-04,Monitor,Peripherals,South,Bengaluru,3,11800,35400,Partner
ORD-101742,2025-01-05,Tablet,Mobility,North,Delhi,10,13100,131000,Retail Store
ORD-102026,2025-01-05,Smartphone,Mobility,West,Surat,4,24900,99600,Retail Store
ORD-103429,2025-01-05,Monitor,Peripherals,South,Chennai,12,17100,205200,Online
ORD-102470,2025-01-05,Smartphone,Mobility,East,Kolkata,3,81100,243300,Retail Store
ORD-102529,2025-01-05,Keyboard,Peripherals,North,Jaipur,8,800,6400,Retail Store
ORD-102789,2025-01-05,Smartphone,Mobility,North,Chandigarh,10,27900,279000,Partner
ORD-100973,2025-01-05,Speaker,Audio,West,Surat,3,21100,63300,Partner
ORD-103408,2025-01-05,Keyboard,Peripherals,East,Guwahati,1,2400,2400,Online
ORD-102050,2025-01-05,Printer,Office,West,Pune,9,14600,131400,Online
ORD-101363,2025-01-05,Mouse,Peripherals,North,Jaipur,7,1100,7700,Retail Store
ORD-103043,2025-01-05,Smartphone,Mobility,South,Chennai,6,33100,198600,Partner
ORD-100169,2025-01-05,Tablet,Mobility,North,Chandigarh,4,49900,199600,Online
ORD-101575,2025-01-05,Tablet,Mobility,South,Kochi,5,20600,103000,Online
ORD-100623,2025-01-05,Monitor,Peripherals,South,Chennai,5,21700,108500,Online
ORD-102587,2025-01-06,Mouse,Peripherals,East,Guwahati,10,1600,16000,Partner
ORD-101236,2025-01-06,Laptop,Computing,North,Jaipur,8,63500,508000,Online
ORD-100700,2025-01-06,Smartphone,Mobility,East,Kolkata,7,28500,199500,Online
ORD-100073,2025-01-06,Keyboard,Peripherals,North,Delhi,3,2100,6300,Partner
ORD-101251,2025-01-06,Desktop PC,Computing,West,Surat,4,39600,158400,Online
ORD-100645,2025-01-06,Speaker,Audio,East,Patna,3,19900,59700,Online
ORD-100942,2025-01-06,Smartphone,Mobility,North,Chandigarh,6,53300,319800,Online
ORD-103765,2025-01-06,Laptop,Computing,West,Pune,9,71700,645300,Partner
ORD-100302,2025-01-06,Headphones,Audio,South,Kochi,1,4900,4900,Partner
ORD-100402,2025-01-06,Mouse,Peripherals,South,Chennai,11,1700,18700,Online
ORD-101254,2025-01-06,Smartphone,Mobility,South,Bengaluru,11,52200,574200,Retail Store
ORD-101521,2025-01-06,Speaker,Audio,North,Lucknow,3,4800,14400,Retail Store
ORD-100443,2025-01-06,Mouse,Peripherals,West,Surat,2,1900,3800,Online
ORD-100525,2025-01-06,Tablet,Mobility,North,Delhi,12,29400,352800,Partner
ORD-101271,2025-01-06,Router,Networking,North,Lucknow,7,5600,39200,Partner
ORD-101692,2025-01-07,Monitor,Peripherals,South,Bengaluru,9,20500,184500,Retail Store
ORD-101229,2025-01-07,Switch,Networking,East,Bhubaneswar,5,20900,104500,Online
ORD-100287,2025-01-07,Headphones,Audio,West,Surat,7,13800,96600,Retail Store
ORD-103636,2025-01-07,Monitor,Peripherals,North,Jaipur,10,11200,112000,Retail Store
ORD-100238,2025-01-07,Keyboard,Peripherals,North,Chandigarh,12,3600,43200,Retail Store
ORD-104028,2025-01-07,Monitor,Peripherals,South,Chennai,4,18300,73200,Retail Store
ORD-102705,2025-01-07,Webcam,Peripherals,South,Hyderabad,7,5700,39900,Online
ORD-100499,2025-01-07,Speaker,Audio,East,Guwahati,8,18500,148000,Partner
ORD-103594,2025-01-07,Printer,Office,North,Jaipur,10,22000,220000,Retail Store
ORD-100915,2025-01-07,Mouse,Peripherals,East,Kolkata,5,1300,6500,Retail Store
ORD-103949,2025-01-07,Router,Networking,South,Chennai,7,1800,12600,Partner
ORD-103956,2025-01-07,Scanner,Office,South,Bengaluru,11,12800,140800,Partner
ORD-100957,2025-01-07,Keyboard,Peripherals,North,Jaipur,9,1200,10800,Retail Store
ORD-104083,2025-01-07,Webcam,Peripherals,South,Kochi,6,7500,45000,Retail Store
ORD-102468,2025-01-08,Mouse,Peripherals,South,Chennai,9,1700,15300,Partner
ORD-103434,2025-01-08,Monitor,Peripherals,South,Hyderabad,8,23800,190400,Online
ORD-102979,2025-01-08,Keyboard,Peripherals,South,Kochi,5,1500,7500,Partner
ORD-103030,2025-01-08,Router,Networking,West,Ahmedabad,9,3600,32400,Partner
ORD-103202,2025-01-08,Laptop,Computing,North,Lucknow,7,66600,466200,Online
ORD-103137,2025-01-08,Router,Networking,South,Chennai,5,2400,12000,Retail Store
ORD-101361,2025-01-08,Webcam,Peripherals,North,Jaipur,7,1400,9800,Online
ORD-101408,2025-01-08,Speaker,Audio,East,Bhubaneswar,9,18100,162900,Retail Store
ORD-101526,2025-01-08,Printer,Office,West,Ahmedabad,12,12300,147600,Retail Store
ORD-102224,2025-01-08,Tablet,Mobility,East,Patna,3,22300,66900,Online
ORD-102106,2025-01-08,Monitor,Peripherals,West,Mumbai,3,21400,64200,Online
ORD-101165,2025-01-08,Switch,Networking,West,Surat,3,11700,35100,Retail Store
ORD-103557,2025-01-08,Mouse,Peripherals,East,Guwahati,10,1700,17000,Retail Store
ORD-102658,2025-01-08,Desktop PC,Computing,North,Delhi,4,54100,216400,Retail Store
ORD-101389,2025-01-09,Keyboard,Peripherals,North,Delhi,4,3500,14000,Retail Store
ORD-100315,2025-01-09,Speaker,Audio,South,Chennai,10,8600,86000,Partner
ORD-100820,2025-01-09,Tablet,Mobility,North,Chandigarh,6,45200,271200,Retail Store
ORD-103525,2025-01-09,Mouse,Peripherals,West,Pune,5,600,3000,Retail Store
ORD-102339,2025-01-09,Mouse,Peripherals,North,Jaipur,4,500,2000,Retail Store
ORD-102659,2025-01-09,Smartphone,Mobility,North,Jaipur,3,66400,199200,Retail Store
ORD-103091,2025-01-09,Smartphone,Mobility,South,Chennai,1,94400,94400,Partner
ORD-103964,2025-01-09,Smartphone,Mobility,West,Ahmedabad,3,74900,224700,Online
ORD-100573,2025-01-09,Headphones,Audio,South,Chennai,3,12100,36300,Online
ORD-100584,2025-01-09,Laptop,Computing,East,Guwahati,4,64600,258400,Retail Store
ORD-100604,2025-01-09,Webcam,Peripherals,West,Surat,2,5200,10400,Online
ORD-103653,2025-01-10,Monitor,Peripherals,West,Pune,8,23500,188000,Partner
ORD-100398,2025-01-10,Scanner,Office,South,Hyderabad,10,13000,130000,Retail Store
ORD-100393,2025-01-10,Smartphone,Mobility,West,Pune,8,21500,172000,Online
ORD-100488,2025-01-10,Smartwatch,Mobility,South,Hyderabad,4,24900,99600,Retail Store
ORD-100877,2025-01-10,Tablet,Mobility,South,Bengaluru,6,46600,279600,Online
ORD-102594,2025-01-10,Mouse,Peripherals,South,Chennai,7,2900,20300,Retail Store
ORD-103419,2025-01-10,Smartphone,Mobility,North,Chandigarh,9,23500,211500,Online
ORD-101844,2025-01-10,Headphones,Audio,South,Kochi,8,17000,136000,Retail Store
ORD-101567,2025-01-10,Smartwatch,Mobility,East,Kolkata,11,26200,288200,Online
ORD-102747,2025-01-10,Mouse,Peripherals,West,Mumbai,12,2300,27600,Partner
ORD-101121,2025-01-10,Smartwatch,Mobility,West,Pune,11,21000,231000,Retail Store
ORD-101744,2025-01-10,Tablet,Mobility,West,Ahmedabad,11,37500,412500,Partner
ORD-101529,2025-01-11,Tablet,Mobility,East,Patna,7,18400,128800,Retail Store
ORD-101623,2025-01-11,Tablet,Mobility,North,Jaipur,7,31700,221900,Online
ORD-101219,2025-01-11,Router,Networking,North,Lucknow,2,6300,12600,Online
ORD-102972,2025-01-11,Router,Networking,South,Hyderabad,12,6300,75600,Online
ORD-102154,2025-01-11,Desktop PC,Computing,West,Pune,10,46200,462000,Online
ORD-100012,2025-01-11,Monitor,Peripherals,West,Mumbai,12,19800,237600,Online
ORD-102185,2025-01-11,Mouse,Peripherals,North,Jaipur,6,2300,13800,Partner
ORD-103017,2025-01-11,Tablet,Mobility,East,Patna,11,16700,183700,Retail Store
ORD-102285,2025-01-11,Speaker,Audio,North,Delhi,9,16300,146700,Retail Store
ORD-101535,2025-01-11,Smartphone,Mobility,South,Bengaluru,12,88300,1059600,Retail Store
ORD-101193,2025-01-11,Webcam,Peripherals,South,Chennai,5,2700,13500,Retail Store
ORD-104122,2025-01-11,Headphones,Audio,West,Surat,4,9100,36400,Partner
ORD-101510,2025-01-11,Smartphone,Mobility,East,Guwahati,9,72000,648000,Retail Store
ORD-100280,2025-01-11,Webcam,Peripherals,East,Kolkata,10,5000,50000,Retail Store
ORD-103561,2025-01-12,Scanner,Office,South,Chennai,10,9000,90000,Partner
ORD-101413,2025-01-12,Tablet,Mobility,North,Chandigarh,1,26100,26100,Retail Store
ORD-100395,2025-01-12,Router,Networking,East,Guwahati,6,3900,23400,Retail Store
ORD-100293,2025-01-12,Speaker,Audio,South,Chennai,1,17900,17900,Partner
ORD-101029,2025-01-12,Webcam,Peripherals,West,Ahmedabad,9,5700,51300,Online
ORD-103676,2025-01-12,Tablet,Mobility,East,Guwahati,9,46800,421200,Retail Store
ORD-102356,2025-01-12,Printer,Office,North,Delhi,3,27000,81000,Online
ORD-101414,2025-01-12,Tablet,Mobility,West,Mumbai,6,27400,164400,Partner
ORD-100321,2025-01-12,Laptop,Computing,West,Surat,6,53200,319200,Retail Store
ORD-102770,2025-01-12,Printer,Office,East,Kolkata,6,23900,143400,Retail Store
ORD-101259,2025-01-12,Smartwatch,Mobility,South,Chennai,6,9900,59400,Online
ORD-104162,2025-01-12,Headphones,Audio,South,Chennai,7,9500,66500,Online
ORD-103173,2025-01-13,Smartphone,Mobility,South,Bengaluru,6,41700,250200,Retail Store
ORD-102918,2025-01-13,Keyboard,Peripherals,East,Kolkata,3,4000,12000,Retail Store
ORD-103730,2025-01-13,Printer,Office,West,Surat,1,27700,27700,Partner
ORD-100557,2025-01-13,Headphones,Audio,West,Pune,12,6700,80400,Partner
ORD-101687,2025-01-13,Headphones,Audio,North,Delhi,10,1600,16000,Online
ORD-102888,2025-01-13,Printer,Office,North,Jaipur,2,21900,43800,Partner
ORD-102273,2025-01-13,Keyboard,Peripherals,North,Lucknow,5,3900,19500,Partner
ORD-102827,2025-01-13,Headphones,Audio,North,Lucknow,2,5600,11200,Retail Store
ORD-103615,2025-01-13,Tablet,Mobility,South,Kochi,4,31100,124400,Retail Store
ORD-102874,2025-01-13,Keyboard,Peripherals,North,Delhi,1,3400,3400,Partner
ORD-100681,2025-01-13,Tablet,Mobility,West,Ahmedabad,5,31000,155000,Partner
ORD-101887,2025-01-13,Printer,Office,West,Mumbai,2,26800,53600,Partner
ORD-102354,2025-01-14,Webcam,Peripherals,South,Hyderabad,8,8700,69600,Online
ORD-103319,2025-01-14,Desktop PC,Computing,West,Mumbai,12,58800,705600,Online
ORD-100068,2025-01-14,Webcam,Peripherals,East,Kolkata,2,3000,6000,Retail Store
ORD-103938,2025-01-14,Laptop,Computing,South,Kochi,7,72300,506100,Partner
ORD-100902,2025-01-14,Headphones,Audio,West,Mumbai,2,16900,33800,Retail Store
ORD-102634,2025-01-14,Desktop PC,Computing,West,Ahmedabad,1,58500,58500,Partner
ORD-101585,2025-01-14,Scanner,Office,South,Chennai,10,17500,175000,Partner
ORD-101334,2025-01-14,Router,Networking,West,Surat,1,4900,4900,Partner
ORD-102776,2025-01-14,Tablet,Mobility,West,Pune,1,28100,28100,Online
ORD-102923,2025-01-14,Headphones,Audio,West,Pune,12,900,10800,Retail Store
ORD-102155,2025-01-14,Tablet,Mobility,South,Chennai,2,38200,76400,Retail Store
ORD-101993,2025-01-14,Smartphone,Mobility,North,Chandigarh,6,40700,244200,Online
ORD-101702,2025-01-15,Printer,Office,North,Delhi,8,19000,152000,Online
ORD-101752,2025-01-15,Printer,Office,West,Ahmedabad,12,23600,283200,Retail Store
ORD-103641,2025-01-15,Tablet,Mobility,West,Surat,5,22600,113000,Partner
ORD-102033,2025-01-15,Keyboard,Peripherals,West,Ahmedabad,2,4100,8200,Online
ORD-100739,2025-01-15,Desktop PC,Computing,South,Bengaluru,4,43900,175600,Online
ORD-103927,2025-01-15,Headphones,Audio,West,Pune,1,10000,10000,Retail Store
ORD-100553,2025-01-15,Smartphone,Mobility,South,Kochi,10,72600,726000,Partner
ORD-100803,2025-01-15,Keyboard,Peripherals,South,Kochi,1,2000,2000,Partner
ORD-101593,2025-01-15,Mouse,Peripherals,South,Bengaluru,2,800,1600,Retail Store
ORD-100475,2025-01-15,Keyboard,Peripherals,South,Chennai,10,3600,36000,Retail Store
ORD-102421,2025-01-15,Mouse,Peripherals,South,Bengaluru,7,600,4200,Online
ORD-101870,2025-01-15,Keyboard,Peripherals,South,Hyderabad,6,3000,18000,Online
ORD-104072,2025-01-16,Scanner,Office,South,Chennai,3,15600,46800,Retail Store
ORD-102716,2025-01-16,Mouse,Peripherals,East,Patna,7,2700,18900,Retail Store
ORD-100314,2025-01-16,Monitor,Peripherals,South,Hyderabad,9,10800,97200,Partner
ORD-103647,2025-01-16,Speaker,Audio,East,Bhubaneswar,3,11800,35400,Retail Store
ORD-101925,2025-01-16,Speaker,Audio,North,Lucknow,7,9300,65100,Retail Store
ORD-102042,2025-01-16,Smartphone,Mobility,North,Lucknow,10,39900,399000,Retail Store
ORD-103712,2025-01-16,Speaker,Audio,North,Lucknow,10,9000,90000,Partner
ORD-100423,2025-01-16,Webcam,Peripherals,West,Ahmedabad,12,6700,80400,Online
ORD-102638,2025-01-16,Webcam,Peripherals,West,Mumbai,2,5500,11000,Partner
ORD-101082,2025-01-16,Keyboard,Peripherals,South,Bengaluru,12,3000,36000,Online
ORD-100808,2025-01-16,Router,Networking,North,Delhi,6,3300,19800,Partner
ORD-101898,2025-01-16,Desktop PC,Computing,North,Jaipur,11,43000,473000,Partner
ORD-100999,2025-01-16,Desktop PC,Computing,West,Ahmedabad,3,45800,137400,Retail Store
ORD-101773,2025-01-17,Printer,Office,West,Mumbai,2,26400,52800,Partner
ORD-102406,2025-01-17,Laptop,Computing,North,Lucknow,6,72800,436800,Retail Store
ORD-100669,2025-01-17,Smartwatch,Mobility,West,Surat,2,20800,41600,Online
ORD-103645,2025-01-17,Keyboard,Peripherals,West,Ahmedabad,9,1000,9000,Retail Store
ORD-103536,2025-01-17,Smartwatch,Mobility,West,Ahmedabad,11,3500,38500,Retail Store
ORD-102038,2025-01-17,Smartphone,Mobility,North,Lucknow,12,18700,224400,Partner
ORD-100732,2025-01-17,Tablet,Mobility,South,Hyderabad,9,35500,319500,Partner
ORD-102914,2025-01-17,Switch,Networking,East,Kolkata,7,7700,53900,Online
ORD-101681,2025-01-17,Headphones,Audio,West,Mumbai,5,2900,14500,Online
ORD-101383,2025-01-17,Mouse,Peripherals,East,Bhubaneswar,1,1800,1800,Partner
ORD-102473,2025-01-17,Webcam,Peripherals,West,Ahmedabad,6,2900,17400,Retail Store
ORD-100660,2025-01-18,Speaker,Audio,South,Hyderabad,5,13000,65000,Online
ORD-101395,2025-01-18,Keyboard,Peripherals,South,Hyderabad,3,2700,8100,Retail Store
ORD-103852,2025-01-18,Monitor,Peripherals,North,Delhi,9,17700,159300,Partner
ORD-101776,2025-01-18,Webcam,Peripherals,South,Kochi,11,2700,29700,Online
ORD-104141,2025-01-18,Switch,Networking,South,Chennai,5,12500,62500,Online
ORD-101242,2025-01-18,Smartphone,Mobility,East,Kolkata,7,25100,175700,Partner
ORD-101726,2025-01-18,Keyboard,Peripherals,South,Kochi,9,3300,29700,Retail Store
ORD-103458,2025-01-18,Keyboard,Peripherals,South,Bengaluru,11,2300,25300,Online
ORD-100987,2025-01-18,Smartwatch,Mobility,North,Chandigarh,2,7800,15600,Partner
ORD-103175,2025-01-19,Tablet,Mobility,South,Bengaluru,4,54900,219600,Retail Store
ORD-101123,2025-01-19,Keyboard,Peripherals,West,Ahmedabad,12,3300,39600,Retail Store
ORD-101228,2025-01-19,Router,Networking,South,Hyderabad,9,6900,62100,Partner
ORD-102814,2025-01-19,Tablet,Mobility,South,Hyderabad,9,51400,462600,Partner
ORD-100374,2025-01-19,Scanner,Office,North,Jaipur,6,17100,102600,Partner
ORD-103580,2025-01-19,Laptop,Computing,East,Kolkata,1,55400,55400,Retail Store
ORD-103397,2025-01-20,Mouse,Peripherals,South,Kochi,4,2200,8800,Online
ORD-101868,2025-01-20,Tablet,Mobility,West,Surat,1,26100,26100,Online
ORD-103028,2025-01-20,Printer,Office,North,Chandigarh,9,14100,126900,Online
ORD-101894,2025-01-20,Headphones,Audio,South,Chennai,3,17300,51900,Partner
ORD-103529,2025-01-20,Headphones,Audio,South,Chennai,12,9800,117600,Retail Store
ORD-103066,2025-01-20,Mouse,Peripherals,South,Bengaluru,7,2300,16100,Partner
ORD-102503,2025-01-20,Webcam,Peripherals,West,Pune,3,6000,18000,Retail Store
ORD-101400,2025-01-20,Webcam,Peripherals,South,Chennai,10,7700,77000,Online
ORD-100618,2025-01-20,Smartwatch,Mobility,North,Delhi,5,20900,104500,Retail Store
ORD-101936,2025-01-20,Monitor,Peripherals,North,Jaipur,3,9100,27300,Retail Store
ORD-101296,2025-01-20,Webcam,Peripherals,East,Bhubaneswar,12,5200,62400,Retail Store
ORD-100729,2025-01-20,Keyboard,Peripherals,South,Hyderabad,9,2000,18000,Online
ORD-100316,2025-01-21,Keyboard,Peripherals,North,Jaipur,3,2900,8700,Online
ORD-100794,2025-01-21,Smartphone,Mobility,South,Bengaluru,11,58500,643500,Partner
ORD-102144,2025-01-21,Mouse,Peripherals,South,Hyderabad,11,1500,16500,Partner
ORD-100614,2025-01-21,Smartwatch,Mobility,South,Chennai,10,3800,38000,Partner
ORD-103593,2025-01-21,Monitor,Peripherals,East,Kolkata,10,15500,155000,Online
ORD-103991,2025-01-21,Router,Networking,North,Jaipur,8,10900,87200,Online
ORD-100166,2025-01-21,Smartwatch,Mobility,East,Guwahati,5,17500,87500,Partner
ORD-101763,2025-01-21,Webcam,Peripherals,West,Pune,5,2400,12000,Partner
ORD-101154,2025-01-21,Tablet,Mobility,North,Jaipur,3,32500,97500,Retail Store
ORD-100349,2025-01-21,Monitor,Peripherals,East,Kolkata,9,11600,104400,Retail Store
ORD-103784,2025-01-22,Mouse,Peripherals,West,Pune,11,400,4400,Partner
ORD-102329,2025-01-22,Scanner,Office,South,Hyderabad,3,15200,45600,Retail Store
ORD-103600,2025-01-22,Headphones,Audio,South,Kochi,4,2300,9200,Partner
ORD-102665,2025-01-22,Smartphone,Mobility,East,Patna,6,64000,384000,Partner
ORD-102853,2025-01-22,Monitor,Peripherals,North,Lucknow,8,9000,72000,Retail Store
ORD-100635,2025-01-22,Tablet,Mobility,South,Chennai,1,22300,22300,Partner
ORD-102204,2025-01-22,Scanner,Office,North,Jaipur,4,9500,38000,Retail Store
ORD-101122,2025-01-22,Monitor,Peripherals,North,Delhi,1,11200,11200,Retail Store
ORD-100730,2025-01-22,Switch,Networking,North,Chandigarh,11,11400,125400,Online
ORD-100698,2025-01-22,Keyboard,Peripherals,North,Delhi,3,900,2700,Online
ORD-100882,2025-01-22,Laptop,Computing,West,Ahmedabad,2,68200,136400,Partner
ORD-101202,2025-01-22,Speaker,Audio,West,Surat,10,17300,173000,Retail Store
ORD-100089,2025-01-22,Keyboard,Peripherals,South,Chennai,5,800,4000,Online
ORD-100865,2025-01-22,Keyboard,Peripherals,East,Patna,5,3700,18500,Partner
ORD-104187,2025-01-22,Monitor,Peripherals,East,Patna,8,23800,190400,Online
ORD-100337,2025-01-22,Keyboard,Peripherals,North,Delhi,4,3400,13600,Retail Store
ORD-101678,2025-01-22,Keyboard,Peripherals,North,Lucknow,11,2200,24200,Partner
ORD-102409,2025-01-23,Monitor,Peripherals,North,Jaipur,8,19800,158400,Online
ORD-103026,2025-01-23,Scanner,Office,East,Kolkata,12,12500,150000,Online
ORD-104154,2025-01-23,Webcam,Peripherals,West,Surat,11,1800,19800,Online
ORD-102256,2025-01-23,Laptop,Computing,North,Delhi,9,62400,561600,Partner
ORD-103038,2025-01-23,Speaker,Audio,West,Mumbai,5,7000,35000,Online
ORD-103998,2025-01-23,Mouse,Peripherals,South,Hyderabad,8,1900,15200,Online
ORD-103569,2025-01-23,Smartphone,Mobility,South,Hyderabad,12,35000,420000,Online
ORD-102505,2025-01-23,Speaker,Audio,East,Bhubaneswar,9,10200,91800,Online
ORD-102402,2025-01-23,Router,Networking,West,Surat,4,3400,13600,Online
ORD-101663,2025-01-23,Mouse,Peripherals,North,Lucknow,1,2700,2700,Retail Store
ORD-100796,2025-01-23,Keyboard,Peripherals,North,Delhi,3,1900,5700,Partner
ORD-103184,2025-01-23,Keyboard,Peripherals,South,Chennai,3,1100,3300,Online
ORD-103338,2025-01-23,Tablet,Mobility,West,Ahmedabad,1,37100,37100,Partner
ORD-102131,2025-01-23,Smartphone,Mobility,South,Kochi,11,87700,964700,Online
ORD-101221,2025-01-23,Keyboard,Peripherals,North,Delhi,1,1600,1600,Online
ORD-102458,2025-01-23,Headphones,Audio,South,Bengaluru,10,10300,103000,Partner
ORD-103858,2025-01-23,Monitor,Peripherals,South,Kochi,11,12000,132000,Online
ORD-103945,2025-01-23,Webcam,Peripherals,West,Ahmedabad,7,4800,33600,Online
ORD-102082,2025-01-23,Headphones,Audio,West,Ahmedabad,1,5300,5300,Partner
ORD-103540,2025-01-24,Tablet,Mobility,West,Surat,5,47400,237000,Retail Store
ORD-100380,2025-01-24,Headphones,Audio,North,Jaipur,2,17600,35200,Retail Store
ORD-103805,2025-01-24,Monitor,Peripherals,South,Chennai,6,15500,93000,Retail Store
ORD-101459,2025-01-24,Headphones,Audio,West,Mumbai,3,6100,18300,Online
ORD-103681,2025-01-24,Laptop,Computing,West,Surat,7,69000,483000,Partner
ORD-102720,2025-01-24,Smartphone,Mobility,West,Pune,6,40600,243600,Online
ORD-100138,2025-01-25,Tablet,Mobility,South,Bengaluru,2,36900,73800,Retail Store
ORD-101272,2025-01-25,Smartwatch,Mobility,West,Pune,6,10400,62400,Online
ORD-100107,2025-01-25,Smartphone,Mobility,North,Lucknow,5,47900,239500,Partner
ORD-102970,2025-01-25,Headphones,Audio,West,Mumbai,11,10700,117700,Retail Store
ORD-102947,2025-01-25,Laptop,Computing,South,Hyderabad,7,62900,440300,Online
ORD-101685,2025-01-25,Headphones,Audio,West,Mumbai,4,8300,33200,Partner
ORD-101129,2025-01-25,Mouse,Peripherals,West,Mumbai,8,2000,16000,Retail Store
ORD-102596,2025-01-25,Router,Networking,West,Ahmedabad,9,11900,107100,Partner
ORD-103061,2025-01-25,Router,Networking,North,Lucknow,7,9600,67200,Retail Store
ORD-103584,2025-01-25,Printer,Office,South,Chennai,12,23900,286800,Partner
ORD-100066,2025-01-25,Webcam,Peripherals,West,Pune,1,2100,2100,Retail Store
ORD-100429,2025-01-25,Keyboard,Peripherals,West,Surat,6,3600,21600,Online
ORD-101451,2025-01-26,Headphones,Audio,North,Lucknow,10,15500,155000,Retail Store
ORD-100147,2025-01-26,Smartphone,Mobility,South,Chennai,8,29000,232000,Partner
ORD-102307,2025-01-26,Smartphone,Mobility,East,Kolkata,7,84400,590800,Online
ORD-103518,2025-01-26,Router,Networking,South,Bengaluru,12,9000,108000,Online
ORD-100565,2025-01-26,Tablet,Mobility,South,Hyderabad,12,28300,339600,Partner
ORD-100935,2025-01-26,Keyboard,Peripherals,North,Jaipur,12,3500,42000,Partner
ORD-100664,2025-01-26,Keyboard,Peripherals,North,Delhi,4,2700,10800,Retail Store
ORD-101149,2025-01-26,Smartphone,Mobility,North,Chandigarh,5,30700,153500,Partner
ORD-101716,2025-01-26,Desktop PC,Computing,South,Bengaluru,11,47800,525800,Partner
ORD-103351,2025-01-26,Monitor,Peripherals,East,Guwahati,6,19800,118800,Online
ORD-100485,2025-01-26,Keyboard,Peripherals,East,Patna,2,2600,5200,Partner
ORD-103020,2025-01-26,Router,Networking,South,Chennai,3,1800,5400,Online
ORD-102619,2025-01-26,Scanner,Office,North,Chandigarh,10,11300,113000,Partner
ORD-103515,2025-01-26,Webcam,Peripherals,North,Chandigarh,6,5300,31800,Online
ORD-103226,2025-01-27,Headphones,Audio,South,Bengaluru,12,1400,16800,Retail Store
ORD-103506,2025-01-27,Smartphone,Mobility,North,Jaipur,10,37700,377000,Retail Store
ORD-103598,2025-01-27,Smartphone,Mobility,West,Mumbai,9,94100,846900,Retail Store
ORD-101949,2025-01-27,Printer,Office,South,Chennai,2,20200,40400,Partner
ORD-101464,2025-01-27,Webcam,Peripherals,South,Bengaluru,9,6300,56700,Retail Store
ORD-101494,2025-01-27,Headphones,Audio,North,Lucknow,9,15900,143100,Online
ORD-103985,2025-01-27,Headphones,Audio,South,Bengaluru,2,7100,14200,Partner
ORD-102626,2025-01-27,Tablet,Mobility,East,Bhubaneswar,5,22700,113500,Retail Store
ORD-103325,2025-01-27,Smartphone,Mobility,North,Delhi,8,23800,190400,Partner
ORD-103821,2025-01-27,Webcam,Peripherals,North,Jaipur,2,7700,15400,Online
ORD-100264,2025-01-27,Tablet,Mobility,West,Surat,9,34700,312300,Online
ORD-100467,2025-01-27,Desktop PC,Computing,North,Lucknow,5,49400,247000,Online
ORD-102559,2025-01-27,Keyboard,Peripherals,South,Chennai,9,2000,18000,Partner
ORD-100364,2025-01-27,Smartphone,Mobility,North,Chandigarh,5,60200,301000,Partner
ORD-102511,2025-01-28,Smartphone,Mobility,South,Kochi,12,92200,1106400,Online
ORD-103909,2025-01-28,Keyboard,Peripherals,West,Ahmedabad,1,800,800,Partner
ORD-100476,2025-01-28,Router,Networking,West,Mumbai,6,4500,27000,Partner
ORD-100533,2025-01-28,Smartphone,Mobility,West,Mumbai,12,85300,1023600,Retail Store
ORD-103473,2025-01-28,Webcam,Peripherals,West,Ahmedabad,1,3600,3600,Retail Store
ORD-102166,2025-01-28,Scanner,Office,West,Mumbai,9,17900,161100,Retail Store
ORD-102135,2025-01-28,Printer,Office,East,Guwahati,6,20300,121800,Partner
ORD-101477,2025-01-28,Tablet,Mobility,South,Kochi,4,27700,110800,Online
ORD-104037,2025-01-28,Tablet,Mobility,West,Mumbai,1,38500,38500,Partner
ORD-103198,2025-01-28,Smartwatch,Mobility,West,Surat,1,26900,26900,Partner
ORD-100140,2025-01-28,Smartphone,Mobility,North,Chandigarh,8,81900,655200,Partner
ORD-103482,2025-01-28,Headphones,Audio,North,Jaipur,9,8600,77400,Retail Store
ORD-101538,2025-01-28,Headphones,Audio,East,Bhubaneswar,5,4000,20000,Retail Store
ORD-101340,2025-01-29,Webcam,Peripherals,East,Patna,10,2200,22000,Retail Store
ORD-101531,2025-01-29,Mouse,Peripherals,East,Patna,6,2600,15600,Retail Store
ORD-101235,2025-01-29,Printer,Office,East,Patna,11,26000,286000,Retail Store
ORD-102308,2025-01-29,Monitor,Peripherals,North,Chandigarh,3,16200,48600,Partner
ORD-101049,2025-01-29,Smartphone,Mobility,South,Hyderabad,10,67800,678000,Retail Store
ORD-100591,2025-01-29,Laptop,Computing,South,Bengaluru,8,55000,440000,Online
ORD-101342,2025-01-29,Tablet,Mobility,North,Delhi,4,53400,213600,Retail Store
ORD-100080,2025-01-29,Mouse,Peripherals,West,Mumbai,2,2400,4800,Partner
ORD-104184,2025-01-29,Mouse,Peripherals,East,Kolkata,11,2100,23100,Partner
ORD-100642,2025-01-29,Webcam,Peripherals,North,Jaipur,2,4500,9000,Retail Store
ORD-101825,2025-01-29,Scanner,Office,North,Chandigarh,3,18900,56700,Retail Store
ORD-101823,2025-01-29,Monitor,Peripherals,North,Delhi,3,9000,27000,Retail Store
ORD-103568,2025-01-29,Headphones,Audio,West,Mumbai,1,5700,5700,Retail Store
ORD-102671,2025-01-29,Smartwatch,Mobility,East,Kolkata,11,23400,257400,Retail Store
ORD-101991,2025-01-30,Smartwatch,Mobility,South,Chennai,1,26500,26500,Partner
ORD-103672,2025-01-30,Monitor,Peripherals,West,Ahmedabad,3,16700,50100,Partner
ORD-100574,2025-01-30,Printer,Office,West,Pune,5,17200,86000,Partner
ORD-101634,2025-01-30,Router,Networking,East,Guwahati,6,6900,41400,Online
ORD-103785,2025-01-30,Smartwatch,Mobility,North,Jaipur,12,3200,38400,Retail Store
ORD-102138,2025-01-30,Printer,Office,South,Chennai,5,16200,81000,Online
ORD-100782,2025-01-30,Desktop PC,Computing,North,Jaipur,8,47300,378400,Online
ORD-102567,2025-01-30,Monitor,Peripherals,North,Chandigarh,12,17500,210000,Partner
ORD-102651,2025-01-30,Keyboard,Peripherals,West,Pune,6,900,5400,Partner
ORD-101969,2025-01-30,Printer,Office,South,Chennai,4,26400,105600,Online
ORD-102913,2025-01-30,Smartwatch,Mobility,East,Bhubaneswar,7,25900,181300,Online
ORD-101739,2025-01-31,Speaker,Audio,South,Kochi,2,10500,21000,Online
ORD-102795,2025-01-31,Headphones,Audio,North,Lucknow,6,15300,91800,Online
ORD-101311,2025-01-31,Monitor,Peripherals,North,Chandigarh,5,12800,64000,Retail Store
ORD-102259,2025-01-31,Keyboard,Peripherals,North,Chandigarh,11,1700,18700,Online
ORD-104137,2025-01-31,Mouse,Peripherals,West,Ahmedabad,2,1600,3200,Retail Store
ORD-101513,2025-01-31,Smartphone,Mobility,South,Kochi,2,74200,148400,Online
ORD-103481,2025-01-31,Smartwatch,Mobility,West,Pune,12,26400,316800,Partner
ORD-103031,2025-01-31,Mouse,Peripherals,West,Pune,12,900,10800,Partner
ORD-101499,2025-01-31,Smartphone,Mobility,South,Kochi,12,31500,378000,Online
ORD-101665,2025-01-31,Webcam,Peripherals,South,Bengaluru,10,3500,35000,Partner
ORD-103354,2025-01-31,Tablet,Mobility,North,Delhi,4,37000,148000,Partner
ORD-103502,2025-02-01,Keyboard,Peripherals,West,Surat,4,1400,5600,Partner
ORD-104105,2025-02-01,Webcam,Peripherals,South,Kochi,10,5200,52000,Online
ORD-103426,2025-02-01,Keyboard,Peripherals,North,Lucknow,12,2000,24000,Partner
ORD-102245,2025-02-01,Smartphone,Mobility,East,Guwahati,2,28400,56800,Online
ORD-102986,2025-02-01,Switch,Networking,East,Kolkata,2,6000,12000,Online
ORD-103375,2025-02-01,Webcam,Peripherals,South,Chennai,6,3500,21000,Online
ORD-100677,2025-02-01,Tablet,Mobility,South,Chennai,1,49400,49400,Retail Store
ORD-101050,2025-02-01,Headphones,Audio,South,Kochi,5,6200,31000,Retail Store
ORD-103773,2025-02-01,Smartphone,Mobility,West,Surat,1,95300,95300,Online
ORD-102248,2025-02-01,Mouse,Peripherals,South,Chennai,4,2300,9200,Partner
ORD-103842,2025-02-01,Smartphone,Mobility,West,Pune,10,94300,943000,Online
ORD-100848,2025-02-02,Router,Networking,West,Pune,6,10100,60600,Partner
ORD-101068,2025-02-02,Mouse,Peripherals,East,Kolkata,9,2200,19800,Online
ORD-103000,2025-02-02,Switch,Networking,North,Chandigarh,2,11300,22600,Online
ORD-102446,2025-02-02,Smartwatch,Mobility,North,Jaipur,3,19800,59400,Partner
ORD-101025,2025-02-02,Printer,Office,South,Hyderabad,6,21900,131400,Partner
ORD-103835,2025-02-02,Webcam,Peripherals,East,Bhubaneswar,7,1500,10500,Online
ORD-102568,2025-02-02,Tablet,Mobility,North,Jaipur,9,24000,216000,Retail Store
ORD-103225,2025-02-02,Tablet,Mobility,East,Kolkata,11,20000,220000,Online
ORD-100866,2025-02-02,Webcam,Peripherals,South,Hyderabad,8,4300,34400,Partner
ORD-103290,2025-02-02,Speaker,Audio,West,Pune,3,9000,27000,Online
ORD-103214,2025-02-03,Mouse,Peripherals,North,Lucknow,2,1400,2800,Partner
ORD-100447,2025-02-03,Printer,Office,West,Surat,9,14700,132300,Online
ORD-100486,2025-02-03,Scanner,Office,North,Lucknow,11,9000,99000,Partner
ORD-103263,2025-02-03,Mouse,Peripherals,North,Chandigarh,10,1200,12000,Partner
ORD-102723,2025-02-03,Scanner,Office,North,Chandigarh,8,17200,137600,Online
ORD-102519,2025-02-03,Speaker,Audio,South,Chennai,7,13700,95900,Online
ORD-100006,2025-02-03,Smartphone,Mobility,East,Bhubaneswar,11,44500,489500,Online
ORD-101103,2025-02-03,Tablet,Mobility,South,Chennai,6,26300,157800,Online
ORD-102100,2025-02-04,Mouse,Peripherals,North,Delhi,8,600,4800,Partner
ORD-100826,2025-02-04,Mouse,Peripherals,West,Mumbai,2,2400,4800,Online
ORD-101030,2025-02-04,Monitor,Peripherals,North,Jaipur,7,19500,136500,Partner
ORD-101485,2025-02-04,Keyboard,Peripherals,West,Mumbai,6,3200,19200,Partner
ORD-101119,2025-02-04,Monitor,Peripherals,North,Lucknow,6,16800,100800,Partner
ORD-101073,2025-02-04,Headphones,Audio,South,Bengaluru,5,3300,16500,Retail Store
ORD-102320,2025-02-04,Mouse,Peripherals,West,Mumbai,1,1400,1400,Retail Store
ORD-100040,2025-02-04,Tablet,Mobility,South,Hyderabad,4,19600,78400,Online
ORD-102857,2025-02-04,Switch,Networking,West,Pune,2,16200,32400,Partner
ORD-102316,2025-02-04,Monitor,Peripherals,West,Ahmedabad,8,9000,72000,Partner
ORD-101468,2025-02-04,Smartwatch,Mobility,South,Chennai,8,14200,113600,Partner
ORD-100781,2025-02-04,Smartphone,Mobility,South,Hyderabad,9,56600,509400,Retail Store
ORD-100181,2025-02-05,Smartwatch,Mobility,North,Jaipur,2,19600,39200,Online
ORD-103465,2025-02-05,Tablet,Mobility,West,Mumbai,9,17200,154800,Partner
ORD-102054,2025-02-05,Smartphone,Mobility,West,Surat,9,26400,237600,Online
ORD-101001,2025-02-05,Headphones,Audio,West,Surat,3,16800,50400,Retail Store
ORD-103674,2025-02-05,Smartphone,Mobility,North,Lucknow,5,42700,213500,Retail Store
ORD-101688,2025-02-05,Printer,Office,South,Hyderabad,5,22500,112500,Online
ORD-101853,2025-02-05,Printer,Office,South,Bengaluru,1,21700,21700,Retail Store
ORD-102472,2025-02-05,Keyboard,Peripherals,South,Hyderabad,3,2700,8100,Online
ORD-102370,2025-02-05,Headphones,Audio,North,Delhi,3,10800,32400,Online
ORD-103110,2025-02-06,Desktop PC,Computing,West,Ahmedabad,11,56100,617100,Partner
ORD-102395,2025-02-06,Smartphone,Mobility,North,Chandigarh,10,21200,212000,Online
ORD-100892,2025-02-06,Scanner,Office,West,Surat,11,9800,107800,Retail Store
ORD-104057,2025-02-06,Smartphone,Mobility,West,Mumbai,2,27600,55200,Retail Store
ORD-103114,2025-02-06,Laptop,Computing,North,Delhi,3,60900,182700,Partner
ORD-102775,2025-02-06,Router,Networking,West,Mumbai,11,5200,57200,Retail Store
ORD-100682,2025-02-06,Mouse,Peripherals,East,Guwahati,8,2800,22400,Retail Store
ORD-102105,2025-02-06,Mouse,Peripherals,East,Kolkata,5,1400,7000,Partner
ORD-102306,2025-02-06,Switch,Networking,West,Pune,11,27200,299200,Online
ORD-104106,2025-02-07,Monitor,Peripherals,North,Jaipur,9,13700,123300,Retail Store
ORD-100160,2025-02-07,Headphones,Audio,North,Lucknow,5,16800,84000,Retail Store
ORD-101185,2025-02-07,Mouse,Peripherals,West,Surat,6,1700,10200,Partner
ORD-100950,2025-02-07,Smartphone,Mobility,East,Kolkata,4,93300,373200,Partner
ORD-103484,2025-02-07,Speaker,Audio,West,Mumbai,3,12500,37500,Retail Store
ORD-101953,2025-02-07,Keyboard,Peripherals,South,Kochi,8,3400,27200,Partner
ORD-101611,2025-02-07,Smartwatch,Mobility,North,Jaipur,2,19700,39400,Partner
ORD-102828,2025-02-07,Mouse,Peripherals,South,Hyderabad,10,1800,18000,Retail Store
ORD-102216,2025-02-07,Keyboard,Peripherals,West,Mumbai,9,1500,13500,Partner
ORD-102985,2025-02-07,Tablet,Mobility,North,Lucknow,7,14400,100800,Partner
ORD-101846,2025-02-07,Keyboard,Peripherals,South,Bengaluru,9,4000,36000,Retail Store
ORD-101101,2025-02-07,Tablet,Mobility,East,Kolkata,5,14700,73500,Partner
ORD-101063,2025-02-07,Smartphone,Mobility,West,Ahmedabad,12,29300,351600,Retail Store
ORD-103196,2025-02-07,Headphones,Audio,East,Guwahati,3,17400,52200,Retail Store
ORD-101097,2025-02-07,Router,Networking,North,Lucknow,5,4400,22000,Retail Store
ORD-102995,2025-02-07,Headphones,Audio,South,Kochi,1,11100,11100,Partner
ORD-102110,2025-02-08,Tablet,Mobility,South,Kochi,10,25900,259000,Partner
ORD-103221,2025-02-08,Tablet,Mobility,East,Bhubaneswar,8,41900,335200,Retail Store
ORD-103118,2025-02-08,Keyboard,Peripherals,North,Delhi,5,2400,12000,Online
ORD-103007,2025-02-08,Printer,Office,South,Bengaluru,11,16600,182600,Retail Store
ORD-100159,2025-02-08,Switch,Networking,South,Kochi,6,23900,143400,Partner
ORD-100456,2025-02-08,Keyboard,Peripherals,East,Bhubaneswar,11,2800,30800,Partner
ORD-100816,2025-02-08,Smartphone,Mobility,West,Mumbai,8,17800,142400,Online
ORD-102861,2025-02-08,Smartphone,Mobility,West,Mumbai,6,65700,394200,Retail Store
ORD-103253,2025-02-08,Speaker,Audio,South,Bengaluru,8,16700,133600,Retail Store
ORD-101560,2025-02-08,Tablet,Mobility,West,Pune,4,32900,131600,Partner
ORD-103633,2025-02-08,Headphones,Audio,South,Hyderabad,11,14900,163900,Retail Store
ORD-103417,2025-02-08,Keyboard,Peripherals,South,Kochi,9,1700,15300,Retail Store
ORD-102962,2025-02-09,Speaker,Audio,South,Hyderabad,8,14900,119200,Partner
ORD-102563,2025-02-09,Smartphone,Mobility,West,Pune,9,44800,403200,Online
ORD-104155,2025-02-09,Smartwatch,Mobility,South,Hyderabad,9,3900,35100,Online
ORD-104014,2025-02-09,Speaker,Audio,West,Mumbai,6,17900,107400,Retail Store
ORD-100579,2025-02-10,Speaker,Audio,South,Hyderabad,12,1500,18000,Retail Store
ORD-102071,2025-02-10,Monitor,Peripherals,North,Jaipur,3,23600,70800,Retail Store
ORD-100743,2025-02-10,Keyboard,Peripherals,South,Kochi,5,2500,12500,Retail Store
ORD-100914,2025-02-10,Keyboard,Peripherals,South,Kochi,12,2300,27600,Partner
ORD-101834,2025-02-10,Mouse,Peripherals,East,Bhubaneswar,4,2400,9600,Partner
ORD-101217,2025-02-10,Keyboard,Peripherals,South,Hyderabad,2,3600,7200,Partner
ORD-103448,2025-02-10,Mouse,Peripherals,West,Surat,9,2700,24300,Retail Store
ORD-100674,2025-02-10,Keyboard,Peripherals,North,Delhi,9,2000,18000,Online
ORD-100925,2025-02-10,Laptop,Computing,East,Guwahati,2,64000,128000,Partner
ORD-101456,2025-02-10,Mouse,Peripherals,North,Chandigarh,6,1200,7200,Partner
ORD-103071,2025-02-10,Mouse,Peripherals,West,Mumbai,7,2000,14000,Retail Store
ORD-102051,2025-02-10,Keyboard,Peripherals,East,Kolkata,4,900,3600,Partner
ORD-102314,2025-02-10,Switch,Networking,South,Kochi,8,6300,50400,Partner
ORD-102768,2025-02-10,Monitor,Peripherals,North,Delhi,11,14600,160600,Partner
ORD-101946,2025-02-11,Mouse,Peripherals,South,Chennai,8,800,6400,Partner
ORD-103953,2025-02-11,Smartphone,Mobility,North,Delhi,11,30200,332200,Online
ORD-102500,2025-02-11,Laptop,Computing,South,Hyderabad,4,67700,270800,Online
ORD-100094,2025-02-11,Switch,Networking,South,Hyderabad,12,10400,124800,Online
ORD-101937,2025-02-11,Headphones,Audio,West,Ahmedabad,6,1000,6000,Partner
ORD-104109,2025-02-11,Speaker,Audio,South,Chennai,12,19400,232800,Retail Store
ORD-103571,2025-02-11,Laptop,Computing,South,Chennai,2,75400,150800,Retail Store
ORD-100762,2025-02-11,Desktop PC,Computing,East,Bhubaneswar,4,50700,202800,Partner
ORD-102509,2025-02-11,Laptop,Computing,East,Kolkata,6,72300,433800,Partner
ORD-103670,2025-02-11,Tablet,Mobility,North,Chandigarh,8,39100,312800,Retail Store
ORD-100878,2025-02-11,Printer,Office,East,Kolkata,9,15700,141300,Online
ORD-101771,2025-02-11,Headphones,Audio,East,Patna,3,4500,13500,Retail Store
ORD-101709,2025-02-11,Speaker,Audio,West,Surat,9,4800,43200,Retail Store
ORD-100206,2025-02-11,Keyboard,Peripherals,North,Lucknow,6,2400,14400,Partner
ORD-101066,2025-02-11,Switch,Networking,West,Surat,12,22100,265200,Partner
ORD-100426,2025-02-11,Keyboard,Peripherals,West,Ahmedabad,7,1200,8400,Online
ORD-100057,2025-02-12,Laptop,Computing,South,Chennai,6,62700,376200,Online
ORD-104044,2025-02-12,Smartphone,Mobility,West,Surat,11,30200,332200,Partner
ORD-100415,2025-02-12,Smartphone,Mobility,West,Surat,10,34600,346000,Partner
ORD-100239,2025-02-12,Tablet,Mobility,East,Patna,3,40200,120600,Partner
ORD-101072,2025-02-12,Keyboard,Peripherals,West,Ahmedabad,8,3800,30400,Partner
ORD-100249,2025-02-12,Mouse,Peripherals,North,Delhi,2,1800,3600,Online
ORD-103424,2025-02-12,Switch,Networking,North,Lucknow,7,21400,149800,Retail Store
ORD-102800,2025-02-12,Smartphone,Mobility,North,Delhi,4,86900,347600,Retail Store
ORD-101285,2025-02-12,Router,Networking,East,Bhubaneswar,11,10100,111100,Online
ORD-103539,2025-02-12,Headphones,Audio,South,Kochi,12,13500,162000,Partner
ORD-101861,2025-02-12,Mouse,Peripherals,East,Bhubaneswar,3,1900,5700,Retail Store
ORD-100855,2025-02-12,Router,Networking,West,Pune,8,7800,62400,Online
ORD-100082,2025-02-12,Mouse,Peripherals,West,Ahmedabad,6,500,3000,Online
ORD-102717,2025-02-12,Headphones,Audio,West,Ahmedabad,11,13400,147400,Partner
ORD-101704,2025-02-12,Laptop,Computing,East,Patna,1,74300,74300,Online
ORD-101706,2025-02-13,Keyboard,Peripherals,North,Delhi,9,2600,23400,Online
ORD-101719,2025-02-13,Speaker,Audio,North,Lucknow,12,14000,168000,Retail Store
ORD-101036,2025-02-13,Headphones,Audio,West,Mumbai,6,3100,18600,Partner
ORD-100532,2025-02-13,Monitor,Peripherals,West,Pune,1,13100,13100,Retail Store
ORD-102477,2025-02-13,Smartwatch,Mobility,South,Hyderabad,6,15400,92400,Partner
ORD-103925,2025-02-13,Laptop,Computing,East,Bhubaneswar,4,60600,242400,Retail Store
ORD-103665,2025-02-13,Smartphone,Mobility,North,Lucknow,2,88200,176400,Retail Store
ORD-101669,2025-02-13,Webcam,Peripherals,West,Pune,2,3200,6400,Online
ORD-103875,2025-02-13,Webcam,Peripherals,West,Pune,5,4700,23500,Partner
ORD-101880,2025-02-13,Speaker,Audio,South,Bengaluru,9,6600,59400,Retail Store
ORD-100955,2025-02-13,Scanner,Office,East,Patna,3,13900,41700,Online
ORD-104015,2025-02-13,Monitor,Peripherals,South,Chennai,7,12200,85400,Online
ORD-100581,2025-02-13,Router,Networking,South,Kochi,6,11100,66600,Partner
ORD-103936,2025-02-13,Printer,Office,East,Bhubaneswar,12,24300,291600,Online
ORD-103250,2025-02-13,Keyboard,Peripherals,West,Pune,10,2900,29000,Retail Store
ORD-100849,2025-02-13,Smartwatch,Mobility,West,Surat,12,10300,123600,Retail Store
ORD-100460,2025-02-13,Smartphone,Mobility,South,Bengaluru,11,81900,900900,Retail Store
ORD-100442,2025-02-13,Mouse,Peripherals,West,Surat,12,2700,32400,Online
ORD-103859,2025-02-13,Smartphone,Mobility,South,Bengaluru,7,92500,647500,Partner
ORD-103541,2025-02-13,Monitor,Peripherals,North,Jaipur,3,12000,36000,Partner
ORD-103355,2025-02-14,Smartwatch,Mobility,South,Hyderabad,11,15900,174900,Online
ORD-100025,2025-02-14,Headphones,Audio,East,Bhubaneswar,1,17700,17700,Retail Store
ORD-100307,2025-02-14,Headphones,Audio,East,Kolkata,6,11800,70800,Online
ORD-100952,2025-02-14,Smartphone,Mobility,North,Delhi,10,44900,449000,Online
ORD-100734,2025-02-14,Mouse,Peripherals,North,Delhi,8,1000,8000,Partner
ORD-102136,2025-02-14,Keyboard,Peripherals,North,Delhi,5,3800,19000,Partner
ORD-103754,2025-02-14,Headphones,Audio,South,Chennai,10,2600,26000,Online
ORD-100872,2025-02-14,Speaker,Audio,South,Chennai,2,11000,22000,Online
ORD-101998,2025-02-14,Router,Networking,South,Chennai,5,9700,48500,Online
ORD-102939,2025-02-15,Monitor,Peripherals,South,Bengaluru,6,21000,126000,Partner
ORD-102368,2025-02-15,Laptop,Computing,East,Kolkata,6,58700,352200,Retail Store
ORD-103683,2025-02-15,Monitor,Peripherals,South,Bengaluru,3,11400,34200,Online
ORD-101084,2025-02-15,Router,Networking,East,Bhubaneswar,12,3900,46800,Online
ORD-101358,2025-02-15,Speaker,Audio,East,Patna,5,10900,54500,Partner
ORD-101607,2025-02-15,Monitor,Peripherals,North,Lucknow,11,10600,116600,Retail Store
ORD-103252,2025-02-15,Speaker,Audio,South,Kochi,11,8800,96800,Partner
ORD-102410,2025-02-15,Headphones,Audio,South,Chennai,4,13400,53600,Partner
ORD-104171,2025-02-15,Webcam,Peripherals,South,Hyderabad,7,4400,30800,Retail Store
ORD-103643,2025-02-15,Keyboard,Peripherals,North,Chandigarh,1,3500,3500,Retail Store
ORD-101203,2025-02-16,Tablet,Mobility,South,Kochi,9,43300,389700,Partner
ORD-100552,2025-02-16,Smartwatch,Mobility,North,Delhi,5,11500,57500,Partner
ORD-100445,2025-02-16,Keyboard,Peripherals,West,Ahmedabad,9,2100,18900,Partner
ORD-101903,2025-02-16,Webcam,Peripherals,North,Lucknow,1,2900,2900,Online
ORD-102475,2025-02-16,Speaker,Audio,South,Kochi,12,13800,165600,Retail Store
ORD-100464,2025-02-16,Smartphone,Mobility,South,Kochi,6,88800,532800,Partner
ORD-104036,2025-02-16,Smartphone,Mobility,North,Lucknow,10,69300,693000,Online
ORD-101293,2025-02-16,Router,Networking,South,Kochi,7,8300,58100,Online
ORD-103703,2025-02-17,Headphones,Audio,East,Bhubaneswar,3,13800,41400,Retail Store
ORD-100631,2025-02-17,Monitor,Peripherals,East,Bhubaneswar,4,22700,90800,Partner
ORD-103443,2025-02-17,Tablet,Mobility,South,Hyderabad,3,53500,160500,Online
ORD-104054,2025-02-17,Smartwatch,Mobility,East,Patna,3,3200,9600,Partner
ORD-103155,2025-02-17,Smartwatch,Mobility,South,Chennai,9,25300,227700,Partner
ORD-102027,2025-02-17,Printer,Office,East,Bhubaneswar,5,28300,141500,Partner
ORD-101962,2025-02-17,Laptop,Computing,North,Lucknow,1,59200,59200,Retail Store
ORD-100673,2025-02-17,Keyboard,Peripherals,South,Bengaluru,6,700,4200,Partner
ORD-102108,2025-02-17,Desktop PC,Computing,East,Bhubaneswar,7,46700,326900,Partner
ORD-103106,2025-02-17,Webcam,Peripherals,West,Surat,11,1400,15400,Partner
ORD-103344,2025-02-17,Laptop,Computing,East,Bhubaneswar,4,57900,231600,Retail Store
ORD-103581,2025-02-17,Webcam,Peripherals,North,Lucknow,11,5100,56100,Online
ORD-104023,2025-02-17,Laptop,Computing,South,Hyderabad,12,59900,718800,Online
ORD-101415,2025-02-18,Monitor,Peripherals,West,Pune,11,20500,225500,Retail Store
ORD-103023,2025-02-18,Keyboard,Peripherals,North,Delhi,12,1200,14400,Online
ORD-100748,2025-02-18,Laptop,Computing,North,Lucknow,6,59800,358800,Retail Store
ORD-102290,2025-02-18,Laptop,Computing,South,Hyderabad,2,60600,121200,Online
ORD-101821,2025-02-18,Keyboard,Peripherals,North,Jaipur,8,3300,26400,Partner
ORD-102079,2025-02-18,Speaker,Audio,South,Chennai,10,7900,79000,Online
ORD-103013,2025-02-18,Keyboard,Peripherals,South,Hyderabad,7,1700,11900,Partner
ORD-101959,2025-02-18,Smartwatch,Mobility,North,Delhi,3,12100,36300,Partner
ORD-103705,2025-02-18,Mouse,Peripherals,North,Chandigarh,5,3000,15000,Partner
ORD-102622,2025-02-18,Speaker,Audio,North,Lucknow,8,6400,51200,Partner
ORD-101015,2025-02-18,Smartphone,Mobility,North,Lucknow,10,73800,738000,Retail Store
ORD-101008,2025-02-19,Printer,Office,East,Bhubaneswar,12,17600,211200,Partner
ORD-100769,2025-02-19,Smartphone,Mobility,East,Guwahati,10,27400,274000,Online
ORD-103955,2025-02-19,Speaker,Audio,East,Guwahati,7,9200,64400,Retail Store
ORD-101505,2025-02-19,Mouse,Peripherals,South,Chennai,11,1800,19800,Retail Store
ORD-101094,2025-02-19,Mouse,Peripherals,West,Pune,7,1700,11900,Online
ORD-102419,2025-02-19,Printer,Office,South,Bengaluru,7,18300,128100,Partner
ORD-100883,2025-02-19,Scanner,Office,West,Pune,5,14400,72000,Retail Store
ORD-100763,2025-02-19,Webcam,Peripherals,South,Bengaluru,12,2300,27600,Retail Store
ORD-101879,2025-02-19,Tablet,Mobility,South,Kochi,9,34300,308700,Partner
ORD-100990,2025-02-19,Speaker,Audio,North,Lucknow,11,21800,239800,Retail Store
ORD-100609,2025-02-19,Keyboard,Peripherals,South,Hyderabad,9,1900,17100,Retail Store
ORD-102804,2025-02-19,Scanner,Office,South,Bengaluru,7,15600,109200,Online
ORD-100839,2025-02-20,Smartphone,Mobility,West,Pune,12,19800,237600,Online
ORD-100615,2025-02-20,Monitor,Peripherals,West,Pune,3,14300,42900,Online
ORD-101048,2025-02-20,Headphones,Audio,South,Bengaluru,1,8600,8600,Retail Store
ORD-101799,2025-02-20,Headphones,Audio,South,Hyderabad,9,16400,147600,Partner
ORD-102044,2025-02-20,Printer,Office,West,Mumbai,2,27900,55800,Retail Store
ORD-103087,2025-02-20,Keyboard,Peripherals,West,Pune,5,3300,16500,Retail Store
ORD-101092,2025-02-20,Monitor,Peripherals,North,Chandigarh,6,9300,55800,Partner
ORD-100441,2025-02-20,Router,Networking,North,Lucknow,9,7700,69300,Online
ORD-103976,2025-02-20,Smartphone,Mobility,South,Hyderabad,2,19600,39200,Partner
ORD-102275,2025-02-20,Printer,Office,South,Hyderabad,12,15300,183600,Online
ORD-103719,2025-02-20,Monitor,Peripherals,West,Mumbai,4,10100,40400,Online
ORD-102984,2025-02-20,Laptop,Computing,East,Patna,2,73500,147000,Online
ORD-102544,2025-02-20,Smartphone,Mobility,North,Delhi,4,72500,290000,Retail Store
ORD-100695,2025-02-21,Speaker,Audio,South,Kochi,8,7700,61600,Retail Store
ORD-101032,2025-02-21,Mouse,Peripherals,East,Patna,8,1800,14400,Partner
ORD-100209,2025-02-21,Smartphone,Mobility,North,Jaipur,8,24200,193600,Partner
ORD-103267,2025-02-21,Keyboard,Peripherals,North,Lucknow,10,3500,35000,Partner
ORD-103772,2025-02-21,Webcam,Peripherals,North,Jaipur,11,7300,80300,Retail Store
ORD-101157,2025-02-21,Smartphone,Mobility,North,Lucknow,9,57000,513000,Retail Store
ORD-100479,2025-02-21,Keyboard,Peripherals,West,Mumbai,7,3000,21000,Online
ORD-101866,2025-02-21,Speaker,Audio,North,Chandigarh,12,15100,181200,Partner
ORD-103738,2025-02-21,Mouse,Peripherals,North,Delhi,10,1900,19000,Retail Store
ORD-102879,2025-02-21,Keyboard,Peripherals,South,Bengaluru,5,2800,14000,Partner
ORD-101347,2025-02-21,Laptop,Computing,West,Mumbai,3,52300,156900,Retail Store
ORD-102137,2025-02-22,Printer,Office,East,Bhubaneswar,1,15100,15100,Partner
ORD-100761,2025-02-22,Mouse,Peripherals,East,Bhubaneswar,3,1600,4800,Online
ORD-102193,2025-02-22,Printer,Office,South,Kochi,2,19800,39600,Online
ORD-103205,2025-02-22,Smartphone,Mobility,South,Chennai,4,27100,108400,Retail Store
ORD-100683,2025-02-22,Laptop,Computing,South,Bengaluru,2,59100,118200,Online
ORD-100597,2025-02-22,Webcam,Peripherals,South,Chennai,8,7500,60000,Online
ORD-102865,2025-02-22,Laptop,Computing,East,Guwahati,3,73700,221100,Online
ORD-102907,2025-02-22,Mouse,Peripherals,East,Guwahati,1,2300,2300,Retail Store
ORD-100965,2025-02-22,Mouse,Peripherals,West,Surat,9,1500,13500,Partner
ORD-102806,2025-02-22,Keyboard,Peripherals,West,Surat,9,1800,16200,Retail Store
ORD-103300,2025-02-22,Printer,Office,North,Chandigarh,3,19500,58500,Partner
ORD-100339,2025-02-22,Mouse,Peripherals,South,Hyderabad,5,1100,5500,Online
ORD-101764,2025-02-22,Monitor,Peripherals,West,Mumbai,10,18900,189000,Retail Store
ORD-100333,2025-02-22,Monitor,Peripherals,North,Jaipur,3,18900,56700,Partner
ORD-101261,2025-02-22,Speaker,Audio,North,Jaipur,4,17000,68000,Online
ORD-101974,2025-02-22,Webcam,Peripherals,South,Bengaluru,12,4600,55200,Retail Store
ORD-101768,2025-02-22,Headphones,Audio,South,Bengaluru,1,9100,9100,Partner
ORD-100075,2025-02-23,Keyboard,Peripherals,North,Delhi,7,2600,18200,Retail Store
ORD-100568,2025-02-23,Mouse,Peripherals,West,Ahmedabad,8,400,3200,Partner
ORD-101848,2025-02-23,Webcam,Peripherals,South,Kochi,1,2100,2100,Retail Store
ORD-100650,2025-02-23,Tablet,Mobility,South,Hyderabad,6,13600,81600,Retail Store
ORD-100038,2025-02-23,Headphones,Audio,West,Surat,6,11900,71400,Partner
ORD-100295,2025-02-23,Speaker,Audio,West,Ahmedabad,5,8100,40500,Partner
ORD-103418,2025-02-23,Monitor,Peripherals,West,Mumbai,4,16900,67600,Partner
ORD-103365,2025-02-23,Headphones,Audio,South,Chennai,12,6400,76800,Online
ORD-101515,2025-02-23,Smartwatch,Mobility,North,Chandigarh,6,17700,106200,Retail Store
ORD-102480,2025-02-23,Smartphone,Mobility,North,Jaipur,8,83600,668800,Retail Store
ORD-102517,2025-02-23,Laptop,Computing,North,Jaipur,7,65400,457800,Online
ORD-101916,2025-02-23,Router,Networking,West,Pune,5,9900,49500,Partner
ORD-103133,2025-02-23,Printer,Office,South,Hyderabad,10,13100,131000,Partner
ORD-101241,2025-02-23,Keyboard,Peripherals,West,Mumbai,5,900,4500,Online
ORD-103729,2025-02-23,Monitor,Peripherals,West,Mumbai,4,16000,64000,Online
ORD-100312,2025-02-23,Keyboard,Peripherals,West,Ahmedabad,8,1600,12800,Retail Store
ORD-100894,2025-02-24,Tablet,Mobility,West,Pune,1,12200,12200,Partner
ORD-102250,2025-02-24,Mouse,Peripherals,North,Jaipur,3,2000,6000,Retail Store
ORD-100102,2025-02-24,Laptop,Computing,North,Lucknow,2,71500,143000,Partner
ORD-103233,2025-02-24,Scanner,Office,South,Hyderabad,1,12200,12200,Retail Store
ORD-100176,2025-02-24,Smartphone,Mobility,South,Bengaluru,12,72800,873600,Partner
ORD-102043,2025-02-24,Smartwatch,Mobility,North,Lucknow,1,16800,16800,Online
ORD-103304,2025-02-24,Mouse,Peripherals,North,Jaipur,11,1800,19800,Partner
ORD-103154,2025-02-24,Tablet,Mobility,North,Lucknow,1,40900,40900,Online
ORD-102227,2025-02-24,Keyboard,Peripherals,East,Patna,5,2100,10500,Online
ORD-101239,2025-02-25,Smartwatch,Mobility,South,Bengaluru,1,13100,13100,Partner
ORD-104093,2025-02-25,Printer,Office,North,Delhi,7,26200,183400,Retail Store
ORD-103288,2025-02-25,Webcam,Peripherals,West,Pune,4,8200,32800,Partner
ORD-102040,2025-02-25,Smartphone,Mobility,West,Ahmedabad,2,51000,102000,Online
ORD-101796,2025-02-25,Headphones,Audio,North,Chandigarh,12,2700,32400,Partner
ORD-102485,2025-02-25,Speaker,Audio,West,Mumbai,3,21900,65700,Retail Store
ORD-100544,2025-02-25,Scanner,Office,West,Pune,9,16600,149400,Online
ORD-101085,2025-02-25,Keyboard,Peripherals,South,Hyderabad,3,2900,8700,Retail Store
ORD-102643,2025-02-25,Mouse,Peripherals,East,Patna,2,800,1600,Partner
ORD-101406,2025-02-25,Monitor,Peripherals,North,Chandigarh,8,10400,83200,Partner
ORD-103159,2025-02-25,Mouse,Peripherals,East,Patna,4,1600,6400,Online
ORD-101179,2025-02-25,Smartwatch,Mobility,West,Mumbai,5,22000,110000,Retail Store
ORD-102452,2025-02-26,Router,Networking,South,Bengaluru,3,9400,28200,Partner
ORD-103989,2025-02-26,Laptop,Computing,East,Kolkata,5,58300,291500,Partner
ORD-100832,2025-02-26,Smartphone,Mobility,West,Mumbai,3,63300,189900,Partner
ORD-101170,2025-02-26,Keyboard,Peripherals,South,Bengaluru,11,3000,33000,Online
ORD-100976,2025-02-26,Headphones,Audio,North,Delhi,3,4100,12300,Partner
ORD-100020,2025-02-26,Laptop,Computing,East,Patna,3,67600,202800,Partner
ORD-103677,2025-02-26,Webcam,Peripherals,West,Ahmedabad,10,2600,26000,Online
ORD-103880,2025-02-26,Keyboard,Peripherals,East,Bhubaneswar,6,900,5400,Online
ORD-104126,2025-02-26,Smartphone,Mobility,South,Hyderabad,12,32700,392400,Partner
ORD-101831,2025-02-26,Printer,Office,South,Chennai,7,24400,170800,Partner
ORD-100895,2025-02-26,Speaker,Audio,West,Surat,8,18700,149600,Retail Store
ORD-101873,2025-02-27,Speaker,Audio,West,Surat,5,9300,46500,Partner
ORD-103315,2025-02-27,Tablet,Mobility,North,Delhi,5,16800,84000,Online
ORD-102482,2025-02-27,Mouse,Peripherals,South,Kochi,7,1400,9800,Retail Store
ORD-102231,2025-02-27,Headphones,Audio,North,Delhi,8,10300,82400,Retail Store
ORD-101159,2025-02-27,Desktop PC,Computing,North,Chandigarh,11,44300,487300,Partner
ORD-103040,2025-02-27,Router,Networking,North,Jaipur,3,3300,9900,Partner
ORD-102148,2025-02-27,Smartwatch,Mobility,West,Pune,1,8700,8700,Partner
ORD-101337,2025-02-27,Monitor,Peripherals,South,Kochi,11,12600,138600,Online
ORD-104111,2025-02-27,Smartphone,Mobility,South,Hyderabad,11,84900,933900,Online
ORD-104081,2025-02-27,Smartwatch,Mobility,East,Guwahati,3,11000,33000,Online
ORD-103807,2025-02-27,Laptop,Computing,West,Ahmedabad,3,68100,204300,Retail Store
ORD-100770,2025-02-28,Laptop,Computing,East,Kolkata,11,60100,661100,Partner
ORD-101737,2025-02-28,Monitor,Peripherals,South,Hyderabad,1,15600,15600,Retail Store
ORD-102445,2025-02-28,Smartphone,Mobility,West,Ahmedabad,12,31000,372000,Partner
ORD-102274,2025-02-28,Tablet,Mobility,North,Lucknow,3,26400,79200,Partner
ORD-100272,2025-02-28,Desktop PC,Computing,North,Jaipur,1,47600,47600,Online
ORD-101628,2025-02-28,Desktop PC,Computing,North,Lucknow,11,49200,541200,Retail Store
ORD-100399,2025-02-28,Smartphone,Mobility,West,Pune,3,53200,159600,Online
ORD-101120,2025-02-28,Printer,Office,West,Pune,10,24400,244000,Online
ORD-102752,2025-02-28,Keyboard,Peripherals,South,Kochi,1,900,900,Retail Store
ORD-100827,2025-02-28,Smartphone,Mobility,West,Mumbai,12,40400,484800,Partner
ORD-102191,2025-03-01,Printer,Office,North,Delhi,11,27100,298100,Online
ORD-102149,2025-03-01,Smartphone,Mobility,West,Ahmedabad,12,92800,1113600,Partner
ORD-101244,2025-03-01,Tablet,Mobility,East,Bhubaneswar,7,38100,266700,Online
ORD-102628,2025-03-01,Tablet,Mobility,East,Kolkata,6,39200,235200,Partner
ORD-103064,2025-03-01,Mouse,Peripherals,West,Surat,2,900,1800,Partner
ORD-100313,2025-03-01,Headphones,Audio,East,Kolkata,3,6800,20400,Online
ORD-103762,2025-03-01,Webcam,Peripherals,South,Chennai,6,8000,48000,Online
ORD-103689,2025-03-01,Monitor,Peripherals,North,Delhi,12,11600,139200,Partner
ORD-103391,2025-03-01,Monitor,Peripherals,South,Chennai,2,10500,21000,Online
ORD-101554,2025-03-01,Smartphone,Mobility,South,Kochi,9,77000,693000,Online
ORD-100726,2025-03-01,Keyboard,Peripherals,West,Surat,10,2200,22000,Online
ORD-103311,2025-03-02,Speaker,Audio,North,Chandigarh,1,7800,7800,Partner
ORD-100709,2025-03-02,Router,Networking,North,Lucknow,12,7000,84000,Retail Store
ORD-100182,2025-03-02,Headphones,Audio,North,Jaipur,3,14800,44400,Partner
ORD-102848,2025-03-02,Router,Networking,North,Delhi,6,2600,15600,Online
ORD-101597,2025-03-02,Smartphone,Mobility,West,Mumbai,10,56600,566000,Online
ORD-101694,2025-03-02,Mouse,Peripherals,North,Chandigarh,3,2500,7500,Retail Store
ORD-100171,2025-03-02,Desktop PC,Computing,South,Hyderabad,6,46300,277800,Online
ORD-103334,2025-03-02,Keyboard,Peripherals,East,Bhubaneswar,1,2300,2300,Partner
ORD-101434,2025-03-03,Laptop,Computing,West,Ahmedabad,2,74300,148600,Retail Store
ORD-101081,2025-03-03,Headphones,Audio,West,Surat,11,6300,69300,Online
ORD-100891,2025-03-03,Headphones,Audio,South,Kochi,12,15700,188400,Retail Store
ORD-102650,2025-03-03,Switch,Networking,South,Chennai,5,8600,43000,Partner
ORD-100297,2025-03-03,Headphones,Audio,East,Patna,2,11200,22400,Online
ORD-104055,2025-03-03,Keyboard,Peripherals,South,Kochi,3,2400,7200,Online
ORD-103370,2025-03-03,Headphones,Audio,East,Bhubaneswar,8,7600,60800,Online
ORD-102553,2025-03-03,Headphones,Audio,East,Patna,1,11000,11000,Retail Store
ORD-101650,2025-03-04,Headphones,Audio,North,Chandigarh,8,16100,128800,Partner
ORD-101579,2025-03-04,Mouse,Peripherals,East,Patna,12,1400,16800,Online
ORD-102046,2025-03-04,Switch,Networking,West,Surat,5,9200,46000,Retail Store
ORD-103284,2025-03-04,Monitor,Peripherals,West,Pune,2,23700,47400,Partner
ORD-104117,2025-03-04,Desktop PC,Computing,North,Lucknow,2,47100,94200,Partner
ORD-104074,2025-03-04,Smartphone,Mobility,West,Ahmedabad,1,14200,14200,Retail Store
ORD-103346,2025-03-04,Webcam,Peripherals,East,Bhubaneswar,11,7800,85800,Online
ORD-100943,2025-03-04,Monitor,Peripherals,West,Ahmedabad,1,18800,18800,Partner
ORD-102541,2025-03-04,Mouse,Peripherals,South,Kochi,12,2900,34800,Retail Store
ORD-100837,2025-03-04,Router,Networking,East,Kolkata,7,9700,67900,Retail Store
ORD-103509,2025-03-04,Monitor,Peripherals,West,Ahmedabad,1,11400,11400,Partner
ORD-102214,2025-03-04,Laptop,Computing,North,Lucknow,2,75000,150000,Partner
ORD-101178,2025-03-04,Smartphone,Mobility,North,Lucknow,4,44300,177200,Retail Store
ORD-100767,2025-03-05,Headphones,Audio,West,Ahmedabad,6,10400,62400,Online
ORD-101209,2025-03-05,Desktop PC,Computing,East,Bhubaneswar,1,58400,58400,Partner
ORD-103897,2025-03-05,Speaker,Audio,North,Chandigarh,11,11700,128700,Partner
ORD-100724,2025-03-05,Headphones,Audio,South,Hyderabad,5,16700,83500,Retail Store
ORD-104006,2025-03-05,Printer,Office,North,Jaipur,4,21900,87600,Retail Store
ORD-100869,2025-03-05,Headphones,Audio,West,Ahmedabad,2,4100,8200,Retail Store
ORD-102140,2025-03-05,Headphones,Audio,South,Hyderabad,8,12200,97600,Online
ORD-104087,2025-03-05,Desktop PC,Computing,South,Kochi,12,43300,519600,Partner
ORD-100772,2025-03-05,Smartphone,Mobility,West,Mumbai,8,57500,460000,Online
ORD-102464,2025-03-06,Router,Networking,East,Bhubaneswar,3,2000,6000,Retail Store
ORD-102311,2025-03-06,Headphones,Audio,South,Kochi,9,3900,35100,Partner
ORD-101721,2025-03-06,Desktop PC,Computing,South,Bengaluru,5,56500,282500,Partner
ORD-103586,2025-03-06,Speaker,Audio,East,Guwahati,5,12900,64500,Online
ORD-100595,2025-03-06,Headphones,Audio,East,Guwahati,1,13000,13000,Online
ORD-103717,2025-03-06,Mouse,Peripherals,East,Kolkata,10,800,8000,Partner
ORD-100288,2025-03-06,Monitor,Peripherals,South,Hyderabad,2,13500,27000,Online
ORD-103935,2025-03-06,Monitor,Peripherals,West,Ahmedabad,4,10800,43200,Retail Store
ORD-101718,2025-03-06,Printer,Office,West,Pune,7,19400,135800,Retail Store
ORD-103247,2025-03-06,Smartphone,Mobility,West,Mumbai,6,84100,504600,Partner
ORD-101190,2025-03-06,Laptop,Computing,South,Bengaluru,5,64000,320000,Retail Store
ORD-101883,2025-03-06,Printer,Office,West,Ahmedabad,2,21300,42600,Online
ORD-101881,2025-03-06,Monitor,Peripherals,North,Lucknow,8,16400,131200,Partner
ORD-102666,2025-03-06,Scanner,Office,South,Kochi,4,14500,58000,Partner
ORD-104040,2025-03-06,Printer,Office,East,Patna,8,24200,193600,Partner
ORD-104016,2025-03-06,Smartwatch,Mobility,West,Surat,7,3700,25900,Retail Store
ORD-103507,2025-03-07,Monitor,Peripherals,East,Guwahati,6,20100,120600,Partner
ORD-103631,2025-03-07,Keyboard,Peripherals,West,Mumbai,8,700,5600,Online
ORD-100185,2025-03-07,Laptop,Computing,South,Bengaluru,5,67800,339000,Partner
ORD-100282,2025-03-07,Laptop,Computing,South,Bengaluru,5,52700,263500,Online
ORD-101651,2025-03-07,Headphones,Audio,West,Pune,1,12200,12200,Online
ORD-101780,2025-03-07,Laptop,Computing,West,Pune,11,59900,658900,Partner
ORD-101083,2025-03-07,Headphones,Audio,South,Chennai,10,17300,173000,Retail Store
ORD-100857,2025-03-07,Laptop,Computing,West,Mumbai,4,70300,281200,Retail Store
ORD-101262,2025-03-07,Headphones,Audio,South,Chennai,1,9600,9600,Online
ORD-103169,2025-03-07,Speaker,Audio,North,Chandigarh,1,5300,5300,Retail Store
ORD-102883,2025-03-07,Mouse,Peripherals,East,Patna,11,1000,11000,Online
ORD-101581,2025-03-08,Scanner,Office,South,Bengaluru,6,15100,90600,Online
ORD-100047,2025-03-08,Desktop PC,Computing,South,Hyderabad,12,51100,613200,Partner
ORD-100793,2025-03-08,Smartphone,Mobility,West,Ahmedabad,9,81700,735300,Retail Store
ORD-103089,2025-03-08,Speaker,Audio,South,Bengaluru,12,9000,108000,Online
ORD-102338,2025-03-08,Monitor,Peripherals,West,Ahmedabad,1,10700,10700,Retail Store
ORD-101381,2025-03-08,Smartphone,Mobility,South,Kochi,12,47300,567600,Online
ORD-103873,2025-03-08,Speaker,Audio,North,Chandigarh,1,4700,4700,Online
ORD-103800,2025-03-08,Printer,Office,North,Delhi,5,28300,141500,Retail Store
ORD-101181,2025-03-08,Laptop,Computing,North,Lucknow,3,73200,219600,Online
ORD-102691,2025-03-09,Keyboard,Peripherals,West,Ahmedabad,4,3000,12000,Retail Store
ORD-102778,2025-03-09,Headphones,Audio,South,Bengaluru,10,12400,124000,Online
ORD-103476,2025-03-09,Scanner,Office,North,Delhi,4,11200,44800,Online
ORD-101582,2025-03-09,Desktop PC,Computing,West,Ahmedabad,7,43600,305200,Retail Store
ORD-100361,2025-03-09,Tablet,Mobility,West,Mumbai,9,52000,468000,Partner
ORD-103675,2025-03-09,Mouse,Peripherals,East,Kolkata,6,2700,16200,Online
ORD-103427,2025-03-09,Tablet,Mobility,West,Surat,1,51200,51200,Retail Store
ORD-101625,2025-03-09,Headphones,Audio,South,Chennai,1,2700,2700,Retail Store
ORD-100394,2025-03-09,Speaker,Audio,North,Lucknow,4,17700,70800,Partner
ORD-102483,2025-03-09,Mouse,Peripherals,North,Lucknow,12,2800,33600,Retail Store
ORD-101014,2025-03-09,Desktop PC,Computing,East,Guwahati,5,41200,206000,Online
ORD-100972,2025-03-09,Webcam,Peripherals,North,Delhi,12,1300,15600,Online
ORD-102120,2025-03-09,Keyboard,Peripherals,West,Mumbai,11,900,9900,Retail Store
ORD-101351,2025-03-09,Desktop PC,Computing,South,Hyderabad,8,59700,477600,Partner
ORD-100752,2025-03-09,Router,Networking,West,Mumbai,6,2500,15000,Online
ORD-102350,2025-03-10,Webcam,Peripherals,South,Kochi,12,4700,56400,Online
ORD-102169,2025-03-10,Smartwatch,Mobility,East,Guwahati,3,12400,37200,Retail Store
ORD-103889,2025-03-10,Keyboard,Peripherals,North,Lucknow,11,2800,30800,Retail Store
ORD-102359,2025-03-10,Speaker,Audio,South,Kochi,8,10700,85600,Online
ORD-101787,2025-03-10,Keyboard,Peripherals,North,Chandigarh,8,3100,24800,Partner
ORD-102292,2025-03-10,Headphones,Audio,North,Lucknow,3,3300,9900,Online
ORD-101142,2025-03-10,Mouse,Peripherals,East,Guwahati,11,2700,29700,Partner
ORD-101069,2025-03-11,Smartphone,Mobility,East,Guwahati,9,89800,808200,Retail Store
ORD-100747,2025-03-11,Monitor,Peripherals,South,Bengaluru,2,17800,35600,Retail Store
ORD-100232,2025-03-11,Smartphone,Mobility,North,Lucknow,5,95400,477000,Online
ORD-104138,2025-03-11,Laptop,Computing,West,Mumbai,2,54000,108000,Retail Store
ORD-100452,2025-03-11,Switch,Networking,North,Jaipur,6,10600,63600,Online
ORD-102831,2025-03-11,Smartwatch,Mobility,North,Jaipur,5,13500,67500,Retail Store
ORD-101375,2025-03-11,Laptop,Computing,South,Kochi,6,53500,321000,Retail Store
ORD-103967,2025-03-11,Router,Networking,West,Surat,3,7600,22800,Online
ORD-101055,2025-03-11,Scanner,Office,South,Hyderabad,7,14500,101500,Online
ORD-102982,2025-03-11,Smartphone,Mobility,West,Mumbai,2,23800,47600,Partner
ORD-100263,2025-03-11,Webcam,Peripherals,West,Ahmedabad,9,6900,62100,Retail Store
ORD-100450,2025-03-12,Headphones,Audio,West,Surat,12,11800,141600,Retail Store
ORD-103209,2025-03-12,Mouse,Peripherals,South,Bengaluru,11,800,8800,Retail Store
ORD-102377,2025-03-12,Keyboard,Peripherals,East,Patna,7,1500,10500,Online
ORD-104022,2025-03-12,Keyboard,Peripherals,East,Kolkata,9,1900,17100,Online
ORD-101988,2025-03-12,Tablet,Mobility,South,Bengaluru,7,22900,160300,Partner
ORD-102508,2025-03-12,Mouse,Peripherals,North,Chandigarh,1,2800,2800,Partner
ORD-102244,2025-03-12,Keyboard,Peripherals,South,Chennai,11,1600,17600,Retail Store
ORD-101266,2025-03-12,Tablet,Mobility,South,Chennai,12,45100,541200,Retail Store
ORD-100482,2025-03-12,Tablet,Mobility,North,Jaipur,3,22100,66300,Online
ORD-100301,2025-03-12,Router,Networking,North,Lucknow,12,3100,37200,Online
ORD-102172,2025-03-12,Printer,Office,East,Kolkata,9,12400,111600,Partner
ORD-104077,2025-03-12,Tablet,Mobility,North,Delhi,10,16600,166000,Retail Store
ORD-101680,2025-03-12,Printer,Office,South,Hyderabad,8,27500,220000,Retail Store
ORD-100596,2025-03-12,Keyboard,Peripherals,North,Chandigarh,2,2100,4200,Partner
ORD-102428,2025-03-13,Mouse,Peripherals,North,Lucknow,12,700,8400,Online
ORD-100111,2025-03-13,Smartwatch,Mobility,North,Lucknow,6,20100,120600,Online
ORD-102880,2025-03-13,Switch,Networking,West,Pune,10,29200,292000,Retail Store
ORD-103056,2025-03-13,Smartwatch,Mobility,South,Kochi,4,13000,52000,Partner
ORD-103585,2025-03-13,Speaker,Audio,South,Kochi,7,3000,21000,Partner
ORD-100235,2025-03-13,Smartphone,Mobility,West,Pune,7,75300,527100,Retail Store
ORD-102501,2025-03-13,Monitor,Peripherals,West,Pune,6,23700,142200,Partner
ORD-102255,2025-03-13,Smartphone,Mobility,South,Chennai,5,58800,294000,Online
ORD-100231,2025-03-13,Keyboard,Peripherals,South,Kochi,6,3400,20400,Retail Store
ORD-100338,2025-03-13,Keyboard,Peripherals,South,Kochi,12,3500,42000,Online
ORD-102417,2025-03-14,Tablet,Mobility,West,Mumbai,10,54600,546000,Retail Store
ORD-101352,2025-03-14,Mouse,Peripherals,South,Hyderabad,4,1100,4400,Online
ORD-101040,2025-03-14,Webcam,Peripherals,South,Kochi,9,2900,26100,Online
ORD-101748,2025-03-14,Laptop,Computing,East,Guwahati,7,73600,515200,Online
ORD-102059,2025-03-14,Mouse,Peripherals,West,Surat,6,2600,15600,Partner
ORD-102872,2025-03-14,Desktop PC,Computing,West,Mumbai,10,44100,441000,Partner
ORD-100331,2025-03-14,Speaker,Audio,South,Kochi,9,14800,133200,Partner
ORD-103724,2025-03-14,Printer,Office,North,Lucknow,7,13600,95200,Online
ORD-101627,2025-03-14,Mouse,Peripherals,East,Patna,2,800,1600,Retail Store
ORD-101976,2025-03-14,Desktop PC,Computing,North,Delhi,6,55400,332400,Online
ORD-103933,2025-03-14,Keyboard,Peripherals,West,Surat,2,3400,6800,Online
ORD-101933,2025-03-14,Headphones,Audio,West,Surat,7,4000,28000,Partner
ORD-103601,2025-03-15,Laptop,Computing,South,Chennai,5,65600,328000,Partner
ORD-101223,2025-03-15,Speaker,Audio,North,Chandigarh,1,5500,5500,Retail Store
ORD-103083,2025-03-15,Scanner,Office,South,Bengaluru,4,16100,64400,Retail Store
ORD-103734,2025-03-15,Desktop PC,Computing,South,Hyderabad,6,58300,349800,Retail Store
ORD-101774,2025-03-15,Mouse,Peripherals,East,Kolkata,4,2600,10400,Retail Store
ORD-103463,2025-03-15,Smartwatch,Mobility,North,Chandigarh,3,8500,25500,Online
ORD-104019,2025-03-15,Laptop,Computing,North,Chandigarh,3,52200,156600,Retail Store
ORD-104086,2025-03-15,Monitor,Peripherals,East,Kolkata,1,11000,11000,Retail Store
ORD-101062,2025-03-15,Headphones,Audio,West,Ahmedabad,7,6900,48300,Online
ORD-100580,2025-03-15,Mouse,Peripherals,North,Delhi,7,2100,14700,Retail Store
ORD-104029,2025-03-16,Headphones,Audio,West,Surat,5,10800,54000,Retail Store
ORD-103876,2025-03-16,Tablet,Mobility,South,Kochi,6,12400,74400,Online
ORD-102731,2025-03-16,Smartwatch,Mobility,West,Pune,1,4600,4600,Online
ORD-101153,2025-03-16,Smartphone,Mobility,East,Guwahati,1,40700,40700,Partner
ORD-101527,2025-03-16,Scanner,Office,North,Lucknow,1,13800,13800,Online
ORD-100370,2025-03-16,Headphones,Audio,North,Jaipur,8,2400,19200,Partner
ORD-101814,2025-03-16,Laptop,Computing,East,Guwahati,3,58800,176400,Online
ORD-101886,2025-03-17,Keyboard,Peripherals,North,Delhi,12,3400,40800,Online
ORD-102802,2025-03-17,Webcam,Peripherals,South,Chennai,8,2900,23200,Online
ORD-100109,2025-03-17,Monitor,Peripherals,South,Bengaluru,4,13700,54800,Online
ORD-101541,2025-03-17,Headphones,Audio,South,Bengaluru,2,10400,20800,Retail Store
ORD-101439,2025-03-17,Smartphone,Mobility,South,Chennai,7,30200,211400,Online
ORD-100260,2025-03-17,Headphones,Audio,North,Jaipur,7,16300,114100,Retail Store
ORD-101130,2025-03-17,Webcam,Peripherals,East,Guwahati,4,5500,22000,Online
ORD-100184,2025-03-17,Router,Networking,South,Bengaluru,12,3100,37200,Retail Store
ORD-102133,2025-03-17,Router,Networking,East,Bhubaneswar,10,4500,45000,Retail Store
ORD-103409,2025-03-18,Router,Networking,West,Mumbai,11,4600,50600,Online
ORD-103757,2025-03-18,Smartphone,Mobility,North,Jaipur,8,71300,570400,Retail Store
ORD-103156,2025-03-18,Router,Networking,North,Lucknow,8,4200,33600,Partner
ORD-101867,2025-03-18,Laptop,Computing,West,Surat,3,72900,218700,Online
ORD-100940,2025-03-18,Smartphone,Mobility,East,Patna,5,29200,146000,Retail Store
ORD-100431,2025-03-18,Smartwatch,Mobility,East,Patna,8,8300,66400,Partner
ORD-103528,2025-03-18,Headphones,Audio,South,Kochi,7,11300,79100,Retail Store
ORD-100521,2025-03-18,Speaker,Audio,South,Hyderabad,7,7800,54600,Partner
ORD-102613,2025-03-18,Keyboard,Peripherals,South,Hyderabad,12,3300,39600,Retail Store
ORD-103929,2025-03-18,Mouse,Peripherals,North,Jaipur,1,2200,2200,Partner
ORD-103840,2025-03-18,Laptop,Computing,East,Patna,9,61100,549900,Partner
ORD-102840,2025-03-18,Monitor,Peripherals,North,Delhi,9,13800,124200,Online
ORD-103002,2025-03-19,Laptop,Computing,West,Surat,2,65700,131400,Online
ORD-100822,2025-03-19,Scanner,Office,East,Kolkata,8,14300,114400,Partner
ORD-101838,2025-03-19,Headphones,Audio,South,Chennai,11,3400,37400,Online
ORD-101255,2025-03-19,Smartphone,Mobility,North,Delhi,7,87700,613900,Online
ORD-102936,2025-03-19,Scanner,Office,East,Guwahati,1,10300,10300,Retail Store
ORD-103588,2025-03-19,Printer,Office,West,Mumbai,4,17900,71600,Partner
ORD-101562,2025-03-19,Keyboard,Peripherals,South,Bengaluru,5,3400,17000,Online
ORD-100530,2025-03-19,Scanner,Office,East,Kolkata,9,10800,97200,Retail Store
ORD-102047,2025-03-19,Smartphone,Mobility,East,Kolkata,12,70500,846000,Online
ORD-103808,2025-03-19,Headphones,Audio,East,Kolkata,4,2000,8000,Online
ORD-101192,2025-03-19,Smartwatch,Mobility,North,Jaipur,12,19100,229200,Retail Store
ORD-103076,2025-03-19,Smartphone,Mobility,South,Chennai,11,93500,1028500,Online
ORD-104180,2025-03-19,Speaker,Audio,North,Delhi,4,4300,17200,Partner
ORD-101785,2025-03-19,Webcam,Peripherals,South,Chennai,11,6400,70400,Retail Store
ORD-102372,2025-03-20,Keyboard,Peripherals,East,Patna,3,1200,3600,Retail Store
ORD-100101,2025-03-20,Mouse,Peripherals,South,Hyderabad,9,2400,21600,Retail Store
ORD-102337,2025-03-20,Smartphone,Mobility,West,Ahmedabad,4,76100,304400,Retail Store
ORD-101934,2025-03-20,Mouse,Peripherals,West,Pune,8,1200,9600,Online
ORD-101843,2025-03-20,Speaker,Audio,North,Delhi,7,1500,10500,Partner
ORD-103524,2025-03-20,Scanner,Office,East,Bhubaneswar,3,10000,30000,Retail Store
ORD-101252,2025-03-20,Desktop PC,Computing,South,Chennai,5,43500,217500,Online
ORD-100070,2025-03-20,Speaker,Audio,West,Ahmedabad,10,14900,149000,Partner
ORD-101440,2025-03-20,Smartphone,Mobility,East,Bhubaneswar,5,31100,155500,Online
ORD-103756,2025-03-20,Smartwatch,Mobility,West,Pune,12,25200,302400,Retail Store
ORD-100828,2025-03-20,Mouse,Peripherals,West,Pune,12,1000,12000,Partner
ORD-102124,2025-03-20,Speaker,Audio,North,Delhi,6,21500,129000,Retail Store
ORD-101594,2025-03-21,Mouse,Peripherals,North,Chandigarh,9,500,4500,Retail Store
ORD-103479,2025-03-21,Printer,Office,North,Jaipur,8,22600,180800,Online
ORD-101059,2025-03-21,Webcam,Peripherals,North,Delhi,7,1900,13300,Online
ORD-102698,2025-03-21,Mouse,Peripherals,North,Chandigarh,2,2000,4000,Retail Store
ORD-100114,2025-03-21,Laptop,Computing,North,Delhi,1,66900,66900,Retail Store
ORD-103803,2025-03-21,Keyboard,Peripherals,West,Pune,2,3400,6800,Retail Store
ORD-100336,2025-03-22,Tablet,Mobility,North,Lucknow,3,39600,118800,Partner
ORD-103380,2025-03-22,Router,Networking,South,Hyderabad,12,8200,98400,Partner
ORD-100071,2025-03-22,Keyboard,Peripherals,South,Chennai,6,4100,24600,Partner
ORD-101789,2025-03-22,Laptop,Computing,South,Bengaluru,10,58200,582000,Online
ORD-100776,2025-03-22,Monitor,Peripherals,West,Pune,11,20700,227700,Retail Store
ORD-103149,2025-03-22,Smartwatch,Mobility,South,Hyderabad,2,21000,42000,Partner
ORD-101588,2025-03-22,Webcam,Peripherals,North,Jaipur,1,2100,2100,Retail Store
ORD-103824,2025-03-22,Headphones,Audio,South,Bengaluru,1,7000,7000,Retail Store
ORD-102838,2025-03-22,Tablet,Mobility,South,Kochi,4,52100,208400,Partner
ORD-100453,2025-03-22,Keyboard,Peripherals,South,Hyderabad,11,3600,39600,Retail Store
ORD-102385,2025-03-23,Webcam,Peripherals,West,Pune,11,8500,93500,Online
ORD-103513,2025-03-23,Monitor,Peripherals,North,Lucknow,4,9700,38800,Retail Store
ORD-100218,2025-03-23,Mouse,Peripherals,South,Hyderabad,2,2600,5200,Retail Store
ORD-103887,2025-03-23,Mouse,Peripherals,South,Chennai,4,500,2000,Partner
ORD-103298,2025-03-23,Tablet,Mobility,East,Guwahati,12,49800,597600,Partner
ORD-100202,2025-03-23,Laptop,Computing,East,Bhubaneswar,7,72100,504700,Partner
ORD-100350,2025-03-23,Speaker,Audio,East,Guwahati,9,21100,189900,Partner
ORD-103599,2025-03-23,Headphones,Audio,North,Jaipur,12,17800,213600,Partner
ORD-101524,2025-03-23,Speaker,Audio,East,Guwahati,11,15700,172700,Partner
ORD-101373,2025-03-23,Mouse,Peripherals,North,Jaipur,5,2400,12000,Retail Store
ORD-100039,2025-03-23,Headphones,Audio,North,Lucknow,3,12200,36600,Partner
ORD-103777,2025-03-23,Smartwatch,Mobility,South,Chennai,9,12700,114300,Online
ORD-101523,2025-03-23,Router,Networking,South,Kochi,3,5300,15900,Online
ORD-100647,2025-03-23,Keyboard,Peripherals,North,Jaipur,5,3600,18000,Retail Store
ORD-100836,2025-03-23,Headphones,Audio,South,Chennai,12,4800,57600,Partner
ORD-100351,2025-03-23,Mouse,Peripherals,East,Guwahati,9,3000,27000,Retail Store
ORD-103009,2025-03-23,Mouse,Peripherals,West,Mumbai,2,900,1800,Retail Store
ORD-100438,2025-03-24,Monitor,Peripherals,South,Chennai,2,9100,18200,Online
ORD-100641,2025-03-24,Monitor,Peripherals,South,Chennai,6,14600,87600,Online
ORD-103980,2025-03-24,Keyboard,Peripherals,East,Kolkata,5,2200,11000,Retail Store
ORD-103891,2025-03-24,Switch,Networking,South,Hyderabad,4,28000,112000,Partner
ORD-102911,2025-03-24,Keyboard,Peripherals,West,Pune,11,1900,20900,Partner
ORD-101794,2025-03-24,Mouse,Peripherals,North,Jaipur,8,1900,15200,Partner
ORD-100088,2025-03-24,Webcam,Peripherals,East,Patna,1,3200,3200,Online
ORD-102220,2025-03-24,Smartphone,Mobility,South,Kochi,5,61100,305500,Partner
ORD-102086,2025-03-24,Monitor,Peripherals,West,Surat,12,17700,212400,Partner
ORD-101990,2025-03-24,Monitor,Peripherals,North,Chandigarh,7,18000,126000,Partner
ORD-100751,2025-03-24,Desktop PC,Computing,West,Ahmedabad,8,52300,418400,Partner
ORD-103189,2025-03-24,Scanner,Office,South,Bengaluru,8,12200,97600,Partner
ORD-102971,2025-03-24,Printer,Office,East,Bhubaneswar,1,17300,17300,Retail Store
ORD-103618,2025-03-24,Keyboard,Peripherals,South,Kochi,7,2900,20300,Partner
ORD-104139,2025-03-24,Mouse,Peripherals,East,Kolkata,8,2300,18400,Partner
ORD-102737,2025-03-24,Smartphone,Mobility,West,Mumbai,3,37600,112800,Retail Store
ORD-100983,2025-03-24,Mouse,Peripherals,South,Hyderabad,8,2600,20800,Retail Store
ORD-101409,2025-03-24,Monitor,Peripherals,East,Bhubaneswar,10,13700,137000,Retail Store
ORD-100298,2025-03-25,Switch,Networking,North,Chandigarh,11,9800,107800,Online
ORD-104150,2025-03-25,Smartphone,Mobility,West,Surat,11,83300,916300,Retail Store
ORD-100354,2025-03-25,Printer,Office,North,Jaipur,11,21200,233200,Retail Store
ORD-102379,2025-03-25,Router,Networking,South,Kochi,9,6000,54000,Retail Store
ORD-103452,2025-03-25,Mouse,Peripherals,East,Patna,7,900,6300,Retail Store
ORD-104094,2025-03-25,Smartphone,Mobility,North,Jaipur,8,85700,685600,Online
ORD-101980,2025-03-25,Tablet,Mobility,South,Chennai,8,49100,392800,Online
ORD-100324,2025-03-25,Router,Networking,East,Guwahati,2,11600,23200,Retail Store
ORD-100945,2025-03-25,Speaker,Audio,North,Lucknow,10,12800,128000,Retail Store
ORD-102987,2025-03-25,Speaker,Audio,South,Chennai,6,11500,69000,Retail Store
ORD-101910,2025-03-25,Printer,Office,North,Chandigarh,3,11000,33000,Retail Store
ORD-102537,2025-03-26,Speaker,Audio,South,Kochi,5,13300,66500,Retail Store
ORD-102876,2025-03-26,Webcam,Peripherals,East,Kolkata,1,8700,8700,Retail Store
ORD-103120,2025-03-26,Tablet,Mobility,South,Kochi,6,24800,148800,Online
ORD-102037,2025-03-26,Laptop,Computing,South,Bengaluru,12,69500,834000,Partner
ORD-102930,2025-03-26,Switch,Networking,West,Pune,6,15800,94800,Retail Store
ORD-100548,2025-03-26,Smartphone,Mobility,East,Patna,7,66100,462700,Partner
ORD-100046,2025-03-26,Headphones,Audio,North,Lucknow,4,14500,58000,Partner
ORD-100998,2025-03-26,Keyboard,Peripherals,South,Hyderabad,12,700,8400,Partner
ORD-103160,2025-03-26,Scanner,Office,South,Bengaluru,4,16800,67200,Online
ORD-101631,2025-03-26,Laptop,Computing,East,Patna,8,59900,479200,Online
ORD-101583,2025-03-26,Router,Networking,South,Hyderabad,9,2500,22500,Online
ORD-101772,2025-03-26,Printer,Office,West,Pune,1,13300,13300,Partner
ORD-104058,2025-03-27,Smartphone,Mobility,North,Delhi,8,86600,692800,Retail Store
ORD-103900,2025-03-27,Tablet,Mobility,West,Pune,9,43500,391500,Online
ORD-102462,2025-03-27,Keyboard,Peripherals,South,Bengaluru,8,2400,19200,Retail Store
ORD-101895,2025-03-27,Printer,Office,West,Surat,11,19900,218900,Retail Store
ORD-101645,2025-03-27,Printer,Office,West,Surat,3,18300,54900,Online
ORD-102326,2025-03-27,Headphones,Audio,South,Bengaluru,8,1300,10400,Retail Store
ORD-102695,2025-03-27,Monitor,Peripherals,West,Pune,10,20500,205000,Online
ORD-100780,2025-03-27,Smartwatch,Mobility,North,Jaipur,8,3800,30400,Retail Store
ORD-102487,2025-03-27,Tablet,Mobility,East,Kolkata,3,44700,134100,Retail Store
ORD-100646,2025-03-27,Tablet,Mobility,North,Jaipur,2,22800,45600,Online
ORD-102160,2025-03-27,Tablet,Mobility,South,Kochi,5,23200,116000,Online
ORD-104085,2025-03-28,Router,Networking,South,Chennai,6,4600,27600,Online
ORD-101393,2025-03-28,Router,Networking,West,Ahmedabad,4,10500,42000,Retail Store
ORD-102004,2025-03-28,Smartphone,Mobility,West,Ahmedabad,2,48700,97400,Online
ORD-100804,2025-03-28,Monitor,Peripherals,South,Hyderabad,1,23700,23700,Retail Store
ORD-103726,2025-03-28,Printer,Office,North,Delhi,10,23400,234000,Online
ORD-102706,2025-03-28,Webcam,Peripherals,South,Bengaluru,1,1300,1300,Retail Store
ORD-104104,2025-03-28,Monitor,Peripherals,North,Delhi,11,13900,152900,Retail Store
ORD-102669,2025-03-28,Headphones,Audio,North,Lucknow,10,5200,52000,Retail Store
ORD-102790,2025-03-28,Speaker,Audio,West,Mumbai,9,7000,63000,Retail Store
ORD-100690,2025-03-28,Smartwatch,Mobility,South,Hyderabad,2,12900,25800,Partner
ORD-103750,2025-03-28,Smartwatch,Mobility,East,Patna,4,22400,89600,Partner
ORD-102528,2025-03-28,Tablet,Mobility,South,Chennai,11,51500,566500,Partner
ORD-103312,2025-03-29,Laptop,Computing,North,Jaipur,9,76300,686700,Online
ORD-100989,2025-03-29,Smartphone,Mobility,South,Bengaluru,6,62900,377400,Partner
ORD-102810,2025-03-29,Smartphone,Mobility,North,Delhi,6,50200,301200,Partner
ORD-100725,2025-03-29,Laptop,Computing,East,Kolkata,5,54200,271000,Partner
ORD-103898,2025-03-29,Laptop,Computing,South,Hyderabad,2,66200,132400,Online
ORD-101475,2025-03-29,Mouse,Peripherals,East,Guwahati,4,2800,11200,Retail Store
ORD-103619,2025-03-29,Headphones,Audio,South,Chennai,7,2100,14700,Partner
ORD-104027,2025-03-29,Headphones,Audio,North,Chandigarh,10,6400,64000,Online
ORD-103367,2025-03-30,Smartphone,Mobility,West,Pune,4,62400,249600,Partner
ORD-100765,2025-03-30,Monitor,Peripherals,West,Mumbai,11,23500,258500,Partner
ORD-100510,2025-03-30,Switch,Networking,South,Bengaluru,11,24600,270600,Retail Store
ORD-102759,2025-03-30,Webcam,Peripherals,East,Patna,1,3300,3300,Partner
ORD-103662,2025-03-31,Monitor,Peripherals,North,Jaipur,4,15600,62400,Retail Store
ORD-102845,2025-03-31,Webcam,Peripherals,North,Delhi,2,4000,8000,Partner
ORD-103617,2025-03-31,Mouse,Peripherals,North,Jaipur,12,2500,30000,Online
ORD-104008,2025-03-31,Monitor,Peripherals,North,Delhi,4,20000,80000,Retail Store
ORD-103143,2025-03-31,Router,Networking,West,Surat,6,11300,67800,Retail Store
ORD-101053,2025-03-31,Laptop,Computing,South,Hyderabad,3,53100,159300,Partner
ORD-100259,2025-03-31,Monitor,Peripherals,South,Hyderabad,3,22400,67200,Online
ORD-103928,2025-03-31,Laptop,Computing,North,Jaipur,11,58500,643500,Retail Store
ORD-102095,2025-03-31,Desktop PC,Computing,West,Surat,7,44700,312900,Online
ORD-100523,2025-04-01,Smartphone,Mobility,North,Delhi,10,91500,915000,Online
ORD-101350,2025-04-01,Laptop,Computing,North,Delhi,9,70700,636300,Online
ORD-102611,2025-04-01,Mouse,Peripherals,West,Mumbai,4,2500,10000,Online
ORD-100809,2025-04-01,Laptop,Computing,South,Chennai,7,65800,460600,Partner
ORD-103161,2025-04-01,Router,Networking,North,Lucknow,2,2500,5000,Partner
ORD-104114,2025-04-01,Smartphone,Mobility,West,Ahmedabad,7,64300,450100,Online
ORD-103804,2025-04-01,Laptop,Computing,North,Jaipur,5,77600,388000,Retail Store
ORD-102783,2025-04-01,Monitor,Peripherals,South,Hyderabad,6,12400,74400,Retail Store
ORD-101672,2025-04-01,Laptop,Computing,West,Ahmedabad,2,52700,105400,Online
ORD-103068,2025-04-01,Printer,Office,West,Surat,7,23400,163800,Partner
ORD-101950,2025-04-02,Smartwatch,Mobility,West,Pune,3,5400,16200,Retail Store
ORD-102562,2025-04-02,Laptop,Computing,South,Hyderabad,11,67100,738100,Partner
ORD-102247,2025-04-02,Headphones,Audio,West,Ahmedabad,3,15600,46800,Retail Store
ORD-102342,2025-04-02,Mouse,Peripherals,West,Pune,10,2200,22000,Retail Store
ORD-102574,2025-04-02,Webcam,Peripherals,North,Chandigarh,4,3500,14000,Online
ORD-101797,2025-04-02,Keyboard,Peripherals,West,Mumbai,12,1200,14400,Partner
ORD-100843,2025-04-02,Router,Networking,West,Pune,3,11300,33900,Retail Store
ORD-101411,2025-04-02,Monitor,Peripherals,South,Kochi,4,23300,93200,Retail Store
ORD-101717,2025-04-02,Tablet,Mobility,North,Jaipur,10,28500,285000,Retail Store
ORD-102863,2025-04-02,Headphones,Audio,West,Mumbai,7,3500,24500,Online
ORD-100680,2025-04-02,Laptop,Computing,East,Bhubaneswar,9,52500,472500,Partner
ORD-104190,2025-04-02,Mouse,Peripherals,South,Bengaluru,4,2200,8800,Partner
ORD-102367,2025-04-03,Smartphone,Mobility,North,Lucknow,8,71800,574400,Partner
ORD-100666,2025-04-03,Printer,Office,West,Surat,10,15500,155000,Retail Store
ORD-103195,2025-04-03,Switch,Networking,North,Delhi,4,8500,34000,Retail Store
ORD-102540,2025-04-03,Keyboard,Peripherals,South,Hyderabad,10,2500,25000,Partner
ORD-100074,2025-04-03,Headphones,Audio,South,Hyderabad,1,2500,2500,Online
ORD-100061,2025-04-03,Smartphone,Mobility,North,Delhi,4,45600,182400,Online
ORD-100636,2025-04-03,Tablet,Mobility,South,Hyderabad,4,41500,166000,Partner
ORD-100665,2025-04-03,Monitor,Peripherals,North,Lucknow,2,16000,32000,Partner
ORD-103838,2025-04-04,Scanner,Office,North,Jaipur,3,17700,53100,Online
ORD-102380,2025-04-04,Desktop PC,Computing,North,Jaipur,1,42000,42000,Online
ORD-100327,2025-04-04,Speaker,Audio,North,Jaipur,2,15200,30400,Online
ORD-100603,2025-04-04,Scanner,Office,South,Kochi,9,16300,146700,Online
ORD-102633,2025-04-04,Laptop,Computing,East,Guwahati,7,70000,490000,Retail Store
ORD-102481,2025-04-04,Tablet,Mobility,West,Ahmedabad,10,31300,313000,Online
ORD-101096,2025-04-04,Tablet,Mobility,South,Kochi,10,21800,218000,Online
ORD-103116,2025-04-04,Tablet,Mobility,East,Kolkata,2,16700,33400,Online
ORD-100142,2025-04-04,Mouse,Peripherals,South,Chennai,5,500,2500,Retail Store
ORD-101088,2025-04-05,Smartphone,Mobility,South,Bengaluru,5,16600,83000,Online
ORD-101045,2025-04-05,Smartphone,Mobility,South,Kochi,4,21300,85200,Partner
ORD-103722,2025-04-05,Headphones,Audio,South,Chennai,5,13600,68000,Partner
ORD-100799,2025-04-05,Smartphone,Mobility,West,Pune,10,33700,337000,Retail Store
ORD-102498,2025-04-05,Speaker,Audio,North,Delhi,8,1600,12800,Online
ORD-100504,2025-04-05,Smartphone,Mobility,North,Chandigarh,4,81500,326000,Partner
ORD-101167,2025-04-05,Smartphone,Mobility,West,Pune,3,53800,161400,Retail Store
ORD-102159,2025-04-05,Smartphone,Mobility,East,Bhubaneswar,5,60900,304500,Online
ORD-103908,2025-04-05,Desktop PC,Computing,East,Kolkata,4,55000,220000,Partner
ORD-103321,2025-04-05,Keyboard,Peripherals,West,Pune,12,3800,45600,Partner
ORD-102925,2025-04-05,Tablet,Mobility,West,Pune,8,15800,126400,Online
ORD-101074,2025-04-05,Printer,Office,South,Hyderabad,3,11700,35100,Online
ORD-100807,2025-04-06,Printer,Office,North,Jaipur,3,21100,63300,Retail Store
ORD-103186,2025-04-06,Keyboard,Peripherals,South,Hyderabad,1,2300,2300,Partner
ORD-100127,2025-04-06,Webcam,Peripherals,South,Chennai,4,6400,25600,Retail Store
ORD-100558,2025-04-06,Scanner,Office,West,Surat,5,17500,87500,Online
ORD-103570,2025-04-06,Speaker,Audio,South,Hyderabad,10,19400,194000,Online
ORD-101555,2025-04-06,Laptop,Computing,South,Chennai,3,70300,210900,Online
ORD-102019,2025-04-06,Smartphone,Mobility,North,Lucknow,12,44000,528000,Online
ORD-103699,2025-04-06,Smartwatch,Mobility,West,Pune,2,25200,50400,Retail Store
ORD-101227,2025-04-06,Webcam,Peripherals,North,Jaipur,1,7000,7000,Retail Store
ORD-101220,2025-04-06,Headphones,Audio,West,Ahmedabad,3,15000,45000,Online
ORD-102291,2025-04-06,Mouse,Peripherals,West,Mumbai,5,1500,7500,Retail Store
ORD-102052,2025-04-06,Laptop,Computing,West,Pune,10,73200,732000,Partner
ORD-100774,2025-04-06,Laptop,Computing,South,Kochi,7,70000,490000,Retail Store
ORD-101372,2025-04-06,Tablet,Mobility,North,Delhi,12,25300,303600,Partner
ORD-100996,2025-04-06,Tablet,Mobility,South,Chennai,1,48600,48600,Online
ORD-103119,2025-04-06,Monitor,Peripherals,South,Kochi,5,17100,85500,Partner
ORD-100334,2025-04-06,Smartphone,Mobility,South,Bengaluru,2,57200,114400,Partner
ORD-103896,2025-04-06,Smartphone,Mobility,East,Guwahati,2,59800,119600,Online
ORD-103077,2025-04-06,Tablet,Mobility,South,Chennai,10,12700,127000,Online
ORD-103884,2025-04-06,Monitor,Peripherals,South,Chennai,1,18900,18900,Retail Store
ORD-100358,2025-04-06,Smartphone,Mobility,West,Surat,8,78200,625600,Online
ORD-100728,2025-04-07,Printer,Office,West,Mumbai,5,15900,79500,Retail Store
ORD-100749,2025-04-07,Speaker,Audio,North,Jaipur,4,3400,13600,Partner
ORD-103442,2025-04-07,Scanner,Office,North,Jaipur,6,8700,52200,Retail Store
ORD-101018,2025-04-07,Webcam,Peripherals,West,Pune,11,1300,14300,Partner
ORD-102515,2025-04-07,Speaker,Audio,South,Hyderabad,12,14700,176400,Partner
ORD-102664,2025-04-07,Tablet,Mobility,West,Ahmedabad,4,36000,144000,Retail Store
ORD-103172,2025-04-07,Headphones,Audio,West,Surat,1,1300,1300,Partner
ORD-103626,2025-04-07,Keyboard,Peripherals,North,Lucknow,9,900,8100,Retail Store
ORD-100629,2025-04-07,Keyboard,Peripherals,South,Bengaluru,10,2200,22000,Online
ORD-100821,2025-04-07,Tablet,Mobility,West,Ahmedabad,10,19000,190000,Partner
ORD-100874,2025-04-07,Monitor,Peripherals,West,Surat,11,23100,254100,Online
ORD-102469,2025-04-07,Monitor,Peripherals,North,Delhi,8,22100,176800,Retail Store
ORD-102873,2025-04-07,Webcam,Peripherals,North,Chandigarh,5,8200,41000,Partner
ORD-103403,2025-04-08,Smartphone,Mobility,West,Pune,11,34000,374000,Retail Store
ORD-100901,2025-04-08,Speaker,Audio,West,Ahmedabad,8,6700,53600,Online
ORD-101999,2025-04-08,Smartphone,Mobility,East,Bhubaneswar,3,38000,114000,Retail Store
ORD-100566,2025-04-08,Router,Networking,West,Surat,5,11600,58000,Partner
ORD-103706,2025-04-08,Smartwatch,Mobility,East,Guwahati,3,26900,80700,Online
ORD-100612,2025-04-08,Laptop,Computing,North,Delhi,10,68300,683000,Online
ORD-103374,2025-04-08,Smartphone,Mobility,North,Delhi,6,62500,375000,Online
ORD-102236,2025-04-08,Laptop,Computing,North,Lucknow,11,63200,695200,Partner
ORD-101210,2025-04-08,Printer,Office,West,Surat,4,13700,54800,Online
ORD-102668,2025-04-09,Keyboard,Peripherals,South,Kochi,1,1200,1200,Retail Store
ORD-102791,2025-04-09,Smartwatch,Mobility,South,Hyderabad,2,8100,16200,Retail Store
ORD-102560,2025-04-09,Desktop PC,Computing,West,Surat,12,46800,561600,Partner
ORD-103981,2025-04-09,Speaker,Audio,North,Delhi,4,18800,75200,Online
ORD-101655,2025-04-09,Monitor,Peripherals,North,Delhi,4,16100,64400,Partner
ORD-101002,2025-04-09,Webcam,Peripherals,West,Pune,7,5700,39900,Online
ORD-102585,2025-04-09,Laptop,Computing,South,Kochi,9,65600,590400,Online
ORD-103801,2025-04-09,Desktop PC,Computing,South,Hyderabad,1,39200,39200,Partner
ORD-103516,2025-04-10,Mouse,Peripherals,South,Hyderabad,3,700,2100,Retail Store
ORD-101800,2025-04-10,Monitor,Peripherals,South,Bengaluru,9,18400,165600,Online
ORD-101257,2025-04-10,Speaker,Audio,North,Jaipur,10,17100,171000,Online
ORD-103115,2025-04-10,Monitor,Peripherals,West,Pune,7,17100,119700,Retail Store
ORD-100542,2025-04-10,Mouse,Peripherals,North,Lucknow,8,800,6400,Online
ORD-103462,2025-04-10,Monitor,Peripherals,South,Bengaluru,1,15800,15800,Online
ORD-101961,2025-04-10,Mouse,Peripherals,South,Bengaluru,9,2200,19800,Retail Store
ORD-100512,2025-04-10,Webcam,Peripherals,West,Pune,1,6800,6800,Partner
ORD-103227,2025-04-10,Webcam,Peripherals,South,Chennai,11,3500,38500,Partner
ORD-101638,2025-04-10,Printer,Office,South,Kochi,7,24800,173600,Retail Store
ORD-103117,2025-04-10,Desktop PC,Computing,South,Kochi,8,57200,457600,Retail Store
ORD-100268,2025-04-10,Switch,Networking,North,Delhi,7,17400,121800,Online
ORD-101923,2025-04-10,Smartphone,Mobility,East,Bhubaneswar,9,93900,845100,Online
ORD-103051,2025-04-10,Keyboard,Peripherals,West,Pune,2,1600,3200,Retail Store
ORD-103010,2025-04-11,Monitor,Peripherals,East,Patna,11,23700,260700,Partner
ORD-103678,2025-04-11,Smartwatch,Mobility,West,Surat,9,13300,119700,Retail Store
ORD-102129,2025-04-11,Smartphone,Mobility,East,Guwahati,11,19800,217800,Retail Store
ORD-103231,2025-04-11,Smartphone,Mobility,South,Bengaluru,1,50000,50000,Retail Store
ORD-102646,2025-04-11,Webcam,Peripherals,West,Surat,1,2500,2500,Retail Store
ORD-102513,2025-04-11,Headphones,Audio,North,Jaipur,4,11200,44800,Retail Store
ORD-103797,2025-04-11,Speaker,Audio,West,Surat,6,13400,80400,Retail Store
ORD-102365,2025-04-11,Smartphone,Mobility,North,Delhi,2,63800,127600,Retail Store
ORD-103273,2025-04-11,Router,Networking,South,Kochi,6,6700,40200,Retail Store
ORD-101779,2025-04-11,Laptop,Computing,North,Jaipur,7,77200,540400,Partner
ORD-103879,2025-04-12,Webcam,Peripherals,South,Chennai,8,6100,48800,Retail Store
ORD-102739,2025-04-12,Monitor,Peripherals,West,Surat,1,10300,10300,Retail Store
ORD-102427,2025-04-12,Keyboard,Peripherals,North,Jaipur,8,1600,12800,Partner
ORD-101037,2025-04-12,Monitor,Peripherals,East,Kolkata,11,11600,127600,Partner
ORD-103039,2025-04-12,Printer,Office,South,Kochi,8,22200,177600,Retail Store
ORD-102933,2025-04-12,Speaker,Audio,South,Kochi,11,4400,48400,Retail Store
ORD-100386,2025-04-12,Keyboard,Peripherals,North,Delhi,4,3900,15600,Partner
ORD-102535,2025-04-12,Switch,Networking,South,Bengaluru,2,10000,20000,Partner
ORD-103283,2025-04-12,Desktop PC,Computing,West,Mumbai,4,41200,164800,Partner
ORD-103318,2025-04-13,Webcam,Peripherals,South,Bengaluru,8,6400,51200,Retail Store
ORD-101605,2025-04-13,Smartphone,Mobility,East,Guwahati,4,17800,71200,Retail Store
ORD-101490,2025-04-13,Headphones,Audio,East,Guwahati,9,12400,111600,Retail Store
ORD-100055,2025-04-13,Mouse,Peripherals,West,Ahmedabad,6,1300,7800,Online
ORD-100387,2025-04-13,Monitor,Peripherals,South,Kochi,3,22800,68400,Retail Store
ORD-103014,2025-04-13,Headphones,Audio,North,Delhi,11,2600,28600,Online
ORD-101362,2025-04-13,Monitor,Peripherals,South,Bengaluru,6,17700,106200,Online
ORD-102186,2025-04-13,Webcam,Peripherals,East,Bhubaneswar,5,1800,9000,Partner
ORD-103543,2025-04-13,Speaker,Audio,North,Delhi,7,5600,39200,Partner
ORD-102225,2025-04-13,Desktop PC,Computing,West,Surat,1,53900,53900,Partner
ORD-103232,2025-04-13,Printer,Office,West,Surat,7,15300,107100,Online
ORD-101436,2025-04-13,Smartphone,Mobility,West,Mumbai,10,94800,948000,Partner
ORD-101201,2025-04-14,Scanner,Office,South,Kochi,3,14400,43200,Retail Store
ORD-102851,2025-04-14,Printer,Office,North,Delhi,3,17900,53700,Partner
ORD-101326,2025-04-14,Monitor,Peripherals,East,Kolkata,4,16400,65600,Retail Store
ORD-102324,2025-04-14,Scanner,Office,East,Guwahati,10,15500,155000,Partner
ORD-101546,2025-04-14,Headphones,Audio,East,Bhubaneswar,4,5400,21600,Online
ORD-100913,2025-04-14,Headphones,Audio,North,Jaipur,11,3100,34100,Partner
ORD-101022,2025-04-14,Smartwatch,Mobility,South,Bengaluru,8,24900,199200,Retail Store
ORD-101156,2025-04-14,Smartphone,Mobility,North,Jaipur,12,66800,801600,Retail Store
ORD-104002,2025-04-14,Smartwatch,Mobility,South,Kochi,8,18100,144800,Online
ORD-100946,2025-04-14,Smartphone,Mobility,South,Kochi,9,43000,387000,Partner
ORD-104128,2025-04-15,Scanner,Office,West,Pune,4,11400,45600,Online
ORD-101502,2025-04-15,Smartwatch,Mobility,West,Surat,10,7600,76000,Retail Store
ORD-104045,2025-04-15,Webcam,Peripherals,West,Surat,5,4700,23500,Partner
ORD-100585,2025-04-15,Monitor,Peripherals,North,Chandigarh,12,15000,180000,Retail Store
ORD-102722,2025-04-15,Keyboard,Peripherals,North,Chandigarh,8,2900,23200,Online
ORD-104038,2025-04-15,Smartphone,Mobility,North,Delhi,10,86300,863000,Retail Store
ORD-103679,2025-04-15,Mouse,Peripherals,North,Chandigarh,2,1600,3200,Retail Store
ORD-102819,2025-04-16,Printer,Office,South,Bengaluru,10,20600,206000,Partner
ORD-103331,2025-04-16,Mouse,Peripherals,South,Bengaluru,12,600,7200,Retail Store
ORD-103882,2025-04-16,Speaker,Audio,West,Ahmedabad,3,16400,49200,Partner
ORD-101480,2025-04-16,Mouse,Peripherals,North,Lucknow,1,2300,2300,Online
ORD-100805,2025-04-16,Keyboard,Peripherals,North,Delhi,4,3500,14000,Online
ORD-102891,2025-04-16,Printer,Office,West,Mumbai,3,21200,63600,Retail Store
ORD-103688,2025-04-16,Keyboard,Peripherals,South,Chennai,3,2700,8100,Online
ORD-101860,2025-04-16,Tablet,Mobility,North,Chandigarh,8,24500,196000,Partner
ORD-101644,2025-04-16,Laptop,Computing,North,Chandigarh,9,54800,493200,Online
ORD-104172,2025-04-16,Speaker,Audio,West,Ahmedabad,1,20700,20700,Partner
ORD-103347,2025-04-16,Webcam,Peripherals,North,Delhi,7,7100,49700,Partner
ORD-104052,2025-04-16,Monitor,Peripherals,West,Pune,12,18800,225600,Partner
ORD-100981,2025-04-16,Mouse,Peripherals,North,Delhi,10,1000,10000,Online
ORD-101425,2025-04-16,Tablet,Mobility,West,Ahmedabad,11,39000,429000,Online
ORD-101568,2025-04-16,Keyboard,Peripherals,North,Jaipur,4,3300,13200,Partner
ORD-100117,2025-04-16,Headphones,Audio,West,Surat,7,11300,79100,Partner
ORD-103971,2025-04-17,Speaker,Audio,West,Pune,7,19300,135100,Online
ORD-103843,2025-04-17,Smartphone,Mobility,North,Chandigarh,8,49500,396000,Retail Store
ORD-101338,2025-04-17,Switch,Networking,East,Guwahati,1,17300,17300,Retail Store
ORD-101052,2025-04-17,Laptop,Computing,North,Delhi,8,66800,534400,Retail Store
ORD-102301,2025-04-17,Keyboard,Peripherals,North,Chandigarh,12,3300,39600,Partner
ORD-102966,2025-04-17,Keyboard,Peripherals,East,Bhubaneswar,5,2000,10000,Partner
ORD-103383,2025-04-17,Webcam,Peripherals,West,Pune,1,2000,2000,Partner
ORD-102900,2025-04-17,Speaker,Audio,North,Jaipur,10,15000,150000,Online
ORD-100825,2025-04-17,Mouse,Peripherals,East,Kolkata,5,900,4500,Online
ORD-103560,2025-04-17,Laptop,Computing,West,Pune,9,63900,575100,Partner
ORD-101484,2025-04-17,Smartphone,Mobility,West,Pune,5,93800,469000,Partner
ORD-102869,2025-04-18,Tablet,Mobility,North,Delhi,7,22900,160300,Retail Store
ORD-102195,2025-04-18,Webcam,Peripherals,South,Hyderabad,3,8700,26100,Retail Store
ORD-101659,2025-04-18,Printer,Office,South,Chennai,5,20400,102000,Partner
ORD-100098,2025-04-18,Laptop,Computing,West,Surat,11,72200,794200,Partner
ORD-102766,2025-04-18,Keyboard,Peripherals,East,Bhubaneswar,1,2400,2400,Partner
ORD-100356,2025-04-18,Laptop,Computing,South,Kochi,1,73500,73500,Partner
ORD-102797,2025-04-18,Printer,Office,North,Jaipur,3,16400,49200,Online
ORD-100135,2025-04-18,Laptop,Computing,West,Surat,1,76100,76100,Partner
ORD-100465,2025-04-18,Headphones,Audio,South,Bengaluru,2,10500,21000,Retail Store
ORD-102347,2025-04-18,Speaker,Audio,West,Pune,7,12100,84700,Online
ORD-104107,2025-04-18,Tablet,Mobility,West,Mumbai,8,31200,249600,Online
ORD-101134,2025-04-18,Tablet,Mobility,West,Surat,8,48800,390400,Online
ORD-102591,2025-04-18,Smartphone,Mobility,North,Lucknow,2,68500,137000,Retail Store
ORD-100951,2025-04-18,Desktop PC,Computing,West,Mumbai,2,38400,76800,Retail Store
ORD-102299,2025-04-18,Router,Networking,North,Lucknow,8,9600,76800,Online
ORD-102632,2025-04-18,Mouse,Peripherals,South,Chennai,1,3000,3000,Online
ORD-101614,2025-04-18,Tablet,Mobility,West,Mumbai,9,20200,181800,Partner
ORD-102091,2025-04-18,Webcam,Peripherals,North,Lucknow,11,1400,15400,Online
ORD-101184,2025-04-19,Keyboard,Peripherals,North,Lucknow,2,1800,3600,Online
ORD-102922,2025-04-19,Mouse,Peripherals,East,Guwahati,5,1600,8000,Retail Store
ORD-100133,2025-04-19,Speaker,Audio,West,Ahmedabad,2,11000,22000,Online
ORD-100283,2025-04-19,Laptop,Computing,East,Guwahati,10,62200,622000,Online
ORD-100470,2025-04-19,Tablet,Mobility,South,Kochi,1,15000,15000,Online
ORD-101245,2025-04-19,Monitor,Peripherals,North,Lucknow,1,18600,18600,Retail Store
ORD-100234,2025-04-19,Smartphone,Mobility,North,Delhi,4,45700,182800,Retail Store
ORD-102847,2025-04-19,Tablet,Mobility,South,Kochi,12,34300,411600,Retail Store
ORD-101620,2025-04-19,Tablet,Mobility,North,Jaipur,6,41900,251400,Retail Store
ORD-102494,2025-04-19,Smartwatch,Mobility,North,Delhi,4,25800,103200,Retail Store
ORD-102253,2025-04-19,Router,Networking,South,Chennai,1,8300,8300,Online
ORD-100960,2025-04-19,Smartphone,Mobility,North,Jaipur,11,90900,999900,Online
ORD-102636,2025-04-19,Speaker,Audio,West,Mumbai,2,5000,10000,Retail Store
ORD-103691,2025-04-19,Tablet,Mobility,West,Surat,10,12100,121000,Online
ORD-100178,2025-04-19,Speaker,Audio,West,Pune,5,11000,55000,Retail Store
ORD-101968,2025-04-20,Monitor,Peripherals,West,Mumbai,11,11500,126500,Online
ORD-101699,2025-04-20,Speaker,Audio,South,Hyderabad,9,3100,27900,Online
ORD-103962,2025-04-20,Smartwatch,Mobility,East,Guwahati,12,4700,56400,Retail Store
ORD-100400,2025-04-20,Scanner,Office,East,Guwahati,4,16000,64000,Partner
ORD-101891,2025-04-20,Headphones,Audio,East,Patna,7,9200,64400,Partner
ORD-102977,2025-04-20,Mouse,Peripherals,West,Mumbai,9,1500,13500,Retail Store
ORD-101549,2025-04-20,Laptop,Computing,North,Chandigarh,1,74200,74200,Online
ORD-103170,2025-04-20,Headphones,Audio,East,Patna,8,12900,103200,Partner
ORD-102076,2025-04-20,Headphones,Audio,North,Chandigarh,2,7400,14800,Partner
ORD-102114,2025-04-20,Headphones,Audio,West,Surat,6,10600,63600,Online
ORD-102008,2025-04-20,Smartphone,Mobility,North,Jaipur,7,94100,658700,Retail Store
ORD-100199,2025-04-21,Keyboard,Peripherals,North,Delhi,8,1700,13600,Online
ORD-100412,2025-04-21,Speaker,Audio,West,Mumbai,9,14000,126000,Online
ORD-104053,2025-04-21,Tablet,Mobility,North,Chandigarh,7,29600,207200,Online
ORD-100294,2025-04-21,Monitor,Peripherals,North,Delhi,6,12800,76800,Retail Store
ORD-100190,2025-04-21,Headphones,Audio,West,Pune,11,11300,124300,Online
ORD-101106,2025-04-21,Laptop,Computing,North,Lucknow,12,60600,727200,Retail Store
ORD-100798,2025-04-21,Monitor,Peripherals,East,Bhubaneswar,1,21100,21100,Retail Store
ORD-103301,2025-04-21,Headphones,Audio,West,Mumbai,10,7800,78000,Partner
ORD-103178,2025-04-21,Monitor,Peripherals,West,Surat,1,23200,23200,Retail Store
ORD-102484,2025-04-22,Monitor,Peripherals,North,Chandigarh,3,12200,36600,Retail Store
ORD-100802,2025-04-22,Smartphone,Mobility,South,Kochi,10,53200,532000,Online
ORD-102460,2025-04-22,Laptop,Computing,West,Ahmedabad,2,73700,147400,Partner
ORD-100434,2025-04-22,Speaker,Audio,East,Patna,10,6900,69000,Online
ORD-100461,2025-04-22,Webcam,Peripherals,North,Lucknow,8,6900,55200,Retail Store
ORD-102837,2025-04-22,Smartphone,Mobility,North,Jaipur,12,90600,1087200,Partner
ORD-103289,2025-04-22,Scanner,Office,West,Surat,2,11300,22600,Online
ORD-100049,2025-04-22,Mouse,Peripherals,South,Chennai,11,1400,15400,Partner
ORD-102471,2025-04-22,Smartphone,Mobility,South,Bengaluru,10,50600,506000,Partner
ORD-103447,2025-04-22,Scanner,Office,West,Pune,8,10300,82400,Online
ORD-101117,2025-04-22,Headphones,Audio,West,Mumbai,5,12800,64000,Online
ORD-102189,2025-04-22,Scanner,Office,West,Mumbai,4,12700,50800,Partner
ORD-100286,2025-04-22,Printer,Office,North,Chandigarh,4,28500,114000,Online
ORD-101263,2025-04-22,Router,Networking,West,Pune,11,5700,62700,Online
ORD-100514,2025-04-22,Laptop,Computing,South,Chennai,9,67800,610200,Online
ORD-101536,2025-04-22,Keyboard,Peripherals,North,Jaipur,4,1400,5600,Retail Store
ORD-102039,2025-04-23,Router,Networking,South,Bengaluru,3,3000,9000,Retail Store
ORD-102083,2025-04-23,Keyboard,Peripherals,West,Ahmedabad,10,1600,16000,Online
ORD-103203,2025-04-23,Speaker,Audio,North,Chandigarh,5,20800,104000,Retail Store
ORD-102318,2025-04-23,Router,Networking,West,Pune,6,2600,15600,Online
ORD-103697,2025-04-23,Monitor,Peripherals,South,Bengaluru,11,19000,209000,Online
ORD-103788,2025-04-23,Webcam,Peripherals,North,Chandigarh,8,7100,56800,Retail Store
ORD-101446,2025-04-23,Smartwatch,Mobility,South,Chennai,7,3700,25900,Partner
ORD-101226,2025-04-23,Mouse,Peripherals,East,Patna,2,500,1000,Retail Store
ORD-103100,2025-04-23,Smartphone,Mobility,West,Ahmedabad,6,72000,432000,Retail Store
ORD-100221,2025-04-24,Tablet,Mobility,West,Surat,10,22800,228000,Online
ORD-100905,2025-04-24,Monitor,Peripherals,East,Kolkata,6,16600,99600,Partner
ORD-102699,2025-04-24,Smartwatch,Mobility,West,Ahmedabad,7,19100,133700,Online
ORD-101104,2025-04-24,Webcam,Peripherals,South,Chennai,10,4800,48000,Online
ORD-100817,2025-04-24,Webcam,Peripherals,North,Chandigarh,7,3600,25200,Partner
ORD-102226,2025-04-24,Laptop,Computing,East,Guwahati,3,60700,182100,Partner
ORD-100375,2025-04-24,Scanner,Office,South,Bengaluru,5,13800,69000,Partner
ORD-103240,2025-04-24,Mouse,Peripherals,North,Jaipur,2,2700,5400,Online
ORD-103345,2025-04-25,Keyboard,Peripherals,South,Kochi,2,3200,6400,Online
ORD-100716,2025-04-25,Smartwatch,Mobility,North,Chandigarh,1,19500,19500,Retail Store
ORD-101714,2025-04-25,Smartphone,Mobility,West,Ahmedabad,8,24900,199200,Retail Store
ORD-101565,2025-04-25,Laptop,Computing,West,Ahmedabad,1,58300,58300,Retail Store
ORD-102262,2025-04-25,Smartwatch,Mobility,North,Chandigarh,8,23500,188000,Partner
ORD-100750,2025-04-25,Headphones,Audio,West,Pune,8,11100,88800,Retail Store
ORD-103565,2025-04-25,Mouse,Peripherals,West,Pune,12,2000,24000,Online
ORD-102134,2025-04-25,Smartphone,Mobility,North,Jaipur,4,37300,149200,Retail Store
ORD-101835,2025-04-25,Keyboard,Peripherals,East,Bhubaneswar,10,1700,17000,Retail Store
ORD-103940,2025-04-25,Headphones,Audio,West,Pune,9,15900,143100,Partner
ORD-100497,2025-04-25,Desktop PC,Computing,South,Hyderabad,5,57200,286000,Online
ORD-102641,2025-04-25,Monitor,Peripherals,North,Delhi,7,22000,154000,Retail Store
ORD-101652,2025-04-25,Speaker,Audio,North,Delhi,9,14200,127800,Online
ORD-102288,2025-04-25,Headphones,Audio,West,Ahmedabad,12,11100,133200,Retail Store
ORD-100207,2025-04-25,Scanner,Office,East,Bhubaneswar,5,9700,48500,Online
ORD-100359,2025-04-26,Webcam,Peripherals,West,Surat,2,4900,9800,Online
ORD-102558,2025-04-26,Keyboard,Peripherals,West,Surat,9,1200,10800,Partner
ORD-101677,2025-04-26,Router,Networking,South,Hyderabad,10,11100,111000,Partner
ORD-101995,2025-04-26,Mouse,Peripherals,South,Chennai,3,2100,6300,Retail Store
ORD-101306,2025-04-26,Keyboard,Peripherals,South,Bengaluru,6,3800,22800,Online
ORD-102065,2025-04-26,Keyboard,Peripherals,East,Patna,8,3500,28000,Online
ORD-103519,2025-04-26,Mouse,Peripherals,North,Delhi,4,2100,8400,Retail Store
ORD-100099,2025-04-26,Scanner,Office,West,Surat,1,9400,9400,Retail Store
ORD-103629,2025-04-26,Webcam,Peripherals,South,Chennai,10,8000,80000,Online
ORD-103853,2025-04-26,Monitor,Peripherals,East,Bhubaneswar,8,10100,80800,Retail Store
ORD-103310,2025-04-26,Switch,Networking,East,Patna,5,5500,27500,Retail Store
ORD-100495,2025-04-27,Smartwatch,Mobility,East,Guwahati,7,3300,23100,Online
ORD-100198,2025-04-27,Headphones,Audio,West,Surat,2,11100,22200,Partner
ORD-103919,2025-04-27,Desktop PC,Computing,North,Lucknow,10,39700,397000,Retail Store
ORD-101426,2025-04-27,Smartphone,Mobility,South,Bengaluru,1,71100,71100,Retail Store
ORD-103373,2025-04-27,Smartwatch,Mobility,South,Bengaluru,5,6400,32000,Partner
ORD-102875,2025-04-27,Smartwatch,Mobility,East,Bhubaneswar,7,17700,123900,Online
ORD-100177,2025-04-27,Keyboard,Peripherals,East,Kolkata,10,3800,38000,Online
ORD-101751,2025-04-27,Laptop,Computing,North,Chandigarh,2,62100,124200,Partner
ORD-100753,2025-04-27,Smartphone,Mobility,South,Bengaluru,5,43700,218500,Retail Store
ORD-101047,2025-04-27,Monitor,Peripherals,South,Chennai,4,22300,89200,Partner
ORD-100898,2025-04-27,Smartphone,Mobility,North,Chandigarh,12,49900,598800,Retail Store
ORD-100116,2025-04-27,Headphones,Audio,East,Kolkata,7,17600,123200,Online
ORD-103454,2025-04-28,Smartphone,Mobility,West,Ahmedabad,10,24300,243000,Online
ORD-103378,2025-04-28,Desktop PC,Computing,West,Pune,5,58200,291000,Retail Store
ORD-103864,2025-04-28,Tablet,Mobility,North,Delhi,8,46000,368000,Partner
ORD-101309,2025-04-28,Laptop,Computing,South,Bengaluru,4,54400,217600,Online
ORD-102785,2025-04-28,Printer,Office,North,Chandigarh,1,22100,22100,Online
ORD-100746,2025-04-29,Webcam,Peripherals,South,Hyderabad,4,3600,14400,Retail Store
ORD-101559,2025-04-29,Laptop,Computing,East,Patna,12,73300,879600,Partner
ORD-102358,2025-04-29,Smartwatch,Mobility,West,Surat,11,25000,275000,Online
ORD-100944,2025-04-29,Monitor,Peripherals,South,Bengaluru,6,22100,132600,Partner
ORD-100540,2025-04-29,Smartwatch,Mobility,West,Surat,4,11900,47600,Retail Store
ORD-100059,2025-04-29,Monitor,Peripherals,South,Bengaluru,11,11500,126500,Online
ORD-101598,2025-04-29,Scanner,Office,South,Kochi,4,13800,55200,Retail Store
ORD-103070,2025-04-29,Tablet,Mobility,South,Bengaluru,4,32200,128800,Online
ORD-101199,2025-04-29,Printer,Office,West,Mumbai,5,17600,88000,Partner
ORD-102321,2025-04-29,Smartphone,Mobility,South,Bengaluru,2,78800,157600,Online
ORD-102048,2025-04-29,Laptop,Computing,South,Kochi,9,73300,659700,Online
ORD-100002,2025-04-29,Headphones,Audio,West,Surat,6,3200,19200,Partner
ORD-100667,2025-04-30,Laptop,Computing,West,Pune,9,64600,581400,Online
ORD-101200,2025-04-30,Mouse,Peripherals,North,Delhi,9,2200,19800,Retail Store
ORD-101093,2025-04-30,Switch,Networking,South,Hyderabad,12,22600,271200,Partner
ORD-100594,2025-04-30,Smartphone,Mobility,North,Chandigarh,1,70200,70200,Retail Store
ORD-104034,2025-04-30,Monitor,Peripherals,North,Chandigarh,3,10100,30300,Retail Store
ORD-103913,2025-04-30,Mouse,Peripherals,South,Bengaluru,1,2600,2600,Online
ORD-101642,2025-04-30,Smartphone,Mobility,North,Chandigarh,4,90800,363200,Online
ORD-103350,2025-04-30,Tablet,Mobility,North,Chandigarh,9,14100,126900,Online
ORD-102491,2025-04-30,Printer,Office,West,Ahmedabad,4,21600,86400,Online
ORD-102298,2025-04-30,Headphones,Audio,East,Guwahati,9,8600,77400,Retail Store
ORD-103420,2025-04-30,Switch,Networking,South,Hyderabad,6,12200,73200,Partner
ORD-102313,2025-04-30,Mouse,Peripherals,West,Surat,6,1600,9600,Partner
ORD-102382,2025-05-01,Laptop,Computing,North,Chandigarh,12,67800,813600,Retail Store
ORD-101267,2025-05-01,Headphones,Audio,West,Pune,10,1600,16000,Retail Store
ORD-102387,2025-05-01,Monitor,Peripherals,North,Lucknow,9,9100,81900,Online
ORD-103745,2025-05-01,Headphones,Audio,South,Hyderabad,1,6600,6600,Online
ORD-103597,2025-05-01,Mouse,Peripherals,North,Lucknow,12,2500,30000,Online
ORD-103404,2025-05-01,Switch,Networking,West,Ahmedabad,2,11200,22400,Retail Store
ORD-100714,2025-05-01,Smartwatch,Mobility,West,Pune,4,15600,62400,Partner
ORD-102604,2025-05-01,Printer,Office,South,Kochi,10,21600,216000,Retail Store
ORD-100590,2025-05-01,Headphones,Audio,South,Hyderabad,3,7800,23400,Partner
ORD-100863,2025-05-01,Smartphone,Mobility,South,Chennai,7,24700,172900,Partner
ORD-102397,2025-05-01,Keyboard,Peripherals,West,Ahmedabad,4,4000,16000,Partner
ORD-104170,2025-05-01,Speaker,Audio,East,Guwahati,9,20500,184500,Partner
ORD-102405,2025-05-01,Monitor,Peripherals,South,Kochi,11,20300,223300,Retail Store
ORD-101322,2025-05-01,Headphones,Audio,West,Ahmedabad,1,16700,16700,Online
ORD-104121,2025-05-01,Webcam,Peripherals,North,Delhi,7,6900,48300,Retail Store
ORD-101945,2025-05-01,Monitor,Peripherals,South,Hyderabad,11,12500,137500,Retail Store
ORD-101932,2025-05-01,Smartphone,Mobility,West,Mumbai,4,24500,98000,Online
ORD-102581,2025-05-02,Mouse,Peripherals,North,Delhi,1,1500,1500,Partner
ORD-101749,2025-05-02,Monitor,Peripherals,South,Kochi,10,19200,192000,Online
ORD-100916,2025-05-02,Headphones,Audio,North,Chandigarh,12,10700,128400,Retail Store
ORD-101914,2025-05-02,Monitor,Peripherals,West,Mumbai,1,10200,10200,Online
ORD-103865,2025-05-02,Keyboard,Peripherals,North,Lucknow,12,800,9600,Online
ORD-101327,2025-05-02,Mouse,Peripherals,North,Jaipur,10,2900,29000,Online
ORD-101792,2025-05-02,Monitor,Peripherals,North,Delhi,1,17700,17700,Partner
ORD-101325,2025-05-02,Smartphone,Mobility,South,Hyderabad,11,59700,656700,Online
ORD-101700,2025-05-02,Laptop,Computing,South,Hyderabad,5,53900,269500,Online
ORD-103207,2025-05-02,Smartphone,Mobility,North,Jaipur,4,35100,140400,Retail Store
ORD-100345,2025-05-02,Smartphone,Mobility,North,Delhi,5,52700,263500,Partner
ORD-102080,2025-05-02,Mouse,Peripherals,South,Chennai,1,3000,3000,Retail Store
ORD-103097,2025-05-02,Tablet,Mobility,West,Ahmedabad,2,38500,77000,Retail Store
ORD-101955,2025-05-02,Webcam,Peripherals,West,Surat,10,7900,79000,Partner
ORD-101277,2025-05-02,Headphones,Audio,North,Delhi,5,7600,38000,Online
ORD-102507,2025-05-02,Scanner,Office,South,Kochi,6,10800,64800,Retail Store
ORD-101268,2025-05-02,Speaker,Audio,South,Hyderabad,10,2800,28000,Retail Store
ORD-101608,2025-05-02,Mouse,Peripherals,North,Lucknow,7,2400,16800,Partner
ORD-101729,2025-05-03,Printer,Office,North,Lucknow,7,24100,168700,Online
ORD-101533,2025-05-03,Keyboard,Peripherals,North,Chandigarh,4,3100,12400,Retail Store
ORD-103339,2025-05-03,Smartwatch,Mobility,South,Chennai,7,18700,130900,Online
ORD-103963,2025-05-03,Desktop PC,Computing,North,Delhi,2,49600,99200,Partner
ORD-100224,2025-05-03,Speaker,Audio,East,Guwahati,2,11700,23400,Partner
ORD-100113,2025-05-03,Laptop,Computing,South,Bengaluru,1,69800,69800,Partner
ORD-101013,2025-05-03,Switch,Networking,East,Patna,5,20100,100500,Online
ORD-103974,2025-05-03,Smartwatch,Mobility,South,Bengaluru,2,5800,11600,Partner
ORD-100246,2025-05-03,Smartwatch,Mobility,East,Kolkata,8,22800,182400,Retail Store
ORD-100487,2025-05-03,Keyboard,Peripherals,West,Pune,11,3500,38500,Partner
ORD-100444,2025-05-03,Smartwatch,Mobility,West,Surat,10,19400,194000,Retail Store
ORD-102829,2025-05-03,Keyboard,Peripherals,South,Chennai,3,2800,8400,Retail Store
ORD-100653,2025-05-03,Router,Networking,North,Jaipur,9,9500,85500,Retail Store
ORD-100823,2025-05-03,Monitor,Peripherals,East,Kolkata,1,21100,21100,Retail Store
ORD-102886,2025-05-03,Headphones,Audio,West,Pune,4,12000,48000,Online
ORD-104056,2025-05-03,Desktop PC,Computing,South,Hyderabad,9,46300,416700,Partner
ORD-102639,2025-05-03,Tablet,Mobility,South,Bengaluru,12,42300,507600,Partner
ORD-100773,2025-05-03,Monitor,Peripherals,West,Pune,11,20000,220000,Retail Store
ORD-101335,2025-05-04,Headphones,Audio,West,Ahmedabad,7,4800,33600,Online
ORD-101240,2025-05-04,Headphones,Audio,West,Pune,6,13200,79200,Online
ORD-101070,2025-05-04,Tablet,Mobility,East,Patna,2,24100,48200,Online
ORD-103866,2025-05-04,Router,Networking,West,Pune,7,3900,27300,Online
ORD-102764,2025-05-04,Speaker,Audio,West,Ahmedabad,7,12500,87500,Retail Store
ORD-103224,2025-05-04,Tablet,Mobility,West,Ahmedabad,11,45800,503800,Online
ORD-101005,2025-05-04,Monitor,Peripherals,East,Kolkata,5,23000,115000,Online
ORD-104005,2025-05-04,Printer,Office,South,Bengaluru,2,19600,39200,Retail Store
ORD-101000,2025-05-04,Headphones,Audio,South,Chennai,12,6900,82800,Online
ORD-102864,2025-05-04,Keyboard,Peripherals,East,Kolkata,1,2200,2200,Retail Store
ORD-103153,2025-05-04,Headphones,Audio,North,Delhi,4,11100,44400,Online
ORD-104165,2025-05-04,Keyboard,Peripherals,West,Pune,4,700,2800,Online
ORD-102165,2025-05-04,Monitor,Peripherals,West,Mumbai,4,15500,62000,Retail Store
ORD-103939,2025-05-04,Smartphone,Mobility,West,Ahmedabad,3,27000,81000,Online
ORD-103362,2025-05-05,Smartphone,Mobility,West,Mumbai,6,91700,550200,Partner
ORD-102895,2025-05-05,Monitor,Peripherals,West,Pune,5,9500,47500,Retail Store
ORD-103791,2025-05-05,Switch,Networking,North,Jaipur,3,19200,57600,Partner
ORD-104033,2025-05-05,Smartwatch,Mobility,North,Chandigarh,7,10800,75600,Retail Store
ORD-102958,2025-05-05,Desktop PC,Computing,East,Patna,12,56000,672000,Retail Store
ORD-103074,2025-05-05,Laptop,Computing,West,Surat,5,59100,295500,Online
ORD-102637,2025-05-05,Smartphone,Mobility,West,Ahmedabad,5,68900,344500,Partner
ORD-102090,2025-05-05,Mouse,Peripherals,West,Mumbai,2,2800,5600,Online
ORD-102573,2025-05-06,Keyboard,Peripherals,East,Guwahati,12,3000,36000,Online
ORD-100478,2025-05-06,Headphones,Audio,East,Guwahati,12,4100,49200,Retail Store
ORD-102889,2025-05-06,Smartwatch,Mobility,East,Bhubaneswar,3,5900,17700,Partner
ORD-101735,2025-05-06,Keyboard,Peripherals,West,Pune,10,2600,26000,Online
ORD-103219,2025-05-06,Router,Networking,West,Surat,3,3100,9300,Online
ORD-102413,2025-05-06,Switch,Networking,West,Ahmedabad,7,18100,126700,Online
ORD-103582,2025-05-06,Mouse,Peripherals,South,Bengaluru,11,2800,30800,Online
ORD-103961,2025-05-06,Monitor,Peripherals,West,Mumbai,5,12100,60500,Partner
ORD-100296,2025-05-06,Headphones,Audio,East,Kolkata,12,16700,200400,Partner
ORD-101924,2025-05-06,Headphones,Audio,West,Mumbai,12,13800,165600,Partner
ORD-103158,2025-05-07,Smartphone,Mobility,West,Pune,6,75100,450600,Retail Store
ORD-101516,2025-05-07,Speaker,Audio,South,Kochi,12,14700,176400,Partner
ORD-103470,2025-05-07,Smartwatch,Mobility,South,Bengaluru,2,18000,36000,Online
ORD-101519,2025-05-07,Printer,Office,West,Mumbai,10,12600,126000,Retail Store
ORD-100001,2025-05-07,Smartwatch,Mobility,South,Bengaluru,2,6300,12600,Retail Store
ORD-103836,2025-05-07,Scanner,Office,West,Ahmedabad,6,15000,90000,Partner
ORD-103903,2025-05-07,Smartwatch,Mobility,West,Mumbai,7,9800,68600,Online
ORD-102565,2025-05-07,Keyboard,Peripherals,East,Kolkata,6,1100,6600,Online
ORD-102300,2025-05-07,Printer,Office,South,Kochi,9,14900,134100,Retail Store
ORD-102394,2025-05-07,Smartphone,Mobility,West,Mumbai,11,65800,723800,Online
ORD-102087,2025-05-07,Mouse,Peripherals,West,Surat,5,600,3000,Partner
ORD-101143,2025-05-07,Smartphone,Mobility,East,Guwahati,5,78900,394500,Online
ORD-103084,2025-05-07,Desktop PC,Computing,East,Patna,5,42300,211500,Partner
ORD-103103,2025-05-07,Printer,Office,North,Lucknow,10,13700,137000,Partner
ORD-103549,2025-05-08,Headphones,Audio,West,Mumbai,2,13700,27400,Retail Store
ORD-102674,2025-05-08,Smartphone,Mobility,West,Pune,6,71100,426600,Partner
ORD-103306,2025-05-08,Keyboard,Peripherals,South,Bengaluru,11,1900,20900,Retail Store
ORD-103795,2025-05-08,Mouse,Peripherals,East,Bhubaneswar,2,900,1800,Partner
ORD-102156,2025-05-08,Desktop PC,Computing,West,Surat,1,39300,39300,Partner
ORD-101249,2025-05-08,Headphones,Audio,West,Mumbai,4,13600,54400,Retail Store
ORD-103910,2025-05-08,Speaker,Audio,North,Delhi,4,14000,56000,Partner
ORD-102335,2025-05-08,Keyboard,Peripherals,South,Hyderabad,3,1400,4200,Retail Store
ORD-101405,2025-05-08,Headphones,Audio,East,Guwahati,7,8600,60200,Online
ORD-100649,2025-05-08,Monitor,Peripherals,East,Bhubaneswar,1,16300,16300,Online
ORD-100938,2025-05-08,Laptop,Computing,West,Ahmedabad,7,59600,417200,Online
ORD-101437,2025-05-08,Smartwatch,Mobility,West,Pune,2,3600,7200,Partner
ORD-102401,2025-05-08,Tablet,Mobility,South,Hyderabad,7,38200,267400,Retail Store
ORD-103996,2025-05-08,Mouse,Peripherals,East,Patna,7,2000,14000,Partner
ORD-100639,2025-05-09,Printer,Office,North,Lucknow,11,28200,310200,Retail Store
ORD-100722,2025-05-09,Monitor,Peripherals,South,Hyderabad,6,11500,69000,Retail Store
ORD-102812,2025-05-09,Keyboard,Peripherals,West,Surat,8,2500,20000,Retail Store
ORD-100693,2025-05-09,Keyboard,Peripherals,North,Delhi,11,1300,14300,Partner
ORD-103855,2025-05-09,Mouse,Peripherals,West,Ahmedabad,9,500,4500,Retail Store
ORD-103148,2025-05-09,Keyboard,Peripherals,East,Bhubaneswar,11,3400,37400,Partner
ORD-101135,2025-05-09,Speaker,Audio,East,Patna,12,15300,183600,Retail Store
ORD-103837,2025-05-09,Router,Networking,North,Jaipur,2,4600,9200,Online
ORD-103095,2025-05-09,Smartwatch,Mobility,North,Lucknow,7,5000,35000,Retail Store
ORD-104161,2025-05-09,Speaker,Audio,West,Ahmedabad,10,9100,91000,Partner
ORD-103755,2025-05-09,Headphones,Audio,South,Hyderabad,7,14800,103600,Retail Store
ORD-101733,2025-05-09,Laptop,Computing,South,Kochi,4,77700,310800,Retail Store
ORD-103034,2025-05-09,Keyboard,Peripherals,South,Bengaluru,10,3000,30000,Partner
ORD-102833,2025-05-10,Headphones,Audio,West,Surat,8,15800,126400,Partner
ORD-100008,2025-05-10,Headphones,Audio,North,Jaipur,1,5000,5000,Partner
ORD-102703,2025-05-10,Laptop,Computing,East,Kolkata,4,57800,231200,Partner
ORD-102188,2025-05-10,Mouse,Peripherals,South,Chennai,11,2300,25300,Partner
ORD-103546,2025-05-10,Desktop PC,Computing,West,Ahmedabad,3,58700,176100,Retail Store
ORD-102945,2025-05-10,Desktop PC,Computing,South,Chennai,8,60100,480800,Online
ORD-101658,2025-05-10,Router,Networking,South,Kochi,10,7100,71000,Retail Store
ORD-101983,2025-05-10,Monitor,Peripherals,South,Bengaluru,10,16400,164000,Online
ORD-100141,2025-05-10,Smartphone,Mobility,West,Pune,8,79800,638400,Online
ORD-102860,2025-05-10,Desktop PC,Computing,South,Hyderabad,4,51000,204000,Partner
ORD-102990,2025-05-11,Mouse,Peripherals,North,Lucknow,7,1800,12600,Retail Store
ORD-103413,2025-05-11,Desktop PC,Computing,South,Kochi,9,44700,402300,Retail Store
ORD-100556,2025-05-11,Smartwatch,Mobility,North,Chandigarh,10,15900,159000,Online
ORD-102708,2025-05-11,Router,Networking,North,Chandigarh,9,11100,99900,Partner
ORD-103441,2025-05-11,Headphones,Audio,West,Mumbai,5,8100,40500,Online
ORD-103574,2025-05-11,Monitor,Peripherals,East,Kolkata,12,11200,134400,Online
ORD-101316,2025-05-11,Monitor,Peripherals,South,Bengaluru,10,9300,93000,Online
ORD-100248,2025-05-11,Printer,Office,North,Delhi,9,27900,251100,Partner
ORD-102346,2025-05-11,Smartphone,Mobility,South,Chennai,11,64200,706200,Retail Store
ORD-101913,2025-05-11,Smartphone,Mobility,North,Chandigarh,1,45600,45600,Online
ORD-100927,2025-05-12,Router,Networking,West,Mumbai,6,3800,22800,Partner
ORD-102834,2025-05-12,Smartphone,Mobility,West,Surat,2,76700,153400,Partner
ORD-100954,2025-05-12,Router,Networking,West,Pune,6,3600,21600,Retail Store
ORD-103907,2025-05-12,Laptop,Computing,East,Guwahati,2,70200,140400,Retail Store
ORD-100491,2025-05-12,Router,Networking,North,Lucknow,3,5500,16500,Retail Store
ORD-101690,2025-05-12,Speaker,Audio,South,Bengaluru,11,20000,220000,Retail Store
ORD-103969,2025-05-12,Keyboard,Peripherals,East,Kolkata,7,1400,9800,Retail Store
ORD-100067,2025-05-12,Mouse,Peripherals,East,Guwahati,10,800,8000,Retail Store
ORD-104039,2025-05-12,Keyboard,Peripherals,North,Jaipur,6,4100,24600,Retail Store
ORD-100175,2025-05-12,Mouse,Peripherals,South,Bengaluru,4,1800,7200,Retail Store
ORD-104097,2025-05-12,Keyboard,Peripherals,South,Bengaluru,3,3000,9000,Retail Store
ORD-103062,2025-05-12,Switch,Networking,North,Delhi,6,9800,58800,Retail Store
ORD-101095,2025-05-12,Laptop,Computing,South,Bengaluru,5,64800,324000,Partner
ORD-100535,2025-05-13,Laptop,Computing,South,Hyderabad,6,61400,368400,Online
ORD-102024,2025-05-13,Headphones,Audio,South,Hyderabad,11,2200,24200,Retail Store
ORD-103673,2025-05-13,Monitor,Peripherals,West,Ahmedabad,6,13500,81000,Partner
ORD-103751,2025-05-13,Desktop PC,Computing,South,Kochi,1,49200,49200,Retail Store
ORD-101445,2025-05-13,Printer,Office,South,Chennai,2,26300,52600,Partner
ORD-104021,2025-05-13,Tablet,Mobility,West,Surat,3,38200,114600,Retail Store
ORD-102710,2025-05-13,Router,Networking,East,Patna,5,6300,31500,Online
ORD-102672,2025-05-13,Webcam,Peripherals,West,Pune,8,8700,69600,Partner
ORD-103604,2025-05-13,Monitor,Peripherals,South,Hyderabad,6,9800,58800,Partner
ORD-101039,2025-05-13,Smartphone,Mobility,South,Chennai,11,90600,996600,Partner
ORD-100365,2025-05-13,Speaker,Audio,South,Kochi,12,8600,103200,Retail Store
ORD-103744,2025-05-13,Smartphone,Mobility,North,Jaipur,6,25100,150600,Partner
ORD-100592,2025-05-13,Printer,Office,South,Bengaluru,7,25000,175000,Retail Store
ORD-103235,2025-05-14,Headphones,Audio,North,Delhi,9,15800,142200,Retail Store
ORD-100745,2025-05-14,Smartphone,Mobility,South,Chennai,11,66800,734800,Partner
ORD-104064,2025-05-14,Monitor,Peripherals,North,Lucknow,1,15500,15500,Online
ORD-101128,2025-05-14,Scanner,Office,West,Mumbai,9,13000,117000,Online
ORD-100328,2025-05-14,Laptop,Computing,West,Surat,11,60700,667700,Online
ORD-104101,2025-05-14,Monitor,Peripherals,North,Chandigarh,5,18700,93500,Online
ORD-102192,2025-05-14,Printer,Office,West,Surat,3,26800,80400,Partner
ORD-102843,2025-05-14,Keyboard,Peripherals,South,Hyderabad,9,2700,24300,Online
ORD-101279,2025-05-14,Router,Networking,South,Hyderabad,6,4100,24600,Retail Store
ORD-101767,2025-05-14,Tablet,Mobility,North,Jaipur,4,44600,178400,Online
ORD-101647,2025-05-15,Desktop PC,Computing,North,Chandigarh,2,46800,93600,Retail Store
ORD-101775,2025-05-15,Smartphone,Mobility,West,Mumbai,7,64700,452900,Retail Store
ORD-100174,2025-05-15,Printer,Office,North,Delhi,2,21300,42600,Retail Store
ORD-103142,2025-05-15,Laptop,Computing,West,Surat,11,65100,716100,Online
ORD-103316,2025-05-15,Desktop PC,Computing,North,Delhi,6,45200,271200,Retail Store
ORD-102921,2025-05-15,Mouse,Peripherals,South,Kochi,3,1500,4500,Retail Store
ORD-103988,2025-05-15,Tablet,Mobility,North,Chandigarh,6,49900,299400,Retail Store
ORD-102349,2025-05-15,Headphones,Audio,South,Bengaluru,8,7300,58400,Partner
ORD-102999,2025-05-15,Router,Networking,South,Chennai,5,7800,39000,Online
ORD-102740,2025-05-15,Smartwatch,Mobility,South,Kochi,9,24600,221400,Partner
ORD-103379,2025-05-15,Smartwatch,Mobility,West,Mumbai,5,17800,89000,Retail Store
ORD-102912,2025-05-15,Headphones,Audio,West,Ahmedabad,4,13800,55200,Partner
ORD-100907,2025-05-15,Mouse,Peripherals,South,Kochi,12,1500,18000,Retail Store
ORD-101817,2025-05-15,Speaker,Audio,South,Kochi,11,4600,50600,Retail Store
ORD-103008,2025-05-15,Webcam,Peripherals,West,Pune,5,6300,31500,Partner
ORD-101150,2025-05-15,Desktop PC,Computing,East,Bhubaneswar,10,45300,453000,Online
ORD-102097,2025-05-16,Tablet,Mobility,North,Chandigarh,10,43800,438000,Online
ORD-102453,2025-05-16,Smartphone,Mobility,West,Ahmedabad,2,47000,94000,Retail Store
ORD-101830,2025-05-16,Headphones,Audio,East,Patna,2,12100,24200,Partner
ORD-102952,2025-05-16,Mouse,Peripherals,North,Jaipur,2,1300,2600,Partner
ORD-103624,2025-05-16,Keyboard,Peripherals,South,Bengaluru,4,1600,6400,Online
ORD-101284,2025-05-16,Speaker,Audio,North,Chandigarh,6,11300,67800,Online
ORD-102520,2025-05-16,Smartphone,Mobility,West,Mumbai,4,37300,149200,Retail Store
ORD-103255,2025-05-16,Smartphone,Mobility,North,Delhi,5,55200,276000,Partner
ORD-102927,2025-05-16,Tablet,Mobility,South,Kochi,5,27400,137000,Partner
ORD-101841,2025-05-16,Smartphone,Mobility,West,Ahmedabad,11,85500,940500,Online
ORD-102020,2025-05-16,Speaker,Audio,South,Chennai,7,9100,63700,Online
ORD-101944,2025-05-16,Webcam,Peripherals,West,Surat,11,4900,53900,Partner
ORD-103551,2025-05-17,Webcam,Peripherals,North,Jaipur,1,3500,3500,Online
ORD-101713,2025-05-17,Headphones,Audio,West,Pune,6,8000,48000,Retail Store
ORD-100547,2025-05-17,Webcam,Peripherals,East,Kolkata,4,3900,15600,Retail Store
ORD-103500,2025-05-17,Smartphone,Mobility,South,Kochi,5,41100,205500,Retail Store
ORD-100824,2025-05-17,Smartwatch,Mobility,South,Kochi,10,10100,101000,Partner
ORD-100425,2025-05-18,Smartphone,Mobility,South,Kochi,10,26000,260000,Online
ORD-103685,2025-05-18,Keyboard,Peripherals,South,Kochi,5,2500,12500,Online
ORD-103193,2025-05-18,Smartwatch,Mobility,South,Kochi,4,5700,22800,Partner
ORD-103480,2025-05-18,Monitor,Peripherals,North,Lucknow,11,20900,229900,Retail Store
ORD-102894,2025-05-18,Headphones,Audio,South,Chennai,3,7100,21300,Partner
ORD-102960,2025-05-18,Webcam,Peripherals,North,Lucknow,5,7400,37000,Partner
ORD-101661,2025-05-18,Printer,Office,East,Kolkata,5,28700,143500,Retail Store
ORD-102902,2025-05-18,Laptop,Computing,West,Surat,8,71300,570400,Retail Store
ORD-103930,2025-05-18,Mouse,Peripherals,South,Bengaluru,4,1500,6000,Partner
ORD-103710,2025-05-18,Printer,Office,West,Surat,7,15900,111300,Online
ORD-102749,2025-05-18,Keyboard,Peripherals,East,Patna,11,3100,34100,Partner
ORD-100539,2025-05-18,Headphones,Audio,South,Hyderabad,5,15700,78500,Online
ORD-102742,2025-05-18,Tablet,Mobility,West,Surat,3,16400,49200,Retail Store
ORD-100701,2025-05-18,Laptop,Computing,East,Bhubaneswar,9,74800,673200,Online
ORD-102269,2025-05-18,Tablet,Mobility,South,Chennai,5,40600,203000,Retail Store
ORD-102673,2025-05-18,Keyboard,Peripherals,West,Surat,10,2700,27000,Partner
ORD-102454,2025-05-18,Mouse,Peripherals,South,Kochi,1,1300,1300,Online
ORD-104112,2025-05-18,Webcam,Peripherals,East,Kolkata,10,6200,62000,Partner
ORD-102400,2025-05-19,Mouse,Peripherals,South,Bengaluru,3,1600,4800,Online
ORD-102719,2025-05-19,Webcam,Peripherals,South,Kochi,9,1600,14400,Retail Store
ORD-102683,2025-05-19,Webcam,Peripherals,South,Kochi,8,2100,16800,Retail Store
ORD-103810,2025-05-19,Smartwatch,Mobility,South,Kochi,2,20700,41400,Partner
ORD-101606,2025-05-19,Mouse,Peripherals,South,Bengaluru,6,1700,10200,Partner
ORD-100085,2025-05-19,Laptop,Computing,West,Ahmedabad,2,59700,119400,Retail Store
ORD-100932,2025-05-19,Webcam,Peripherals,North,Jaipur,1,2900,2900,Partner
ORD-100779,2025-05-19,Keyboard,Peripherals,South,Kochi,11,1300,14300,Retail Store
ORD-100934,2025-05-19,Mouse,Peripherals,North,Delhi,1,2800,2800,Online
ORD-101067,2025-05-19,Laptop,Computing,West,Mumbai,3,60100,180300,Partner
ORD-101586,2025-05-19,Webcam,Peripherals,East,Bhubaneswar,3,2800,8400,Retail Store
ORD-100909,2025-05-19,Mouse,Peripherals,East,Patna,8,2000,16000,Partner
ORD-101556,2025-05-19,Keyboard,Peripherals,East,Bhubaneswar,10,2100,21000,Retail Store
ORD-103204,2025-05-20,Monitor,Peripherals,East,Bhubaneswar,9,17000,153000,Retail Store
ORD-103905,2025-05-20,Smartphone,Mobility,North,Chandigarh,6,76700,460200,Partner
ORD-103711,2025-05-20,Laptop,Computing,West,Ahmedabad,11,73400,807400,Retail Store
ORD-100644,2025-05-20,Keyboard,Peripherals,South,Bengaluru,8,3300,26400,Partner
ORD-103094,2025-05-20,Laptop,Computing,West,Surat,5,70600,353000,Partner
ORD-103396,2025-05-20,Smartwatch,Mobility,East,Patna,1,14500,14500,Online
ORD-103146,2025-05-20,Webcam,Peripherals,South,Bengaluru,6,3800,22800,Partner
ORD-100228,2025-05-20,Keyboard,Peripherals,South,Bengaluru,12,1100,13200,Retail Store
ORD-103086,2025-05-20,Monitor,Peripherals,East,Kolkata,3,15600,46800,Partner
ORD-100421,2025-05-20,Desktop PC,Computing,North,Jaipur,8,45100,360800,Retail Store
ORD-102788,2025-05-20,Smartphone,Mobility,East,Kolkata,6,41900,251400,Partner
ORD-103127,2025-05-20,Tablet,Mobility,South,Bengaluru,12,12600,151200,Retail Store
ORD-101064,2025-05-20,Printer,Office,North,Delhi,5,14400,72000,Partner
ORD-103983,2025-05-20,Mouse,Peripherals,West,Mumbai,12,500,6000,Partner
ORD-103299,2025-05-20,Webcam,Peripherals,South,Bengaluru,12,1400,16800,Partner
ORD-101364,2025-05-21,Mouse,Peripherals,North,Delhi,12,1800,21600,Online
ORD-102753,2025-05-21,Desktop PC,Computing,East,Guwahati,4,41700,166800,Retail Store
ORD-103921,2025-05-21,Tablet,Mobility,North,Lucknow,8,35300,282400,Retail Store
ORD-100292,2025-05-21,Smartphone,Mobility,North,Jaipur,10,80100,801000,Retail Store
ORD-102556,2025-05-21,Headphones,Audio,North,Jaipur,9,11000,99000,Retail Store
ORD-100285,2025-05-21,Router,Networking,West,Pune,8,10400,83200,Retail Store
ORD-100788,2025-05-21,Headphones,Audio,North,Lucknow,12,17200,206400,Retail Store
ORD-100501,2025-05-21,Keyboard,Peripherals,North,Lucknow,3,4100,12300,Online
ORD-102826,2025-05-21,Keyboard,Peripherals,East,Kolkata,6,2800,16800,Online
ORD-100007,2025-05-21,Desktop PC,Computing,South,Bengaluru,8,54700,437600,Partner
ORD-101312,2025-05-21,Router,Networking,South,Bengaluru,12,4700,56400,Online
ORD-101836,2025-05-21,Mouse,Peripherals,North,Chandigarh,6,2200,13200,Online
ORD-100502,2025-05-21,Printer,Office,North,Lucknow,9,27200,244800,Partner
ORD-101114,2025-05-21,Headphones,Audio,West,Pune,1,1600,1600,Retail Store
ORD-102942,2025-05-22,Keyboard,Peripherals,East,Patna,3,3200,9600,Partner
ORD-101630,2025-05-22,Mouse,Peripherals,East,Guwahati,3,1800,5400,Online
ORD-103065,2025-05-22,Headphones,Audio,North,Delhi,2,7400,14800,Online
ORD-101238,2025-05-22,Speaker,Audio,North,Chandigarh,12,4800,57600,Online
ORD-104198,2025-05-22,Smartphone,Mobility,East,Kolkata,5,19900,99500,Online
ORD-102870,2025-05-22,Laptop,Computing,South,Bengaluru,1,69700,69700,Partner
ORD-101732,2025-05-22,Mouse,Peripherals,South,Bengaluru,11,1700,18700,Online
ORD-101496,2025-05-22,Tablet,Mobility,South,Chennai,5,39900,199500,Retail Store
ORD-100921,2025-05-22,Smartphone,Mobility,South,Bengaluru,8,43700,349600,Partner
ORD-101382,2025-05-22,Scanner,Office,North,Chandigarh,2,13300,26600,Partner
ORD-104060,2025-05-22,Router,Networking,South,Hyderabad,3,9500,28500,Online
ORD-100926,2025-05-22,Smartphone,Mobility,East,Patna,7,37500,262500,Online
ORD-100143,2025-05-22,Tablet,Mobility,South,Bengaluru,5,50800,254000,Retail Store
ORD-102107,2025-05-23,Mouse,Peripherals,South,Kochi,10,1300,13000,Partner
ORD-102932,2025-05-23,Monitor,Peripherals,South,Bengaluru,6,18200,109200,Retail Store
ORD-101911,2025-05-23,Scanner,Office,West,Ahmedabad,4,14600,58400,Partner
ORD-102029,2025-05-23,Keyboard,Peripherals,North,Chandigarh,6,3700,22200,Retail Store
ORD-103450,2025-05-23,Headphones,Audio,East,Kolkata,3,15200,45600,Online
ORD-102435,2025-05-23,Speaker,Audio,West,Mumbai,3,14300,42900,Online
ORD-100885,2025-05-23,Speaker,Audio,North,Chandigarh,6,5600,33600,Partner
ORD-101433,2025-05-23,Keyboard,Peripherals,West,Mumbai,3,3000,9000,Online
ORD-101450,2025-05-23,Monitor,Peripherals,West,Surat,4,9300,37200,Retail Store
ORD-103199,2025-05-23,Smartwatch,Mobility,West,Mumbai,7,13600,95200,Online
ORD-103869,2025-05-23,Router,Networking,East,Kolkata,5,5300,26500,Online
ORD-104001,2025-05-24,Webcam,Peripherals,North,Delhi,8,6400,51200,Retail Store
ORD-103999,2025-05-24,Mouse,Peripherals,South,Kochi,12,1700,20400,Retail Store
ORD-103625,2025-05-24,Desktop PC,Computing,South,Kochi,12,46000,552000,Online
ORD-103278,2025-05-24,Printer,Office,West,Surat,9,15600,140400,Retail Store
ORD-101615,2025-05-24,Tablet,Mobility,East,Patna,12,47700,572400,Retail Store
ORD-101819,2025-05-24,Smartwatch,Mobility,North,Delhi,8,22800,182400,Retail Store
ORD-103664,2025-05-24,Smartphone,Mobility,East,Patna,11,58100,639100,Retail Store
ORD-102675,2025-05-24,Mouse,Peripherals,West,Surat,9,2900,26100,Online
ORD-103192,2025-05-24,Monitor,Peripherals,West,Surat,11,15800,173800,Retail Store
ORD-103187,2025-05-25,Router,Networking,South,Bengaluru,12,2400,28800,Retail Store
ORD-102093,2025-05-25,Tablet,Mobility,West,Mumbai,7,44000,308000,Partner
ORD-102968,2025-05-25,Smartphone,Mobility,West,Ahmedabad,2,93300,186600,Partner
ORD-102422,2025-05-25,Laptop,Computing,North,Jaipur,8,70000,560000,Retail Store
ORD-101147,2025-05-25,Scanner,Office,West,Surat,12,13500,162000,Partner
ORD-101545,2025-05-25,Mouse,Peripherals,East,Guwahati,5,2700,13500,Online
ORD-100813,2025-05-25,Webcam,Peripherals,East,Bhubaneswar,5,4000,20000,Partner
ORD-102184,2025-05-25,Smartphone,Mobility,West,Surat,2,84200,168400,Partner
ORD-104196,2025-05-26,Tablet,Mobility,East,Guwahati,11,45500,500500,Partner
ORD-101872,2025-05-26,Tablet,Mobility,South,Hyderabad,12,27100,325200,Retail Store
ORD-101498,2025-05-26,Smartwatch,Mobility,East,Kolkata,4,15200,60800,Online
ORD-103735,2025-05-26,Switch,Networking,South,Bengaluru,4,25900,103600,Partner
ORD-102600,2025-05-26,Mouse,Peripherals,East,Kolkata,10,1500,15000,Online
ORD-101621,2025-05-26,Keyboard,Peripherals,South,Chennai,8,1700,13600,Retail Store
ORD-102139,2025-05-26,Router,Networking,South,Hyderabad,1,3200,3200,Online
ORD-100652,2025-05-26,Printer,Office,South,Hyderabad,12,19300,231600,Retail Store
ORD-101552,2025-05-26,Mouse,Peripherals,West,Mumbai,6,1400,8400,Online
ORD-103723,2025-05-26,Speaker,Audio,West,Surat,5,16800,84000,Partner
ORD-102701,2025-05-26,Mouse,Peripherals,West,Ahmedabad,11,1700,18700,Online
ORD-101243,2025-05-26,Smartwatch,Mobility,North,Jaipur,9,3700,33300,Retail Store
ORD-103072,2025-05-26,Keyboard,Peripherals,South,Bengaluru,4,3200,12800,Retail Store
ORD-102844,2025-05-27,Router,Networking,South,Hyderabad,12,5900,70800,Online
ORD-101777,2025-05-27,Printer,Office,South,Bengaluru,6,16100,96600,Partner
ORD-101618,2025-05-27,Mouse,Peripherals,West,Pune,2,400,800,Retail Store
ORD-103389,2025-05-27,Speaker,Audio,South,Bengaluru,10,5600,56000,Retail Store
ORD-103491,2025-05-27,Mouse,Peripherals,West,Ahmedabad,9,1500,13500,Partner
ORD-100897,2025-05-27,Keyboard,Peripherals,East,Patna,6,1900,11400,Retail Store
ORD-102010,2025-05-27,Smartwatch,Mobility,East,Bhubaneswar,4,22900,91600,Online
ORD-100427,2025-05-27,Webcam,Peripherals,North,Lucknow,4,2600,10400,Retail Store
ORD-101908,2025-05-27,Smartwatch,Mobility,West,Surat,9,14800,133200,Online
ORD-100081,2025-05-27,Smartwatch,Mobility,South,Hyderabad,1,22800,22800,Online
ORD-101646,2025-05-27,Mouse,Peripherals,East,Bhubaneswar,11,700,7700,Online
ORD-102502,2025-05-28,Desktop PC,Computing,East,Bhubaneswar,10,40200,402000,Online
ORD-101308,2025-05-28,Desktop PC,Computing,West,Pune,10,59300,593000,Partner
ORD-102092,2025-05-28,Webcam,Peripherals,North,Lucknow,4,5600,22400,Online
ORD-102803,2025-05-28,Printer,Office,North,Jaipur,5,24700,123500,Retail Store
ORD-100721,2025-05-28,Smartphone,Mobility,South,Kochi,3,27300,81900,Online
ORD-100859,2025-05-28,Speaker,Audio,West,Mumbai,9,18600,167400,Retail Store
ORD-102757,2025-05-28,Webcam,Peripherals,South,Hyderabad,12,7500,90000,Partner
ORD-102240,2025-05-28,Printer,Office,North,Chandigarh,8,26400,211200,Retail Store
ORD-103978,2025-05-28,Desktop PC,Computing,South,Bengaluru,8,41000,328000,Online
ORD-103630,2025-05-29,Router,Networking,East,Bhubaneswar,7,3600,25200,Partner
ORD-102614,2025-05-29,Webcam,Peripherals,South,Bengaluru,5,6600,33000,Retail Store
ORD-101354,2025-05-29,Mouse,Peripherals,South,Kochi,1,500,500,Online
ORD-100519,2025-05-29,Webcam,Peripherals,West,Surat,5,3700,18500,Online
ORD-102612,2025-05-29,Smartwatch,Mobility,North,Lucknow,11,24000,264000,Online
ORD-102210,2025-05-29,Webcam,Peripherals,South,Hyderabad,7,1200,8400,Retail Store
ORD-102735,2025-05-29,Speaker,Audio,East,Guwahati,12,18000,216000,Online
ORD-100801,2025-05-29,Headphones,Audio,South,Hyderabad,10,15000,150000,Online
ORD-104166,2025-05-29,Router,Networking,West,Mumbai,7,7100,49700,Retail Store
ORD-101654,2025-05-29,Webcam,Peripherals,South,Bengaluru,10,4100,41000,Retail Store
ORD-103387,2025-05-29,Keyboard,Peripherals,West,Mumbai,4,3000,12000,Retail Store
ORD-102597,2025-05-29,Monitor,Peripherals,East,Bhubaneswar,7,11400,79800,Partner
ORD-102697,2025-05-30,Scanner,Office,East,Kolkata,11,12400,136400,Online
ORD-100531,2025-05-30,Mouse,Peripherals,North,Lucknow,5,2400,12000,Online
ORD-103931,2025-05-30,Speaker,Audio,East,Bhubaneswar,5,15800,79000,Retail Store
ORD-101948,2025-05-30,Webcam,Peripherals,West,Pune,9,8500,76500,Retail Store
ORD-103211,2025-05-30,Monitor,Peripherals,West,Ahmedabad,9,12100,108900,Partner
ORD-102429,2025-05-30,Webcam,Peripherals,South,Chennai,5,7100,35500,Partner
ORD-100251,2025-05-30,Webcam,Peripherals,West,Mumbai,3,4400,13200,Partner
ORD-100183,2025-05-30,Speaker,Audio,North,Chandigarh,6,8400,50400,Online
ORD-103090,2025-05-30,Mouse,Peripherals,West,Surat,7,1500,10500,Retail Store
ORD-101973,2025-05-30,Mouse,Peripherals,West,Ahmedabad,3,1200,3600,Online
ORD-103607,2025-05-30,Printer,Office,West,Surat,10,26600,266000,Partner
ORD-100626,2025-05-31,Monitor,Peripherals,South,Hyderabad,6,17200,103200,Partner
ORD-102702,2025-05-31,Speaker,Audio,East,Bhubaneswar,11,8900,97900,Partner
ORD-104011,2025-05-31,Smartphone,Mobility,South,Kochi,12,44600,535200,Online
ORD-102694,2025-05-31,Mouse,Peripherals,South,Hyderabad,8,1300,10400,Online
ORD-101964,2025-05-31,Speaker,Audio,West,Mumbai,7,4600,32200,Retail Store
ORD-104067,2025-05-31,Smartphone,Mobility,West,Ahmedabad,4,27600,110400,Online
ORD-103381,2025-05-31,Smartphone,Mobility,North,Jaipur,4,24700,98800,Online
ORD-102743,2025-05-31,Mouse,Peripherals,North,Jaipur,8,2800,22400,Online
ORD-102777,2025-05-31,Smartphone,Mobility,North,Chandigarh,2,59800,119600,Partner
ORD-102924,2025-05-31,Smartphone,Mobility,South,Bengaluru,7,44000,308000,Retail Store
ORD-100291,2025-05-31,Mouse,Peripherals,North,Delhi,2,1800,3600,Online
ORD-100468,2025-05-31,Keyboard,Peripherals,West,Pune,4,800,3200,Online
ORD-103259,2025-06-01,Keyboard,Peripherals,North,Lucknow,5,3900,19500,Retail Store
ORD-102748,2025-06-01,Mouse,Peripherals,North,Jaipur,11,1000,11000,Retail Store
ORD-102296,2025-06-01,Monitor,Peripherals,West,Mumbai,5,21400,107000,Online
ORD-103753,2025-06-01,Desktop PC,Computing,South,Hyderabad,11,54000,594000,Retail Store
ORD-100433,2025-06-01,Webcam,Peripherals,South,Hyderabad,12,6300,75600,Partner
ORD-101818,2025-06-01,Printer,Office,North,Delhi,11,24600,270600,Online
ORD-100033,2025-06-01,Keyboard,Peripherals,South,Bengaluru,3,2200,6600,Retail Store
ORD-102456,2025-06-01,Printer,Office,South,Hyderabad,1,20300,20300,Online
ORD-103055,2025-06-01,Printer,Office,North,Chandigarh,12,12100,145200,Partner
ORD-100778,2025-06-01,Webcam,Peripherals,West,Ahmedabad,5,1500,7500,Online
ORD-102013,2025-06-01,Printer,Office,South,Kochi,3,15600,46800,Retail Store
ORD-102526,2025-06-01,Laptop,Computing,West,Pune,12,72000,864000,Retail Store
ORD-103451,2025-06-01,Desktop PC,Computing,North,Lucknow,7,52000,364000,Retail Store
ORD-102111,2025-06-01,Router,Networking,South,Chennai,2,2000,4000,Retail Store
ORD-100056,2025-06-01,Printer,Office,South,Chennai,5,17000,85000,Partner
ORD-100886,2025-06-02,Mouse,Peripherals,East,Guwahati,8,800,6400,Retail Store
ORD-101798,2025-06-02,Headphones,Audio,South,Chennai,7,10900,76300,Partner
ORD-103922,2025-06-02,Laptop,Computing,West,Pune,12,74400,892800,Partner
ORD-102548,2025-06-02,Laptop,Computing,North,Lucknow,12,74000,888000,Partner
ORD-103237,2025-06-02,Tablet,Mobility,North,Lucknow,10,53300,533000,Online
ORD-101470,2025-06-02,Speaker,Audio,West,Surat,10,14100,141000,Online
ORD-102953,2025-06-02,Headphones,Audio,North,Delhi,4,9600,38400,Partner
ORD-101930,2025-06-02,Mouse,Peripherals,East,Bhubaneswar,10,2100,21000,Partner
ORD-102012,2025-06-02,Smartwatch,Mobility,South,Kochi,7,6400,44800,Partner
ORD-103136,2025-06-03,Smartwatch,Mobility,South,Hyderabad,12,7300,87600,Online
ORD-102512,2025-06-03,Printer,Office,South,Kochi,9,12600,113400,Partner
ORD-103132,2025-06-03,Switch,Networking,East,Guwahati,7,15600,109200,Online
ORD-102345,2025-06-03,Headphones,Audio,South,Chennai,5,3100,15500,Partner
ORD-100890,2025-06-03,Tablet,Mobility,North,Chandigarh,7,40300,282100,Online
ORD-101693,2025-06-03,Webcam,Peripherals,North,Chandigarh,9,4000,36000,Partner
ORD-102997,2025-06-03,Desktop PC,Computing,North,Delhi,1,53600,53600,Online
ORD-100139,2025-06-03,Headphones,Audio,West,Ahmedabad,5,15300,76500,Online
ORD-102425,2025-06-03,Monitor,Peripherals,North,Jaipur,9,16100,144900,Retail Store
ORD-103776,2025-06-03,Tablet,Mobility,West,Ahmedabad,7,33000,231000,Online
ORD-101662,2025-06-03,Desktop PC,Computing,South,Hyderabad,8,55400,443200,Online
ORD-102331,2025-06-03,Keyboard,Peripherals,West,Pune,3,3800,11400,Retail Store
ORD-100506,2025-06-03,Smartphone,Mobility,South,Bengaluru,6,62000,372000,Partner
ORD-100625,2025-06-03,Smartphone,Mobility,North,Chandigarh,7,57200,400400,Online
ORD-101705,2025-06-04,Smartwatch,Mobility,North,Lucknow,6,16100,96600,Retail Store
ORD-103335,2025-06-04,Printer,Office,West,Mumbai,8,28900,231200,Online
ORD-101275,2025-06-04,Desktop PC,Computing,South,Bengaluru,1,52400,52400,Retail Store
ORD-102808,2025-06-04,Scanner,Office,West,Mumbai,1,11700,11700,Partner
ORD-102286,2025-06-04,Laptop,Computing,West,Pune,4,66900,267600,Partner
ORD-100563,2025-06-04,Tablet,Mobility,South,Hyderabad,3,29500,88500,Retail Store
ORD-102018,2025-06-04,Keyboard,Peripherals,West,Ahmedabad,2,900,1800,Retail Store
ORD-103171,2025-06-04,Keyboard,Peripherals,West,Mumbai,1,3300,3300,Partner
ORD-103313,2025-06-04,Printer,Office,West,Pune,11,21400,235400,Online
ORD-103206,2025-06-04,Mouse,Peripherals,West,Mumbai,1,1500,1500,Retail Store
ORD-102199,2025-06-04,Switch,Networking,South,Chennai,11,6700,73700,Online
ORD-100841,2025-06-05,Headphones,Audio,North,Delhi,5,14400,72000,Online
ORD-104197,2025-06-05,Mouse,Peripherals,North,Jaipur,7,2000,14000,Online
ORD-103987,2025-06-05,Scanner,Office,West,Mumbai,11,16100,177100,Online
ORD-103920,2025-06-05,Headphones,Audio,West,Ahmedabad,3,11000,33000,Partner
ORD-101321,2025-06-05,Speaker,Audio,South,Hyderabad,5,3800,19000,Retail Store
ORD-103770,2025-06-05,Speaker,Audio,East,Patna,9,19100,171900,Retail Store
ORD-101265,2025-06-05,Mouse,Peripherals,South,Hyderabad,7,1000,7000,Retail Store
ORD-101144,2025-06-06,Webcam,Peripherals,South,Hyderabad,12,6100,73200,Partner
ORD-102976,2025-06-06,Laptop,Computing,South,Chennai,12,64800,777600,Online
ORD-101474,2025-06-06,Speaker,Audio,East,Bhubaneswar,7,2800,19600,Retail Store
ORD-100577,2025-06-06,Keyboard,Peripherals,West,Pune,9,2100,18900,Online
ORD-102084,2025-06-06,Smartphone,Mobility,South,Kochi,11,79600,875600,Retail Store
ORD-102213,2025-06-06,Headphones,Audio,North,Chandigarh,6,15300,91800,Online
ORD-101194,2025-06-06,Router,Networking,South,Chennai,11,5300,58300,Partner
ORD-101211,2025-06-06,Scanner,Office,North,Delhi,8,12900,103200,Partner
ORD-101323,2025-06-06,Headphones,Audio,South,Chennai,12,9200,110400,Online
ORD-102684,2025-06-06,Webcam,Peripherals,South,Hyderabad,7,1400,9800,Retail Store
ORD-102375,2025-06-06,Laptop,Computing,West,Mumbai,1,72700,72700,Retail Store
ORD-100760,2025-06-06,Smartwatch,Mobility,South,Hyderabad,9,21800,196200,Online
ORD-100717,2025-06-06,Keyboard,Peripherals,West,Mumbai,5,2400,12000,Online
ORD-100678,2025-06-06,Webcam,Peripherals,North,Jaipur,8,2300,18400,Online
ORD-102081,2025-06-07,Smartwatch,Mobility,West,Mumbai,12,20500,246000,Retail Store
ORD-101892,2025-06-07,Headphones,Audio,East,Bhubaneswar,7,17500,122500,Partner
ORD-103357,2025-06-07,Webcam,Peripherals,West,Surat,6,2900,17400,Retail Store
ORD-102171,2025-06-07,Speaker,Audio,North,Jaipur,4,8700,34800,Online
ORD-101816,2025-06-07,Printer,Office,West,Ahmedabad,9,20000,180000,Partner
ORD-103372,2025-06-07,Keyboard,Peripherals,North,Jaipur,1,1000,1000,Retail Store
ORD-100254,2025-06-07,Printer,Office,West,Surat,4,17700,70800,Retail Store
ORD-100733,2025-06-07,Mouse,Peripherals,West,Pune,11,1600,17600,Retail Store
ORD-100030,2025-06-07,Monitor,Peripherals,West,Pune,11,9500,104500,Online
ORD-102721,2025-06-07,Printer,Office,West,Mumbai,9,14400,129600,Retail Store
ORD-102949,2025-06-07,Mouse,Peripherals,West,Surat,7,800,5600,Online
ORD-102571,2025-06-07,Tablet,Mobility,North,Chandigarh,3,39100,117300,Retail Store
ORD-102830,2025-06-07,Headphones,Audio,South,Hyderabad,5,3300,16500,Partner
ORD-104142,2025-06-08,Desktop PC,Computing,North,Jaipur,7,40900,286300,Partner
ORD-102615,2025-06-08,Printer,Office,North,Lucknow,10,20900,209000,Retail Store
ORD-102121,2025-06-08,Smartphone,Mobility,South,Bengaluru,10,50100,501000,Partner
ORD-103360,2025-06-08,Laptop,Computing,North,Chandigarh,5,65800,329000,Partner
ORD-103946,2025-06-08,Headphones,Audio,South,Chennai,7,1900,13300,Retail Store
ORD-100829,2025-06-08,Printer,Office,North,Lucknow,10,24800,248000,Online
ORD-102644,2025-06-08,Scanner,Office,East,Patna,6,15800,94800,Partner
ORD-102455,2025-06-08,Keyboard,Peripherals,South,Hyderabad,10,2200,22000,Online
ORD-102369,2025-06-08,Webcam,Peripherals,West,Ahmedabad,6,3800,22800,Retail Store
ORD-102194,2025-06-08,Keyboard,Peripherals,North,Delhi,12,3500,42000,Online
ORD-101497,2025-06-09,Desktop PC,Computing,South,Bengaluru,4,43000,172000,Retail Store
ORD-104129,2025-06-09,Keyboard,Peripherals,West,Surat,8,2600,20800,Online
ORD-102254,2025-06-09,Smartwatch,Mobility,South,Bengaluru,10,16100,161000,Online
ORD-100509,2025-06-09,Headphones,Audio,North,Delhi,7,8800,61600,Online
ORD-103646,2025-06-09,Mouse,Peripherals,East,Bhubaneswar,5,2100,10500,Retail Store
ORD-101125,2025-06-09,Tablet,Mobility,North,Lucknow,8,36800,294400,Retail Store
ORD-101212,2025-06-09,Router,Networking,East,Bhubaneswar,1,3000,3000,Online
ORD-102715,2025-06-09,Smartphone,Mobility,North,Chandigarh,3,79800,239400,Retail Store
ORD-103943,2025-06-09,Mouse,Peripherals,South,Bengaluru,4,800,3200,Partner
ORD-100192,2025-06-10,Switch,Networking,East,Patna,10,22900,229000,Retail Store
ORD-100881,2025-06-10,Webcam,Peripherals,West,Ahmedabad,9,4900,44100,Online
ORD-103603,2025-06-10,Headphones,Audio,North,Chandigarh,11,1300,14300,Online
ORD-103423,2025-06-10,Printer,Office,North,Jaipur,6,19100,114600,Online
ORD-103242,2025-06-10,Headphones,Audio,East,Patna,6,11400,68400,Online
ORD-100924,2025-06-10,Desktop PC,Computing,West,Ahmedabad,4,57400,229600,Online
ORD-101132,2025-06-10,Smartwatch,Mobility,North,Chandigarh,2,24100,48200,Retail Store
ORD-103611,2025-06-10,Headphones,Audio,North,Chandigarh,3,4200,12600,Retail Store
ORD-101624,2025-06-10,Smartwatch,Mobility,East,Kolkata,10,7500,75000,Partner
ORD-100155,2025-06-11,Smartphone,Mobility,West,Mumbai,6,55000,330000,Online
ORD-100977,2025-06-11,Desktop PC,Computing,South,Chennai,2,38400,76800,Online
ORD-100985,2025-06-11,Mouse,Peripherals,North,Lucknow,10,1300,13000,Online
ORD-103877,2025-06-11,Speaker,Audio,West,Ahmedabad,5,11900,59500,Online
ORD-103330,2025-06-11,Scanner,Office,South,Chennai,8,9500,76000,Retail Store
ORD-100736,2025-06-11,Laptop,Computing,North,Chandigarh,1,77400,77400,Retail Store
ORD-102538,2025-06-11,Speaker,Audio,South,Bengaluru,6,4500,27000,Online
ORD-103096,2025-06-11,Speaker,Audio,South,Kochi,3,4600,13800,Retail Store
ORD-103487,2025-06-11,Speaker,Audio,North,Delhi,8,13900,111200,Online
ORD-101366,2025-06-11,Scanner,Office,South,Bengaluru,7,16500,115500,Partner
ORD-103937,2025-06-12,Monitor,Peripherals,West,Pune,1,12200,12200,Partner
ORD-103595,2025-06-12,Tablet,Mobility,North,Chandigarh,3,41900,125700,Partner
ORD-102620,2025-06-12,Smartphone,Mobility,West,Mumbai,4,84500,338000,Retail Store
ORD-101042,2025-06-12,Scanner,Office,South,Bengaluru,1,10000,10000,Retail Store
ORD-103177,2025-06-12,Speaker,Audio,South,Bengaluru,6,4800,28800,Partner
ORD-103181,2025-06-12,Keyboard,Peripherals,South,Bengaluru,2,3000,6000,Retail Store
ORD-100457,2025-06-12,Webcam,Peripherals,South,Chennai,9,3800,34200,Partner
ORD-103669,2025-06-12,Webcam,Peripherals,West,Pune,8,1700,13600,Retail Store
ORD-102007,2025-06-13,Monitor,Peripherals,South,Hyderabad,4,14000,56000,Partner
ORD-103862,2025-06-13,Headphones,Audio,West,Surat,10,6400,64000,Partner
ORD-101939,2025-06-13,Keyboard,Peripherals,North,Lucknow,11,2200,24200,Retail Store
ORD-102323,2025-06-14,Smartphone,Mobility,South,Hyderabad,12,36600,439200,Online
ORD-101985,2025-06-14,Headphones,Audio,North,Delhi,11,8700,95700,Partner
ORD-103517,2025-06-14,Smartphone,Mobility,West,Mumbai,12,50700,608400,Online
ORD-100723,2025-06-14,Mouse,Peripherals,North,Chandigarh,8,800,6400,Online
ORD-103050,2025-06-14,Smartphone,Mobility,North,Lucknow,3,17400,52200,Partner
ORD-100163,2025-06-14,Speaker,Audio,North,Lucknow,7,5400,37800,Partner
ORD-100920,2025-06-14,Mouse,Peripherals,North,Delhi,5,500,2500,Retail Store
ORD-101148,2025-06-14,Smartwatch,Mobility,East,Bhubaneswar,6,22800,136800,Online
ORD-103990,2025-06-14,Laptop,Computing,North,Chandigarh,10,72700,727000,Retail Store
ORD-101295,2025-06-14,Tablet,Mobility,West,Pune,7,29200,204400,Online
ORD-100560,2025-06-14,Printer,Office,South,Chennai,2,26000,52000,Partner
ORD-100419,2025-06-15,Smartphone,Mobility,West,Mumbai,1,30800,30800,Online
ORD-101629,2025-06-15,Printer,Office,East,Bhubaneswar,3,18100,54300,Online
ORD-101804,2025-06-15,Tablet,Mobility,West,Surat,1,17400,17400,Retail Store
ORD-104147,2025-06-15,Monitor,Peripherals,North,Chandigarh,2,21200,42400,Online
ORD-103923,2025-06-15,Speaker,Audio,West,Pune,5,11700,58500,Partner
ORD-101253,2025-06-15,Router,Networking,East,Guwahati,10,7000,70000,Partner
ORD-100051,2025-06-15,Monitor,Peripherals,East,Kolkata,3,20400,61200,Online
ORD-103716,2025-06-15,Smartphone,Mobility,South,Chennai,9,79400,714600,Retail Store
ORD-103406,2025-06-15,Smartphone,Mobility,South,Bengaluru,7,36000,252000,Retail Store
ORD-101115,2025-06-15,Switch,Networking,South,Hyderabad,5,15800,79000,Partner
ORD-100115,2025-06-15,Keyboard,Peripherals,North,Delhi,8,2000,16000,Partner
ORD-101024,2025-06-15,Router,Networking,East,Guwahati,6,4700,28200,Retail Store
ORD-100757,2025-06-16,Laptop,Computing,East,Guwahati,5,57400,287000,Online
ORD-102746,2025-06-16,Smartwatch,Mobility,West,Surat,2,23100,46200,Partner
ORD-101828,2025-06-16,Switch,Networking,North,Jaipur,7,15200,106400,Online
ORD-104069,2025-06-16,Router,Networking,North,Lucknow,7,6100,42700,Partner
ORD-101824,2025-06-16,Headphones,Audio,East,Patna,2,10000,20000,Partner
ORD-102871,2025-06-16,Monitor,Peripherals,West,Ahmedabad,7,21800,152600,Online
ORD-102662,2025-06-16,Tablet,Mobility,South,Chennai,6,38800,232800,Partner
ORD-104084,2025-06-16,Smartwatch,Mobility,North,Lucknow,9,21600,194400,Online
ORD-103326,2025-06-16,Router,Networking,West,Ahmedabad,1,8900,8900,Partner
ORD-103926,2025-06-17,Printer,Office,East,Bhubaneswar,11,27600,303600,Online
ORD-102774,2025-06-17,Webcam,Peripherals,West,Ahmedabad,4,5900,23600,Retail Store
ORD-103577,2025-06-17,Headphones,Audio,West,Surat,1,4000,4000,Online
ORD-103542,2025-06-17,Mouse,Peripherals,South,Bengaluru,6,1900,11400,Retail Store
ORD-100630,2025-06-17,Keyboard,Peripherals,North,Delhi,1,2900,2900,Partner
ORD-101374,2025-06-17,Smartphone,Mobility,North,Delhi,12,35800,429600,Online
ORD-101126,2025-06-17,Smartphone,Mobility,East,Guwahati,3,25800,77400,Partner
ORD-103632,2025-06-17,Smartphone,Mobility,South,Chennai,10,63800,638000,Retail Store
ORD-100948,2025-06-17,Smartphone,Mobility,South,Chennai,11,69700,766700,Partner
ORD-102109,2025-06-17,Headphones,Audio,South,Hyderabad,7,4100,28700,Partner
ORD-101233,2025-06-17,Desktop PC,Computing,East,Patna,7,38000,266000,Partner
ORD-101806,2025-06-17,Smartphone,Mobility,South,Chennai,7,64900,454300,Partner
ORD-101282,2025-06-17,Speaker,Audio,West,Mumbai,9,6600,59400,Online
ORD-101591,2025-06-17,Smartwatch,Mobility,West,Ahmedabad,9,19700,177300,Online
ORD-100215,2025-06-18,Monitor,Peripherals,East,Kolkata,2,13200,26400,Online
ORD-102183,2025-06-18,Router,Networking,North,Chandigarh,7,7400,51800,Online
ORD-101297,2025-06-18,Monitor,Peripherals,North,Delhi,2,19700,39400,Retail Store
ORD-100516,2025-06-18,Smartwatch,Mobility,West,Mumbai,8,19900,159200,Partner
ORD-102418,2025-06-18,Switch,Networking,West,Mumbai,4,10500,42000,Retail Store
ORD-103511,2025-06-18,Keyboard,Peripherals,West,Pune,4,2500,10000,Retail Store
ORD-101043,2025-06-18,Monitor,Peripherals,South,Hyderabad,3,18700,56100,Retail Store
ORD-102823,2025-06-18,Webcam,Peripherals,South,Chennai,8,5800,46400,Online
ORD-100108,2025-06-18,Scanner,Office,East,Bhubaneswar,8,18000,144000,Retail Store
ORD-103088,2025-06-18,Laptop,Computing,North,Chandigarh,1,70800,70800,Retail Store
ORD-100903,2025-06-18,Mouse,Peripherals,North,Delhi,10,2800,28000,Retail Store
ORD-101108,2025-06-18,Smartwatch,Mobility,South,Kochi,2,21600,43200,Retail Store
ORD-102950,2025-06-18,Desktop PC,Computing,West,Mumbai,4,55800,223200,Retail Store
ORD-103342,2025-06-18,Desktop PC,Computing,South,Hyderabad,2,41500,83000,Retail Store
ORD-103003,2025-06-19,Mouse,Peripherals,North,Lucknow,10,1500,15000,Retail Store
ORD-101683,2025-06-19,Printer,Office,North,Jaipur,12,26400,316800,Online
ORD-101222,2025-06-19,Mouse,Peripherals,North,Lucknow,9,1900,17100,Retail Store
ORD-103794,2025-06-19,Monitor,Peripherals,West,Surat,2,13200,26400,Online
ORD-102497,2025-06-19,Headphones,Audio,North,Delhi,2,13300,26600,Partner
ORD-100555,2025-06-19,Headphones,Audio,North,Jaipur,9,6300,56700,Retail Store
ORD-102575,2025-06-19,Switch,Networking,North,Jaipur,3,15900,47700,Partner
ORD-104009,2025-06-19,Webcam,Peripherals,West,Mumbai,4,7200,28800,Partner
ORD-103871,2025-06-19,Headphones,Audio,West,Surat,8,5800,46400,Partner
ORD-102693,2025-06-19,Keyboard,Peripherals,West,Ahmedabad,2,2300,4600,Retail Store
ORD-100876,2025-06-19,Monitor,Peripherals,East,Kolkata,6,14900,89400,Partner
ORD-103811,2025-06-20,Laptop,Computing,South,Bengaluru,3,75600,226800,Online
ORD-102642,2025-06-20,Keyboard,Peripherals,South,Bengaluru,6,3600,21600,Partner
ORD-100899,2025-06-20,Laptop,Computing,North,Jaipur,9,62100,558900,Online
ORD-102479,2025-06-20,Headphones,Audio,West,Ahmedabad,10,7000,70000,Partner
ORD-100392,2025-06-20,Smartphone,Mobility,North,Lucknow,9,63300,569700,Partner
ORD-103292,2025-06-20,Laptop,Computing,East,Patna,2,70600,141200,Online
ORD-103035,2025-06-20,Tablet,Mobility,South,Hyderabad,10,19300,193000,Retail Store
ORD-100435,2025-06-20,Smartphone,Mobility,West,Pune,9,37900,341100,Retail Store
ORD-103657,2025-06-21,Mouse,Peripherals,South,Kochi,6,900,5400,Partner
ORD-102234,2025-06-21,Keyboard,Peripherals,North,Chandigarh,1,3600,3600,Retail Store
ORD-103309,2025-06-21,Printer,Office,East,Guwahati,7,18300,128100,Retail Store
ORD-100500,2025-06-21,Mouse,Peripherals,South,Kochi,11,1100,12100,Retail Store
ORD-102815,2025-06-21,Laptop,Computing,East,Guwahati,3,65300,195900,Retail Store
ORD-102584,2025-06-22,Tablet,Mobility,North,Delhi,8,29100,232800,Partner
ORD-104091,2025-06-22,Speaker,Audio,South,Chennai,2,5600,11200,Partner
ORD-102361,2025-06-22,Switch,Networking,North,Chandigarh,1,25200,25200,Online
ORD-101452,2025-06-22,Monitor,Peripherals,East,Guwahati,3,13200,39600,Online
ORD-102102,2025-06-22,Smartphone,Mobility,East,Bhubaneswar,7,20900,146300,Partner
ORD-101679,2025-06-22,Headphones,Audio,East,Patna,8,4600,36800,Online
ORD-101473,2025-06-22,Webcam,Peripherals,South,Kochi,11,1800,19800,Partner
ORD-100887,2025-06-22,Mouse,Peripherals,South,Bengaluru,9,1200,10800,Partner
ORD-100009,2025-06-22,Smartphone,Mobility,South,Chennai,2,62300,124600,Partner
ORD-101965,2025-06-22,Monitor,Peripherals,South,Chennai,10,20000,200000,Partner
ORD-101258,2025-06-22,Smartphone,Mobility,North,Chandigarh,10,28900,289000,Online
ORD-102457,2025-06-22,Laptop,Computing,North,Delhi,9,71600,644400,Online
ORD-103277,2025-06-22,Printer,Office,North,Jaipur,4,13100,52400,Partner
ORD-101207,2025-06-22,Router,Networking,North,Jaipur,6,6700,40200,Online
ORD-103248,2025-06-22,Monitor,Peripherals,West,Surat,6,15400,92400,Retail Store
ORD-100861,2025-06-23,Smartphone,Mobility,South,Kochi,11,84300,927300,Online
ORD-102732,2025-06-23,Scanner,Office,South,Chennai,7,10600,74200,Partner
ORD-101176,2025-06-23,Router,Networking,West,Mumbai,12,2800,33600,Online
ORD-101701,2025-06-23,Switch,Networking,South,Hyderabad,7,25800,180600,Online
ORD-102492,2025-06-23,Monitor,Peripherals,West,Surat,12,14800,177600,Online
ORD-103820,2025-06-23,Mouse,Peripherals,South,Bengaluru,4,1400,5600,Retail Store
ORD-100388,2025-06-23,Monitor,Peripherals,North,Chandigarh,4,14500,58000,Online
ORD-101984,2025-06-23,Webcam,Peripherals,South,Kochi,5,3400,17000,Retail Store
ORD-103271,2025-06-24,Router,Networking,North,Delhi,6,6500,39000,Retail Store
ORD-103029,2025-06-24,Monitor,Peripherals,South,Hyderabad,7,21000,147000,Online
ORD-102846,2025-06-24,Webcam,Peripherals,South,Kochi,2,5200,10400,Retail Store
ORD-102448,2025-06-24,Printer,Office,North,Lucknow,1,11100,11100,Retail Store
ORD-103634,2025-06-24,Laptop,Computing,South,Kochi,12,56100,673200,Online
ORD-100534,2025-06-24,Switch,Networking,South,Hyderabad,1,18700,18700,Online
ORD-103085,2025-06-24,Tablet,Mobility,East,Bhubaneswar,10,15000,150000,Retail Store
ORD-101107,2025-06-24,Headphones,Audio,North,Chandigarh,7,6000,42000,Online
ORD-102741,2025-06-25,Keyboard,Peripherals,North,Chandigarh,9,2200,19800,Partner
ORD-100017,2025-06-25,Tablet,Mobility,West,Mumbai,5,28700,143500,Partner
ORD-103078,2025-06-25,Laptop,Computing,North,Jaipur,5,53500,267500,Partner
ORD-101010,2025-06-25,Router,Networking,South,Kochi,1,7800,7800,Partner
ORD-103904,2025-06-25,Scanner,Office,West,Ahmedabad,6,12900,77400,Online
ORD-100132,2025-06-25,Keyboard,Peripherals,East,Guwahati,8,3900,31200,Partner
ORD-103234,2025-06-25,Laptop,Computing,South,Bengaluru,10,60100,601000,Retail Store
ORD-103655,2025-06-26,Webcam,Peripherals,West,Ahmedabad,11,7400,81400,Partner
ORD-101349,2025-06-26,Keyboard,Peripherals,North,Delhi,4,1800,7200,Retail Store
ORD-103349,2025-06-26,Monitor,Peripherals,South,Kochi,10,21900,219000,Partner
ORD-100203,2025-06-26,Desktop PC,Computing,West,Surat,6,46900,281400,Retail Store
ORD-102208,2025-06-26,Keyboard,Peripherals,North,Delhi,7,1100,7700,Online
ORD-101884,2025-06-26,Monitor,Peripherals,South,Hyderabad,8,17100,136800,Retail Store
ORD-104188,2025-06-26,Smartwatch,Mobility,South,Bengaluru,11,4500,49500,Partner
ORD-101978,2025-06-26,Webcam,Peripherals,West,Mumbai,7,5500,38500,Partner
ORD-100559,2025-06-26,Smartphone,Mobility,North,Jaipur,6,34000,204000,Partner
ORD-101410,2025-06-26,Mouse,Peripherals,West,Pune,9,2900,26100,Online
ORD-101205,2025-06-27,Scanner,Office,South,Hyderabad,2,11600,23200,Retail Store
ORD-103942,2025-06-27,Tablet,Mobility,West,Surat,2,18200,36400,Online
ORD-102276,2025-06-27,Smartwatch,Mobility,West,Pune,11,4100,45100,Retail Store
ORD-100706,2025-06-27,Laptop,Computing,South,Hyderabad,10,58800,588000,Partner
ORD-101355,2025-06-27,Desktop PC,Computing,North,Lucknow,5,56700,283500,Partner
ORD-103449,2025-06-27,Smartphone,Mobility,East,Kolkata,6,64800,388800,Online
ORD-102282,2025-06-27,Mouse,Peripherals,North,Lucknow,11,1800,19800,Online
ORD-102163,2025-06-27,Printer,Office,North,Jaipur,8,23700,189600,Online
ORD-103950,2025-06-27,Headphones,Audio,East,Bhubaneswar,1,8300,8300,Online
ORD-103129,2025-06-27,Tablet,Mobility,East,Patna,10,52400,524000,Online
ORD-103366,2025-06-27,Speaker,Audio,North,Delhi,6,3500,21000,Partner
ORD-102381,2025-06-27,Smartwatch,Mobility,North,Jaipur,7,22000,154000,Online
ORD-101412,2025-06-27,Keyboard,Peripherals,West,Ahmedabad,9,2200,19800,Retail Store
ORD-101667,2025-06-27,Desktop PC,Computing,South,Hyderabad,1,43800,43800,Online
ORD-102015,2025-06-27,Headphones,Audio,West,Surat,9,17500,157500,Partner
ORD-100440,2025-06-27,Mouse,Peripherals,South,Hyderabad,2,2000,4000,Partner
ORD-100777,2025-06-28,Smartphone,Mobility,South,Kochi,2,55900,111800,Retail Store
ORD-101402,2025-06-28,Smartphone,Mobility,South,Bengaluru,8,89900,719200,Partner
ORD-101435,2025-06-28,Tablet,Mobility,North,Jaipur,12,16200,194400,Partner
ORD-102899,2025-06-28,Headphones,Audio,East,Bhubaneswar,6,5000,30000,Partner
ORD-100812,2025-06-28,Scanner,Office,West,Pune,5,16800,84000,Retail Store
ORD-103848,2025-06-28,Router,Networking,West,Surat,9,7200,64800,Retail Store
ORD-104032,2025-06-28,Headphones,Audio,West,Surat,5,11100,55500,Partner
ORD-100607,2025-06-28,Monitor,Peripherals,North,Lucknow,2,21100,42200,Online
ORD-102383,2025-06-28,Keyboard,Peripherals,North,Lucknow,5,900,4500,Retail Store
ORD-100704,2025-06-28,Printer,Office,North,Jaipur,9,15800,142200,Online
ORD-102993,2025-06-28,Smartwatch,Mobility,North,Chandigarh,12,19200,230400,Partner
ORD-102146,2025-06-28,Keyboard,Peripherals,North,Jaipur,2,2200,4400,Partner
ORD-103067,2025-06-28,Monitor,Peripherals,North,Chandigarh,7,14900,104300,Online
ORD-100783,2025-06-28,Webcam,Peripherals,West,Mumbai,2,7500,15000,Partner
ORD-102884,2025-06-28,Webcam,Peripherals,North,Chandigarh,4,3300,13200,Partner
ORD-103610,2025-06-28,Webcam,Peripherals,North,Jaipur,8,1700,13600,Online
ORD-103660,2025-06-29,Headphones,Audio,West,Pune,12,17100,205200,Online
ORD-101087,2025-06-29,Laptop,Computing,North,Jaipur,5,62900,314500,Retail Store
ORD-101731,2025-06-29,Headphones,Audio,West,Pune,4,17400,69600,Partner
ORD-104159,2025-06-29,Speaker,Audio,South,Bengaluru,10,12700,127000,Partner
ORD-104158,2025-06-29,Headphones,Audio,West,Mumbai,4,9700,38800,Partner
ORD-103457,2025-06-29,Laptop,Computing,East,Guwahati,8,61600,492800,Partner
ORD-101858,2025-06-29,Printer,Office,North,Lucknow,12,15500,186000,Online
ORD-100377,2025-06-29,Scanner,Office,South,Hyderabad,12,8800,105600,Retail Store
ORD-101324,2025-06-29,Monitor,Peripherals,North,Delhi,11,16500,181500,Partner
ORD-100306,2025-06-29,Scanner,Office,South,Hyderabad,1,18200,18200,Online
ORD-100524,2025-06-29,Mouse,Peripherals,West,Pune,2,700,1400,Partner
ORD-101386,2025-06-30,Headphones,Audio,South,Hyderabad,10,4300,43000,Partner
ORD-103152,2025-06-30,Smartphone,Mobility,South,Hyderabad,11,26800,294800,Partner
ORD-103514,2025-06-30,Headphones,Audio,South,Bengaluru,12,3800,45600,Partner
ORD-103229,2025-06-30,Speaker,Audio,East,Guwahati,6,9500,57000,Partner
ORD-103438,2025-06-30,Laptop,Computing,North,Delhi,5,57700,288500,Online
ORD-103714,2025-06-30,Monitor,Peripherals,West,Surat,2,20400,40800,Partner
ORD-104189,2025-06-30,Smartphone,Mobility,North,Chandigarh,11,52400,576400,Online
ORD-100719,2025-06-30,Mouse,Peripherals,North,Chandigarh,11,700,7700,Online
ORD-100593,2025-06-30,Keyboard,Peripherals,South,Bengaluru,4,3700,14800,Partner
ORD-101465,2025-07-01,Monitor,Peripherals,West,Mumbai,2,14400,28800,Retail Store
ORD-103006,2025-07-01,Monitor,Peripherals,South,Hyderabad,7,21400,149800,Online
ORD-100953,2025-07-01,Webcam,Peripherals,East,Kolkata,11,7300,80300,Online
ORD-100686,2025-07-01,Mouse,Peripherals,East,Patna,2,3000,6000,Partner
ORD-102474,2025-07-01,Laptop,Computing,West,Surat,10,65300,653000,Partner
ORD-104071,2025-07-01,Smartphone,Mobility,South,Kochi,5,58900,294500,Retail Store
ORD-102763,2025-07-01,Mouse,Peripherals,West,Mumbai,4,1100,4400,Retail Store
ORD-100968,2025-07-01,Keyboard,Peripherals,West,Ahmedabad,9,1800,16200,Online
ORD-100150,2025-07-01,Webcam,Peripherals,West,Surat,9,7000,63000,Online
ORD-101649,2025-07-01,Smartphone,Mobility,East,Kolkata,4,78500,314000,Partner
ORD-104168,2025-07-01,Mouse,Peripherals,South,Chennai,3,900,2700,Retail Store
ORD-101028,2025-07-01,Router,Networking,North,Jaipur,11,7500,82500,Retail Store
ORD-103816,2025-07-01,Smartphone,Mobility,East,Bhubaneswar,8,30700,245600,Retail Store
ORD-102167,2025-07-01,Headphones,Audio,South,Bengaluru,7,8600,60200,Retail Store
ORD-100930,2025-07-01,Speaker,Audio,South,Chennai,2,10600,21200,Retail Store
ORD-100991,2025-07-02,Smartwatch,Mobility,South,Hyderabad,12,12500,150000,Online
ORD-100947,2025-07-02,Smartphone,Mobility,North,Delhi,7,75000,525000,Online
ORD-102103,2025-07-02,Smartphone,Mobility,South,Chennai,10,56400,564000,Online
ORD-104068,2025-07-02,Monitor,Peripherals,South,Chennai,7,14900,104300,Retail Store
ORD-100371,2025-07-02,Tablet,Mobility,North,Jaipur,6,43300,259800,Partner
ORD-104116,2025-07-02,Tablet,Mobility,East,Kolkata,6,43700,262200,Retail Store
ORD-100958,2025-07-02,Keyboard,Peripherals,North,Delhi,12,1200,14400,Partner
ORD-104102,2025-07-02,Webcam,Peripherals,South,Kochi,5,5100,25500,Online
ORD-101431,2025-07-03,Monitor,Peripherals,North,Lucknow,1,14000,14000,Online
ORD-101370,2025-07-03,Keyboard,Peripherals,East,Kolkata,6,4000,24000,Retail Store
ORD-101734,2025-07-03,Scanner,Office,South,Chennai,9,14000,126000,Partner
ORD-103769,2025-07-03,Smartwatch,Mobility,West,Ahmedabad,7,12200,85400,Retail Store
ORD-101138,2025-07-03,Keyboard,Peripherals,West,Pune,2,2900,5800,Partner
ORD-101907,2025-07-03,Tablet,Mobility,South,Hyderabad,6,17700,106200,Online
ORD-100064,2025-07-03,Headphones,Audio,West,Ahmedabad,3,7900,23700,Partner
ORD-101418,2025-07-03,Laptop,Computing,West,Mumbai,12,76100,913200,Retail Store
ORD-103493,2025-07-03,Speaker,Audio,South,Bengaluru,10,16500,165000,Online
ORD-100162,2025-07-03,Printer,Office,East,Patna,7,19900,139300,Online
ORD-101509,2025-07-03,Mouse,Peripherals,South,Hyderabad,11,500,5500,Partner
ORD-100571,2025-07-03,Laptop,Computing,South,Kochi,8,77200,617600,Online
ORD-102836,2025-07-03,Tablet,Mobility,South,Bengaluru,11,54700,601700,Partner
ORD-100054,2025-07-04,Tablet,Mobility,South,Hyderabad,10,19700,197000,Online
ORD-103082,2025-07-04,Monitor,Peripherals,East,Patna,10,9900,99000,Online
ORD-101168,2025-07-04,Tablet,Mobility,East,Guwahati,3,38000,114000,Online
ORD-100632,2025-07-04,Speaker,Audio,North,Lucknow,5,3200,16000,Partner
ORD-100407,2025-07-04,Printer,Office,North,Jaipur,1,11800,11800,Partner
ORD-100671,2025-07-04,Printer,Office,West,Mumbai,8,13500,108000,Online
ORD-101778,2025-07-04,Headphones,Audio,South,Hyderabad,6,5600,33600,Online
ORD-100299,2025-07-04,Tablet,Mobility,South,Hyderabad,10,36800,368000,Retail Store
ORD-100373,2025-07-04,Tablet,Mobility,North,Jaipur,3,52300,156900,Retail Store
ORD-102439,2025-07-04,Smartwatch,Mobility,North,Jaipur,12,14500,174000,Partner
ORD-103602,2025-07-04,Monitor,Peripherals,West,Mumbai,6,14200,85200,Retail Store
ORD-100243,2025-07-04,Keyboard,Peripherals,West,Ahmedabad,9,2800,25200,Partner
ORD-100193,2025-07-04,Desktop PC,Computing,East,Guwahati,2,48900,97800,Partner
ORD-103092,2025-07-05,Webcam,Peripherals,West,Surat,4,4500,18000,Retail Store
ORD-100605,2025-07-05,Monitor,Peripherals,West,Pune,8,9300,74400,Partner
ORD-101762,2025-07-05,Headphones,Audio,West,Surat,9,1300,11700,Retail Store
ORD-103667,2025-07-05,Webcam,Peripherals,West,Pune,4,7900,31600,Retail Store
ORD-100858,2025-07-05,Mouse,Peripherals,West,Surat,3,1200,3600,Online
ORD-100929,2025-07-05,Mouse,Peripherals,West,Pune,3,500,1500,Retail Store
ORD-102239,2025-07-05,Router,Networking,North,Jaipur,2,3300,6600,Partner
ORD-101310,2025-07-05,Printer,Office,West,Surat,1,18700,18700,Retail Store
ORD-103809,2025-07-05,Speaker,Audio,North,Chandigarh,8,14100,112800,Online
ORD-103466,2025-07-05,Monitor,Peripherals,South,Chennai,8,22800,182400,Retail Store
ORD-102649,2025-07-05,Webcam,Peripherals,North,Lucknow,1,6700,6700,Online
ORD-101487,2025-07-06,Router,Networking,East,Bhubaneswar,5,10100,50500,Online
ORD-101869,2025-07-06,Smartphone,Mobility,East,Kolkata,4,34400,137600,Retail Store
ORD-102685,2025-07-06,Switch,Networking,West,Pune,8,23200,185600,Partner
ORD-102041,2025-07-06,Printer,Office,West,Ahmedabad,12,27300,327600,Online
ORD-100490,2025-07-06,Tablet,Mobility,North,Delhi,5,12900,64500,Retail Store
ORD-101423,2025-07-06,Speaker,Audio,West,Mumbai,4,13000,52000,Retail Store
ORD-103364,2025-07-06,Headphones,Audio,South,Hyderabad,5,3000,15000,Online
ORD-102001,2025-07-06,Smartphone,Mobility,South,Bengaluru,3,30700,92100,Partner
ORD-100311,2025-07-06,Mouse,Peripherals,South,Chennai,6,1000,6000,Partner
ORD-100819,2025-07-06,Speaker,Audio,North,Lucknow,8,2400,19200,Partner
ORD-101289,2025-07-06,Smartwatch,Mobility,South,Hyderabad,8,21100,168800,Partner
ORD-102919,2025-07-06,Speaker,Audio,West,Ahmedabad,11,4800,52800,Partner
ORD-103663,2025-07-07,Smartwatch,Mobility,South,Kochi,8,20100,160800,Retail Store
ORD-101091,2025-07-07,Speaker,Audio,West,Ahmedabad,2,18200,36400,Online
ORD-101110,2025-07-07,Keyboard,Peripherals,South,Chennai,3,4000,12000,Partner
ORD-102514,2025-07-07,Router,Networking,West,Mumbai,9,6100,54900,Partner
ORD-102181,2025-07-07,Speaker,Audio,North,Chandigarh,12,16500,198000,Retail Store
ORD-102854,2025-07-07,Speaker,Audio,West,Surat,4,14000,56000,Retail Store
ORD-100205,2025-07-07,Tablet,Mobility,South,Hyderabad,11,27000,297000,Partner
ORD-100164,2025-07-07,Smartphone,Mobility,South,Hyderabad,3,52500,157500,Retail Store
ORD-100562,2025-07-07,Scanner,Office,West,Pune,7,8900,62300,Retail Store
ORD-101551,2025-07-07,Router,Networking,West,Pune,12,9700,116400,Online
ORD-102630,2025-07-07,Keyboard,Peripherals,West,Mumbai,12,3600,43200,Online
ORD-100093,2025-07-08,Smartphone,Mobility,North,Lucknow,3,87800,263400,Partner
ORD-100060,2025-07-08,Printer,Office,South,Bengaluru,3,12000,36000,Retail Store
ORD-100755,2025-07-08,Keyboard,Peripherals,North,Jaipur,6,3300,19800,Online
ORD-101689,2025-07-08,Printer,Office,North,Chandigarh,7,18400,128800,Online
ORD-104012,2025-07-08,Tablet,Mobility,East,Patna,12,41100,493200,Online
ORD-101269,2025-07-08,Monitor,Peripherals,North,Delhi,11,22600,248600,Online
ORD-100507,2025-07-08,Smartphone,Mobility,South,Bengaluru,11,26700,293700,Partner
ORD-102809,2025-07-08,Smartphone,Mobility,South,Bengaluru,1,69900,69900,Retail Store
ORD-103261,2025-07-08,Headphones,Audio,South,Bengaluru,5,6900,34500,Partner
ORD-102934,2025-07-08,Laptop,Computing,South,Kochi,11,75900,834900,Online
ORD-104025,2025-07-08,Keyboard,Peripherals,East,Patna,6,1600,9600,Partner
ORD-101054,2025-07-09,Headphones,Audio,East,Guwahati,10,17600,176000,Online
ORD-103112,2025-07-09,Switch,Networking,South,Bengaluru,8,7500,60000,Partner
ORD-100906,2025-07-09,Mouse,Peripherals,South,Chennai,9,1600,14400,Retail Store
ORD-103285,2025-07-09,Smartphone,Mobility,South,Hyderabad,10,78000,780000,Online
ORD-101105,2025-07-09,Smartphone,Mobility,South,Hyderabad,12,16300,195600,Retail Store
ORD-102117,2025-07-09,Speaker,Audio,East,Patna,9,14600,131400,Partner
ORD-102868,2025-07-09,Smartphone,Mobility,North,Delhi,6,75600,453600,Partner
ORD-102978,2025-07-09,Desktop PC,Computing,West,Mumbai,2,60900,121800,Partner
ORD-100413,2025-07-09,Router,Networking,South,Kochi,12,8600,103200,Online
ORD-103793,2025-07-09,Keyboard,Peripherals,East,Patna,9,3500,31500,Retail Store
ORD-104192,2025-07-09,Keyboard,Peripherals,South,Kochi,1,2000,2000,Partner
ORD-100034,2025-07-10,Headphones,Audio,South,Chennai,4,10800,43200,Retail Store
ORD-102818,2025-07-10,Smartwatch,Mobility,North,Delhi,6,11600,69600,Online
ORD-101299,2025-07-10,Webcam,Peripherals,South,Kochi,8,5100,40800,Retail Store
ORD-102552,2025-07-10,Desktop PC,Computing,West,Mumbai,3,44200,132600,Retail Store
ORD-103109,2025-07-10,Mouse,Peripherals,North,Chandigarh,6,1900,11400,Online
ORD-103201,2025-07-10,Speaker,Audio,South,Hyderabad,11,12500,137500,Partner
ORD-102423,2025-07-11,Smartphone,Mobility,South,Kochi,3,70500,211500,Retail Store
ORD-103592,2025-07-11,Switch,Networking,South,Chennai,2,6800,13600,Online
ORD-102297,2025-07-11,Desktop PC,Computing,West,Mumbai,6,43100,258600,Partner
ORD-100640,2025-07-11,Printer,Office,West,Surat,2,13900,27800,Retail Store
ORD-101003,2025-07-11,Keyboard,Peripherals,West,Ahmedabad,1,1000,1000,Online
ORD-102257,2025-07-11,Tablet,Mobility,North,Chandigarh,11,17900,196900,Online
ORD-101166,2025-07-11,Smartphone,Mobility,South,Chennai,1,41300,41300,Retail Store
ORD-104043,2025-07-11,Smartphone,Mobility,North,Delhi,8,93300,746400,Retail Store
ORD-103472,2025-07-11,Keyboard,Peripherals,North,Chandigarh,5,2500,12500,Retail Store
ORD-100980,2025-07-11,Webcam,Peripherals,East,Guwahati,7,6500,45500,Retail Store
ORD-101755,2025-07-11,Webcam,Peripherals,West,Ahmedabad,2,2800,5600,Partner
ORD-101856,2025-07-11,Router,Networking,East,Guwahati,7,11100,77700,Partner
ORD-102521,2025-07-11,Monitor,Peripherals,West,Ahmedabad,10,16500,165000,Online
ORD-102580,2025-07-11,Tablet,Mobility,West,Mumbai,3,36700,110100,Partner
ORD-102143,2025-07-11,Printer,Office,South,Hyderabad,6,19100,114600,Retail Store
ORD-103340,2025-07-12,Tablet,Mobility,East,Kolkata,8,43500,348000,Retail Store
ORD-101543,2025-07-12,Webcam,Peripherals,North,Jaipur,11,4600,50600,Partner
ORD-101186,2025-07-12,Mouse,Peripherals,South,Kochi,6,1900,11400,Partner
ORD-101902,2025-07-12,Router,Networking,West,Ahmedabad,2,5700,11400,Retail Store
ORD-100053,2025-07-12,Monitor,Peripherals,South,Bengaluru,1,19100,19100,Partner
ORD-103324,2025-07-12,Tablet,Mobility,North,Delhi,11,51600,567600,Online
ORD-100852,2025-07-12,Keyboard,Peripherals,West,Pune,3,3200,9600,Retail Store
ORD-103276,2025-07-12,Smartphone,Mobility,West,Mumbai,7,23700,165900,Retail Store
ORD-100811,2025-07-12,Mouse,Peripherals,West,Mumbai,6,2600,15600,Online
ORD-101852,2025-07-12,Laptop,Computing,North,Chandigarh,9,72200,649800,Retail Store
ORD-103036,2025-07-13,Laptop,Computing,West,Pune,2,71400,142800,Retail Store
ORD-103973,2025-07-13,Speaker,Audio,South,Kochi,8,18500,148000,Online
ORD-100835,2025-07-13,Tablet,Mobility,North,Chandigarh,5,17200,86000,Online
ORD-102543,2025-07-13,Smartphone,Mobility,North,Delhi,2,91600,183200,Online
ORD-100978,2025-07-13,Switch,Networking,West,Ahmedabad,11,24100,265100,Retail Store
ORD-100541,2025-07-13,Headphones,Audio,South,Kochi,11,2500,27500,Partner
ORD-103474,2025-07-13,Laptop,Computing,South,Chennai,7,52100,364700,Online
ORD-101027,2025-07-13,Printer,Office,South,Kochi,2,21000,42000,Online
ORD-102607,2025-07-13,Smartwatch,Mobility,South,Chennai,10,23000,230000,Partner
ORD-102404,2025-07-13,Router,Networking,North,Chandigarh,7,5700,39900,Online
ORD-100844,2025-07-13,Headphones,Audio,East,Guwahati,8,12300,98400,Partner
ORD-103760,2025-07-14,Keyboard,Peripherals,South,Bengaluru,4,1400,5600,Online
ORD-103709,2025-07-14,Laptop,Computing,South,Kochi,6,53100,318600,Retail Store
ORD-103001,2025-07-14,Router,Networking,North,Chandigarh,12,9600,115200,Online
ORD-100463,2025-07-14,Smartphone,Mobility,South,Hyderabad,4,90600,362400,Partner
ORD-101786,2025-07-14,Desktop PC,Computing,North,Lucknow,7,47800,334600,Partner
ORD-101750,2025-07-14,Webcam,Peripherals,North,Jaipur,8,3400,27200,Retail Store
ORD-102903,2025-07-14,Webcam,Peripherals,South,Chennai,8,3900,31200,Retail Store
ORD-101421,2025-07-14,Mouse,Peripherals,East,Bhubaneswar,10,2300,23000,Partner
ORD-101741,2025-07-14,Headphones,Audio,South,Bengaluru,10,11500,115000,Online
ORD-101610,2025-07-14,Webcam,Peripherals,East,Guwahati,7,7000,49000,Partner
ORD-100992,2025-07-14,Webcam,Peripherals,North,Lucknow,9,6500,58500,Retail Store
ORD-100922,2025-07-14,Printer,Office,South,Bengaluru,2,27900,55800,Retail Store
ORD-100856,2025-07-14,Monitor,Peripherals,North,Chandigarh,10,23200,232000,Partner
ORD-102145,2025-07-15,Headphones,Audio,West,Pune,5,4100,20500,Retail Store
ORD-100389,2025-07-15,Webcam,Peripherals,North,Chandigarh,1,6100,6100,Partner
ORD-103016,2025-07-15,Desktop PC,Computing,South,Chennai,9,38500,346500,Retail Store
ORD-102583,2025-07-15,Laptop,Computing,South,Bengaluru,7,57100,399700,Partner
ORD-101900,2025-07-15,Keyboard,Peripherals,North,Lucknow,10,1700,17000,Retail Store
ORD-101507,2025-07-15,Webcam,Peripherals,South,Kochi,6,5700,34200,Retail Store
ORD-102679,2025-07-15,Smartwatch,Mobility,South,Chennai,4,15700,62800,Online
ORD-102667,2025-07-16,Laptop,Computing,East,Patna,6,77100,462600,Online
ORD-102075,2025-07-16,Desktop PC,Computing,North,Chandigarh,6,39300,235800,Partner
ORD-101500,2025-07-16,Desktop PC,Computing,South,Bengaluru,4,48000,192000,Retail Store
ORD-100233,2025-07-16,Keyboard,Peripherals,South,Hyderabad,12,1100,13200,Retail Store
ORD-101175,2025-07-16,Mouse,Peripherals,West,Pune,12,1500,18000,Partner
ORD-100250,2025-07-16,Webcam,Peripherals,South,Hyderabad,3,7700,23100,Retail Store
ORD-103537,2025-07-16,Headphones,Audio,West,Mumbai,10,4200,42000,Online
ORD-100309,2025-07-16,Tablet,Mobility,South,Kochi,4,17000,68000,Retail Store
ORD-100838,2025-07-16,Headphones,Audio,West,Pune,6,17000,102000,Retail Store
ORD-101458,2025-07-16,Tablet,Mobility,South,Kochi,5,37900,189500,Partner
ORD-102652,2025-07-17,Smartwatch,Mobility,East,Patna,1,7500,7500,Partner
ORD-102516,2025-07-17,Router,Networking,East,Patna,9,11800,106200,Partner
ORD-100787,2025-07-17,Laptop,Computing,South,Hyderabad,9,70600,635400,Online
ORD-100586,2025-07-17,Mouse,Peripherals,West,Pune,2,2900,5800,Partner
ORD-101857,2025-07-17,Smartphone,Mobility,North,Jaipur,1,89200,89200,Partner
ORD-101197,2025-07-17,Laptop,Computing,South,Bengaluru,3,58600,175800,Partner
ORD-101466,2025-07-17,Monitor,Peripherals,West,Mumbai,10,14200,142000,Retail Store
ORD-100381,2025-07-17,Keyboard,Peripherals,South,Hyderabad,9,2200,19800,Online
ORD-101152,2025-07-17,Headphones,Audio,South,Chennai,11,7700,84700,Partner
ORD-103286,2025-07-18,Laptop,Computing,North,Lucknow,3,65400,196200,Online
ORD-104140,2025-07-18,Laptop,Computing,South,Kochi,5,73800,369000,Retail Store
ORD-102940,2025-07-18,Tablet,Mobility,North,Jaipur,1,47600,47600,Partner
ORD-103121,2025-07-18,Laptop,Computing,South,Hyderabad,12,52500,630000,Retail Store
ORD-102745,2025-07-18,Tablet,Mobility,North,Lucknow,1,54500,54500,Partner
ORD-102557,2025-07-18,Smartphone,Mobility,South,Hyderabad,12,18700,224400,Online
ORD-102261,2025-07-18,Router,Networking,North,Chandigarh,12,6000,72000,Online
ORD-102200,2025-07-18,Headphones,Audio,West,Pune,10,1300,13000,Retail Store
ORD-102127,2025-07-18,Smartphone,Mobility,South,Kochi,10,63900,639000,Partner
ORD-103329,2025-07-18,Desktop PC,Computing,East,Kolkata,5,52800,264000,Partner
ORD-100657,2025-07-18,Smartphone,Mobility,South,Chennai,2,59900,119800,Partner
ORD-102760,2025-07-18,Desktop PC,Computing,North,Jaipur,1,43600,43600,Partner
ORD-101492,2025-07-18,Webcam,Peripherals,South,Chennai,4,7700,30800,Partner
ORD-101339,2025-07-18,Smartphone,Mobility,South,Kochi,10,54100,541000,Online
ORD-100515,2025-07-19,Speaker,Audio,South,Bengaluru,4,12600,50400,Online
ORD-100893,2025-07-19,Monitor,Peripherals,South,Chennai,1,21500,21500,Retail Store
ORD-101291,2025-07-19,Webcam,Peripherals,North,Jaipur,6,7300,43800,Online
ORD-101696,2025-07-19,Smartphone,Mobility,East,Patna,4,38600,154400,Online
ORD-102773,2025-07-19,Printer,Office,South,Bengaluru,6,27800,166800,Partner
ORD-103650,2025-07-19,Monitor,Peripherals,North,Jaipur,9,19100,171900,Partner
ORD-101131,2025-07-20,Webcam,Peripherals,South,Hyderabad,6,1600,9600,Partner
ORD-100131,2025-07-20,Headphones,Audio,North,Delhi,12,900,10800,Partner
ORD-101441,2025-07-20,Printer,Office,South,Bengaluru,11,25700,282700,Online
ORD-103944,2025-07-20,Webcam,Peripherals,East,Guwahati,6,7700,46200,Retail Store
ORD-101534,2025-07-20,Router,Networking,South,Bengaluru,1,4000,4000,Partner
ORD-102263,2025-07-20,Switch,Networking,West,Ahmedabad,5,23900,119500,Partner
ORD-103111,2025-07-20,Smartphone,Mobility,North,Lucknow,12,61700,740400,Partner
ORD-101967,2025-07-20,Laptop,Computing,South,Bengaluru,8,56200,449600,Partner
ORD-102901,2025-07-20,Speaker,Audio,East,Kolkata,10,4900,49000,Partner
ORD-104135,2025-07-20,Scanner,Office,South,Bengaluru,1,8700,8700,Partner
ORD-104079,2025-07-20,Speaker,Audio,South,Hyderabad,8,3500,28000,Partner
ORD-102444,2025-07-20,Webcam,Peripherals,North,Lucknow,12,7600,91200,Retail Store
ORD-100352,2025-07-20,Printer,Office,South,Kochi,1,26000,26000,Retail Store
ORD-102754,2025-07-20,Laptop,Computing,West,Mumbai,1,57100,57100,Online
ORD-102551,2025-07-21,Switch,Networking,South,Kochi,3,27600,82800,Online
ORD-104183,2025-07-21,Mouse,Peripherals,North,Lucknow,4,1000,4000,Partner
ORD-100583,2025-07-21,Scanner,Office,East,Kolkata,6,12900,77400,Partner
ORD-100148,2025-07-21,Tablet,Mobility,North,Jaipur,10,42100,421000,Partner
ORD-103622,2025-07-21,Smartwatch,Mobility,East,Kolkata,11,8400,92400,Online
ORD-102206,2025-07-21,Smartphone,Mobility,North,Chandigarh,1,61800,61800,Retail Store
ORD-102771,2025-07-21,Laptop,Computing,North,Lucknow,10,71100,711000,Online
ORD-100063,2025-07-21,Smartwatch,Mobility,South,Bengaluru,4,22300,89200,Retail Store
ORD-103126,2025-07-21,Router,Networking,South,Kochi,3,10100,30300,Retail Store
ORD-100599,2025-07-21,Headphones,Audio,North,Delhi,11,8600,94600,Retail Store
ORD-102243,2025-07-21,Mouse,Peripherals,West,Surat,5,1400,7000,Online
ORD-101865,2025-07-21,Router,Networking,North,Jaipur,12,9500,114000,Online
ORD-102572,2025-07-21,Printer,Office,West,Pune,1,27600,27600,Online
ORD-102898,2025-07-21,Tablet,Mobility,North,Jaipur,3,42200,126600,Online
ORD-100406,2025-07-21,Keyboard,Peripherals,North,Jaipur,1,2900,2900,Online
ORD-100120,2025-07-21,Speaker,Audio,East,Guwahati,3,13700,41100,Online
ORD-102009,2025-07-22,Switch,Networking,East,Kolkata,5,21500,107500,Partner
ORD-102353,2025-07-22,Speaker,Audio,South,Kochi,8,14300,114400,Online
ORD-100684,2025-07-22,Laptop,Computing,West,Pune,8,59600,476800,Partner
ORD-103830,2025-07-22,Headphones,Audio,South,Kochi,4,7400,29600,Retail Store
ORD-104153,2025-07-22,Monitor,Peripherals,South,Bengaluru,11,19900,218900,Retail Store
ORD-100472,2025-07-22,Smartwatch,Mobility,South,Hyderabad,11,7200,79200,Online
ORD-101057,2025-07-22,Monitor,Peripherals,East,Guwahati,3,16600,49800,Online
ORD-101793,2025-07-22,Monitor,Peripherals,North,Lucknow,7,12200,85400,Retail Store
ORD-101653,2025-07-22,Laptop,Computing,East,Bhubaneswar,5,60200,301000,Partner
ORD-103307,2025-07-22,Tablet,Mobility,South,Chennai,5,34100,170500,Retail Store
ORD-102202,2025-07-22,Printer,Office,East,Bhubaneswar,7,11300,79100,Online
ORD-103806,2025-07-22,Tablet,Mobility,East,Kolkata,5,47900,239500,Retail Store
ORD-103829,2025-07-22,Mouse,Peripherals,East,Guwahati,9,2600,23400,Partner
ORD-100276,2025-07-22,Router,Networking,South,Chennai,8,4000,32000,Partner
ORD-102281,2025-07-22,Smartphone,Mobility,South,Kochi,5,29300,146500,Partner
ORD-103763,2025-07-22,Smartwatch,Mobility,South,Chennai,3,15900,47700,Online
ORD-103548,2025-07-23,Tablet,Mobility,South,Bengaluru,7,34600,242200,Partner
ORD-103885,2025-07-23,Mouse,Peripherals,South,Kochi,2,500,1000,Online
ORD-101457,2025-07-23,Printer,Office,North,Jaipur,10,22400,224000,Online
ORD-102174,2025-07-23,Keyboard,Peripherals,West,Surat,7,3800,26600,Online
ORD-101633,2025-07-23,Smartwatch,Mobility,South,Hyderabad,12,22300,267600,Online
ORD-100766,2025-07-23,Tablet,Mobility,East,Kolkata,7,14000,98000,Partner
ORD-102067,2025-07-23,Scanner,Office,North,Chandigarh,8,16900,135200,Partner
ORD-100697,2025-07-23,Headphones,Audio,West,Ahmedabad,3,17400,52200,Online
ORD-103257,2025-07-23,Keyboard,Peripherals,South,Hyderabad,5,1300,6500,Retail Store
ORD-102781,2025-07-23,Webcam,Peripherals,South,Bengaluru,3,2200,6600,Retail Store
ORD-102858,2025-07-24,Smartwatch,Mobility,North,Lucknow,6,17000,102000,Online
ORD-101158,2025-07-24,Monitor,Peripherals,North,Chandigarh,10,15600,156000,Partner
ORD-100740,2025-07-24,Webcam,Peripherals,East,Patna,4,5600,22400,Retail Store
ORD-100689,2025-07-24,Smartphone,Mobility,West,Surat,11,85900,944900,Partner
ORD-103531,2025-07-24,Speaker,Audio,South,Hyderabad,3,21400,64200,Online
ORD-101595,2025-07-24,Desktop PC,Computing,North,Jaipur,1,44600,44600,Partner
ORD-102315,2025-07-24,Tablet,Mobility,West,Mumbai,1,46700,46700,Online
ORD-100648,2025-07-24,Speaker,Audio,West,Ahmedabad,9,21200,190800,Retail Store
ORD-103459,2025-07-24,Router,Networking,North,Delhi,11,2600,28600,Retail Store
ORD-102605,2025-07-24,Headphones,Audio,North,Chandigarh,3,900,2700,Online
ORD-103477,2025-07-25,Headphones,Audio,South,Hyderabad,2,10300,20600,Partner
ORD-102399,2025-07-25,Switch,Networking,North,Delhi,11,8700,95700,Partner
ORD-103188,2025-07-25,Headphones,Audio,North,Delhi,9,4900,44100,Retail Store
ORD-102223,2025-07-25,Smartphone,Mobility,South,Kochi,6,60400,362400,Partner
ORD-103759,2025-07-25,Laptop,Computing,North,Chandigarh,8,75000,600000,Retail Store
ORD-102467,2025-07-25,Tablet,Mobility,South,Hyderabad,2,15200,30400,Retail Store
ORD-100252,2025-07-25,Printer,Office,South,Hyderabad,5,17000,85000,Retail Store
ORD-100758,2025-07-25,Tablet,Mobility,North,Delhi,6,49300,295800,Retail Store
ORD-104148,2025-07-25,Headphones,Audio,West,Surat,6,12000,72000,Retail Store
ORD-101904,2025-07-26,Laptop,Computing,West,Surat,1,52200,52200,Retail Store
ORD-103572,2025-07-26,Speaker,Audio,West,Ahmedabad,11,15900,174900,Retail Store
ORD-103715,2025-07-26,Router,Networking,West,Mumbai,1,4300,4300,Retail Store
ORD-101501,2025-07-26,Webcam,Peripherals,North,Chandigarh,12,7700,92400,Online
ORD-103108,2025-07-26,Tablet,Mobility,North,Delhi,8,17000,136000,Partner
ORD-103099,2025-07-26,Smartphone,Mobility,North,Delhi,2,71300,142600,Retail Store
ORD-100271,2025-07-26,Headphones,Audio,North,Jaipur,3,3100,9300,Partner
ORD-102956,2025-07-26,Smartphone,Mobility,North,Delhi,6,22600,135600,Retail Store
ORD-100471,2025-07-26,Router,Networking,North,Lucknow,5,7600,38000,Partner
ORD-102334,2025-07-26,Scanner,Office,East,Guwahati,1,16500,16500,Partner
ORD-102057,2025-07-26,Scanner,Office,West,Ahmedabad,5,10200,51000,Partner
ORD-103768,2025-07-27,Mouse,Peripherals,East,Patna,10,2700,27000,Partner
ORD-100663,2025-07-27,Webcam,Peripherals,North,Delhi,11,3800,41800,Retail Store
ORD-101711,2025-07-27,Laptop,Computing,South,Hyderabad,5,65600,328000,Partner
ORD-101972,2025-07-27,Smartphone,Mobility,North,Jaipur,5,56200,281000,Retail Store
ORD-102780,2025-07-27,Mouse,Peripherals,North,Jaipur,6,1600,9600,Partner
ORD-101938,2025-07-27,Speaker,Audio,North,Chandigarh,4,17200,68800,Partner
ORD-103025,2025-07-27,Tablet,Mobility,North,Chandigarh,7,52100,364700,Online
ORD-101173,2025-07-27,Printer,Office,North,Delhi,1,27300,27300,Retail Store
ORD-103222,2025-07-27,Laptop,Computing,South,Chennai,9,53800,484200,Online
ORD-102066,2025-07-27,Printer,Office,South,Hyderabad,3,28600,85800,Online
ORD-102813,2025-07-28,Smartphone,Mobility,East,Kolkata,2,73700,147400,Online
ORD-101553,2025-07-28,Monitor,Peripherals,East,Guwahati,5,16700,83500,Partner
ORD-103948,2025-07-28,Speaker,Audio,North,Jaipur,12,20700,248400,Retail Store
ORD-103444,2025-07-28,Keyboard,Peripherals,South,Kochi,6,3500,21000,Partner
ORD-100687,2025-07-28,Webcam,Peripherals,West,Pune,9,6300,56700,Online
ORD-103596,2025-07-28,Keyboard,Peripherals,South,Chennai,11,1900,20900,Retail Store
ORD-100418,2025-07-28,Speaker,Audio,South,Bengaluru,7,18800,131600,Partner
ORD-101189,2025-07-28,Speaker,Audio,East,Patna,4,18900,75600,Online
ORD-101540,2025-07-28,Headphones,Audio,West,Pune,5,9400,47000,Partner
ORD-103802,2025-07-28,Speaker,Audio,West,Pune,9,8400,75600,Retail Store
ORD-103291,2025-07-28,Tablet,Mobility,North,Jaipur,10,33400,334000,Online
ORD-101174,2025-07-28,Tablet,Mobility,East,Guwahati,10,33200,332000,Online
ORD-102938,2025-07-28,Tablet,Mobility,North,Delhi,4,50200,200800,Online
ORD-102246,2025-07-29,Speaker,Audio,West,Surat,10,16000,160000,Online
ORD-102077,2025-07-29,Webcam,Peripherals,South,Chennai,8,2400,19200,Online
ORD-103792,2025-07-29,Router,Networking,East,Kolkata,3,11500,34500,Retail Store
ORD-100918,2025-07-29,Speaker,Audio,South,Kochi,2,2000,4000,Partner
ORD-102799,2025-07-29,Smartwatch,Mobility,East,Kolkata,10,20800,208000,Partner
ORD-101234,2025-07-29,Laptop,Computing,North,Delhi,4,77100,308400,Retail Store
ORD-103377,2025-07-29,Mouse,Peripherals,South,Chennai,2,2000,4000,Retail Store
ORD-101462,2025-07-29,Tablet,Mobility,North,Chandigarh,11,31500,346500,Partner
ORD-102284,2025-07-29,Monitor,Peripherals,East,Guwahati,9,20100,180900,Partner
ORD-103063,2025-07-29,Router,Networking,East,Guwahati,2,8800,17600,Partner
ORD-100567,2025-07-29,Printer,Office,North,Delhi,2,19200,38400,Online
ORD-101815,2025-07-29,Keyboard,Peripherals,South,Hyderabad,5,3300,16500,Online
ORD-102017,2025-07-29,Smartwatch,Mobility,East,Bhubaneswar,5,14400,72000,Partner
ORD-102852,2025-07-29,Headphones,Audio,West,Surat,1,7500,7500,Partner
ORD-101398,2025-07-30,Mouse,Peripherals,North,Jaipur,9,1200,10800,Online
ORD-101290,2025-07-30,Smartwatch,Mobility,North,Chandigarh,10,7600,76000,Online
ORD-100269,2025-07-30,Scanner,Office,East,Kolkata,9,13700,123300,Retail Store
ORD-102729,2025-07-30,Smartphone,Mobility,South,Bengaluru,7,15800,110600,Online
ORD-101011,2025-07-30,Switch,Networking,East,Bhubaneswar,3,19900,59700,Partner
ORD-101369,2025-07-30,Headphones,Audio,North,Delhi,7,1200,8400,Retail Store
ORD-101851,2025-07-30,Laptop,Computing,North,Delhi,1,55300,55300,Partner
ORD-103721,2025-07-30,Keyboard,Peripherals,North,Lucknow,5,2100,10500,Partner
ORD-102332,2025-07-30,Speaker,Audio,South,Hyderabad,9,7600,68400,Retail Store
ORD-103352,2025-07-31,Smartwatch,Mobility,North,Chandigarh,7,26200,183400,Partner
ORD-100023,2025-07-31,Speaker,Audio,West,Ahmedabad,2,6400,12800,Partner
ORD-100317,2025-07-31,Webcam,Peripherals,East,Patna,10,5200,52000,Online
ORD-101810,2025-07-31,Smartphone,Mobility,South,Bengaluru,11,93600,1029600,Online
ORD-100705,2025-07-31,Speaker,Audio,North,Lucknow,12,10400,124800,Partner
ORD-100041,2025-07-31,Router,Networking,North,Lucknow,11,8400,92400,Partner
ORD-103388,2025-07-31,Keyboard,Peripherals,South,Kochi,8,1600,12800,Retail Store
ORD-101725,2025-08-01,Tablet,Mobility,South,Hyderabad,4,34000,136000,Online
ORD-103958,2025-08-01,Keyboard,Peripherals,East,Bhubaneswar,2,3200,6400,Online
ORD-102676,2025-08-01,Monitor,Peripherals,West,Pune,7,11400,79800,Partner
ORD-101539,2025-08-01,Monitor,Peripherals,North,Chandigarh,2,14100,28200,Retail Store
ORD-101006,2025-08-01,Speaker,Audio,North,Delhi,4,14400,57600,Partner
ORD-100153,2025-08-01,Scanner,Office,South,Kochi,3,16700,50100,Partner
ORD-102022,2025-08-01,Laptop,Computing,East,Patna,9,57300,515700,Retail Store
ORD-100969,2025-08-01,Tablet,Mobility,South,Hyderabad,1,16000,16000,Retail Store
ORD-103165,2025-08-02,Switch,Networking,North,Jaipur,8,22600,180800,Partner
ORD-102011,2025-08-02,Router,Networking,South,Bengaluru,1,5600,5600,Partner
ORD-100097,2025-08-02,Smartphone,Mobility,East,Patna,10,64800,648000,Partner
ORD-103228,2025-08-02,Laptop,Computing,North,Jaipur,9,55800,502200,Retail Store
ORD-102550,2025-08-02,Printer,Office,West,Pune,3,17900,53700,Partner
ORD-102436,2025-08-02,Router,Networking,East,Guwahati,5,4600,23000,Retail Store
ORD-103917,2025-08-02,Monitor,Peripherals,South,Kochi,11,21400,235400,Online
ORD-101346,2025-08-02,Printer,Office,West,Ahmedabad,6,28300,169800,Online
ORD-104176,2025-08-02,Mouse,Peripherals,North,Chandigarh,3,2400,7200,Retail Store
ORD-101992,2025-08-02,Tablet,Mobility,South,Bengaluru,2,44900,89800,Online
ORD-104194,2025-08-02,Smartwatch,Mobility,North,Chandigarh,3,7000,21000,Retail Store
ORD-101278,2025-08-02,Smartwatch,Mobility,West,Mumbai,4,7300,29200,Retail Store
ORD-103684,2025-08-02,Smartwatch,Mobility,West,Mumbai,2,13600,27200,Online
ORD-104191,2025-08-02,Laptop,Computing,West,Pune,6,70100,420600,Partner
ORD-101790,2025-08-02,Printer,Office,North,Lucknow,6,23900,143400,Partner
ORD-103200,2025-08-02,Scanner,Office,South,Hyderabad,12,16200,194400,Retail Store
ORD-100451,2025-08-02,Tablet,Mobility,South,Bengaluru,6,43500,261000,Partner
ORD-101392,2025-08-03,Smartphone,Mobility,West,Ahmedabad,12,16300,195600,Retail Store
ORD-102680,2025-08-03,Keyboard,Peripherals,South,Chennai,5,2600,13000,Online
ORD-100225,2025-08-03,Tablet,Mobility,East,Kolkata,11,51900,570900,Partner
ORD-101673,2025-08-03,Router,Networking,West,Mumbai,11,3700,40700,Online
ORD-103767,2025-08-03,Monitor,Peripherals,West,Pune,2,23500,47000,Online
ORD-103508,2025-08-03,Mouse,Peripherals,East,Kolkata,2,2500,5000,Partner
ORD-101506,2025-08-03,Smartphone,Mobility,South,Bengaluru,4,77600,310400,Retail Store
ORD-101195,2025-08-03,Webcam,Peripherals,West,Mumbai,4,6200,24800,Online
ORD-102625,2025-08-03,Scanner,Office,South,Chennai,9,15900,143100,Retail Store
ORD-100633,2025-08-03,Monitor,Peripherals,West,Mumbai,12,20400,244800,Online
ORD-103059,2025-08-03,Smartphone,Mobility,South,Kochi,6,18500,111000,Online
ORD-101182,2025-08-03,Speaker,Audio,South,Kochi,12,19100,229200,Partner
ORD-101548,2025-08-03,Smartwatch,Mobility,South,Chennai,4,9100,36400,Partner
ORD-102792,2025-08-03,Monitor,Peripherals,North,Lucknow,1,12900,12900,Retail Store
ORD-100610,2025-08-03,Webcam,Peripherals,North,Delhi,7,4400,30800,Online
ORD-100256,2025-08-03,Router,Networking,South,Chennai,4,4000,16000,Online
ORD-103912,2025-08-03,Router,Networking,North,Delhi,7,8000,56000,Partner
ORD-101639,2025-08-03,Switch,Networking,South,Bengaluru,9,26600,239400,Retail Store
ORD-100004,2025-08-03,Keyboard,Peripherals,East,Kolkata,3,2300,6900,Online
ORD-103799,2025-08-04,Monitor,Peripherals,North,Delhi,3,16200,48600,Retail Store
ORD-104181,2025-08-04,Laptop,Computing,North,Chandigarh,1,70400,70400,Retail Store
ORD-100489,2025-08-04,Smartphone,Mobility,South,Hyderabad,6,47800,286800,Online
ORD-102627,2025-08-04,Smartwatch,Mobility,West,Pune,11,14400,158400,Retail Store
ORD-102055,2025-08-04,Desktop PC,Computing,West,Pune,7,40600,284200,Partner
ORD-100196,2025-08-04,Mouse,Peripherals,North,Chandigarh,12,600,7200,Online
ORD-101874,2025-08-04,Monitor,Peripherals,North,Lucknow,2,14700,29400,Partner
ORD-102449,2025-08-04,Monitor,Peripherals,West,Surat,6,18400,110400,Partner
ORD-101481,2025-08-04,Laptop,Computing,North,Chandigarh,9,68700,618300,Partner
ORD-102762,2025-08-04,Smartphone,Mobility,West,Surat,3,57300,171900,Online
ORD-102386,2025-08-04,Webcam,Peripherals,South,Kochi,5,6000,30000,Partner
ORD-101641,2025-08-04,Smartphone,Mobility,East,Bhubaneswar,11,95400,1049400,Partner
ORD-102892,2025-08-05,Smartwatch,Mobility,West,Pune,6,6900,41400,Partner
ORD-102170,2025-08-05,Tablet,Mobility,West,Mumbai,10,34800,348000,Retail Store
ORD-101503,2025-08-05,Speaker,Audio,West,Pune,11,11300,124300,Partner
ORD-103813,2025-08-05,Printer,Office,North,Jaipur,12,12700,152400,Online
ORD-100096,2025-08-05,Switch,Networking,East,Kolkata,6,20500,123000,Partner
ORD-102408,2025-08-06,Tablet,Mobility,East,Guwahati,11,12700,139700,Online
ORD-103606,2025-08-06,Speaker,Audio,North,Chandigarh,10,4100,41000,Partner
ORD-104042,2025-08-06,Webcam,Peripherals,South,Hyderabad,10,4500,45000,Retail Store
ORD-100908,2025-08-06,Mouse,Peripherals,East,Kolkata,7,2700,18900,Partner
ORD-100011,2025-08-06,Smartphone,Mobility,South,Chennai,6,57400,344400,Partner
ORD-103512,2025-08-06,Headphones,Audio,South,Hyderabad,1,2400,2400,Retail Store
ORD-102235,2025-08-06,Router,Networking,South,Bengaluru,8,3600,28800,Online
ORD-103614,2025-08-06,Router,Networking,West,Pune,6,4700,28200,Retail Store
ORD-103888,2025-08-06,Smartphone,Mobility,North,Chandigarh,8,52600,420800,Retail Store
ORD-102197,2025-08-06,Smartwatch,Mobility,North,Chandigarh,10,7600,76000,Online
ORD-103446,2025-08-07,Mouse,Peripherals,East,Bhubaneswar,2,500,1000,Partner
ORD-103608,2025-08-07,Scanner,Office,North,Chandigarh,4,11300,45200,Online
ORD-101517,2025-08-07,Smartwatch,Mobility,North,Jaipur,9,13200,118800,Partner
ORD-100010,2025-08-07,Smartphone,Mobility,East,Bhubaneswar,2,77800,155600,Retail Store
ORD-103386,2025-08-07,Mouse,Peripherals,West,Pune,11,2100,23100,Online
ORD-101833,2025-08-07,Webcam,Peripherals,South,Kochi,6,3400,20400,Retail Store
ORD-103425,2025-08-07,Laptop,Computing,East,Patna,12,66400,796800,Online
ORD-101668,2025-08-07,Speaker,Audio,South,Chennai,2,13400,26800,Online
ORD-102546,2025-08-07,Printer,Office,West,Surat,7,25800,180600,Retail Store
ORD-101237,2025-08-07,Webcam,Peripherals,East,Guwahati,3,2100,6300,Online
ORD-103113,2025-08-07,Speaker,Audio,North,Chandigarh,6,14800,88800,Retail Store
ORD-102325,2025-08-07,Keyboard,Peripherals,North,Lucknow,7,3700,25900,Retail Store
ORD-101840,2025-08-07,Switch,Networking,North,Chandigarh,3,18700,56100,Online
ORD-102536,2025-08-07,Webcam,Peripherals,East,Kolkata,11,1300,14300,Retail Store
ORD-103485,2025-08-07,Headphones,Audio,North,Jaipur,9,4200,37800,Retail Store
ORD-103012,2025-08-08,Printer,Office,South,Hyderabad,4,20700,82800,Retail Store
ORD-103343,2025-08-08,Webcam,Peripherals,North,Chandigarh,4,5400,21600,Partner
ORD-102878,2025-08-08,Monitor,Peripherals,North,Chandigarh,5,18900,94500,Retail Store
ORD-101602,2025-08-08,Speaker,Audio,North,Jaipur,10,10900,109000,Retail Store
ORD-100416,2025-08-08,Tablet,Mobility,West,Mumbai,3,52400,157200,Online
ORD-100353,2025-08-08,Smartwatch,Mobility,North,Chandigarh,9,20200,181800,Partner
ORD-101888,2025-08-08,Smartwatch,Mobility,South,Kochi,5,3900,19500,Retail Store
ORD-100265,2025-08-08,Headphones,Audio,South,Hyderabad,2,2900,5800,Online
ORD-101012,2025-08-08,Printer,Office,North,Jaipur,5,23500,117500,Retail Store
ORD-101264,2025-08-08,Desktop PC,Computing,South,Bengaluru,12,60100,721200,Online
ORD-103847,2025-08-08,Smartphone,Mobility,South,Hyderabad,8,65400,523200,Retail Store
ORD-101100,2025-08-09,Smartwatch,Mobility,East,Bhubaneswar,8,26600,212800,Online
ORD-101051,2025-08-09,Smartphone,Mobility,North,Chandigarh,4,72500,290000,Partner
ORD-102590,2025-08-09,Desktop PC,Computing,West,Pune,9,45100,405900,Online
ORD-102825,2025-08-09,Tablet,Mobility,West,Surat,7,32200,225400,Retail Store
ORD-101224,2025-08-09,Mouse,Peripherals,West,Pune,4,2700,10800,Partner
ORD-101915,2025-08-09,Monitor,Peripherals,North,Lucknow,4,22300,89200,Partner
ORD-103521,2025-08-09,Printer,Office,North,Chandigarh,11,22300,245300,Online
ORD-102053,2025-08-09,Webcam,Peripherals,North,Lucknow,6,2400,14400,Partner
ORD-104000,2025-08-09,Monitor,Peripherals,South,Hyderabad,2,20600,41200,Partner
ORD-100528,2025-08-09,Monitor,Peripherals,North,Jaipur,12,9700,116400,Partner
ORD-102518,2025-08-09,Keyboard,Peripherals,South,Kochi,2,2400,4800,Partner
ORD-103024,2025-08-09,Tablet,Mobility,North,Delhi,3,33700,101100,Retail Store
ORD-103851,2025-08-10,Speaker,Audio,South,Kochi,8,16000,128000,Retail Store
ORD-102877,2025-08-10,Headphones,Audio,West,Mumbai,7,3600,25200,Retail Store
ORD-103854,2025-08-10,Headphones,Audio,West,Mumbai,5,13300,66500,Online
ORD-102850,2025-08-10,Smartwatch,Mobility,North,Lucknow,7,9700,67900,Retail Store
ORD-103627,2025-08-10,Headphones,Audio,North,Chandigarh,3,10900,32700,Online
ORD-100617,2025-08-10,Smartphone,Mobility,West,Ahmedabad,9,81700,735300,Retail Store
ORD-101058,2025-08-10,Laptop,Computing,South,Bengaluru,2,60300,120600,Partner
ORD-102610,2025-08-10,Scanner,Office,North,Delhi,9,18600,167400,Online
ORD-103478,2025-08-10,Router,Networking,East,Guwahati,2,9800,19600,Partner
ORD-101781,2025-08-10,Monitor,Peripherals,North,Lucknow,7,13100,91700,Partner
ORD-101016,2025-08-11,Keyboard,Peripherals,West,Mumbai,2,1500,3000,Online
ORD-102403,2025-08-11,Switch,Networking,East,Guwahati,7,21200,148400,Online
ORD-101385,2025-08-11,Speaker,Audio,North,Chandigarh,6,10500,63000,Retail Store
ORD-102866,2025-08-11,Smartphone,Mobility,West,Mumbai,12,46600,559200,Online
ORD-100158,2025-08-11,Desktop PC,Computing,South,Chennai,8,48300,386400,Retail Store
ORD-101987,2025-08-11,Laptop,Computing,West,Pune,11,60700,667700,Online
ORD-103562,2025-08-11,Printer,Office,West,Mumbai,12,16900,202800,Online
ORD-101849,2025-08-11,Smartphone,Mobility,South,Bengaluru,8,65800,526400,Partner
ORD-101947,2025-08-11,Monitor,Peripherals,North,Delhi,9,11100,99900,Partner
ORD-104145,2025-08-12,Headphones,Audio,East,Kolkata,3,5300,15900,Online
ORD-101378,2025-08-12,Desktop PC,Computing,West,Mumbai,11,43200,475200,Retail Store
ORD-101520,2025-08-12,Smartphone,Mobility,South,Bengaluru,12,20900,250800,Online
ORD-101801,2025-08-12,Smartwatch,Mobility,South,Bengaluru,9,13800,124200,Partner
ORD-101188,2025-08-12,Smartphone,Mobility,North,Chandigarh,8,89300,714400,Retail Store
ORD-102391,2025-08-12,Monitor,Peripherals,West,Ahmedabad,6,23400,140400,Online
ORD-103975,2025-08-12,Keyboard,Peripherals,South,Kochi,9,2100,18900,Retail Store
ORD-101931,2025-08-12,Headphones,Audio,South,Bengaluru,6,2400,14400,Online
ORD-101736,2025-08-12,Headphones,Audio,South,Kochi,2,15600,31200,Partner
ORD-102973,2025-08-12,Tablet,Mobility,North,Jaipur,10,44500,445000,Online
ORD-103385,2025-08-12,Desktop PC,Computing,South,Bengaluru,10,57000,570000,Online
ORD-102006,2025-08-13,Laptop,Computing,East,Patna,8,56600,452800,Online
ORD-102779,2025-08-13,Mouse,Peripherals,North,Delhi,2,700,1400,Partner
ORD-100126,2025-08-13,Keyboard,Peripherals,East,Patna,11,3600,39600,Partner
ORD-102961,2025-08-13,Speaker,Audio,West,Pune,6,10300,61800,Retail Store
ORD-102534,2025-08-13,Monitor,Peripherals,North,Lucknow,11,12900,141900,Partner
ORD-101422,2025-08-13,Webcam,Peripherals,South,Chennai,6,6500,39000,Online
ORD-103128,2025-08-13,Laptop,Computing,South,Chennai,11,54700,601700,Retail Store
ORD-101033,2025-08-13,Speaker,Audio,South,Chennai,12,15100,181200,Online
ORD-101909,2025-08-14,Laptop,Computing,West,Mumbai,5,74300,371500,Online
ORD-103254,2025-08-14,Headphones,Audio,East,Bhubaneswar,12,10800,129600,Online
ORD-102218,2025-08-14,Desktop PC,Computing,West,Ahmedabad,1,55200,55200,Partner
ORD-101390,2025-08-14,Printer,Office,South,Hyderabad,11,25300,278300,Online
ORD-101783,2025-08-14,Speaker,Audio,North,Jaipur,1,4200,4200,Partner
ORD-100028,2025-08-14,Headphones,Audio,South,Chennai,10,15000,150000,Online
ORD-101313,2025-08-14,Smartphone,Mobility,North,Chandigarh,10,77600,776000,Partner
ORD-101720,2025-08-14,Speaker,Audio,South,Bengaluru,11,3900,42900,Partner
ORD-103122,2025-08-14,Speaker,Audio,South,Hyderabad,5,6300,31500,Online
ORD-102539,2025-08-14,Headphones,Audio,North,Chandigarh,8,7900,63200,Online
ORD-102904,2025-08-14,Switch,Networking,East,Patna,1,9800,9800,Online
ORD-102648,2025-08-14,Laptop,Computing,South,Kochi,6,71500,429000,Retail Store
ORD-100279,2025-08-14,Speaker,Audio,South,Kochi,8,2100,16800,Partner
ORD-100146,2025-08-14,Webcam,Peripherals,South,Chennai,7,6500,45500,Retail Store
ORD-102271,2025-08-14,Mouse,Peripherals,North,Chandigarh,9,2300,20700,Partner
ORD-102058,2025-08-14,Router,Networking,South,Hyderabad,8,10300,82400,Online
ORD-100188,2025-08-14,Smartphone,Mobility,South,Kochi,8,63200,505600,Retail Store
ORD-100015,2025-08-14,Laptop,Computing,East,Patna,1,61800,61800,Retail Store
ORD-104065,2025-08-15,Monitor,Peripherals,East,Patna,8,23000,184000,Retail Store
ORD-101576,2025-08-15,Tablet,Mobility,North,Lucknow,1,26300,26300,Partner
ORD-102713,2025-08-15,Webcam,Peripherals,South,Kochi,1,4500,4500,Partner
ORD-101759,2025-08-15,Smartphone,Mobility,South,Hyderabad,10,92800,928000,Retail Store
ORD-102426,2025-08-15,Smartwatch,Mobility,East,Guwahati,1,26600,26600,Online
ORD-101146,2025-08-15,Monitor,Peripherals,North,Jaipur,1,20300,20300,Retail Store
ORD-100449,2025-08-15,Monitor,Peripherals,North,Jaipur,9,16600,149400,Retail Store
ORD-100494,2025-08-15,Monitor,Peripherals,West,Ahmedabad,11,11800,129800,Retail Store
ORD-101357,2025-08-15,Tablet,Mobility,East,Guwahati,3,42000,126000,Online
ORD-101728,2025-08-15,Smartphone,Mobility,North,Chandigarh,3,46400,139200,Online
ORD-102578,2025-08-15,Switch,Networking,West,Mumbai,6,18500,111000,Online
ORD-101845,2025-08-15,Printer,Office,West,Mumbai,9,16600,149400,Partner
ORD-100703,2025-08-15,Tablet,Mobility,West,Ahmedabad,3,27900,83700,Online
ORD-100397,2025-08-15,Smartwatch,Mobility,North,Delhi,3,21900,65700,Partner
ORD-103505,2025-08-15,Monitor,Peripherals,West,Surat,5,9700,48500,Retail Store
ORD-102096,2025-08-16,Keyboard,Peripherals,East,Patna,2,3200,6400,Partner
ORD-100405,2025-08-16,Scanner,Office,West,Pune,11,12700,139700,Retail Store
ORD-101676,2025-08-16,Printer,Office,South,Kochi,10,11000,110000,Partner
ORD-101912,2025-08-16,Speaker,Audio,North,Delhi,8,6700,53600,Retail Store
ORD-103057,2025-08-16,Laptop,Computing,South,Hyderabad,2,66400,132800,Retail Store
ORD-103430,2025-08-16,Headphones,Audio,East,Bhubaneswar,3,6300,18900,Partner
ORD-101740,2025-08-16,Tablet,Mobility,East,Guwahati,8,47800,382400,Online
ORD-101760,2025-08-16,Headphones,Audio,East,Guwahati,8,1100,8800,Online
ORD-103282,2025-08-16,Printer,Office,South,Kochi,10,18200,182000,Partner
ORD-101695,2025-08-16,Smartphone,Mobility,South,Chennai,5,31100,155500,Partner
ORD-100578,2025-08-16,Webcam,Peripherals,South,Bengaluru,12,3900,46800,Partner
ORD-103435,2025-08-17,Smartwatch,Mobility,West,Mumbai,2,18400,36800,Online
ORD-100964,2025-08-17,Webcam,Peripherals,West,Surat,11,7500,82500,Partner
ORD-104080,2025-08-17,Router,Networking,North,Jaipur,3,4000,12000,Online
ORD-100688,2025-08-17,Desktop PC,Computing,South,Kochi,4,46100,184400,Partner
ORD-101332,2025-08-17,Webcam,Peripherals,West,Ahmedabad,7,2300,16100,Partner
ORD-101365,2025-08-17,Laptop,Computing,North,Lucknow,11,64300,707300,Partner
ORD-100275,2025-08-17,Laptop,Computing,North,Chandigarh,12,57400,688800,Retail Store
ORD-100200,2025-08-17,Mouse,Peripherals,West,Surat,6,1700,10200,Online
ORD-100496,2025-08-17,Keyboard,Peripherals,South,Chennai,7,1200,8400,Partner
ORD-100900,2025-08-17,Smartphone,Mobility,South,Bengaluru,9,51000,459000,Partner
ORD-101303,2025-08-17,Desktop PC,Computing,South,Bengaluru,3,55500,166500,Retail Store
ORD-102344,2025-08-17,Mouse,Peripherals,South,Kochi,4,400,1600,Retail Store
ORD-102222,2025-08-17,Smartwatch,Mobility,North,Lucknow,8,18100,144800,Retail Store
ORD-102542,2025-08-17,Printer,Office,South,Chennai,2,17200,34400,Partner
ORD-102599,2025-08-17,Keyboard,Peripherals,South,Hyderabad,2,1000,2000,Partner
ORD-100343,2025-08-18,Switch,Networking,North,Delhi,9,7500,67500,Online
ORD-100390,2025-08-18,Monitor,Peripherals,South,Chennai,9,18300,164700,Retail Store
ORD-102196,2025-08-18,Keyboard,Peripherals,North,Chandigarh,9,3400,30600,Partner
ORD-101518,2025-08-18,Monitor,Peripherals,North,Jaipur,5,21300,106500,Partner
ORD-103405,2025-08-18,Speaker,Audio,West,Pune,9,19200,172800,Retail Store
ORD-101876,2025-08-18,Mouse,Peripherals,North,Jaipur,1,700,700,Retail Store
ORD-102069,2025-08-18,Headphones,Audio,East,Kolkata,1,11500,11500,Online
ORD-102616,2025-08-18,Router,Networking,North,Chandigarh,1,8600,8600,Retail Store
ORD-101038,2025-08-18,Headphones,Audio,South,Hyderabad,5,12200,61000,Retail Store
ORD-101319,2025-08-18,Laptop,Computing,South,Hyderabad,6,55300,331800,Online
ORD-102897,2025-08-18,Mouse,Peripherals,East,Guwahati,4,1300,5200,Online
ORD-100982,2025-08-18,Printer,Office,South,Kochi,11,24700,271700,Retail Store
ORD-101966,2025-08-18,Laptop,Computing,West,Mumbai,10,53200,532000,Retail Store
ORD-100831,2025-08-18,Monitor,Peripherals,East,Patna,7,16400,114800,Retail Store
ORD-100253,2025-08-18,Headphones,Audio,West,Pune,4,15400,61600,Partner
ORD-102917,2025-08-18,Smartwatch,Mobility,North,Chandigarh,10,5700,57000,Partner
ORD-102890,2025-08-18,Printer,Office,South,Chennai,11,15800,173800,Retail Store
ORD-103498,2025-08-18,Smartphone,Mobility,South,Hyderabad,3,16000,48000,Partner
ORD-101564,2025-08-18,Keyboard,Peripherals,North,Lucknow,11,1900,20900,Online
ORD-101589,2025-08-19,Monitor,Peripherals,North,Lucknow,1,10700,10700,Partner
ORD-101877,2025-08-19,Laptop,Computing,West,Ahmedabad,7,73500,514500,Partner
ORD-101420,2025-08-19,Headphones,Audio,South,Chennai,8,8700,69600,Retail Store
ORD-100100,2025-08-19,Speaker,Audio,South,Chennai,6,4100,24600,Partner
ORD-100045,2025-08-19,Keyboard,Peripherals,West,Surat,12,3000,36000,Partner
ORD-101113,2025-08-19,Laptop,Computing,North,Lucknow,12,72100,865200,Partner
ORD-100170,2025-08-19,Monitor,Peripherals,North,Jaipur,5,12700,63500,Online
ORD-100003,2025-08-19,Speaker,Audio,West,Mumbai,4,20300,81200,Retail Store
ORD-100346,2025-08-19,Headphones,Audio,East,Kolkata,7,8400,58800,Partner
ORD-100842,2025-08-19,Desktop PC,Computing,West,Pune,11,50000,550000,Retail Store
ORD-100933,2025-08-19,Tablet,Mobility,South,Bengaluru,8,15900,127200,Retail Store
ORD-100344,2025-08-19,Laptop,Computing,West,Pune,10,52000,520000,Retail Store
ORD-100245,2025-08-19,Webcam,Peripherals,West,Ahmedabad,8,1900,15200,Online
ORD-103052,2025-08-20,Mouse,Peripherals,South,Hyderabad,8,2600,20800,Retail Store
ORD-102908,2025-08-20,Speaker,Audio,North,Chandigarh,4,17400,69600,Online
ORD-103534,2025-08-20,Router,Networking,East,Patna,1,2400,2400,Partner
ORD-101208,2025-08-20,Smartwatch,Mobility,South,Chennai,11,12800,140800,Retail Store
ORD-100052,2025-08-20,Smartphone,Mobility,West,Mumbai,5,21100,105500,Partner
ORD-103150,2025-08-20,Smartphone,Mobility,West,Mumbai,12,39700,476400,Online
ORD-101901,2025-08-20,Laptop,Computing,West,Ahmedabad,6,69300,415800,Online
ORD-101584,2025-08-20,Printer,Office,East,Patna,3,27700,83100,Retail Store
ORD-100606,2025-08-20,Tablet,Mobility,West,Surat,6,44300,265800,Online
ORD-102893,2025-08-20,Router,Networking,West,Mumbai,6,2400,14400,Retail Store
ORD-103407,2025-08-20,Monitor,Peripherals,West,Ahmedabad,6,14000,84000,Partner
ORD-102465,2025-08-21,Headphones,Audio,South,Chennai,3,2100,6300,Retail Store
ORD-101419,2025-08-21,Speaker,Audio,South,Hyderabad,5,15200,76000,Online
ORD-103415,2025-08-21,Scanner,Office,North,Lucknow,7,17100,119700,Online
ORD-101078,2025-08-21,Laptop,Computing,West,Ahmedabad,9,68500,616500,Partner
ORD-103401,2025-08-21,Router,Networking,South,Hyderabad,10,11200,112000,Partner
ORD-100404,2025-08-21,Monitor,Peripherals,East,Bhubaneswar,2,10200,20400,Partner
ORD-102996,2025-08-21,Keyboard,Peripherals,East,Kolkata,5,1600,8000,Online
ORD-102340,2025-08-21,Speaker,Audio,East,Bhubaneswar,1,4000,4000,Online
ORD-100638,2025-08-21,Mouse,Peripherals,South,Kochi,3,600,1800,Partner
ORD-101859,2025-08-21,Tablet,Mobility,South,Hyderabad,3,21700,65100,Partner
ORD-102640,2025-08-21,Laptop,Computing,South,Hyderabad,12,57000,684000,Partner
ORD-102738,2025-08-21,Headphones,Audio,South,Chennai,4,8400,33600,Retail Store
ORD-103197,2025-08-21,Mouse,Peripherals,West,Surat,10,1800,18000,Retail Store
ORD-104010,2025-08-21,Switch,Networking,East,Patna,7,7400,51800,Partner
ORD-103718,2025-08-21,Printer,Office,West,Ahmedabad,6,13900,83400,Retail Store
ORD-100845,2025-08-21,Tablet,Mobility,South,Bengaluru,12,19000,228000,Retail Store
ORD-103069,2025-08-21,Monitor,Peripherals,North,Jaipur,11,21500,236500,Online
ORD-100083,2025-08-22,Smartphone,Mobility,North,Lucknow,4,92100,368400,Retail Store
ORD-101486,2025-08-22,Headphones,Audio,West,Surat,11,13700,150700,Retail Store
ORD-100172,2025-08-22,Desktop PC,Computing,North,Delhi,5,48000,240000,Partner
ORD-102032,2025-08-22,Router,Networking,East,Guwahati,3,3000,9000,Online
ORD-101089,2025-08-22,Keyboard,Peripherals,South,Bengaluru,3,1700,5100,Partner
ORD-103758,2025-08-22,Router,Networking,South,Hyderabad,8,11000,88000,Partner
ORD-101161,2025-08-22,Mouse,Peripherals,South,Hyderabad,10,1700,17000,Online
ORD-103737,2025-08-23,Smartphone,Mobility,South,Bengaluru,12,93500,1122000,Retail Store
ORD-100237,2025-08-23,Smartphone,Mobility,West,Mumbai,12,29200,350400,Retail Store
ORD-102260,2025-08-23,Router,Networking,North,Delhi,1,10600,10600,Partner
ORD-102229,2025-08-23,Speaker,Audio,North,Lucknow,1,14600,14600,Online
ORD-101247,2025-08-23,Headphones,Audio,South,Kochi,10,13300,133000,Retail Store
ORD-100875,2025-08-23,Tablet,Mobility,East,Kolkata,1,35900,35900,Retail Store
ORD-100367,2025-08-23,Keyboard,Peripherals,North,Chandigarh,11,1300,14300,Online
ORD-103576,2025-08-23,Headphones,Audio,North,Delhi,4,17700,70800,Online
ORD-103860,2025-08-23,Keyboard,Peripherals,West,Pune,6,2800,16800,Online
ORD-103208,2025-08-23,Monitor,Peripherals,South,Kochi,7,16800,117600,Partner
ORD-100628,2025-08-23,Keyboard,Peripherals,East,Bhubaneswar,7,2100,14700,Online
ORD-100077,2025-08-23,Speaker,Audio,North,Jaipur,5,8700,43500,Partner
ORD-103587,2025-08-23,Keyboard,Peripherals,North,Delhi,10,3200,32000,Partner
ORD-100227,2025-08-23,Speaker,Audio,East,Kolkata,2,15000,30000,Online
ORD-103358,2025-08-24,Monitor,Peripherals,East,Bhubaneswar,1,15500,15500,Retail Store
ORD-101561,2025-08-24,Desktop PC,Computing,North,Delhi,1,47400,47400,Partner
ORD-100408,2025-08-24,Speaker,Audio,South,Chennai,6,15100,90600,Online
ORD-100332,2025-08-24,Headphones,Audio,South,Bengaluru,12,7800,93600,Retail Store
ORD-100341,2025-08-24,Laptop,Computing,North,Jaipur,6,59000,354000,Partner
ORD-101020,2025-08-24,Mouse,Peripherals,North,Jaipur,11,2100,23100,Partner
ORD-101675,2025-08-24,Smartphone,Mobility,North,Lucknow,6,30100,180600,Retail Store
ORD-102967,2025-08-24,Keyboard,Peripherals,East,Bhubaneswar,12,1800,21600,Partner
ORD-101698,2025-08-24,Keyboard,Peripherals,North,Lucknow,7,1300,9100,Retail Store
ORD-102289,2025-08-24,Smartwatch,Mobility,East,Guwahati,2,4700,9400,Online
ORD-104167,2025-08-24,Laptop,Computing,South,Kochi,9,71900,647100,Online
ORD-103556,2025-08-24,Smartphone,Mobility,South,Hyderabad,8,69800,558400,Online
ORD-103323,2025-08-24,Scanner,Office,South,Chennai,4,16300,65200,Retail Store
ORD-102164,2025-08-24,Smartphone,Mobility,North,Chandigarh,10,14500,145000,Partner
ORD-103743,2025-08-24,Headphones,Audio,South,Hyderabad,10,8800,88000,Online
ORD-103564,2025-08-25,Smartwatch,Mobility,West,Pune,10,14600,146000,Retail Store
ORD-103151,2025-08-25,Scanner,Office,West,Surat,3,10200,30600,Retail Store
ORD-100949,2025-08-25,Mouse,Peripherals,North,Delhi,5,1200,6000,Online
ORD-103823,2025-08-25,Webcam,Peripherals,South,Chennai,1,6100,6100,Retail Store
ORD-102801,2025-08-25,Smartphone,Mobility,West,Ahmedabad,11,57700,634700,Retail Store
ORD-103841,2025-08-25,Tablet,Mobility,West,Pune,12,32200,386400,Online
ORD-101009,2025-08-25,Tablet,Mobility,North,Delhi,3,32400,97200,Retail Store
ORD-100699,2025-08-25,Desktop PC,Computing,West,Pune,6,40000,240000,Online
ORD-103899,2025-08-26,Smartwatch,Mobility,West,Mumbai,11,4200,46200,Online
ORD-100937,2025-08-26,Tablet,Mobility,South,Kochi,9,13400,120600,Online
ORD-100696,2025-08-26,Tablet,Mobility,East,Kolkata,5,37900,189500,Retail Store
ORD-103390,2025-08-26,Webcam,Peripherals,East,Bhubaneswar,1,5800,5800,Partner
ORD-100884,2025-08-26,Printer,Office,North,Lucknow,8,15800,126400,Retail Store
ORD-101765,2025-08-26,Router,Networking,East,Patna,7,10500,73500,Online
ORD-100711,2025-08-26,Switch,Networking,North,Chandigarh,7,6700,46900,Partner
ORD-100156,2025-08-26,Printer,Office,East,Bhubaneswar,9,21600,194400,Retail Store
ORD-100800,2025-08-26,Laptop,Computing,North,Lucknow,9,73500,661500,Partner
ORD-102293,2025-08-26,Router,Networking,East,Guwahati,9,8200,73800,Partner
ORD-100956,2025-08-26,Speaker,Audio,East,Bhubaneswar,3,21900,65700,Online
ORD-100220,2025-08-26,Desktop PC,Computing,North,Chandigarh,1,39200,39200,Online
ORD-103162,2025-08-27,Smartphone,Mobility,East,Kolkata,8,54300,434400,Partner
ORD-101958,2025-08-27,Monitor,Peripherals,North,Lucknow,11,23700,260700,Retail Store
ORD-100967,2025-08-27,Keyboard,Peripherals,South,Kochi,5,2500,12500,Online
ORD-103977,2025-08-27,Desktop PC,Computing,South,Chennai,1,58800,58800,Retail Store
ORD-103182,2025-08-27,Smartphone,Mobility,East,Guwahati,8,74400,595200,Retail Store
ORD-103359,2025-08-27,Headphones,Audio,South,Chennai,5,5300,26500,Partner
ORD-101482,2025-08-27,Smartwatch,Mobility,West,Mumbai,3,15700,47100,Online
ORD-104075,2025-08-27,Printer,Office,South,Chennai,12,18100,217200,Retail Store
ORD-101632,2025-08-28,Laptop,Computing,West,Mumbai,9,71800,646200,Online
ORD-102896,2025-08-28,Smartphone,Mobility,West,Surat,8,67800,542400,Partner
ORD-100366,2025-08-28,Speaker,Audio,North,Jaipur,2,4300,8600,Retail Store
ORD-100018,2025-08-28,Desktop PC,Computing,East,Patna,1,48900,48900,Online
ORD-101578,2025-08-28,Tablet,Mobility,North,Delhi,1,43500,43500,Partner
ORD-103623,2025-08-28,Speaker,Audio,South,Bengaluru,10,4600,46000,Partner
ORD-100870,2025-08-28,Mouse,Peripherals,West,Pune,6,1600,9600,Online
ORD-101187,2025-08-28,Keyboard,Peripherals,North,Delhi,9,4100,36900,Retail Store
ORD-103959,2025-08-28,Smartwatch,Mobility,South,Chennai,9,3600,32400,Retail Store
ORD-100576,2025-08-28,Switch,Networking,South,Hyderabad,7,8800,61600,Partner
ORD-103464,2025-08-28,Keyboard,Peripherals,North,Lucknow,11,1500,16500,Partner
ORD-101273,2025-08-28,Smartphone,Mobility,East,Kolkata,12,63900,766800,Online
ORD-103947,2025-08-28,Switch,Networking,East,Kolkata,4,23400,93600,Partner
ORD-103752,2025-08-28,Switch,Networking,East,Bhubaneswar,10,9200,92000,Online
ORD-102063,2025-08-28,Mouse,Peripherals,West,Mumbai,12,2300,27600,Partner
ORD-100675,2025-08-29,Smartphone,Mobility,West,Surat,6,15900,95400,Online
ORD-102440,2025-08-29,Tablet,Mobility,West,Ahmedabad,12,31000,372000,Partner
ORD-101116,2025-08-29,Keyboard,Peripherals,North,Jaipur,9,1200,10800,Online
ORD-103371,2025-08-29,Tablet,Mobility,South,Hyderabad,6,26400,158400,Retail Store
ORD-101788,2025-08-29,Printer,Office,East,Kolkata,4,16500,66000,Retail Store
ORD-102060,2025-08-29,Keyboard,Peripherals,South,Hyderabad,10,2500,25000,Retail Store
ORD-100621,2025-08-29,Keyboard,Peripherals,South,Chennai,7,2900,20300,Partner
ORD-101832,2025-08-30,Switch,Networking,West,Ahmedabad,3,7400,22200,Partner
ORD-102035,2025-08-30,Headphones,Audio,South,Kochi,9,3100,27900,Retail Store
ORD-103281,2025-08-30,Keyboard,Peripherals,East,Bhubaneswar,8,2000,16000,Retail Store
ORD-101155,2025-08-30,Monitor,Peripherals,North,Delhi,6,19900,119400,Online
ORD-103994,2025-08-30,Mouse,Peripherals,West,Ahmedabad,2,2800,5600,Online
ORD-100737,2025-08-30,Webcam,Peripherals,North,Chandigarh,6,3700,22200,Retail Store
ORD-102994,2025-08-30,Smartphone,Mobility,South,Hyderabad,4,56500,226000,Retail Store
ORD-102002,2025-08-30,Scanner,Office,South,Bengaluru,8,17800,142400,Retail Store
ORD-101256,2025-08-30,Keyboard,Peripherals,South,Bengaluru,4,1400,5600,Partner
ORD-103392,2025-08-30,Printer,Office,South,Chennai,5,16900,84500,Retail Store
ORD-100223,2025-08-30,Laptop,Computing,South,Hyderabad,7,70700,494900,Partner
ORD-100833,2025-08-30,Scanner,Office,West,Surat,6,18500,111000,Partner
ORD-103690,2025-08-30,Desktop PC,Computing,East,Guwahati,4,50500,202000,Partner
ORD-100106,2025-08-30,Keyboard,Peripherals,North,Lucknow,10,2600,26000,Retail Store
ORD-104186,2025-08-30,Mouse,Peripherals,North,Chandigarh,7,600,4200,Online
ORD-100520,2025-08-30,Mouse,Peripherals,East,Patna,1,1500,1500,Online
ORD-102920,2025-08-30,Printer,Office,North,Lucknow,12,28600,343200,Partner
ORD-100340,2025-08-31,Scanner,Office,South,Chennai,6,14700,88200,Partner
ORD-101643,2025-08-31,Smartphone,Mobility,North,Chandigarh,4,68000,272000,Online
ORD-100529,2025-08-31,Laptop,Computing,East,Patna,9,64800,583200,Partner
ORD-103834,2025-08-31,Smartphone,Mobility,South,Kochi,9,87200,784800,Online
ORD-102328,2025-08-31,Headphones,Audio,East,Bhubaneswar,11,17900,196900,Retail Store
ORD-103612,2025-08-31,Printer,Office,South,Chennai,4,19800,79200,Retail Store
ORD-102116,2025-08-31,Keyboard,Peripherals,North,Lucknow,6,3000,18000,Online
ORD-104082,2025-08-31,Smartphone,Mobility,North,Jaipur,5,32900,164500,Partner
ORD-101601,2025-08-31,Mouse,Peripherals,West,Ahmedabad,2,800,1600,Partner
ORD-103639,2025-08-31,Monitor,Peripherals,North,Jaipur,11,21400,235400,Online
ORD-101592,2025-08-31,Headphones,Audio,South,Kochi,12,11800,141600,Online
ORD-101743,2025-08-31,Webcam,Peripherals,South,Bengaluru,5,4600,23000,Partner
ORD-100546,2025-09-01,Keyboard,Peripherals,West,Mumbai,10,2000,20000,Retail Store
ORD-103775,2025-09-01,Mouse,Peripherals,South,Chennai,6,1600,9600,Partner
ORD-102378,2025-09-01,Mouse,Peripherals,North,Lucknow,8,2700,21600,Partner
ORD-104017,2025-09-01,Desktop PC,Computing,West,Mumbai,5,38800,194000,Partner
ORD-102839,2025-09-01,Headphones,Audio,West,Mumbai,1,6500,6500,Online
ORD-103079,2025-09-01,Speaker,Audio,South,Chennai,4,2500,10000,Retail Store
ORD-102312,2025-09-01,Mouse,Peripherals,North,Lucknow,4,2900,11600,Partner
ORD-102089,2025-09-01,Smartwatch,Mobility,North,Lucknow,10,5800,58000,Retail Store
ORD-102690,2025-09-01,Mouse,Peripherals,West,Surat,8,1100,8800,Online
ORD-103399,2025-09-01,Monitor,Peripherals,East,Patna,8,15600,124800,Retail Store
ORD-100864,2025-09-02,Keyboard,Peripherals,East,Bhubaneswar,10,2500,25000,Partner
ORD-102758,2025-09-02,Smartwatch,Mobility,West,Surat,1,8100,8100,Retail Store
ORD-100430,2025-09-02,Keyboard,Peripherals,West,Pune,12,3300,39600,Retail Store
ORD-102062,2025-09-02,Monitor,Peripherals,South,Hyderabad,1,17900,17900,Online
ORD-102466,2025-09-02,Smartphone,Mobility,North,Jaipur,11,58100,639100,Online
ORD-102373,2025-09-02,Printer,Office,West,Surat,7,24300,170100,Online
ORD-100923,2025-09-02,Tablet,Mobility,North,Delhi,6,39400,236400,Retail Store
ORD-101822,2025-09-02,Keyboard,Peripherals,South,Chennai,1,3200,3200,Partner
ORD-100481,2025-09-02,Keyboard,Peripherals,East,Kolkata,11,2700,29700,Online
ORD-102205,2025-09-02,Laptop,Computing,West,Mumbai,2,56200,112400,Online
ORD-100912,2025-09-03,Laptop,Computing,East,Guwahati,12,59900,718800,Partner
ORD-102450,2025-09-03,Router,Networking,North,Chandigarh,4,6300,25200,Retail Store
ORD-102278,2025-09-03,Smartphone,Mobility,East,Guwahati,9,27000,243000,Partner
ORD-102101,2025-09-03,Headphones,Audio,North,Lucknow,9,16300,146700,Partner
ORD-102416,2025-09-03,Printer,Office,South,Chennai,11,28300,311300,Online
ORD-103696,2025-09-03,Scanner,Office,West,Pune,9,10800,97200,Online
ORD-103395,2025-09-03,Smartphone,Mobility,North,Lucknow,3,53300,159900,Retail Store
ORD-103337,2025-09-03,Headphones,Audio,East,Kolkata,7,1600,11200,Online
ORD-104110,2025-09-04,Scanner,Office,North,Delhi,5,14000,70000,Online
ORD-102504,2025-09-04,Speaker,Audio,North,Chandigarh,7,15000,105000,Retail Store
ORD-103042,2025-09-04,Mouse,Peripherals,North,Lucknow,8,2400,19200,Partner
ORD-101250,2025-09-04,Headphones,Audio,East,Bhubaneswar,8,14100,112800,Online
ORD-102005,2025-09-04,Keyboard,Peripherals,South,Hyderabad,11,3800,41800,Retail Store
ORD-103532,2025-09-04,Monitor,Peripherals,East,Guwahati,5,20000,100000,Online
ORD-103638,2025-09-04,Smartwatch,Mobility,North,Chandigarh,10,9000,90000,Online
ORD-101807,2025-09-04,Switch,Networking,North,Jaipur,8,28200,225600,Online
ORD-103033,2025-09-04,Keyboard,Peripherals,West,Ahmedabad,2,3300,6600,Partner
ORD-102617,2025-09-04,Webcam,Peripherals,East,Guwahati,4,6900,27600,Partner
ORD-102991,2025-09-04,Keyboard,Peripherals,North,Jaipur,5,1100,5500,Online
ORD-102533,2025-09-04,Desktop PC,Computing,North,Chandigarh,5,43400,217000,Partner
ORD-103878,2025-09-04,Smartphone,Mobility,West,Ahmedabad,8,18300,146400,Partner
ORD-101746,2025-09-04,Smartphone,Mobility,North,Lucknow,6,67900,407400,Online
ORD-104118,2025-09-04,Desktop PC,Computing,East,Guwahati,7,43400,303800,Partner
ORD-103668,2025-09-05,Monitor,Peripherals,South,Kochi,2,12600,25200,Retail Store
ORD-102841,2025-09-05,Keyboard,Peripherals,West,Mumbai,2,3200,6400,Online
ORD-101745,2025-09-05,Webcam,Peripherals,East,Patna,2,3100,6200,Online
ORD-103041,2025-09-05,Router,Networking,North,Lucknow,4,3000,12000,Retail Store
ORD-100194,2025-09-05,Smartphone,Mobility,West,Mumbai,10,86600,866000,Retail Store
ORD-102364,2025-09-05,Laptop,Computing,East,Patna,2,58300,116600,Retail Store
ORD-102070,2025-09-05,Smartphone,Mobility,East,Guwahati,1,48100,48100,Partner
ORD-101109,2025-09-05,Router,Networking,South,Chennai,6,11500,69000,Retail Store
ORD-103073,2025-09-05,Smartphone,Mobility,North,Delhi,11,59800,657800,Partner
ORD-103968,2025-09-06,Mouse,Peripherals,South,Bengaluru,10,1800,18000,Online
ORD-102310,2025-09-06,Smartphone,Mobility,North,Lucknow,10,87500,875000,Partner
ORD-102606,2025-09-06,Smartwatch,Mobility,East,Kolkata,4,24700,98800,Retail Store
ORD-101863,2025-09-06,Printer,Office,West,Ahmedabad,3,18700,56100,Online
ORD-103783,2025-09-06,Monitor,Peripherals,North,Lucknow,6,11700,70200,Partner
ORD-101982,2025-09-06,Router,Networking,North,Jaipur,9,7800,70200,Retail Store
ORD-101151,2025-09-06,Printer,Office,South,Chennai,8,15400,123200,Retail Store
ORD-100118,2025-09-06,Mouse,Peripherals,East,Bhubaneswar,6,2100,12600,Retail Store
ORD-103520,2025-09-06,Speaker,Audio,East,Patna,9,20800,187200,Partner
ORD-102489,2025-09-06,Monitor,Peripherals,East,Kolkata,1,10200,10200,Online
ORD-103164,2025-09-06,Smartphone,Mobility,South,Chennai,3,39800,119400,Partner
ORD-101164,2025-09-06,Smartphone,Mobility,North,Lucknow,1,19600,19600,Online
ORD-100384,2025-09-06,Keyboard,Peripherals,East,Guwahati,7,3400,23800,Partner
ORD-100493,2025-09-06,Smartphone,Mobility,South,Kochi,12,47400,568800,Retail Store
ORD-100304,2025-09-06,Mouse,Peripherals,North,Delhi,8,1200,9600,Online
ORD-102547,2025-09-07,Smartphone,Mobility,West,Mumbai,8,35600,284800,Partner
ORD-102304,2025-09-07,Tablet,Mobility,South,Hyderabad,6,22000,132000,Online
ORD-100258,2025-09-07,Desktop PC,Computing,South,Chennai,3,56100,168300,Partner
ORD-103058,2025-09-07,Printer,Office,West,Ahmedabad,2,17400,34800,Retail Store
ORD-101813,2025-09-07,Smartphone,Mobility,North,Lucknow,6,28700,172200,Retail Store
ORD-101343,2025-09-07,Printer,Office,North,Delhi,4,15100,60400,Partner
ORD-103011,2025-09-07,Scanner,Office,South,Bengaluru,10,15000,150000,Online
ORD-100212,2025-09-07,Keyboard,Peripherals,East,Patna,10,3600,36000,Online
ORD-103468,2025-09-07,Smartwatch,Mobility,East,Guwahati,9,11700,105300,Online
ORD-102431,2025-09-07,Router,Networking,South,Hyderabad,2,3000,6000,Retail Store
ORD-100691,2025-09-07,Desktop PC,Computing,West,Ahmedabad,3,44100,132300,Online
ORD-101471,2025-09-07,Keyboard,Peripherals,North,Lucknow,11,2700,29700,Partner
ORD-103934,2025-09-07,Smartwatch,Mobility,West,Ahmedabad,8,19200,153600,Partner
ORD-102415,2025-09-07,Tablet,Mobility,South,Hyderabad,8,35100,280800,Partner
ORD-101077,2025-09-08,Router,Networking,West,Ahmedabad,12,10700,128400,Partner
ORD-103861,2025-09-08,Speaker,Audio,East,Guwahati,8,7200,57600,Online
ORD-101196,2025-09-08,Monitor,Peripherals,South,Hyderabad,10,10000,100000,Partner
ORD-100363,2025-09-08,Switch,Networking,South,Chennai,1,19100,19100,Partner
ORD-103609,2025-09-08,Printer,Office,South,Chennai,8,18200,145600,Retail Store
ORD-101906,2025-09-08,Laptop,Computing,East,Guwahati,2,57900,115800,Retail Store
ORD-103839,2025-09-08,Printer,Office,South,Chennai,3,14500,43500,Online
ORD-104073,2025-09-08,Monitor,Peripherals,East,Bhubaneswar,2,14700,29400,Partner
ORD-100072,2025-09-09,Smartphone,Mobility,North,Jaipur,5,27500,137500,Online
ORD-103308,2025-09-09,Keyboard,Peripherals,South,Chennai,11,3800,41800,Online
ORD-103394,2025-09-09,Speaker,Audio,East,Kolkata,5,13000,65000,Online
ORD-102113,2025-09-09,Mouse,Peripherals,South,Kochi,2,1100,2200,Partner
ORD-102447,2025-09-09,Monitor,Peripherals,South,Kochi,3,13000,39000,Partner
ORD-100035,2025-09-09,Smartphone,Mobility,South,Chennai,9,95400,858600,Retail Store
ORD-103986,2025-09-09,Monitor,Peripherals,East,Kolkata,2,22900,45800,Online
ORD-102822,2025-09-09,Monitor,Peripherals,North,Jaipur,2,9100,18200,Online
ORD-102175,2025-09-09,Smartphone,Mobility,South,Bengaluru,11,55200,607200,Online
ORD-101890,2025-09-09,Webcam,Peripherals,West,Ahmedabad,7,2200,15400,Partner
ORD-103422,2025-09-09,Headphones,Audio,East,Patna,2,6100,12200,Online
ORD-100130,2025-09-09,Webcam,Peripherals,East,Patna,10,6300,63000,Retail Store
ORD-101444,2025-09-09,Mouse,Peripherals,West,Surat,11,1900,20900,Online
ORD-102068,2025-09-09,Printer,Office,North,Lucknow,8,22100,176800,Retail Store
ORD-102348,2025-09-09,Webcam,Peripherals,South,Kochi,4,3100,12400,Partner
ORD-101522,2025-09-09,Smartwatch,Mobility,South,Chennai,8,18300,146400,Partner
ORD-101637,2025-09-09,Mouse,Peripherals,North,Jaipur,2,1400,2800,Online
ORD-102268,2025-09-10,Smartwatch,Mobility,West,Pune,7,21400,149800,Online
ORD-102832,2025-09-10,Tablet,Mobility,South,Bengaluru,2,29300,58600,Partner
ORD-104149,2025-09-10,Mouse,Peripherals,West,Pune,9,1300,11700,Retail Store
ORD-101802,2025-09-10,Smartphone,Mobility,North,Jaipur,6,74300,445800,Retail Store
ORD-100545,2025-09-10,Headphones,Audio,South,Hyderabad,8,5000,40000,Partner
ORD-100840,2025-09-10,Mouse,Peripherals,North,Delhi,2,1800,3600,Online
ORD-100694,2025-09-10,Laptop,Computing,South,Kochi,7,73200,512400,Retail Store
ORD-102726,2025-09-10,Router,Networking,South,Bengaluru,6,7700,46200,Partner
ORD-101896,2025-09-10,Mouse,Peripherals,North,Lucknow,5,400,2000,Retail Store
ORD-101246,2025-09-10,Printer,Office,West,Ahmedabad,12,13600,163200,Partner
ORD-103778,2025-09-10,Switch,Networking,North,Delhi,1,22200,22200,Online
ORD-100889,2025-09-10,Switch,Networking,North,Delhi,2,10700,21400,Partner
ORD-102162,2025-09-10,Tablet,Mobility,West,Ahmedabad,3,22900,68700,Partner
ORD-100122,2025-09-10,Printer,Office,North,Chandigarh,2,20300,40600,Partner
ORD-100538,2025-09-10,Mouse,Peripherals,South,Bengaluru,2,1200,2400,Online
ORD-100112,2025-09-11,Webcam,Peripherals,North,Lucknow,2,7200,14400,Retail Store
ORD-100659,2025-09-11,Smartphone,Mobility,North,Delhi,12,86500,1038000,Online
ORD-103303,2025-09-11,Headphones,Audio,North,Delhi,10,9100,91000,Partner
ORD-103649,2025-09-11,Laptop,Computing,North,Lucknow,4,53400,213600,Online
ORD-100300,2025-09-11,Router,Networking,South,Kochi,4,2500,10000,Partner
ORD-100474,2025-09-11,Router,Networking,South,Bengaluru,12,4600,55200,Retail Store
ORD-103680,2025-09-11,Monitor,Peripherals,West,Mumbai,4,12100,48400,Retail Store
ORD-100110,2025-09-11,Printer,Office,North,Lucknow,12,14900,178800,Retail Store
ORD-102094,2025-09-11,Webcam,Peripherals,North,Delhi,6,3400,20400,Partner
ORD-102036,2025-09-11,Printer,Office,West,Surat,5,18300,91500,Retail Store
ORD-101330,2025-09-12,Mouse,Peripherals,East,Kolkata,11,1600,17600,Online
ORD-100756,2025-09-12,Laptop,Computing,West,Pune,12,69100,829200,Online
ORD-101160,2025-09-12,Printer,Office,East,Guwahati,12,22300,267600,Partner
ORD-102238,2025-09-12,Tablet,Mobility,West,Ahmedabad,4,23900,95600,Partner
ORD-102287,2025-09-12,Mouse,Peripherals,South,Chennai,8,2800,22400,Online
ORD-103356,2025-09-12,Router,Networking,West,Surat,11,9200,101200,Online
ORD-100867,2025-09-12,Webcam,Peripherals,South,Chennai,7,7400,51800,Partner
ORD-101573,2025-09-12,Mouse,Peripherals,West,Surat,3,600,1800,Online
ORD-100348,2025-09-12,Monitor,Peripherals,North,Chandigarh,2,17300,34600,Retail Store
ORD-102023,2025-09-13,Headphones,Audio,West,Mumbai,6,4900,29400,Online
ORD-101137,2025-09-13,Mouse,Peripherals,South,Bengaluru,11,2300,25300,Partner
ORD-103656,2025-09-13,Headphones,Audio,North,Chandigarh,12,10800,129600,Retail Store
ORD-104098,2025-09-13,Webcam,Peripherals,West,Mumbai,3,4600,13800,Partner
ORD-101407,2025-09-13,Desktop PC,Computing,North,Chandigarh,1,59400,59400,Online
ORD-101612,2025-09-13,Router,Networking,West,Ahmedabad,11,4900,53900,Online
ORD-100462,2025-09-13,Keyboard,Peripherals,West,Pune,11,3500,38500,Online
ORD-100167,2025-09-13,Smartwatch,Mobility,South,Chennai,7,25100,175700,Online
ORD-101682,2025-09-14,Router,Networking,North,Lucknow,7,6600,46200,Retail Store
ORD-100627,2025-09-14,Laptop,Computing,South,Bengaluru,2,56700,113400,Online
ORD-104132,2025-09-14,Tablet,Mobility,West,Pune,9,38000,342000,Partner
ORD-100369,2025-09-14,Keyboard,Peripherals,East,Kolkata,5,900,4500,Partner
ORD-102589,2025-09-14,Mouse,Peripherals,East,Guwahati,10,2300,23000,Online
ORD-100124,2025-09-14,Scanner,Office,West,Ahmedabad,4,14200,56800,Retail Store
ORD-103856,2025-09-14,Keyboard,Peripherals,South,Bengaluru,3,3700,11100,Partner
ORD-103740,2025-09-14,Headphones,Audio,South,Chennai,5,16700,83500,Online
ORD-101391,2025-09-15,Desktop PC,Computing,South,Bengaluru,3,43900,131700,Partner
ORD-102663,2025-09-15,Headphones,Audio,South,Kochi,5,8500,42500,Online
ORD-100731,2025-09-15,Tablet,Mobility,West,Ahmedabad,6,18200,109200,Retail Store
ORD-101712,2025-09-15,Printer,Office,West,Mumbai,4,20700,82800,Partner
ORD-104164,2025-09-15,Smartphone,Mobility,South,Hyderabad,9,61600,554400,Online
ORD-101379,2025-09-15,Laptop,Computing,North,Jaipur,5,59100,295500,Retail Store
ORD-100270,2025-09-15,Mouse,Peripherals,North,Jaipur,10,1500,15000,Retail Store
ORD-100383,2025-09-15,Mouse,Peripherals,North,Delhi,2,800,1600,Partner
ORD-102657,2025-09-15,Monitor,Peripherals,North,Delhi,6,12500,75000,Online
ORD-100962,2025-09-15,Keyboard,Peripherals,South,Hyderabad,9,3200,28800,Online
ORD-101570,2025-09-16,Router,Networking,West,Surat,11,7800,85800,Retail Store
ORD-101488,2025-09-16,Webcam,Peripherals,North,Lucknow,9,2400,21600,Retail Store
ORD-104113,2025-09-16,Laptop,Computing,West,Pune,9,59100,531900,Online
ORD-101428,2025-09-16,Tablet,Mobility,South,Kochi,9,26800,241200,Online
ORD-103812,2025-09-16,Desktop PC,Computing,East,Patna,1,41400,41400,Retail Store
ORD-100134,2025-09-16,Keyboard,Peripherals,West,Ahmedabad,2,2000,4000,Retail Store
ORD-103527,2025-09-16,Router,Networking,East,Kolkata,2,11500,23000,Retail Store
ORD-100266,2025-09-16,Smartwatch,Mobility,South,Hyderabad,3,11200,33600,Online
ORD-104004,2025-09-16,Speaker,Audio,West,Mumbai,10,20000,200000,Online
ORD-101811,2025-09-17,Keyboard,Peripherals,South,Hyderabad,8,2400,19200,Retail Store
ORD-103661,2025-09-17,Desktop PC,Computing,East,Guwahati,7,51600,361200,Online
ORD-100911,2025-09-17,Smartphone,Mobility,South,Chennai,12,36300,435600,Online
ORD-104090,2025-09-17,Router,Networking,East,Guwahati,10,2000,20000,Retail Store
ORD-100847,2025-09-17,Smartphone,Mobility,North,Chandigarh,4,57200,228800,Retail Store
ORD-103047,2025-09-17,Headphones,Audio,West,Pune,9,17400,156600,Online
ORD-102761,2025-09-17,Smartwatch,Mobility,West,Pune,12,12700,152400,Partner
ORD-100210,2025-09-17,Printer,Office,South,Kochi,10,24500,245000,Online
ORD-102003,2025-09-17,Desktop PC,Computing,North,Lucknow,12,45300,543600,Retail Store
ORD-101071,2025-09-17,Headphones,Audio,South,Kochi,6,5100,30600,Retail Store
ORD-101177,2025-09-17,Mouse,Peripherals,East,Kolkata,12,700,8400,Online
ORD-100868,2025-09-18,Headphones,Audio,North,Jaipur,11,4100,45100,Retail Store
ORD-102371,2025-09-18,Headphones,Audio,North,Lucknow,11,9500,104500,Retail Store
ORD-101455,2025-09-18,Speaker,Audio,North,Chandigarh,10,13900,139000,Online
ORD-103523,2025-09-18,Mouse,Peripherals,West,Pune,11,2800,30800,Partner
ORD-102499,2025-09-18,Webcam,Peripherals,South,Kochi,8,7400,59200,Partner
ORD-100712,2025-09-18,Router,Networking,East,Kolkata,4,2800,11200,Retail Store
ORD-102122,2025-09-18,Mouse,Peripherals,South,Bengaluru,1,1300,1300,Partner
ORD-101842,2025-09-18,Speaker,Audio,West,Ahmedabad,11,5200,57200,Partner
ORD-101599,2025-09-18,Keyboard,Peripherals,West,Mumbai,3,2600,7800,Online
ORD-100513,2025-09-18,Smartphone,Mobility,East,Patna,5,41300,206500,Online
ORD-102964,2025-09-18,Speaker,Audio,North,Lucknow,11,12400,136400,Partner
ORD-100720,2025-09-18,Keyboard,Peripherals,East,Kolkata,11,3700,40700,Retail Store
ORD-100742,2025-09-19,Tablet,Mobility,West,Pune,3,50600,151800,Partner
ORD-103004,2025-09-19,Smartwatch,Mobility,North,Delhi,4,5300,21200,Online
ORD-103825,2025-09-19,Headphones,Audio,East,Patna,3,15600,46800,Retail Store
ORD-102433,2025-09-19,Keyboard,Peripherals,East,Kolkata,6,1700,10200,Partner
ORD-102463,2025-09-19,Speaker,Audio,West,Pune,11,12200,134200,Online
ORD-101508,2025-09-19,Laptop,Computing,South,Chennai,10,65400,654000,Online
ORD-100643,2025-09-19,Smartphone,Mobility,North,Lucknow,9,32400,291600,Online
ORD-101587,2025-09-19,Smartphone,Mobility,South,Hyderabad,11,42100,463100,Partner
ORD-103275,2025-09-19,Headphones,Audio,North,Chandigarh,11,8900,97900,Retail Store
ORD-100318,2025-09-19,Smartphone,Mobility,South,Chennai,4,66100,264400,Partner
ORD-102203,2025-09-19,Speaker,Audio,North,Lucknow,11,16500,181500,Partner
ORD-101140,2025-09-19,Keyboard,Peripherals,North,Delhi,5,1800,9000,Retail Store
ORD-103578,2025-09-19,Smartwatch,Mobility,East,Bhubaneswar,9,15600,140400,Online
ORD-102104,2025-09-19,Scanner,Office,North,Jaipur,6,14200,85200,Online
ORD-102906,2025-09-19,Laptop,Computing,North,Lucknow,7,71100,497700,Retail Store
ORD-101942,2025-09-19,Smartwatch,Mobility,South,Kochi,11,26500,291500,Online
ORD-100165,2025-09-19,Tablet,Mobility,North,Delhi,9,16400,147600,Online
ORD-101417,2025-09-20,Scanner,Office,South,Chennai,2,18500,37000,Retail Store
ORD-103060,2025-09-20,Laptop,Computing,South,Bengaluru,11,67900,746900,Online
ORD-100273,2025-09-20,Mouse,Peripherals,South,Bengaluru,5,1100,5500,Partner
ORD-103075,2025-09-20,Monitor,Peripherals,West,Mumbai,7,10000,70000,Partner
ORD-100549,2025-09-20,Headphones,Audio,East,Kolkata,6,2000,12000,Online
ORD-101469,2025-09-20,Laptop,Computing,North,Lucknow,7,60100,420700,Retail Store
ORD-101512,2025-09-20,Speaker,Audio,West,Ahmedabad,8,11500,92000,Online
ORD-100376,2025-09-20,Keyboard,Peripherals,East,Patna,7,3600,25200,Retail Store
ORD-100414,2025-09-20,Tablet,Mobility,North,Lucknow,11,54500,599500,Retail Store
ORD-102965,2025-09-20,Switch,Networking,West,Mumbai,2,22300,44600,Retail Store
ORD-100679,2025-09-20,Keyboard,Peripherals,West,Surat,10,4000,40000,Partner
ORD-103166,2025-09-20,Switch,Networking,West,Mumbai,2,6800,13600,Online
ORD-102881,2025-09-20,Laptop,Computing,North,Delhi,3,69100,207300,Online
ORD-103850,2025-09-20,Headphones,Audio,North,Lucknow,4,14700,58800,Retail Store
ORD-103725,2025-09-20,Mouse,Peripherals,West,Surat,4,2800,11200,Partner
ORD-100564,2025-09-21,Tablet,Mobility,East,Guwahati,6,49300,295800,Retail Store
ORD-104047,2025-09-21,Router,Networking,South,Bengaluru,8,10000,80000,Partner
ORD-102807,2025-09-21,Speaker,Audio,East,Guwahati,2,2500,5000,Online
ORD-103243,2025-09-21,Speaker,Audio,South,Hyderabad,3,3800,11400,Retail Store
ORD-104124,2025-09-21,Printer,Office,West,Pune,8,23200,185600,Online
ORD-101206,2025-09-21,Smartphone,Mobility,South,Hyderabad,8,89400,715200,Online
ORD-103590,2025-09-21,Headphones,Audio,West,Ahmedabad,2,13800,27600,Online
ORD-103015,2025-09-21,Router,Networking,South,Kochi,9,2100,18900,Retail Store
ORD-102609,2025-09-21,Smartwatch,Mobility,South,Kochi,2,14000,28000,Retail Store
ORD-101532,2025-09-22,Laptop,Computing,West,Ahmedabad,1,62600,62600,Partner
ORD-101171,2025-09-22,Smartphone,Mobility,East,Guwahati,6,27100,162600,Online
ORD-103348,2025-09-22,Webcam,Peripherals,East,Bhubaneswar,4,1800,7200,Retail Store
ORD-101619,2025-09-22,Keyboard,Peripherals,North,Chandigarh,2,1800,3600,Partner
ORD-103815,2025-09-22,Webcam,Peripherals,South,Kochi,12,4500,54000,Retail Store
ORD-103742,2025-09-22,Keyboard,Peripherals,East,Guwahati,3,2700,8100,Online
ORD-101172,2025-09-22,Headphones,Audio,South,Kochi,2,13800,27600,Partner
ORD-102000,2025-09-22,Tablet,Mobility,South,Bengaluru,8,46800,374400,Online
ORD-101994,2025-09-22,Laptop,Computing,West,Ahmedabad,5,74300,371500,Online
ORD-102384,2025-09-22,Laptop,Computing,South,Chennai,4,74000,296000,Partner
ORD-103782,2025-09-23,Mouse,Peripherals,North,Jaipur,5,2200,11000,Partner
ORD-102478,2025-09-23,Smartphone,Mobility,East,Patna,10,29600,296000,Online
ORD-102045,2025-09-23,Switch,Networking,North,Delhi,7,11800,82600,Online
ORD-102141,2025-09-23,Headphones,Audio,South,Chennai,10,8400,84000,Online
ORD-100424,2025-09-23,Router,Networking,West,Pune,4,11300,45200,Retail Store
ORD-103702,2025-09-23,Speaker,Audio,East,Guwahati,11,10900,119900,Retail Store
ORD-103393,2025-09-23,Smartphone,Mobility,North,Jaipur,10,67700,677000,Retail Store
ORD-102734,2025-09-23,Laptop,Computing,West,Surat,10,62700,627000,Online
ORD-103260,2025-09-23,Keyboard,Peripherals,North,Chandigarh,11,3100,34100,Online
ORD-103317,2025-09-24,Keyboard,Peripherals,North,Jaipur,9,1300,11700,Online
ORD-102916,2025-09-24,Laptop,Computing,South,Hyderabad,2,77600,155200,Partner
ORD-100744,2025-09-24,Smartwatch,Mobility,South,Hyderabad,6,25000,150000,Online
ORD-103652,2025-09-24,Webcam,Peripherals,South,Kochi,2,1500,3000,Online
ORD-101090,2025-09-24,Smartphone,Mobility,West,Ahmedabad,11,16200,178200,Partner
ORD-100554,2025-09-24,Desktop PC,Computing,North,Jaipur,11,41300,454300,Partner
ORD-102700,2025-09-24,Monitor,Peripherals,West,Pune,1,18600,18600,Online
ORD-101766,2025-09-24,Smartphone,Mobility,North,Jaipur,5,14600,73000,Partner
ORD-101769,2025-09-24,Monitor,Peripherals,South,Hyderabad,1,13100,13100,Online
ORD-102635,2025-09-24,Monitor,Peripherals,West,Surat,7,17600,123200,Retail Store
ORD-100862,2025-09-24,Tablet,Mobility,North,Chandigarh,1,41900,41900,Partner
ORD-102549,2025-09-24,Headphones,Audio,East,Patna,7,9800,68600,Retail Store
ORD-103741,2025-09-24,Speaker,Audio,South,Hyderabad,3,17600,52800,Partner
ORD-104182,2025-09-25,Printer,Office,East,Kolkata,5,20800,104000,Online
ORD-103163,2025-09-25,Tablet,Mobility,North,Delhi,11,46400,510400,Partner
ORD-100222,2025-09-25,Smartwatch,Mobility,South,Hyderabad,4,21000,84000,Partner
ORD-100236,2025-09-25,Keyboard,Peripherals,West,Surat,3,3100,9300,Partner
ORD-100103,2025-09-25,Speaker,Audio,South,Kochi,2,21100,42200,Retail Store
ORD-101301,2025-09-25,Headphones,Audio,North,Chandigarh,6,16000,96000,Partner
ORD-102751,2025-09-25,Router,Networking,South,Chennai,6,4700,28200,Partner
ORD-102577,2025-09-25,Laptop,Computing,North,Lucknow,2,77900,155800,Retail Store
ORD-101921,2025-09-25,Speaker,Audio,West,Ahmedabad,9,16500,148500,Retail Store
ORD-101453,2025-09-26,Smartwatch,Mobility,North,Jaipur,6,10600,63600,Partner
ORD-101724,2025-09-26,Mouse,Peripherals,South,Hyderabad,2,2400,4800,Online
ORD-103530,2025-09-26,Webcam,Peripherals,East,Kolkata,2,2000,4000,Online
ORD-103416,2025-09-26,Keyboard,Peripherals,East,Patna,6,2700,16200,Retail Store
ORD-100284,2025-09-26,Tablet,Mobility,South,Bengaluru,7,47400,331800,Partner
ORD-104089,2025-09-27,Webcam,Peripherals,South,Bengaluru,4,7300,29200,Online
ORD-102411,2025-09-27,Mouse,Peripherals,South,Kochi,12,1900,22800,Partner
ORD-103918,2025-09-27,Smartphone,Mobility,North,Delhi,7,15300,107100,Retail Store
ORD-101478,2025-09-27,Speaker,Audio,South,Kochi,1,18500,18500,Online
ORD-101809,2025-09-27,Switch,Networking,South,Bengaluru,6,4800,28800,Online
ORD-102532,2025-09-27,Scanner,Office,South,Hyderabad,1,8600,8600,Retail Store
ORD-101376,2025-09-27,Smartwatch,Mobility,South,Kochi,5,20300,101500,Retail Store
ORD-101467,2025-09-27,Mouse,Peripherals,South,Kochi,8,400,3200,Partner
ORD-103327,2025-09-28,Printer,Office,North,Chandigarh,11,28800,316800,Online
ORD-103682,2025-09-28,Laptop,Computing,West,Surat,7,67100,469700,Partner
ORD-100086,2025-09-28,Desktop PC,Computing,West,Surat,4,52700,210800,Online
ORD-104133,2025-09-28,Smartphone,Mobility,East,Guwahati,7,85200,596400,Online
ORD-102078,2025-09-28,Smartphone,Mobility,North,Chandigarh,7,90200,631400,Online
ORD-100016,2025-09-28,Keyboard,Peripherals,South,Hyderabad,9,2900,26100,Partner
ORD-102490,2025-09-28,Router,Networking,East,Bhubaneswar,9,7900,71100,Partner
ORD-102072,2025-09-28,Speaker,Audio,South,Hyderabad,7,10300,72100,Retail Store
ORD-103018,2025-09-28,Smartwatch,Mobility,East,Guwahati,8,8400,67200,Retail Store
ORD-103993,2025-09-28,Webcam,Peripherals,East,Guwahati,12,3100,37200,Retail Store
ORD-102696,2025-09-29,Router,Networking,South,Kochi,10,7900,79000,Retail Store
ORD-103960,2025-09-29,Keyboard,Peripherals,South,Kochi,4,3100,12400,Online
ORD-103266,2025-09-29,Laptop,Computing,West,Surat,5,54200,271000,Online
ORD-103123,2025-09-29,Printer,Office,South,Bengaluru,1,11700,11700,Retail Store
ORD-100484,2025-09-29,Speaker,Audio,North,Jaipur,12,9900,118800,Online
ORD-100401,2025-09-29,Mouse,Peripherals,West,Mumbai,3,500,1500,Partner
ORD-103902,2025-09-29,Webcam,Peripherals,North,Delhi,6,7100,42600,Retail Store
ORD-101613,2025-09-29,Monitor,Peripherals,North,Lucknow,8,11300,90400,Retail Store
ORD-101899,2025-09-29,Tablet,Mobility,South,Chennai,8,22900,183200,Retail Store
ORD-103563,2025-09-29,Monitor,Peripherals,North,Jaipur,12,10900,130800,Partner
ORD-100090,2025-09-29,Smartphone,Mobility,West,Surat,3,38900,116700,Partner
ORD-100834,2025-09-30,Monitor,Peripherals,North,Chandigarh,9,11400,102600,Retail Store
ORD-104103,2025-09-30,Monitor,Peripherals,East,Kolkata,6,16200,97200,Online
ORD-100797,2025-09-30,Mouse,Peripherals,West,Pune,9,700,6300,Retail Store
ORD-100240,2025-09-30,Laptop,Computing,East,Guwahati,9,74600,671400,Partner
ORD-101031,2025-09-30,Switch,Networking,West,Ahmedabad,6,29700,178200,Online
ORD-103432,2025-09-30,Switch,Networking,East,Bhubaneswar,6,28400,170400,Retail Store
ORD-103455,2025-09-30,Scanner,Office,North,Chandigarh,7,12300,86100,Partner
ORD-103932,2025-09-30,Keyboard,Peripherals,West,Ahmedabad,5,3000,15000,Retail Store
ORD-103579,2025-09-30,Monitor,Peripherals,West,Pune,4,23600,94400,Online
ORD-103567,2025-09-30,Laptop,Computing,South,Bengaluru,11,72900,801900,Partner
ORD-104179,2025-09-30,Keyboard,Peripherals,South,Hyderabad,9,2900,26100,Online
ORD-100355,2025-09-30,Webcam,Peripherals,East,Guwahati,12,6300,75600,Online
ORD-102161,2025-09-30,Smartwatch,Mobility,South,Bengaluru,12,25300,303600,Partner
ORD-103410,2025-09-30,Mouse,Peripherals,South,Chennai,1,3000,3000,Retail Store
ORD-101960,2025-09-30,Smartphone,Mobility,West,Mumbai,12,69800,837600,Online
ORD-102855,2025-09-30,Router,Networking,East,Guwahati,11,10400,114400,Partner
ORD-101300,2025-09-30,Headphones,Audio,West,Ahmedabad,4,5900,23600,Partner
ORD-100888,2025-10-01,Mouse,Peripherals,South,Hyderabad,5,600,3000,Partner
ORD-103322,2025-10-01,Desktop PC,Computing,East,Kolkata,11,43600,479600,Online
ORD-104070,2025-10-01,Laptop,Computing,North,Delhi,4,59100,236400,Partner
ORD-104050,2025-10-01,Mouse,Peripherals,South,Chennai,10,1300,13000,Retail Store
ORD-102414,2025-10-01,Speaker,Audio,South,Kochi,5,8800,44000,Online
ORD-102931,2025-10-01,Smartwatch,Mobility,North,Jaipur,8,18000,144000,Online
ORD-104163,2025-10-01,Scanner,Office,South,Chennai,6,17100,102600,Online
ORD-103194,2025-10-01,Headphones,Audio,East,Guwahati,8,17700,141600,Partner
ORD-101448,2025-10-01,Keyboard,Peripherals,South,Hyderabad,4,2400,9600,Retail Store
ORD-101463,2025-10-01,Keyboard,Peripherals,West,Pune,1,1000,1000,Retail Store
ORD-104100,2025-10-01,Keyboard,Peripherals,East,Bhubaneswar,4,1900,7600,Retail Store
ORD-101684,2025-10-01,Router,Networking,East,Bhubaneswar,11,10900,119900,Online
ORD-103483,2025-10-01,Smartwatch,Mobility,East,Kolkata,3,12900,38700,Partner
ORD-100587,2025-10-01,Laptop,Computing,North,Delhi,4,63100,252400,Online
ORD-102608,2025-10-02,Printer,Office,West,Surat,7,26500,185500,Online
ORD-100692,2025-10-02,Printer,Office,South,Chennai,1,23100,23100,Online
ORD-102670,2025-10-02,Tablet,Mobility,North,Lucknow,1,31700,31700,Retail Store
ORD-101302,2025-10-02,Monitor,Peripherals,South,Chennai,4,11300,45200,Online
ORD-103098,2025-10-02,Router,Networking,South,Bengaluru,6,7600,45600,Partner
ORD-102264,2025-10-02,Smartphone,Mobility,East,Bhubaneswar,3,82400,247200,Retail Store
ORD-100372,2025-10-02,Router,Networking,West,Pune,12,6200,74400,Partner
ORD-101034,2025-10-02,Router,Networking,West,Pune,12,10100,121200,Retail Store
ORD-100145,2025-10-02,Smartphone,Mobility,East,Kolkata,8,76500,612000,Retail Store
ORD-102152,2025-10-02,Headphones,Audio,North,Lucknow,3,7400,22200,Online
ORD-103134,2025-10-02,Mouse,Peripherals,North,Chandigarh,4,2900,11600,Retail Store
ORD-102957,2025-10-02,Smartphone,Mobility,East,Bhubaneswar,7,27300,191100,Online
ORD-104024,2025-10-02,Smartphone,Mobility,South,Bengaluru,7,71200,498400,Retail Store
ORD-100026,2025-10-03,Tablet,Mobility,North,Lucknow,4,36000,144000,Retail Store
ORD-103979,2025-10-03,Smartphone,Mobility,West,Mumbai,11,37300,410300,Retail Store
ORD-103045,2025-10-03,Headphones,Audio,South,Bengaluru,7,1700,11900,Online
ORD-103471,2025-10-03,Keyboard,Peripherals,South,Kochi,8,2000,16000,Online
ORD-103475,2025-10-03,Scanner,Office,West,Pune,8,16900,135200,Online
ORD-102198,2025-10-04,Tablet,Mobility,East,Patna,2,39100,78200,Online
ORD-102618,2025-10-04,Keyboard,Peripherals,South,Bengaluru,7,2400,16800,Partner
ORD-103223,2025-10-04,Desktop PC,Computing,North,Chandigarh,9,38900,350100,Retail Store
ORD-103886,2025-10-04,Monitor,Peripherals,West,Mumbai,9,12300,110700,Online
ORD-101889,2025-10-04,Keyboard,Peripherals,North,Lucknow,5,3300,16500,Online
ORD-101893,2025-10-04,Keyboard,Peripherals,North,Lucknow,9,3300,29700,Online
ORD-100789,2025-10-04,Desktop PC,Computing,South,Bengaluru,8,38300,306400,Retail Store
ORD-102692,2025-10-04,Speaker,Audio,North,Jaipur,5,3200,16000,Retail Store
ORD-101957,2025-10-05,Smartphone,Mobility,South,Kochi,9,44600,401400,Retail Store
ORD-103708,2025-10-05,Keyboard,Peripherals,West,Surat,11,2500,27500,Online
ORD-101288,2025-10-05,Smartwatch,Mobility,West,Surat,11,13700,150700,Online
ORD-101622,2025-10-05,Monitor,Peripherals,South,Kochi,12,15900,190800,Partner
ORD-103274,2025-10-05,Keyboard,Peripherals,South,Bengaluru,5,3900,19500,Retail Store
ORD-102476,2025-10-05,Router,Networking,South,Bengaluru,12,9600,115200,Retail Store
ORD-100446,2025-10-05,Keyboard,Peripherals,South,Chennai,3,3400,10200,Online
ORD-102915,2025-10-05,Keyboard,Peripherals,North,Lucknow,12,900,10800,Retail Store
ORD-102730,2025-10-05,Monitor,Peripherals,East,Guwahati,8,16800,134400,Retail Store
ORD-100217,2025-10-05,Laptop,Computing,South,Bengaluru,1,63000,63000,Retail Store
ORD-101550,2025-10-06,Monitor,Peripherals,West,Surat,8,21800,174400,Partner
ORD-100984,2025-10-06,Keyboard,Peripherals,North,Chandigarh,1,1700,1700,Partner
ORD-102689,2025-10-06,Headphones,Audio,South,Bengaluru,11,6100,67100,Online
ORD-100589,2025-10-06,Mouse,Peripherals,South,Kochi,3,1400,4200,Online
ORD-101344,2025-10-06,Smartwatch,Mobility,North,Lucknow,11,26200,288200,Online
ORD-103436,2025-10-06,Speaker,Audio,East,Patna,11,20400,224400,Retail Store
ORD-103915,2025-10-06,Desktop PC,Computing,West,Mumbai,6,56200,337200,Partner
ORD-102430,2025-10-06,Keyboard,Peripherals,West,Ahmedabad,12,1700,20400,Retail Store
ORD-101328,2025-10-06,Switch,Networking,West,Mumbai,10,14500,145000,Online
ORD-103686,2025-10-06,Mouse,Peripherals,South,Hyderabad,5,1000,5000,Retail Store
ORD-101530,2025-10-06,Scanner,Office,South,Kochi,5,9100,45500,Partner
ORD-101686,2025-10-06,Keyboard,Peripherals,East,Bhubaneswar,1,3500,3500,Online
ORD-103054,2025-10-06,Smartwatch,Mobility,East,Kolkata,10,16100,161000,Retail Store
ORD-101401,2025-10-06,Printer,Office,South,Bengaluru,3,19400,58200,Online
ORD-103361,2025-10-07,Scanner,Office,South,Chennai,4,16400,65600,Partner
ORD-104018,2025-10-07,Mouse,Peripherals,East,Patna,3,500,1500,Partner
ORD-101820,2025-10-07,Desktop PC,Computing,North,Lucknow,10,54000,540000,Online
ORD-101805,2025-10-07,Laptop,Computing,North,Lucknow,1,62100,62100,Online
ORD-100988,2025-10-07,Smartwatch,Mobility,North,Chandigarh,10,13800,138000,Online
ORD-103492,2025-10-07,Headphones,Audio,South,Kochi,9,12200,109800,Retail Store
ORD-102272,2025-10-07,Monitor,Peripherals,North,Jaipur,10,13600,136000,Online
ORD-100242,2025-10-07,Router,Networking,North,Jaipur,4,4600,18400,Partner
ORD-102733,2025-10-07,Desktop PC,Computing,North,Jaipur,1,48800,48800,Online
ORD-102909,2025-10-07,Smartwatch,Mobility,South,Bengaluru,10,6100,61000,Partner
ORD-100654,2025-10-07,Headphones,Audio,East,Patna,6,6000,36000,Retail Store
ORD-102258,2025-10-07,Headphones,Audio,North,Jaipur,5,10100,50500,Partner
ORD-101318,2025-10-07,Headphones,Audio,South,Kochi,1,5300,5300,Partner
ORD-101333,2025-10-07,Keyboard,Peripherals,North,Chandigarh,12,2100,25200,Partner
ORD-102211,2025-10-08,Printer,Office,East,Guwahati,2,28300,56600,Partner
ORD-101722,2025-10-08,Scanner,Office,South,Hyderabad,3,14800,44400,Partner
ORD-101304,2025-10-08,Laptop,Computing,East,Guwahati,6,52500,315000,Online
ORD-102305,2025-10-08,Monitor,Peripherals,South,Chennai,2,10800,21600,Retail Store
ORD-100437,2025-10-09,Mouse,Peripherals,South,Kochi,4,800,3200,Online
ORD-101286,2025-10-09,Webcam,Peripherals,West,Surat,5,8200,41000,Retail Store
ORD-102028,2025-10-09,Printer,Office,South,Bengaluru,8,15900,127200,Online
ORD-103591,2025-10-09,Laptop,Computing,East,Bhubaneswar,6,66200,397200,Retail Store
ORD-103421,2025-10-09,Speaker,Audio,West,Mumbai,3,7600,22800,Partner
ORD-102946,2025-10-09,Monitor,Peripherals,South,Hyderabad,1,14400,14400,Retail Store
ORD-100208,2025-10-09,Mouse,Peripherals,South,Chennai,12,1200,14400,Online
ORD-103642,2025-10-09,Speaker,Audio,North,Chandigarh,1,21700,21700,Online
ORD-101060,2025-10-09,Desktop PC,Computing,West,Mumbai,9,58600,527400,Partner
ORD-101657,2025-10-09,Mouse,Peripherals,West,Mumbai,1,700,700,Partner
ORD-102707,2025-10-10,Keyboard,Peripherals,North,Delhi,9,3000,27000,Partner
ORD-100144,2025-10-10,Desktop PC,Computing,North,Delhi,9,39100,351900,Online
ORD-101558,2025-10-10,Mouse,Peripherals,West,Surat,3,800,2400,Online
ORD-100021,2025-10-10,Laptop,Computing,West,Surat,8,72500,580000,Partner
ORD-103707,2025-10-10,Keyboard,Peripherals,South,Hyderabad,11,3900,42900,Partner
ORD-101878,2025-10-10,Smartwatch,Mobility,South,Bengaluru,9,14800,133200,Online
ORD-103659,2025-10-10,Desktop PC,Computing,South,Chennai,4,43800,175200,Retail Store
ORD-100420,2025-10-10,Desktop PC,Computing,East,Kolkata,10,55100,551000,Partner
ORD-101715,2025-10-10,Headphones,Audio,North,Jaipur,9,10600,95400,Partner
ORD-104095,2025-10-10,Speaker,Audio,West,Ahmedabad,9,19800,178200,Online
ORD-100931,2025-10-10,Headphones,Audio,North,Delhi,5,2300,11500,Online
ORD-101753,2025-10-10,Keyboard,Peripherals,North,Jaipur,12,2500,30000,Online
ORD-100727,2025-10-10,Tablet,Mobility,North,Delhi,6,22400,134400,Partner
ORD-103819,2025-10-10,Monitor,Peripherals,West,Mumbai,4,22700,90800,Online
ORD-100187,2025-10-10,Printer,Office,East,Guwahati,8,17500,140000,Partner
ORD-103566,2025-10-10,Tablet,Mobility,East,Bhubaneswar,12,45500,546000,Retail Store
ORD-100091,2025-10-10,Router,Networking,West,Surat,3,6400,19200,Partner
ORD-102438,2025-10-10,Keyboard,Peripherals,South,Bengaluru,6,2000,12000,Partner
ORD-102341,2025-10-11,Keyboard,Peripherals,East,Patna,10,3900,39000,Retail Store
ORD-102073,2025-10-11,Laptop,Computing,West,Surat,8,63800,510400,Retail Store
ORD-102362,2025-10-11,Laptop,Computing,North,Delhi,11,53900,592900,Retail Store
ORD-101162,2025-10-11,Printer,Office,West,Mumbai,7,24500,171500,Partner
ORD-100029,2025-10-11,Webcam,Peripherals,East,Kolkata,12,3700,44400,Retail Store
ORD-102992,2025-10-11,Smartwatch,Mobility,West,Surat,7,19700,137900,Partner
ORD-103826,2025-10-11,Mouse,Peripherals,West,Surat,3,2000,6000,Retail Store
ORD-102686,2025-10-11,Printer,Office,North,Lucknow,2,12000,24000,Retail Store
ORD-100050,2025-10-11,Printer,Office,West,Surat,2,20900,41800,Partner
ORD-104041,2025-10-11,Scanner,Office,West,Pune,8,12100,96800,Online
ORD-104007,2025-10-11,Headphones,Audio,East,Bhubaneswar,4,17400,69600,Retail Store
ORD-102786,2025-10-11,Desktop PC,Computing,South,Hyderabad,3,51300,153900,Retail Store
ORD-102132,2025-10-11,Smartphone,Mobility,East,Kolkata,10,37000,370000,Retail Store
ORD-102682,2025-10-11,Tablet,Mobility,East,Bhubaneswar,9,24100,216900,Online
ORD-103296,2025-10-12,Headphones,Audio,North,Jaipur,6,11900,71400,Retail Store
ORD-103544,2025-10-12,Headphones,Audio,East,Guwahati,11,16400,180400,Online
ORD-102954,2025-10-12,Scanner,Office,South,Hyderabad,11,18400,202400,Partner
ORD-103400,2025-10-12,Desktop PC,Computing,North,Jaipur,11,47100,518100,Online
ORD-103640,2025-10-12,Printer,Office,North,Jaipur,1,20900,20900,Partner
ORD-101569,2025-10-12,Printer,Office,North,Chandigarh,8,17900,143200,Retail Store
ORD-103046,2025-10-12,Router,Networking,North,Lucknow,2,3700,7400,Partner
ORD-101839,2025-10-12,Laptop,Computing,West,Mumbai,5,70300,351500,Online
ORD-103713,2025-10-13,Tablet,Mobility,West,Ahmedabad,3,12600,37800,Online
ORD-100216,2025-10-13,Mouse,Peripherals,West,Pune,1,1800,1800,Partner
ORD-103467,2025-10-13,Laptop,Computing,South,Hyderabad,11,76400,840400,Retail Store
ORD-103044,2025-10-13,Smartwatch,Mobility,East,Guwahati,4,14000,56000,Partner
ORD-100385,2025-10-13,Router,Networking,South,Bengaluru,5,9400,47000,Retail Store
ORD-103814,2025-10-13,Tablet,Mobility,South,Bengaluru,3,34300,102900,Online
ORD-100993,2025-10-13,Headphones,Audio,North,Lucknow,6,5600,33600,Partner
ORD-101454,2025-10-13,Desktop PC,Computing,East,Guwahati,5,46200,231000,Partner
ORD-100310,2025-10-13,Printer,Office,West,Mumbai,2,16200,32400,Partner
ORD-100255,2025-10-13,Mouse,Peripherals,North,Jaipur,4,800,3200,Online
ORD-103766,2025-10-14,Laptop,Computing,East,Patna,12,61600,739200,Retail Store
ORD-100013,2025-10-14,Mouse,Peripherals,East,Guwahati,4,1800,7200,Online
ORD-102981,2025-10-14,Router,Networking,South,Kochi,3,4700,14100,Retail Store
ORD-101943,2025-10-14,Printer,Office,West,Mumbai,10,20900,209000,Retail Store
ORD-101666,2025-10-14,Tablet,Mobility,North,Chandigarh,6,29200,175200,Retail Store
ORD-100608,2025-10-14,Headphones,Audio,East,Kolkata,6,1700,10200,Online
ORD-102177,2025-10-14,Webcam,Peripherals,West,Ahmedabad,11,7300,80300,Online
ORD-102576,2025-10-14,Tablet,Mobility,North,Jaipur,12,50600,607200,Retail Store
ORD-102523,2025-10-15,Switch,Networking,South,Bengaluru,8,23300,186400,Online
ORD-102654,2025-10-15,Monitor,Peripherals,East,Kolkata,11,23900,262900,Online
ORD-102787,2025-10-15,Headphones,Audio,North,Lucknow,9,7300,65700,Online
ORD-101429,2025-10-15,Smartphone,Mobility,North,Chandigarh,7,19100,133700,Online
ORD-100289,2025-10-15,Switch,Networking,South,Hyderabad,2,11500,23000,Partner
ORD-101225,2025-10-15,Webcam,Peripherals,East,Bhubaneswar,5,8400,42000,Retail Store
ORD-102821,2025-10-15,Mouse,Peripherals,North,Chandigarh,5,1800,9000,Online
ORD-101758,2025-10-15,Headphones,Audio,West,Mumbai,12,2100,25200,Online
ORD-102624,2025-10-15,Smartphone,Mobility,South,Bengaluru,11,71400,785400,Online
ORD-103495,2025-10-15,Webcam,Peripherals,North,Lucknow,8,5700,45600,Online
ORD-101133,2025-10-15,Router,Networking,West,Pune,7,7800,54600,Retail Store
ORD-100129,2025-10-15,Smartphone,Mobility,South,Bengaluru,9,42900,386100,Retail Store
ORD-100121,2025-10-15,Smartwatch,Mobility,West,Mumbai,1,14900,14900,Retail Store
ORD-100422,2025-10-15,Switch,Networking,East,Bhubaneswar,9,9600,86400,Partner
ORD-102228,2025-10-15,Webcam,Peripherals,East,Patna,11,6900,75900,Partner
ORD-103984,2025-10-15,Webcam,Peripherals,East,Kolkata,7,5100,35700,Partner
ORD-101447,2025-10-15,Laptop,Computing,East,Guwahati,10,63200,632000,Retail Store
ORD-102592,2025-10-16,Mouse,Peripherals,South,Kochi,8,1200,9600,Retail Store
ORD-103215,2025-10-16,Mouse,Peripherals,West,Surat,9,2700,24300,Online
ORD-103510,2025-10-16,Tablet,Mobility,East,Patna,6,21200,127200,Retail Store
ORD-102586,2025-10-16,Headphones,Audio,West,Pune,11,13900,152900,Partner
ORD-102355,2025-10-16,Laptop,Computing,South,Hyderabad,2,54100,108200,Partner
ORD-101670,2025-10-16,Router,Networking,East,Patna,11,7800,85800,Retail Store
ORD-101563,2025-10-17,Laptop,Computing,South,Chennai,8,64300,514400,Retail Store
ORD-102441,2025-10-17,Printer,Office,North,Chandigarh,8,27200,217600,Partner
ORD-102343,2025-10-17,Mouse,Peripherals,South,Hyderabad,9,1100,9900,Retail Store
ORD-101169,2025-10-17,Smartphone,Mobility,East,Patna,12,80300,963600,Retail Store
ORD-100986,2025-10-17,Monitor,Peripherals,North,Delhi,4,21100,84400,Online
ORD-102629,2025-10-17,Smartphone,Mobility,North,Jaipur,11,82200,904200,Online
ORD-100505,2025-10-17,Laptop,Computing,North,Delhi,7,77200,540400,Retail Store
ORD-101664,2025-10-17,Router,Networking,South,Kochi,5,2900,14500,Online
ORD-101963,2025-10-17,Tablet,Mobility,West,Surat,3,31200,93600,Retail Store
ORD-104146,2025-10-17,Smartwatch,Mobility,West,Ahmedabad,3,15100,45300,Retail Store
ORD-103831,2025-10-17,Speaker,Audio,South,Chennai,1,16400,16400,Online
ORD-100087,2025-10-17,Monitor,Peripherals,North,Lucknow,5,19600,98000,Online
ORD-102030,2025-10-17,Headphones,Audio,North,Jaipur,11,8600,94600,Online
ORD-103844,2025-10-18,Speaker,Audio,East,Kolkata,11,14100,155100,Retail Store
ORD-100634,2025-10-18,Headphones,Audio,South,Kochi,4,1400,5600,Partner
ORD-103731,2025-10-18,Laptop,Computing,West,Mumbai,10,55300,553000,Retail Store
ORD-103005,2025-10-18,Tablet,Mobility,South,Chennai,2,16400,32800,Retail Store
ORD-103431,2025-10-18,Desktop PC,Computing,West,Surat,6,40600,243600,Retail Store
ORD-100379,2025-10-18,Printer,Office,West,Surat,2,20600,41200,Partner
ORD-103700,2025-10-18,Webcam,Peripherals,West,Ahmedabad,5,4200,21000,Online
ORD-100180,2025-10-18,Router,Networking,North,Lucknow,8,7100,56800,Online
ORD-102118,2025-10-18,Tablet,Mobility,North,Delhi,3,36600,109800,Retail Store
ORD-103692,2025-10-18,Webcam,Peripherals,East,Bhubaneswar,3,7700,23100,Online
ORD-102034,2025-10-18,Smartwatch,Mobility,West,Pune,9,18300,164700,Partner
ORD-100896,2025-10-18,Printer,Office,West,Surat,7,26000,182000,Partner
ORD-102653,2025-10-19,Desktop PC,Computing,North,Jaipur,12,48500,582000,Online
ORD-100537,2025-10-19,Keyboard,Peripherals,South,Chennai,3,1300,3900,Retail Store
ORD-102217,2025-10-19,Webcam,Peripherals,East,Guwahati,8,1600,12800,Online
ORD-100662,2025-10-19,Mouse,Peripherals,South,Hyderabad,12,2300,27600,Partner
ORD-100281,2025-10-19,Keyboard,Peripherals,West,Ahmedabad,12,1400,16800,Partner
ORD-102327,2025-10-19,Headphones,Audio,North,Lucknow,6,11300,67800,Partner
ORD-101461,2025-10-19,Keyboard,Peripherals,South,Kochi,11,3000,33000,Online
ORD-101756,2025-10-19,Smartphone,Mobility,North,Chandigarh,10,56200,562000,Online
ORD-100764,2025-10-19,Smartwatch,Mobility,South,Chennai,1,7600,7600,Partner
ORD-103857,2025-10-19,Monitor,Peripherals,North,Delhi,11,11000,121000,Partner
ORD-102442,2025-10-19,Laptop,Computing,North,Chandigarh,3,67700,203100,Partner
ORD-103704,2025-10-19,Speaker,Audio,West,Pune,11,18600,204600,Partner
ORD-103613,2025-10-19,Switch,Networking,West,Ahmedabad,4,14200,56800,Online
ORD-103547,2025-10-20,Laptop,Computing,West,Ahmedabad,11,54100,595100,Partner
ORD-101905,2025-10-20,Smartwatch,Mobility,North,Chandigarh,1,15200,15200,Online
ORD-100503,2025-10-20,Smartwatch,Mobility,West,Mumbai,11,26000,286000,Retail Store
ORD-102856,2025-10-20,Switch,Networking,East,Guwahati,5,7700,38500,Online
ORD-102989,2025-10-20,Mouse,Peripherals,South,Chennai,7,1000,7000,Partner
ORD-104063,2025-10-20,Webcam,Peripherals,South,Chennai,11,4400,48400,Partner
ORD-101897,2025-10-20,Smartphone,Mobility,North,Delhi,7,87800,614600,Online
ORD-102951,2025-10-20,Monitor,Peripherals,North,Delhi,1,9100,9100,Retail Store
ORD-101855,2025-10-20,Webcam,Peripherals,South,Hyderabad,12,1200,14400,Partner
ORD-102389,2025-10-20,Smartphone,Mobility,South,Hyderabad,11,52000,572000,Partner
ORD-101574,2025-10-20,Laptop,Computing,North,Lucknow,4,73600,294400,Partner
ORD-103924,2025-10-21,Keyboard,Peripherals,East,Kolkata,3,2100,6300,Partner
ORD-100335,2025-10-21,Keyboard,Peripherals,West,Ahmedabad,12,3500,42000,Partner
ORD-100771,2025-10-21,Keyboard,Peripherals,North,Lucknow,6,3700,22200,Retail Store
ORD-102974,2025-10-21,Smartwatch,Mobility,North,Jaipur,3,16300,48900,Retail Store
ORD-100527,2025-10-21,Keyboard,Peripherals,East,Guwahati,7,2500,17500,Partner
ORD-102221,2025-10-21,Keyboard,Peripherals,South,Kochi,1,2100,2100,Online
ORD-100378,2025-10-21,Tablet,Mobility,East,Patna,6,26300,157800,Online
ORD-102147,2025-10-21,Smartwatch,Mobility,West,Surat,2,19900,39800,Retail Store
ORD-103293,2025-10-21,Headphones,Audio,North,Chandigarh,7,6700,46900,Retail Store
ORD-100027,2025-10-21,Smartphone,Mobility,South,Kochi,5,17600,88000,Retail Store
ORD-103101,2025-10-21,Tablet,Mobility,North,Chandigarh,10,23400,234000,Partner
ORD-101566,2025-10-21,Monitor,Peripherals,West,Mumbai,4,16800,67200,Online
ORD-100290,2025-10-22,Scanner,Office,East,Bhubaneswar,8,18700,149600,Online
ORD-104127,2025-10-22,Mouse,Peripherals,North,Chandigarh,5,1100,5500,Retail Store
ORD-100262,2025-10-22,Smartphone,Mobility,East,Kolkata,4,18100,72400,Retail Store
ORD-101329,2025-10-22,Webcam,Peripherals,West,Surat,2,4800,9600,Online
ORD-101971,2025-10-22,Speaker,Audio,South,Hyderabad,8,9000,72000,Retail Store
ORD-102130,2025-10-22,Printer,Office,South,Bengaluru,3,22700,68100,Partner
ORD-103295,2025-10-22,Smartphone,Mobility,West,Surat,12,88200,1058400,Retail Store
ORD-101580,2025-10-22,Speaker,Audio,West,Ahmedabad,2,12500,25000,Online
ORD-103589,2025-10-22,Switch,Networking,East,Kolkata,1,23700,23700,Partner
ORD-102493,2025-10-22,Monitor,Peripherals,West,Mumbai,1,10300,10300,Online
ORD-102570,2025-10-23,Desktop PC,Computing,West,Ahmedabad,3,45900,137700,Online
ORD-104013,2025-10-23,Webcam,Peripherals,North,Lucknow,11,4300,47300,Online
ORD-102330,2025-10-23,Headphones,Audio,West,Surat,1,8700,8700,Online
ORD-101438,2025-10-23,Keyboard,Peripherals,North,Lucknow,12,4100,49200,Retail Store
ORD-103412,2025-10-23,Keyboard,Peripherals,East,Patna,11,4000,44000,Online
ORD-102424,2025-10-23,Mouse,Peripherals,East,Patna,11,900,9900,Retail Store
ORD-103906,2025-10-23,Laptop,Computing,North,Lucknow,3,54000,162000,Online
ORD-102496,2025-10-23,Headphones,Audio,East,Patna,9,7700,69300,Retail Store
ORD-103019,2025-10-23,Webcam,Peripherals,South,Hyderabad,5,8700,43500,Retail Store
ORD-100871,2025-10-23,Monitor,Peripherals,North,Chandigarh,8,11000,88000,Online
ORD-100873,2025-10-23,Smartphone,Mobility,North,Delhi,8,83600,668800,Online
ORD-103628,2025-10-23,Desktop PC,Computing,North,Jaipur,1,50300,50300,Partner
ORD-101307,2025-10-23,Tablet,Mobility,West,Mumbai,3,50000,150000,Online
ORD-104143,2025-10-23,Headphones,Audio,West,Mumbai,12,3400,40800,Partner
ORD-101603,2025-10-23,Webcam,Peripherals,West,Ahmedabad,12,6100,73200,Partner
ORD-101997,2025-10-23,Scanner,Office,West,Ahmedabad,9,17400,156600,Online
ORD-103353,2025-10-23,Speaker,Audio,West,Ahmedabad,10,1900,19000,Retail Store
ORD-103138,2025-10-23,Router,Networking,West,Mumbai,4,4900,19600,Retail Store
ORD-103287,2025-10-23,Keyboard,Peripherals,West,Mumbai,2,1700,3400,Partner
ORD-103130,2025-10-23,Headphones,Audio,North,Jaipur,1,5700,5700,Retail Store
ORD-102554,2025-10-24,Mouse,Peripherals,East,Kolkata,8,2700,21600,Retail Store
ORD-104048,2025-10-24,Keyboard,Peripherals,West,Mumbai,2,1000,2000,Retail Store
ORD-100230,2025-10-24,Speaker,Audio,West,Pune,3,12800,38400,Online
ORD-100357,2025-10-24,Switch,Networking,South,Bengaluru,11,13200,145200,Partner
ORD-103414,2025-10-24,Scanner,Office,North,Lucknow,1,10100,10100,Retail Store
ORD-104193,2025-10-24,Smartphone,Mobility,North,Jaipur,1,55300,55300,Online
ORD-100775,2025-10-24,Mouse,Peripherals,North,Chandigarh,3,1400,4200,Partner
ORD-100261,2025-10-24,Speaker,Audio,South,Kochi,8,17000,136000,Retail Store
ORD-102862,2025-10-24,Keyboard,Peripherals,East,Bhubaneswar,2,2100,4200,Partner
ORD-101590,2025-10-24,Tablet,Mobility,West,Surat,6,46700,280200,Retail Store
ORD-103262,2025-10-24,Smartwatch,Mobility,North,Chandigarh,4,3900,15600,Online
ORD-101274,2025-10-24,Mouse,Peripherals,South,Hyderabad,8,900,7200,Retail Store
ORD-102190,2025-10-24,Headphones,Audio,South,Kochi,3,15300,45900,Partner
ORD-101360,2025-10-24,Speaker,Audio,West,Pune,11,7200,79200,Online
ORD-101941,2025-10-24,Webcam,Peripherals,East,Bhubaneswar,10,6600,66000,Partner
ORD-100031,2025-10-25,Speaker,Audio,South,Kochi,10,14000,140000,Retail Store
ORD-101472,2025-10-25,Mouse,Peripherals,North,Jaipur,4,2100,8400,Online
ORD-101380,2025-10-25,Laptop,Computing,West,Pune,12,74000,888000,Retail Store
ORD-101017,2025-10-25,Keyboard,Peripherals,East,Patna,2,3800,7600,Retail Store
ORD-101918,2025-10-25,Keyboard,Peripherals,North,Delhi,4,2500,10000,Retail Store
ORD-103239,2025-10-25,Webcam,Peripherals,South,Hyderabad,7,6400,44800,Online
ORD-102142,2025-10-25,Webcam,Peripherals,West,Surat,7,3800,26600,Online
ORD-102151,2025-10-25,Router,Networking,North,Chandigarh,11,7300,80300,Retail Store
ORD-103501,2025-10-25,Mouse,Peripherals,North,Delhi,6,1000,6000,Retail Store
ORD-103554,2025-10-25,Switch,Networking,North,Chandigarh,1,30700,30700,Partner
ORD-102510,2025-10-25,Keyboard,Peripherals,North,Delhi,9,3200,28800,Partner
ORD-102784,2025-10-25,Router,Networking,North,Lucknow,7,2500,17500,Retail Store
ORD-102593,2025-10-25,Keyboard,Peripherals,East,Bhubaneswar,4,2200,8800,Partner
ORD-104157,2025-10-25,Laptop,Computing,West,Pune,5,71400,357000,Online
ORD-100713,2025-10-25,Smartphone,Mobility,West,Mumbai,5,31600,158000,Partner
ORD-100741,2025-10-25,Headphones,Audio,West,Pune,6,17500,105000,Partner
ORD-100347,2025-10-25,Tablet,Mobility,South,Kochi,7,19300,135100,Online
ORD-101230,2025-10-26,Headphones,Audio,North,Delhi,11,13600,149600,Online
ORD-103490,2025-10-26,Smartphone,Mobility,West,Ahmedabad,4,60600,242400,Online
ORD-103147,2025-10-26,Webcam,Peripherals,West,Pune,10,5300,53000,Online
ORD-103893,2025-10-26,Speaker,Audio,South,Bengaluru,5,14000,70000,Partner
ORD-100322,2025-10-26,Switch,Networking,North,Lucknow,5,16200,81000,Online
ORD-100851,2025-10-26,Router,Networking,North,Jaipur,8,3900,31200,Online
ORD-104130,2025-10-26,Speaker,Audio,North,Lucknow,2,17100,34200,Partner
ORD-100189,2025-10-26,Monitor,Peripherals,South,Chennai,9,10800,97200,Online
ORD-103302,2025-10-26,Smartwatch,Mobility,South,Kochi,9,9200,82800,Online
ORD-100637,2025-10-26,Mouse,Peripherals,East,Kolkata,5,1500,7500,Retail Store
ORD-101396,2025-10-26,Keyboard,Peripherals,West,Surat,5,4100,20500,Partner
ORD-102277,2025-10-26,Switch,Networking,East,Patna,10,15400,154000,Online
ORD-101525,2025-10-26,Mouse,Peripherals,West,Pune,3,1800,5400,Partner
ORD-103583,2025-10-26,Tablet,Mobility,South,Kochi,4,53800,215200,Retail Store
ORD-103746,2025-10-26,Tablet,Mobility,North,Jaipur,8,14400,115200,Retail Store
ORD-101989,2025-10-26,Headphones,Audio,East,Patna,5,9400,47000,Online
ORD-100810,2025-10-26,Monitor,Peripherals,North,Chandigarh,3,22500,67500,Partner
ORD-102727,2025-10-26,Webcam,Peripherals,West,Ahmedabad,8,5900,47200,Online
ORD-101808,2025-10-26,Smartphone,Mobility,South,Chennai,3,18300,54900,Online
ORD-103779,2025-10-27,Smartwatch,Mobility,North,Chandigarh,3,13800,41400,Retail Store
ORD-100860,2025-10-27,Headphones,Audio,South,Chennai,1,8500,8500,Partner
ORD-103217,2025-10-27,Headphones,Audio,South,Kochi,7,11700,81900,Retail Store
ORD-101981,2025-10-27,Smartwatch,Mobility,East,Kolkata,1,21000,21000,Partner
ORD-103185,2025-10-27,Webcam,Peripherals,West,Mumbai,8,2700,21600,Retail Store
ORD-102579,2025-10-27,Desktop PC,Computing,North,Jaipur,7,49900,349300,Retail Store
ORD-100417,2025-10-27,Tablet,Mobility,South,Hyderabad,10,22600,226000,Online
ORD-100710,2025-10-28,Smartphone,Mobility,East,Patna,1,24400,24400,Partner
ORD-100917,2025-10-28,Tablet,Mobility,North,Lucknow,3,23600,70800,Online
ORD-100959,2025-10-28,Keyboard,Peripherals,North,Chandigarh,1,3700,3700,Retail Store
ORD-103573,2025-10-28,Speaker,Audio,South,Chennai,2,7600,15200,Partner
ORD-101305,2025-10-28,Tablet,Mobility,North,Chandigarh,6,29700,178200,Retail Store
ORD-101276,2025-10-28,Webcam,Peripherals,East,Bhubaneswar,6,7600,45600,Retail Store
ORD-103469,2025-10-28,Smartwatch,Mobility,South,Hyderabad,1,11900,11900,Online
ORD-101761,2025-10-28,Monitor,Peripherals,West,Mumbai,2,20300,40600,Online
ORD-101738,2025-10-28,Keyboard,Peripherals,South,Chennai,1,900,900,Partner
ORD-103818,2025-10-28,Switch,Networking,North,Chandigarh,10,10000,100000,Partner
ORD-103125,2025-10-29,Laptop,Computing,South,Chennai,12,68800,825600,Partner
ORD-103749,2025-10-29,Monitor,Peripherals,North,Jaipur,7,18200,127400,Retail Store
ORD-101514,2025-10-29,Tablet,Mobility,North,Chandigarh,7,13700,95900,Partner
ORD-101850,2025-10-29,Printer,Office,West,Ahmedabad,1,23100,23100,Online
ORD-103559,2025-10-29,Smartphone,Mobility,East,Bhubaneswar,12,65800,789600,Online
ORD-100065,2025-10-29,Keyboard,Peripherals,South,Hyderabad,12,3200,38400,Retail Store
ORD-100123,2025-10-29,Tablet,Mobility,West,Mumbai,9,45800,412200,Online
ORD-101604,2025-10-29,Speaker,Audio,East,Bhubaneswar,8,10900,87200,Online
ORD-102929,2025-10-29,Switch,Networking,South,Bengaluru,6,25500,153000,Online
ORD-104062,2025-10-29,Speaker,Audio,West,Ahmedabad,3,3300,9900,Online
ORD-101218,2025-10-29,Desktop PC,Computing,West,Surat,8,41400,331200,Partner
ORD-102061,2025-10-29,Mouse,Peripherals,East,Kolkata,4,2300,9200,Online
ORD-102750,2025-10-29,Smartphone,Mobility,South,Kochi,1,37500,37500,Partner
ORD-101368,2025-10-29,Webcam,Peripherals,South,Hyderabad,12,7600,91200,Retail Store
ORD-101356,2025-10-29,Printer,Office,North,Jaipur,12,28600,343200,Online
ORD-100970,2025-10-29,Smartwatch,Mobility,North,Chandigarh,6,14600,87600,Partner
ORD-101871,2025-10-30,Router,Networking,East,Kolkata,12,5300,63600,Online
ORD-101127,2025-10-30,Router,Networking,East,Patna,10,6000,60000,Partner
ORD-100048,2025-10-30,Headphones,Audio,South,Hyderabad,12,10500,126000,Online
ORD-100024,2025-10-30,Smartphone,Mobility,West,Ahmedabad,2,63700,127400,Retail Store
ORD-101183,2025-10-30,Mouse,Peripherals,East,Patna,8,900,7200,Retail Store
ORD-103022,2025-10-30,Scanner,Office,East,Kolkata,12,13900,166800,Online
ORD-103140,2025-10-30,Tablet,Mobility,South,Chennai,7,42600,298200,Partner
ORD-101757,2025-10-31,Headphones,Audio,North,Delhi,6,11400,68400,Online
ORD-102336,2025-10-31,Smartwatch,Mobility,South,Kochi,5,18100,90500,Online
ORD-104003,2025-10-31,Smartphone,Mobility,South,Kochi,12,16100,193200,Retail Store
ORD-103081,2025-10-31,Smartphone,Mobility,East,Bhubaneswar,5,56300,281500,Online
ORD-100079,2025-10-31,Laptop,Computing,South,Hyderabad,10,60000,600000,Partner
ORD-101076,2025-10-31,Desktop PC,Computing,East,Kolkata,12,56100,673200,Online
ORD-102432,2025-10-31,Printer,Office,West,Pune,8,15900,127200,Online
ORD-101216,2025-10-31,Tablet,Mobility,West,Ahmedabad,12,32200,386400,Retail Store
ORD-100830,2025-10-31,Router,Networking,North,Lucknow,2,2400,4800,Retail Store
ORD-103771,2025-10-31,Keyboard,Peripherals,South,Kochi,6,3200,19200,Retail Store
ORD-103167,2025-11-01,Keyboard,Peripherals,South,Hyderabad,4,2700,10800,Partner
ORD-101416,2025-11-01,Keyboard,Peripherals,South,Chennai,4,700,2800,Online
ORD-101215,2025-11-01,Laptop,Computing,East,Patna,6,75600,453600,Partner
ORD-102677,2025-11-01,Router,Networking,North,Chandigarh,3,11000,33000,Partner
ORD-100791,2025-11-01,Headphones,Audio,West,Mumbai,11,3100,34100,Retail Store
ORD-101970,2025-11-01,Headphones,Audio,East,Guwahati,1,13100,13100,Retail Store
ORD-103727,2025-11-01,Speaker,Audio,North,Jaipur,6,11100,66600,Retail Store
ORD-102983,2025-11-01,Speaker,Audio,South,Chennai,9,10300,92700,Partner
ORD-103190,2025-11-01,Speaker,Audio,South,Bengaluru,2,16000,32000,Partner
ORD-102351,2025-11-01,Monitor,Peripherals,East,Kolkata,6,13500,81000,Partner
ORD-101476,2025-11-01,Headphones,Audio,North,Jaipur,12,11100,133200,Partner
ORD-100668,2025-11-01,Mouse,Peripherals,North,Chandigarh,3,1900,5700,Retail Store
ORD-101204,2025-11-01,Monitor,Peripherals,East,Kolkata,9,22800,205200,Online
ORD-101248,2025-11-01,Tablet,Mobility,East,Bhubaneswar,2,41100,82200,Online
ORD-101341,2025-11-02,Laptop,Computing,South,Bengaluru,10,71600,716000,Online
ORD-101864,2025-11-02,Mouse,Peripherals,East,Guwahati,3,1000,3000,Partner
ORD-102295,2025-11-02,Keyboard,Peripherals,North,Delhi,11,3800,41800,Online
ORD-101537,2025-11-02,Tablet,Mobility,East,Guwahati,8,37600,300800,Online
ORD-103966,2025-11-02,Printer,Office,West,Pune,12,14000,168000,Partner
ORD-103183,2025-11-02,Mouse,Peripherals,West,Surat,11,1300,14300,Online
ORD-102582,2025-11-02,Speaker,Audio,West,Mumbai,2,6300,12600,Online
ORD-101046,2025-11-02,Webcam,Peripherals,North,Lucknow,1,1900,1900,Online
ORD-101544,2025-11-03,Smartphone,Mobility,North,Chandigarh,2,16700,33400,Retail Store
ORD-101483,2025-11-03,Router,Networking,East,Kolkata,1,1900,1900,Retail Store
ORD-104169,2025-11-03,Desktop PC,Computing,South,Hyderabad,2,52400,104800,Retail Store
ORD-100815,2025-11-03,Smartwatch,Mobility,North,Lucknow,2,24100,48200,Retail Store
ORD-100619,2025-11-03,Desktop PC,Computing,South,Kochi,7,51500,360500,Partner
ORD-100037,2025-11-03,Keyboard,Peripherals,South,Kochi,4,3400,13600,Partner
ORD-100439,2025-11-03,Desktop PC,Computing,South,Kochi,7,45000,315000,Partner
ORD-103333,2025-11-03,Smartphone,Mobility,West,Surat,8,15500,124000,Retail Store
ORD-103264,2025-11-03,Speaker,Audio,North,Jaipur,1,7500,7500,Partner
ORD-102564,2025-11-03,Scanner,Office,North,Delhi,2,17100,34200,Retail Store
ORD-100624,2025-11-04,Webcam,Peripherals,North,Jaipur,5,7400,37000,Partner
ORD-100168,2025-11-04,Smartwatch,Mobility,North,Jaipur,1,14800,14800,Partner
ORD-103635,2025-11-04,Laptop,Computing,North,Delhi,3,76200,228600,Retail Store
ORD-103538,2025-11-04,Mouse,Peripherals,North,Jaipur,11,2400,26400,Partner
ORD-100575,2025-11-04,Webcam,Peripherals,West,Mumbai,2,7800,15600,Partner
ORD-102756,2025-11-04,Printer,Office,West,Surat,5,21300,106500,Partner
ORD-101674,2025-11-04,Webcam,Peripherals,West,Surat,3,7300,21900,Online
ORD-100570,2025-11-04,Smartphone,Mobility,West,Mumbai,5,71300,356500,Partner
ORD-103241,2025-11-04,Router,Networking,North,Jaipur,12,10800,129600,Retail Store
ORD-101542,2025-11-04,Keyboard,Peripherals,South,Kochi,2,3500,7000,Online
ORD-103637,2025-11-04,Smartphone,Mobility,South,Bengaluru,3,28700,86100,Online
ORD-100997,2025-11-04,Speaker,Audio,East,Guwahati,7,14700,102900,Online
ORD-102182,2025-11-05,Desktop PC,Computing,East,Patna,5,49900,249500,Online
ORD-100076,2025-11-05,Smartphone,Mobility,North,Delhi,10,92800,928000,Online
ORD-100362,2025-11-05,Tablet,Mobility,North,Lucknow,1,41400,41400,Online
ORD-102219,2025-11-05,Speaker,Audio,South,Kochi,1,21900,21900,Online
ORD-103486,2025-11-05,Router,Networking,West,Ahmedabad,1,2000,2000,Partner
ORD-103461,2025-11-05,Keyboard,Peripherals,West,Pune,8,3500,28000,Partner
ORD-103176,2025-11-05,Tablet,Mobility,South,Chennai,4,24100,96400,Retail Store
ORD-102049,2025-11-05,Smartphone,Mobility,East,Patna,2,32200,64400,Retail Store
ORD-103256,2025-11-05,Smartwatch,Mobility,West,Surat,3,24900,74700,Retail Store
ORD-104099,2025-11-05,Laptop,Computing,South,Hyderabad,3,62700,188100,Partner
ORD-103733,2025-11-06,Mouse,Peripherals,South,Bengaluru,5,2000,10000,Partner
ORD-103411,2025-11-06,Smartwatch,Mobility,South,Kochi,6,7500,45000,Partner
ORD-101812,2025-11-06,Smartphone,Mobility,West,Surat,8,54700,437600,Partner
ORD-103363,2025-11-07,Smartwatch,Mobility,East,Kolkata,3,15000,45000,Online
ORD-103732,2025-11-07,Router,Networking,North,Lucknow,7,2200,15400,Retail Store
ORD-103605,2025-11-07,Scanner,Office,East,Bhubaneswar,12,13000,156000,Partner
ORD-100119,2025-11-07,Smartwatch,Mobility,East,Patna,6,13600,81600,Online
ORD-102681,2025-11-07,Router,Networking,West,Mumbai,8,6800,54400,Partner
ORD-101616,2025-11-07,Keyboard,Peripherals,South,Hyderabad,8,2200,17600,Partner
ORD-101730,2025-11-07,Speaker,Audio,West,Mumbai,4,6200,24800,Retail Store
ORD-103376,2025-11-07,Monitor,Peripherals,South,Chennai,4,9400,37600,Retail Store
ORD-100569,2025-11-07,Keyboard,Peripherals,South,Bengaluru,4,1900,7600,Online
ORD-101099,2025-11-07,Speaker,Audio,North,Lucknow,1,13700,13700,Online
ORD-102280,2025-11-07,Mouse,Peripherals,East,Kolkata,8,1600,12800,Partner
ORD-100588,2025-11-07,Headphones,Audio,North,Lucknow,2,13500,27000,Online
ORD-101180,2025-11-08,Monitor,Peripherals,North,Lucknow,4,21500,86000,Partner
ORD-100219,2025-11-08,Monitor,Peripherals,South,Hyderabad,9,23500,211500,Partner
ORD-101004,2025-11-08,Mouse,Peripherals,West,Pune,10,1100,11000,Partner
ORD-103781,2025-11-08,Desktop PC,Computing,North,Jaipur,6,59900,359400,Retail Store
ORD-100904,2025-11-08,Headphones,Audio,North,Jaipur,7,14800,103600,Partner
ORD-101294,2025-11-08,Tablet,Mobility,South,Bengaluru,4,13500,54000,Retail Store
ORD-102561,2025-11-08,Printer,Office,South,Chennai,4,17200,68800,Online
ORD-101926,2025-11-08,Webcam,Peripherals,South,Chennai,10,5500,55000,Partner
ORD-100058,2025-11-08,Printer,Office,South,Chennai,10,26900,269000,Retail Store
ORD-100658,2025-11-08,Keyboard,Peripherals,South,Hyderabad,12,4100,49200,Online
ORD-100483,2025-11-08,Speaker,Audio,West,Ahmedabad,5,20900,104500,Partner
ORD-100715,2025-11-08,Monitor,Peripherals,East,Guwahati,5,18900,94500,Online
ORD-102623,2025-11-08,Webcam,Peripherals,East,Bhubaneswar,7,4200,29400,Retail Store
ORD-102959,2025-11-09,Smartwatch,Mobility,South,Chennai,7,21800,152600,Online
ORD-103445,2025-11-09,Headphones,Audio,North,Lucknow,9,4300,38700,Partner
ORD-104144,2025-11-09,Smartwatch,Mobility,South,Hyderabad,7,18900,132300,Partner
ORD-103616,2025-11-09,Keyboard,Peripherals,East,Bhubaneswar,4,2500,10000,Retail Store
ORD-103124,2025-11-09,Webcam,Peripherals,West,Mumbai,3,7600,22800,Online
ORD-101315,2025-11-09,Speaker,Audio,North,Lucknow,2,15900,31800,Retail Store
ORD-103761,2025-11-09,Monitor,Peripherals,South,Hyderabad,1,9000,9000,Retail Store
ORD-100598,2025-11-09,Mouse,Peripherals,South,Hyderabad,8,2700,21600,Partner
ORD-102595,2025-11-09,Printer,Office,North,Chandigarh,6,17500,105000,Online
ORD-102283,2025-11-09,Desktop PC,Computing,West,Pune,11,48100,529100,Retail Store
ORD-100084,2025-11-09,Desktop PC,Computing,South,Hyderabad,8,48200,385600,Retail Store
ORD-103503,2025-11-09,Monitor,Peripherals,South,Bengaluru,3,19000,57000,Retail Store
ORD-104108,2025-11-09,Router,Networking,North,Chandigarh,12,4000,48000,Online
ORD-100173,2025-11-09,Smartphone,Mobility,North,Jaipur,8,23000,184000,Partner
ORD-101035,2025-11-09,Speaker,Audio,South,Hyderabad,6,9100,54600,Online
ORD-101065,2025-11-09,Webcam,Peripherals,North,Chandigarh,7,5900,41300,Online
ORD-100201,2025-11-09,Headphones,Audio,West,Pune,2,13700,27400,Online
ORD-104120,2025-11-09,Router,Networking,South,Kochi,8,5000,40000,Partner
ORD-100229,2025-11-09,Mouse,Peripherals,North,Lucknow,7,1200,8400,Partner
ORD-102711,2025-11-10,Monitor,Peripherals,North,Chandigarh,10,9900,99000,Partner
ORD-101920,2025-11-10,Laptop,Computing,South,Chennai,4,57500,230000,Partner
ORD-100005,2025-11-10,Scanner,Office,East,Bhubaneswar,8,13800,110400,Retail Store
ORD-103144,2025-11-10,Speaker,Audio,North,Lucknow,5,9300,46500,Retail Store
ORD-103369,2025-11-10,Smartwatch,Mobility,North,Jaipur,4,19300,77200,Online
ORD-102944,2025-11-10,Switch,Networking,South,Chennai,8,20500,164000,Partner
ORD-101026,2025-11-11,Smartphone,Mobility,North,Delhi,3,95000,285000,Online
ORD-100768,2025-11-11,Mouse,Peripherals,West,Mumbai,4,1200,4800,Retail Store
ORD-100511,2025-11-11,Smartphone,Mobility,South,Chennai,11,68100,749100,Partner
ORD-103995,2025-11-11,Tablet,Mobility,West,Mumbai,2,33500,67000,Partner
ORD-100786,2025-11-11,Keyboard,Peripherals,South,Bengaluru,6,4100,24600,Partner
ORD-102601,2025-11-11,Mouse,Peripherals,South,Bengaluru,4,2900,11600,Online
ORD-101367,2025-11-11,Keyboard,Peripherals,North,Jaipur,7,2700,18900,Retail Store
ORD-100032,2025-11-11,Monitor,Peripherals,South,Kochi,8,18000,144000,Partner
ORD-100702,2025-11-11,Smartwatch,Mobility,East,Patna,11,16800,184800,Retail Store
ORD-102241,2025-11-11,Router,Networking,East,Guwahati,10,3400,34000,Online
ORD-102128,2025-11-12,Speaker,Audio,West,Ahmedabad,11,9700,106700,Partner
ORD-102602,2025-11-12,Smartwatch,Mobility,East,Patna,3,22600,67800,Partner
ORD-103621,2025-11-12,Headphones,Audio,North,Chandigarh,5,3100,15500,Retail Store
ORD-101596,2025-11-12,Speaker,Audio,East,Kolkata,6,18500,111000,Retail Store
ORD-100622,2025-11-12,Tablet,Mobility,North,Lucknow,6,21200,127200,Online
ORD-104175,2025-11-12,Printer,Office,South,Chennai,10,21500,215000,Online
ORD-101803,2025-11-13,Monitor,Peripherals,South,Chennai,4,12700,50800,Retail Store
ORD-103832,2025-11-13,Switch,Networking,West,Ahmedabad,7,22200,155400,Partner
ORD-102360,2025-11-13,Keyboard,Peripherals,North,Delhi,9,3800,34200,Online
ORD-102251,2025-11-13,Mouse,Peripherals,North,Lucknow,2,800,1600,Partner
ORD-103798,2025-11-13,Headphones,Audio,East,Patna,3,1200,3600,Online
ORD-100561,2025-11-13,Switch,Networking,North,Jaipur,2,15400,30800,Retail Store
ORD-101951,2025-11-13,Smartwatch,Mobility,South,Hyderabad,8,26300,210400,Online
ORD-102317,2025-11-13,Speaker,Audio,West,Mumbai,10,3500,35000,Online
ORD-100936,2025-11-13,Desktop PC,Computing,West,Mumbai,11,51200,563200,Online
ORD-102461,2025-11-13,Monitor,Peripherals,South,Bengaluru,4,14300,57200,Online
ORD-100602,2025-11-14,Printer,Office,West,Pune,6,13300,79800,Partner
ORD-100656,2025-11-14,Laptop,Computing,South,Chennai,1,68200,68200,Partner
ORD-103666,2025-11-14,Tablet,Mobility,West,Pune,3,25600,76800,Online
ORD-102793,2025-11-14,Laptop,Computing,South,Chennai,3,56800,170400,Partner
ORD-103997,2025-11-14,Monitor,Peripherals,North,Lucknow,3,18500,55500,Online
ORD-104195,2025-11-14,Monitor,Peripherals,South,Kochi,8,21200,169600,Retail Store
ORD-102153,2025-11-14,Tablet,Mobility,North,Chandigarh,2,30000,60000,Online
ORD-102443,2025-11-14,Smartwatch,Mobility,West,Surat,3,12700,38100,Retail Store
ORD-100572,2025-11-14,Headphones,Audio,West,Mumbai,8,12700,101600,Online
ORD-102796,2025-11-14,Mouse,Peripherals,West,Pune,9,2700,24300,Retail Store
ORD-100330,2025-11-14,Headphones,Audio,South,Kochi,2,1500,3000,Partner
ORD-100409,2025-11-14,Smartphone,Mobility,East,Guwahati,11,87000,957000,Partner
ORD-102530,2025-11-15,Speaker,Audio,South,Hyderabad,3,5700,17100,Partner
ORD-101829,2025-11-15,Speaker,Audio,North,Jaipur,9,5800,52200,Online
ORD-102242,2025-11-15,Printer,Office,South,Chennai,2,16100,32200,Online
ORD-102926,2025-11-15,Webcam,Peripherals,North,Lucknow,7,1500,10500,Retail Store
ORD-100191,2025-11-15,Webcam,Peripherals,South,Hyderabad,8,1900,15200,Partner
ORD-103488,2025-11-15,Webcam,Peripherals,North,Lucknow,7,5700,39900,Partner
ORD-101491,2025-11-15,Smartphone,Mobility,South,Kochi,9,47900,431100,Retail Store
ORD-100211,2025-11-15,Smartphone,Mobility,South,Hyderabad,12,39300,471600,Partner
ORD-103957,2025-11-15,Mouse,Peripherals,North,Lucknow,3,1400,4200,Online
ORD-100518,2025-11-15,Headphones,Audio,West,Ahmedabad,7,13100,91700,Retail Store
ORD-101791,2025-11-16,Printer,Office,West,Surat,9,14500,130500,Partner
ORD-103398,2025-11-16,Smartphone,Mobility,South,Hyderabad,4,70600,282400,Online
ORD-100044,2025-11-16,Tablet,Mobility,West,Mumbai,2,31200,62400,Partner
ORD-100939,2025-11-16,Laptop,Computing,East,Kolkata,7,58800,411600,Online
ORD-101708,2025-11-16,Webcam,Peripherals,South,Chennai,11,2100,23100,Online
ORD-102755,2025-11-16,Smartphone,Mobility,North,Chandigarh,2,28300,56600,Partner
ORD-101384,2025-11-16,Keyboard,Peripherals,South,Hyderabad,10,1200,12000,Retail Store
ORD-101882,2025-11-16,Headphones,Audio,West,Ahmedabad,9,17400,156600,Retail Store
ORD-103494,2025-11-16,Headphones,Audio,North,Jaipur,8,9500,76000,Partner
ORD-100480,2025-11-16,Headphones,Audio,West,Pune,4,12800,51200,Partner
ORD-100323,2025-11-16,Switch,Networking,East,Bhubaneswar,9,27200,244800,Partner
ORD-102031,2025-11-16,Smartwatch,Mobility,North,Delhi,12,25400,304800,Retail Store
ORD-103105,2025-11-16,Laptop,Computing,North,Jaipur,6,66500,399000,Partner
ORD-103440,2025-11-16,Smartwatch,Mobility,West,Mumbai,11,6000,66000,Online
ORD-103428,2025-11-17,Webcam,Peripherals,West,Ahmedabad,1,6000,6000,Retail Store
ORD-100941,2025-11-17,Headphones,Audio,East,Patna,1,5800,5800,Retail Store
ORD-101348,2025-11-17,Headphones,Audio,West,Mumbai,2,16800,33600,Online
ORD-103911,2025-11-17,Monitor,Peripherals,South,Bengaluru,9,10200,91800,Retail Store
ORD-100543,2025-11-17,Switch,Networking,South,Hyderabad,2,30600,61200,Partner
ORD-101124,2025-11-17,Smartwatch,Mobility,East,Patna,12,25100,301200,Retail Store
ORD-103437,2025-11-17,Headphones,Audio,North,Jaipur,11,11700,128700,Partner
ORD-104020,2025-11-17,Scanner,Office,South,Kochi,8,13300,106400,Online
ORD-100517,2025-11-17,Headphones,Audio,North,Delhi,3,14800,44400,Partner
ORD-104026,2025-11-17,Printer,Office,West,Ahmedabad,1,22400,22400,Retail Store
ORD-104123,2025-11-17,Printer,Office,West,Pune,12,15400,184800,Retail Store
ORD-103545,2025-11-17,Speaker,Audio,West,Ahmedabad,1,16800,16800,Partner
ORD-103739,2025-11-17,Webcam,Peripherals,East,Kolkata,12,3300,39600,Retail Store
ORD-103218,2025-11-18,Desktop PC,Computing,West,Ahmedabad,6,39600,237600,Partner
ORD-100186,2025-11-18,Headphones,Audio,North,Delhi,10,17800,178000,Online
ORD-102998,2025-11-18,Printer,Office,South,Bengaluru,4,21300,85200,Retail Store
ORD-100411,2025-11-18,Headphones,Audio,West,Surat,4,2400,9600,Partner
ORD-102021,2025-11-18,Laptop,Computing,North,Jaipur,8,77300,618400,Online
ORD-102212,2025-11-18,Printer,Office,East,Guwahati,10,19700,197000,Retail Store
ORD-102319,2025-11-18,Keyboard,Peripherals,North,Delhi,2,1100,2200,Online
ORD-102392,2025-11-18,Keyboard,Peripherals,North,Jaipur,3,1000,3000,Online
ORD-102714,2025-11-18,Monitor,Peripherals,West,Mumbai,5,18700,93500,Online
ORD-101929,2025-11-18,Headphones,Audio,North,Jaipur,12,7700,92400,Partner
ORD-102980,2025-11-19,Speaker,Audio,South,Kochi,1,14300,14300,Retail Store
ORD-102647,2025-11-19,Mouse,Peripherals,West,Surat,12,1500,18000,Partner
ORD-102661,2025-11-19,Tablet,Mobility,East,Bhubaneswar,12,45200,542400,Retail Store
ORD-102678,2025-11-19,Printer,Office,East,Patna,8,17800,142400,Partner
ORD-100092,2025-11-19,Mouse,Peripherals,East,Kolkata,1,1700,1700,Retail Store
ORD-103212,2025-11-19,Speaker,Audio,West,Mumbai,11,13700,150700,Retail Store
ORD-101098,2025-11-19,Desktop PC,Computing,East,Patna,4,60300,241200,Retail Store
ORD-100125,2025-11-19,Monitor,Peripherals,West,Surat,7,11800,82600,Online
ORD-101345,2025-11-19,Switch,Networking,South,Hyderabad,1,18900,18900,Retail Store
ORD-102407,2025-11-19,Tablet,Mobility,East,Kolkata,6,17400,104400,Partner
ORD-103890,2025-11-19,Headphones,Audio,North,Jaipur,12,2200,26400,Partner
ORD-100718,2025-11-19,Smartwatch,Mobility,North,Lucknow,2,7200,14400,Retail Store
ORD-101952,2025-11-19,Tablet,Mobility,East,Bhubaneswar,1,23800,23800,Partner
ORD-100966,2025-11-19,Smartphone,Mobility,West,Pune,1,30800,30800,Retail Store
ORD-100036,2025-11-19,Keyboard,Peripherals,South,Hyderabad,11,1500,16500,Online
ORD-103269,2025-11-19,Monitor,Peripherals,West,Pune,1,12800,12800,Partner
ORD-102014,2025-11-19,Printer,Office,South,Bengaluru,10,24400,244000,Retail Store
ORD-104031,2025-11-19,Smartphone,Mobility,North,Lucknow,1,76900,76900,Online
ORD-103456,2025-11-20,Webcam,Peripherals,South,Kochi,7,5500,38500,Partner
ORD-101283,2025-11-20,Printer,Office,South,Kochi,12,26600,319200,Partner
ORD-102459,2025-11-20,Keyboard,Peripherals,East,Bhubaneswar,2,3100,6200,Partner
ORD-101403,2025-11-20,Speaker,Audio,South,Bengaluru,3,5700,17100,Online
ORD-103049,2025-11-20,Webcam,Peripherals,North,Delhi,6,8800,52800,Online
ORD-102176,2025-11-20,Monitor,Peripherals,North,Lucknow,10,14500,145000,Online
ORD-100707,2025-11-20,Monitor,Peripherals,North,Delhi,1,19500,19500,Retail Store
ORD-103191,2025-11-20,Headphones,Audio,North,Chandigarh,10,10000,100000,Retail Store
ORD-101795,2025-11-21,Smartwatch,Mobility,West,Ahmedabad,2,13300,26600,Partner
ORD-103892,2025-11-21,Headphones,Audio,West,Mumbai,12,10800,129600,Retail Store
ORD-101626,2025-11-21,Desktop PC,Computing,North,Chandigarh,10,56400,564000,Partner
ORD-103952,2025-11-21,Smartwatch,Mobility,East,Patna,1,3700,3700,Retail Store
ORD-101427,2025-11-21,Keyboard,Peripherals,East,Bhubaneswar,1,800,800,Online
ORD-103972,2025-11-21,Laptop,Computing,North,Jaipur,9,54700,492300,Partner
ORD-101723,2025-11-21,Mouse,Peripherals,West,Pune,3,1200,3600,Online
ORD-100432,2025-11-21,Webcam,Peripherals,North,Lucknow,3,6500,19500,Online
ORD-101404,2025-11-21,Speaker,Audio,North,Delhi,11,6700,73700,Partner
ORD-101826,2025-11-21,Speaker,Audio,North,Chandigarh,11,15200,167200,Online
ORD-103174,2025-11-21,Monitor,Peripherals,North,Chandigarh,4,9000,36000,Partner
ORD-101314,2025-11-21,Smartphone,Mobility,West,Pune,5,88100,440500,Retail Store
ORD-100600,2025-11-21,Router,Networking,South,Bengaluru,8,7400,59200,Retail Store
ORD-102820,2025-11-21,Keyboard,Peripherals,West,Ahmedabad,12,1900,22800,Partner
ORD-102209,2025-11-21,Monitor,Peripherals,South,Chennai,8,19000,152000,Retail Store
ORD-100043,2025-11-21,Router,Networking,East,Kolkata,5,9400,47000,Online
ORD-100661,2025-11-21,Smartphone,Mobility,East,Bhubaneswar,1,23200,23200,Partner
ORD-103764,2025-11-22,Webcam,Peripherals,North,Jaipur,12,5900,70800,Online
ORD-102805,2025-11-22,Monitor,Peripherals,West,Ahmedabad,2,11600,23200,Partner
ORD-102303,2025-11-22,Smartwatch,Mobility,South,Kochi,10,19200,192000,Retail Store
ORD-100325,2025-11-22,Headphones,Audio,West,Surat,7,16900,118300,Partner
ORD-100806,2025-11-22,Keyboard,Peripherals,South,Chennai,10,1800,18000,Online
ORD-104046,2025-11-22,Keyboard,Peripherals,East,Patna,9,1600,14400,Partner
ORD-102366,2025-11-22,Laptop,Computing,North,Delhi,2,69500,139000,Online
ORD-101460,2025-11-22,Speaker,Audio,East,Guwahati,8,16600,132800,Online
ORD-101331,2025-11-22,Webcam,Peripherals,South,Kochi,3,8200,24600,Partner
ORD-100267,2025-11-22,Speaker,Audio,North,Lucknow,5,18500,92500,Retail Store
ORD-103620,2025-11-22,Speaker,Audio,North,Chandigarh,10,2600,26000,Retail Store
ORD-101928,2025-11-22,Keyboard,Peripherals,East,Patna,5,2800,14000,Retail Store
ORD-103954,2025-11-22,Mouse,Peripherals,West,Surat,12,1600,19200,Online
ORD-101112,2025-11-22,Mouse,Peripherals,West,Mumbai,4,1800,7200,Retail Store
ORD-103555,2025-11-22,Smartwatch,Mobility,West,Surat,2,24500,49000,Retail Store
ORD-101086,2025-11-22,Headphones,Audio,North,Jaipur,6,5400,32400,Online
ORD-101141,2025-11-22,Smartwatch,Mobility,East,Bhubaneswar,9,24600,221400,Retail Store
ORD-101079,2025-11-23,Printer,Office,South,Hyderabad,3,12700,38100,Partner
ORD-101572,2025-11-23,Tablet,Mobility,North,Jaipur,8,21100,168800,Partner
ORD-103157,2025-11-23,Switch,Networking,South,Chennai,10,12100,121000,Retail Store
ORD-101371,2025-11-23,Tablet,Mobility,South,Hyderabad,9,48700,438300,Retail Store
ORD-103179,2025-11-23,Smartwatch,Mobility,North,Jaipur,2,14800,29600,Online
ORD-103297,2025-11-23,Headphones,Audio,West,Mumbai,10,14900,149000,Online
ORD-102910,2025-11-23,Laptop,Computing,East,Guwahati,2,67200,134400,Online
ORD-103053,2025-11-23,Smartwatch,Mobility,South,Chennai,11,14800,162800,Partner
ORD-101935,2025-11-23,Laptop,Computing,East,Bhubaneswar,6,72800,436800,Online
ORD-103027,2025-11-23,Printer,Office,East,Guwahati,6,18900,113400,Partner
ORD-103828,2025-11-23,Smartwatch,Mobility,East,Guwahati,12,10700,128400,Retail Store
ORD-102230,2025-11-23,Webcam,Peripherals,West,Mumbai,3,7700,23100,Online
ORD-102928,2025-11-23,Router,Networking,North,Chandigarh,5,7500,37500,Partner
ORD-103774,2025-11-24,Webcam,Peripherals,North,Chandigarh,3,3200,9600,Partner
ORD-100069,2025-11-24,Webcam,Peripherals,North,Delhi,3,7000,21000,Online
ORD-102265,2025-11-24,Keyboard,Peripherals,East,Bhubaneswar,8,1200,9600,Retail Store
ORD-100078,2025-11-24,Webcam,Peripherals,West,Ahmedabad,5,4400,22000,Partner
ORD-102237,2025-11-24,Tablet,Mobility,South,Hyderabad,11,38500,423500,Online
ORD-103245,2025-11-24,Tablet,Mobility,South,Bengaluru,7,39000,273000,Online
ORD-102782,2025-11-24,Speaker,Audio,West,Ahmedabad,1,8000,8000,Retail Store
ORD-100536,2025-11-24,Keyboard,Peripherals,North,Jaipur,11,2100,23100,Retail Store
ORD-101388,2025-11-24,Laptop,Computing,West,Mumbai,9,63600,572400,Retail Store
ORD-100473,2025-11-24,Smartphone,Mobility,North,Lucknow,11,75200,827200,Partner
ORD-103894,2025-11-24,Monitor,Peripherals,North,Jaipur,2,13100,26200,Retail Store
ORD-102963,2025-11-24,Tablet,Mobility,North,Lucknow,2,20700,41400,Online
ORD-101557,2025-11-24,Desktop PC,Computing,North,Jaipur,9,52600,473400,Online
ORD-101044,2025-11-24,Webcam,Peripherals,South,Chennai,7,4400,30800,Online
ORD-101023,2025-11-24,Webcam,Peripherals,East,Bhubaneswar,10,3400,34000,Retail Store
ORD-102794,2025-11-24,Monitor,Peripherals,East,Patna,11,16900,185900,Partner
ORD-103849,2025-11-24,Switch,Networking,North,Delhi,1,30800,30800,Partner
ORD-101504,2025-11-24,Speaker,Audio,East,Kolkata,11,9800,107800,Online
ORD-102302,2025-11-24,Speaker,Audio,North,Jaipur,5,13300,66500,Partner
ORD-102882,2025-11-25,Laptop,Computing,North,Jaipur,8,60000,480000,Retail Store
ORD-101118,2025-11-25,Keyboard,Peripherals,South,Kochi,12,4000,48000,Partner
ORD-103827,2025-11-25,Router,Networking,South,Hyderabad,7,3400,23800,Online
ORD-103314,2025-11-25,Switch,Networking,South,Chennai,3,24000,72000,Retail Store
ORD-102975,2025-11-25,Headphones,Audio,South,Chennai,3,3000,9000,Retail Store
ORD-100104,2025-11-25,Headphones,Audio,South,Bengaluru,7,1100,7700,Online
ORD-102437,2025-11-25,Mouse,Peripherals,West,Surat,9,1000,9000,Retail Store
ORD-101648,2025-11-25,Headphones,Audio,East,Patna,2,7900,15800,Retail Store
ORD-101336,2025-11-25,Smartphone,Mobility,South,Chennai,1,94300,94300,Online
ORD-101111,2025-11-26,Keyboard,Peripherals,South,Kochi,2,800,1600,Online
ORD-102178,2025-11-26,Smartwatch,Mobility,West,Pune,10,16600,166000,Online
ORD-103881,2025-11-26,Smartwatch,Mobility,North,Lucknow,6,6100,36600,Retail Store
ORD-102434,2025-11-26,Router,Networking,North,Jaipur,2,6100,12200,Retail Store
ORD-101511,2025-11-26,Smartphone,Mobility,North,Chandigarh,9,64900,584100,Partner
ORD-103135,2025-11-26,Smartwatch,Mobility,West,Mumbai,11,10300,113300,Partner
ORD-101697,2025-11-26,Speaker,Audio,East,Guwahati,10,18200,182000,Online
ORD-103817,2025-11-26,Tablet,Mobility,West,Ahmedabad,2,49500,99000,Retail Store
ORD-104199,2025-11-26,Laptop,Computing,North,Chandigarh,11,68700,755700,Online
ORD-101747,2025-11-26,Smartwatch,Mobility,South,Chennai,4,14000,56000,Partner
ORD-100655,2025-11-27,Speaker,Audio,East,Kolkata,8,4700,37600,Retail Store
ORD-103048,2025-11-27,Router,Networking,South,Kochi,8,5100,40800,Retail Store
ORD-100477,2025-11-27,Mouse,Peripherals,South,Kochi,12,1300,15600,Online
ORD-103141,2025-11-27,Laptop,Computing,North,Chandigarh,8,52000,416000,Retail Store
ORD-100436,2025-11-27,Keyboard,Peripherals,South,Kochi,12,3500,42000,Retail Store
ORD-103336,2025-11-27,Tablet,Mobility,North,Delhi,10,52300,523000,Retail Store
ORD-100014,2025-11-27,Router,Networking,East,Bhubaneswar,12,2600,31200,Retail Store
ORD-102798,2025-11-27,Keyboard,Peripherals,East,Patna,10,2800,28000,Online
ORD-101917,2025-11-27,Tablet,Mobility,North,Lucknow,1,20600,20600,Retail Store
ORD-101021,2025-11-27,Keyboard,Peripherals,South,Chennai,7,800,5600,Partner
ORD-103992,2025-11-28,Monitor,Peripherals,East,Bhubaneswar,3,21400,64200,Partner
ORD-104160,2025-11-28,Monitor,Peripherals,South,Chennai,5,9800,49000,Partner
ORD-100000,2025-11-28,Headphones,Audio,North,Lucknow,8,9400,75200,Retail Store
ORD-100213,2025-11-28,Mouse,Peripherals,East,Patna,12,1900,22800,Retail Store
ORD-103786,2025-11-28,Laptop,Computing,East,Bhubaneswar,10,72000,720000,Online
ORD-100850,2025-11-28,Monitor,Peripherals,South,Hyderabad,5,9100,45500,Online
ORD-101956,2025-11-28,Keyboard,Peripherals,West,Surat,10,4000,40000,Online
ORD-103382,2025-11-28,Speaker,Audio,West,Ahmedabad,1,4100,4100,Online
ORD-100391,2025-11-28,Tablet,Mobility,West,Pune,3,35500,106500,Online
ORD-103258,2025-11-28,Monitor,Peripherals,East,Bhubaneswar,6,18400,110400,Partner
ORD-102525,2025-11-28,Smartphone,Mobility,North,Delhi,3,21700,65100,Partner
ORD-100601,2025-11-28,Printer,Office,South,Kochi,11,16900,185900,Partner
ORD-103693,2025-11-28,Tablet,Mobility,South,Hyderabad,9,32900,296100,Retail Store
ORD-103131,2025-11-29,Tablet,Mobility,West,Surat,6,22100,132600,Partner
ORD-103553,2025-11-29,Smartphone,Mobility,North,Delhi,2,34600,69200,Online
ORD-102125,2025-11-29,Router,Networking,East,Patna,11,9700,106700,Partner
ORD-101270,2025-11-29,Headphones,Audio,North,Jaipur,9,12600,113400,Retail Store
ORD-101671,2025-11-29,Smartphone,Mobility,North,Jaipur,6,27000,162000,Online
ORD-103736,2025-11-29,Desktop PC,Computing,West,Pune,8,44300,354400,Partner
ORD-100042,2025-11-29,Headphones,Audio,North,Lucknow,10,7800,78000,Partner
ORD-102025,2025-11-29,Monitor,Peripherals,West,Mumbai,11,11500,126500,Online
ORD-102655,2025-11-29,Speaker,Audio,South,Bengaluru,12,15000,180000,Online
ORD-103870,2025-11-30,Router,Networking,South,Chennai,8,8000,64000,Retail Store
ORD-103868,2025-11-30,Webcam,Peripherals,North,Jaipur,1,5900,5900,Online
ORD-102728,2025-11-30,Laptop,Computing,South,Hyderabad,6,55000,330000,Online
ORD-104125,2025-11-30,Mouse,Peripherals,West,Pune,1,2900,2900,Retail Store
ORD-102842,2025-11-30,Smartphone,Mobility,North,Chandigarh,12,65900,790800,Online
ORD-101145,2025-11-30,Webcam,Peripherals,South,Bengaluru,11,2300,25300,Retail Store
ORD-101213,2025-11-30,Mouse,Peripherals,South,Hyderabad,3,1500,4500,Partner
ORD-103951,2025-11-30,Router,Networking,East,Patna,5,5700,28500,Retail Store
ORD-102294,2025-11-30,Router,Networking,North,Delhi,1,7500,7500,Partner
ORD-100651,2025-11-30,Printer,Office,North,Jaipur,8,24000,192000,Online
ORD-100308,2025-11-30,Webcam,Peripherals,West,Ahmedabad,7,4900,34300,Retail Store
ORD-101977,2025-11-30,Speaker,Audio,East,Patna,5,10400,52000,Online
ORD-100195,2025-11-30,Scanner,Office,South,Bengaluru,3,15200,45600,Partner
ORD-100019,2025-11-30,Webcam,Peripherals,South,Bengaluru,8,4900,39200,Partner
ORD-100105,2025-11-30,Mouse,Peripherals,South,Chennai,5,2300,11500,Partner
ORD-100305,2025-12-01,Headphones,Audio,West,Mumbai,11,13400,147400,Online
ORD-103251,2025-12-01,Mouse,Peripherals,South,Hyderabad,8,500,4000,Online
ORD-101770,2025-12-01,Smartwatch,Mobility,East,Kolkata,9,13200,118800,Partner
ORD-100459,2025-12-01,Webcam,Peripherals,West,Mumbai,7,6300,44100,Retail Store
ORD-101080,2025-12-01,Headphones,Audio,North,Jaipur,9,11200,100800,Retail Store
ORD-103341,2025-12-01,Laptop,Computing,East,Kolkata,8,58300,466400,Retail Store
ORD-100613,2025-12-01,Printer,Office,South,Bengaluru,12,13900,166800,Retail Store
ORD-100818,2025-12-01,Headphones,Audio,West,Ahmedabad,8,15700,125600,Retail Store
ORD-102179,2025-12-01,Smartphone,Mobility,North,Jaipur,6,40000,240000,Retail Store
ORD-101007,2025-12-01,Router,Networking,West,Ahmedabad,4,6600,26400,Online
ORD-100326,2025-12-01,Smartwatch,Mobility,West,Surat,9,25900,233100,Online
ORD-103748,2025-12-01,Keyboard,Peripherals,East,Kolkata,8,800,6400,Retail Store
ORD-101353,2025-12-02,Headphones,Audio,North,Chandigarh,12,17900,214800,Retail Store
ORD-101940,2025-12-02,Speaker,Audio,West,Surat,4,15300,61200,Partner
ORD-102867,2025-12-02,Keyboard,Peripherals,West,Mumbai,5,3800,19000,Retail Store
ORD-102333,2025-12-02,Smartwatch,Mobility,South,Hyderabad,12,18800,225600,Online
ORD-102569,2025-12-02,Smartphone,Mobility,East,Bhubaneswar,1,43600,43600,Retail Store
ORD-102725,2025-12-03,Tablet,Mobility,West,Mumbai,11,32600,358600,Partner
ORD-103093,2025-12-03,Scanner,Office,North,Delhi,12,13200,158400,Online
ORD-100670,2025-12-03,Mouse,Peripherals,East,Guwahati,9,2300,20700,Partner
ORD-100136,2025-12-03,Desktop PC,Computing,West,Mumbai,6,45000,270000,Online
ORD-103168,2025-12-03,Printer,Office,West,Pune,9,20500,184500,Retail Store
ORD-104185,2025-12-03,Printer,Office,North,Delhi,5,24300,121500,Partner
ORD-103720,2025-12-03,Monitor,Peripherals,North,Lucknow,4,16900,67600,Retail Store
ORD-102115,2025-12-03,Mouse,Peripherals,East,Patna,11,400,4400,Partner
ORD-100522,2025-12-03,Webcam,Peripherals,South,Chennai,7,8300,58100,Retail Store
ORD-100498,2025-12-03,Smartphone,Mobility,North,Jaipur,9,87400,786600,Online
ORD-101198,2025-12-04,Monitor,Peripherals,East,Bhubaneswar,11,18900,207900,Online
ORD-102709,2025-12-04,Headphones,Audio,North,Jaipur,4,2900,11600,Online
ORD-100735,2025-12-04,Keyboard,Peripherals,West,Ahmedabad,8,1800,14400,Retail Store
ORD-102232,2025-12-04,Smartwatch,Mobility,West,Mumbai,10,21500,215000,Online
ORD-102744,2025-12-04,Monitor,Peripherals,West,Ahmedabad,3,9900,29700,Online
ORD-104051,2025-12-04,Monitor,Peripherals,South,Chennai,11,21800,239800,Online
ORD-100277,2025-12-04,Speaker,Audio,South,Hyderabad,11,19900,218900,Retail Store
ORD-100620,2025-12-04,Switch,Networking,South,Hyderabad,4,6600,26400,Partner
ORD-101660,2025-12-04,Keyboard,Peripherals,North,Lucknow,8,2600,20800,Retail Store
ORD-101656,2025-12-04,Router,Networking,East,Patna,6,9100,54600,Retail Store
ORD-100975,2025-12-04,Mouse,Peripherals,South,Chennai,7,2900,20300,Retail Store
ORD-100152,2025-12-04,Printer,Office,North,Delhi,5,24300,121500,Retail Store
ORD-101075,2025-12-04,Laptop,Computing,West,Pune,3,65700,197100,Retail Store
ORD-102712,2025-12-04,Smartphone,Mobility,East,Bhubaneswar,5,36200,181000,Retail Store
ORD-102724,2025-12-05,Monitor,Peripherals,East,Bhubaneswar,11,17800,195800,Partner
ORD-101399,2025-12-05,Monitor,Peripherals,West,Surat,7,21200,148400,Partner
ORD-102718,2025-12-05,Monitor,Peripherals,West,Pune,8,9100,72800,Online
ORD-102941,2025-12-05,Tablet,Mobility,West,Ahmedabad,2,41300,82600,Online
ORD-104131,2025-12-05,Smartwatch,Mobility,North,Jaipur,5,18800,94000,Retail Store
ORD-102363,2025-12-05,Keyboard,Peripherals,North,Delhi,2,3900,7800,Online
ORD-104049,2025-12-05,Smartphone,Mobility,East,Kolkata,9,57200,514800,Partner
ORD-102645,2025-12-05,Smartwatch,Mobility,North,Chandigarh,5,19300,96500,Online
ORD-101710,2025-12-05,Tablet,Mobility,South,Bengaluru,3,42200,126600,Online
ORD-101979,2025-12-05,Smartphone,Mobility,South,Bengaluru,8,24000,192000,Partner
ORD-103671,2025-12-05,Switch,Networking,South,Hyderabad,1,9200,9200,Retail Store
ORD-103654,2025-12-06,Smartwatch,Mobility,East,Bhubaneswar,6,6700,40200,Retail Store
ORD-103489,2025-12-06,Smartwatch,Mobility,North,Delhi,12,18100,217200,Online
ORD-100448,2025-12-06,Tablet,Mobility,South,Kochi,11,43400,477400,Online
ORD-102769,2025-12-06,Keyboard,Peripherals,East,Kolkata,1,3500,3500,Retail Store
ORD-101432,2025-12-06,Speaker,Audio,South,Kochi,4,8900,35600,Online
ORD-101784,2025-12-06,Tablet,Mobility,West,Ahmedabad,3,43800,131400,Online
ORD-103867,2025-12-06,Keyboard,Peripherals,South,Bengaluru,4,2400,9600,Retail Store
ORD-104035,2025-12-06,Smartphone,Mobility,West,Mumbai,7,14200,99400,Partner
ORD-100128,2025-12-06,Laptop,Computing,West,Pune,10,74300,743000,Online
ORD-103790,2025-12-06,Headphones,Audio,South,Bengaluru,7,6200,43400,Partner
ORD-102064,2025-12-06,Switch,Networking,South,Kochi,2,19000,38000,Partner
ORD-102388,2025-12-07,Switch,Networking,West,Mumbai,6,19000,114000,Online
ORD-101394,2025-12-07,Laptop,Computing,East,Kolkata,3,63300,189900,Online
ORD-101862,2025-12-07,Monitor,Peripherals,West,Mumbai,11,9600,105600,Partner
ORD-101827,2025-12-07,Printer,Office,South,Hyderabad,4,21000,84000,Partner
ORD-101609,2025-12-07,Smartphone,Mobility,South,Chennai,11,49800,547800,Retail Store
ORD-101260,2025-12-07,Switch,Networking,East,Kolkata,5,20500,102500,Retail Store
ORD-101320,2025-12-07,Tablet,Mobility,East,Patna,5,47900,239500,Online
ORD-103916,2025-12-07,Smartphone,Mobility,South,Hyderabad,5,35600,178000,Partner
ORD-101041,2025-12-07,Tablet,Mobility,East,Patna,9,47800,430200,Online
ORD-103433,2025-12-07,Keyboard,Peripherals,West,Pune,7,2800,19600,Partner
ORD-103139,2025-12-07,Webcam,Peripherals,West,Mumbai,11,3200,35200,Online
ORD-103102,2025-12-07,Monitor,Peripherals,North,Chandigarh,7,16000,112000,Partner
ORD-100961,2025-12-07,Smartwatch,Mobility,North,Jaipur,2,14500,29000,Retail Store
ORD-104119,2025-12-07,Speaker,Audio,West,Surat,2,20000,40000,Partner
ORD-103294,2025-12-08,Mouse,Peripherals,North,Chandigarh,2,3000,6000,Online
ORD-101707,2025-12-08,Scanner,Office,South,Chennai,8,18700,149600,Retail Store
ORD-100676,2025-12-08,Smartphone,Mobility,North,Chandigarh,7,81000,567000,Retail Store
ORD-100458,2025-12-08,Smartphone,Mobility,West,Ahmedabad,2,90600,181200,Partner
ORD-100754,2025-12-08,Laptop,Computing,South,Chennai,7,72300,506100,Retail Store
ORD-103305,2025-12-08,Router,Networking,North,Lucknow,9,5700,51300,Retail Store
ORD-104134,2025-12-08,Headphones,Audio,North,Lucknow,5,17100,85500,Retail Store
ORD-104151,2025-12-08,Desktop PC,Computing,South,Chennai,2,39900,79800,Retail Store
ORD-102943,2025-12-08,Smartphone,Mobility,South,Bengaluru,10,94900,949000,Online
ORD-100360,2025-12-08,Mouse,Peripherals,East,Bhubaneswar,1,2400,2400,Online
ORD-102187,2025-12-08,Desktop PC,Computing,West,Mumbai,11,40200,442200,Online
ORD-104076,2025-12-08,Headphones,Audio,South,Hyderabad,9,7700,69300,Partner
ORD-102817,2025-12-09,Monitor,Peripherals,West,Pune,11,21800,239800,Partner
ORD-100526,2025-12-09,Monitor,Peripherals,West,Ahmedabad,1,10100,10100,Online
ORD-100197,2025-12-09,Mouse,Peripherals,South,Bengaluru,12,1300,15600,Partner
ORD-103970,2025-12-09,Webcam,Peripherals,South,Kochi,6,4400,26400,Partner
ORD-103220,2025-12-09,Printer,Office,North,Jaipur,6,22400,134400,Online
ORD-103941,2025-12-09,Speaker,Audio,South,Hyderabad,6,2800,16800,Partner
ORD-100247,2025-12-09,Router,Networking,East,Patna,6,9200,55200,Partner
ORD-103535,2025-12-09,Smartphone,Mobility,West,Surat,4,88100,352400,Retail Store
ORD-101577,2025-12-10,Webcam,Peripherals,West,Mumbai,11,5800,63800,Partner
ORD-103883,2025-12-10,Router,Networking,West,Mumbai,3,6900,20700,Online
ORD-100161,2025-12-10,Monitor,Peripherals,West,Mumbai,11,20500,225500,Online
ORD-101927,2025-12-10,Smartphone,Mobility,West,Surat,4,93800,375200,Retail Store
ORD-102123,2025-12-10,Monitor,Peripherals,South,Chennai,7,15900,111300,Partner
ORD-103695,2025-12-10,Router,Networking,West,Surat,2,8100,16200,Retail Store
ORD-102267,2025-12-10,Printer,Office,South,Chennai,9,25200,226800,Partner
ORD-103965,2025-12-10,Switch,Networking,East,Bhubaneswar,3,10000,30000,Online
ORD-103265,2025-12-11,Smartphone,Mobility,East,Kolkata,5,39700,198500,Partner
ORD-102207,2025-12-11,Tablet,Mobility,North,Delhi,2,31000,62000,Partner
ORD-100244,2025-12-11,Keyboard,Peripherals,East,Patna,11,1200,13200,Online
ORD-102215,2025-12-11,Smartphone,Mobility,East,Bhubaneswar,3,21600,64800,Retail Store
ORD-103533,2025-12-11,Headphones,Audio,North,Lucknow,6,9700,58200,Partner
ORD-102486,2025-12-11,Tablet,Mobility,South,Chennai,5,29200,146000,Retail Store
ORD-100790,2025-12-11,Smartwatch,Mobility,South,Hyderabad,1,24000,24000,Partner
ORD-100226,2025-12-11,Tablet,Mobility,East,Kolkata,12,53200,638400,Partner
ORD-101495,2025-12-11,Router,Networking,West,Pune,6,11900,71400,Online
ORD-101449,2025-12-11,Speaker,Audio,South,Kochi,7,5700,39900,Partner
ORD-103236,2025-12-11,Router,Networking,West,Pune,6,6100,36600,Partner
ORD-103822,2025-12-11,Keyboard,Peripherals,North,Delhi,5,1300,6500,Online
ORD-102566,2025-12-11,Switch,Networking,South,Bengaluru,4,23700,94800,Retail Store
ORD-100151,2025-12-11,Headphones,Audio,South,Kochi,3,10800,32400,Online
ORD-104061,2025-12-11,Smartwatch,Mobility,North,Lucknow,3,22300,66900,Retail Store
ORD-103320,2025-12-12,Smartphone,Mobility,South,Hyderabad,5,21600,108000,Retail Store
ORD-102736,2025-12-12,Tablet,Mobility,West,Surat,6,54300,325800,Partner
ORD-100410,2025-12-12,Tablet,Mobility,South,Chennai,4,12200,48800,Online
ORD-100785,2025-12-12,Smartwatch,Mobility,North,Delhi,9,10900,98100,Online
ORD-103104,2025-12-12,Webcam,Peripherals,West,Mumbai,3,2900,8700,Partner
ORD-101442,2025-12-12,Keyboard,Peripherals,West,Surat,8,2400,19200,Retail Store
ORD-102098,2025-12-12,Headphones,Audio,West,Surat,5,1000,5000,Online
ORD-103021,2025-12-12,Laptop,Computing,North,Lucknow,3,66000,198000,Partner
ORD-100368,2025-12-12,Monitor,Peripherals,South,Chennai,7,14800,103600,Partner
ORD-100979,2025-12-13,Laptop,Computing,West,Mumbai,8,62700,501600,Retail Store
ORD-102835,2025-12-13,Speaker,Audio,South,Kochi,3,14900,44700,Retail Store
ORD-100329,2025-12-13,Scanner,Office,North,Chandigarh,6,12900,77400,Partner
ORD-100963,2025-12-13,Switch,Networking,North,Chandigarh,8,13400,107200,Partner
ORD-102398,2025-12-13,Speaker,Audio,West,Ahmedabad,2,8700,17400,Online
ORD-101231,2025-12-13,Printer,Office,South,Kochi,3,21700,65100,Retail Store
ORD-103279,2025-12-13,Tablet,Mobility,East,Bhubaneswar,1,53100,53100,Online
ORD-103080,2025-12-13,Webcam,Peripherals,West,Ahmedabad,7,4400,30800,Retail Store
ORD-102905,2025-12-13,Printer,Office,North,Chandigarh,5,24900,124500,Partner
ORD-101954,2025-12-14,Headphones,Audio,North,Jaipur,2,4900,9800,Partner
ORD-101837,2025-12-14,Monitor,Peripherals,South,Kochi,4,22200,88800,Online
ORD-101298,2025-12-14,Mouse,Peripherals,North,Chandigarh,2,1700,3400,Online
ORD-100466,2025-12-14,Speaker,Audio,West,Mumbai,10,20800,208000,Retail Store
ORD-101139,2025-12-14,Webcam,Peripherals,West,Mumbai,10,8500,85000,Retail Store
ORD-100303,2025-12-14,Smartphone,Mobility,South,Hyderabad,9,16400,147600,Retail Store
ORD-100910,2025-12-14,Scanner,Office,West,Mumbai,8,13000,104000,Partner
ORD-102099,2025-12-14,Webcam,Peripherals,South,Bengaluru,2,6000,12000,Online
ORD-102631,2025-12-14,Speaker,Audio,East,Guwahati,4,14600,58400,Partner
ORD-103107,2025-12-14,Smartphone,Mobility,East,Patna,11,34100,375100,Partner
ORD-102937,2025-12-14,Tablet,Mobility,South,Kochi,9,38500,346500,Retail Store
ORD-103180,2025-12-14,Smartphone,Mobility,North,Jaipur,7,31300,219100,Retail Store
ORD-103460,2025-12-14,Laptop,Computing,North,Jaipur,7,59800,418600,Online
ORD-102816,2025-12-14,Monitor,Peripherals,West,Ahmedabad,12,23600,283200,Online
ORD-103497,2025-12-14,Tablet,Mobility,West,Ahmedabad,5,31900,159500,Retail Store
ORD-102688,2025-12-14,Smartwatch,Mobility,South,Hyderabad,4,11100,44400,Partner
ORD-103368,2025-12-14,Smartphone,Mobility,North,Delhi,3,20500,61500,Retail Store
ORD-101847,2025-12-15,Webcam,Peripherals,South,Kochi,12,4100,49200,Retail Store
ORD-102859,2025-12-15,Speaker,Audio,South,Hyderabad,1,12800,12800,Retail Store
ORD-104088,2025-12-15,Tablet,Mobility,West,Surat,12,12300,147600,Retail Store
ORD-102357,2025-12-15,Mouse,Peripherals,South,Hyderabad,5,1300,6500,Partner
ORD-102767,2025-12-15,Smartwatch,Mobility,North,Lucknow,12,14100,169200,Partner
ORD-103651,2025-12-15,Keyboard,Peripherals,South,Kochi,3,2900,8700,Partner
ORD-104178,2025-12-15,Router,Networking,South,Chennai,7,8500,59500,Online
ORD-102088,2025-12-15,Monitor,Peripherals,South,Kochi,8,11100,88800,Online
ORD-103874,2025-12-15,Printer,Office,North,Delhi,5,20000,100000,Online
ORD-101232,2025-12-15,Smartwatch,Mobility,South,Bengaluru,8,7300,58400,Online
ORD-100611,2025-12-15,Tablet,Mobility,East,Kolkata,12,28500,342000,Retail Store
ORD-101975,2025-12-15,Laptop,Computing,West,Ahmedabad,12,63800,765600,Partner
ORD-100492,2025-12-16,Mouse,Peripherals,North,Delhi,5,500,2500,Online
ORD-101600,2025-12-16,Webcam,Peripherals,North,Chandigarh,7,2200,15400,Retail Store
ORD-101424,2025-12-16,Switch,Networking,South,Chennai,4,10800,43200,Partner
ORD-100550,2025-12-16,Headphones,Audio,West,Mumbai,3,3800,11400,Retail Store
ORD-103558,2025-12-16,Speaker,Audio,South,Bengaluru,4,9400,37600,Online
ORD-100508,2025-12-16,Tablet,Mobility,South,Chennai,2,45600,91200,Partner
ORD-103901,2025-12-16,Laptop,Computing,South,Kochi,1,61700,61700,Retail Store
ORD-100672,2025-12-16,Mouse,Peripherals,West,Mumbai,1,2400,2400,Online
ORD-104078,2025-12-17,Switch,Networking,North,Chandigarh,7,17600,123200,Partner
ORD-102390,2025-12-17,Webcam,Peripherals,North,Lucknow,8,5800,46400,Online
ORD-100971,2025-12-17,Smartphone,Mobility,North,Jaipur,3,50400,151200,Partner
ORD-101163,2025-12-17,Monitor,Peripherals,East,Guwahati,6,19500,117000,Retail Store
ORD-101691,2025-12-17,Tablet,Mobility,North,Lucknow,8,40600,324800,Online
ORD-103328,2025-12-17,Router,Networking,South,Kochi,1,1800,1800,Retail Store
ORD-102119,2025-12-17,Webcam,Peripherals,South,Kochi,5,2000,10000,Partner
ORD-102588,2025-12-17,Webcam,Peripherals,East,Kolkata,3,5000,15000,Online
ORD-103872,2025-12-17,Desktop PC,Computing,North,Lucknow,10,44100,441000,Online
ORD-102252,2025-12-17,Smartphone,Mobility,West,Ahmedabad,9,41500,373500,Retail Store
ORD-101919,2025-12-17,Keyboard,Peripherals,East,Patna,4,1800,7200,Retail Store
ORD-100784,2025-12-17,Smartphone,Mobility,East,Kolkata,6,79600,477600,Online
ORD-102935,2025-12-18,Smartphone,Mobility,South,Hyderabad,4,87800,351200,Retail Store
ORD-103982,2025-12-18,Headphones,Audio,North,Chandigarh,7,14600,102200,Online
ORD-101489,2025-12-18,Headphones,Audio,North,Jaipur,9,6300,56700,Online
ORD-100095,2025-12-18,Desktop PC,Computing,South,Hyderabad,2,39700,79400,Retail Store
ORD-101571,2025-12-18,Speaker,Audio,West,Surat,4,12600,50400,Retail Store
ORD-100455,2025-12-18,Headphones,Audio,South,Hyderabad,12,8300,99600,Partner
ORD-101102,2025-12-18,Speaker,Audio,North,Lucknow,11,20100,221100,Retail Store
ORD-101885,2025-12-18,Printer,Office,West,Surat,11,11000,121000,Retail Store
ORD-101056,2025-12-18,Smartwatch,Mobility,South,Bengaluru,4,20900,83600,Online
ORD-102168,2025-12-18,Speaker,Audio,North,Lucknow,6,20500,123000,Partner
ORD-100022,2025-12-18,Headphones,Audio,West,Surat,9,16800,151200,Partner
ORD-103648,2025-12-18,Smartwatch,Mobility,West,Mumbai,1,14400,14400,Retail Store
ORD-104152,2025-12-18,Keyboard,Peripherals,North,Delhi,4,3700,14800,Partner
ORD-102531,2025-12-19,Headphones,Audio,South,Bengaluru,8,3000,24000,Online
ORD-101430,2025-12-19,Smartphone,Mobility,South,Bengaluru,7,71100,497700,Partner
ORD-103780,2025-12-19,Webcam,Peripherals,North,Delhi,9,2700,24300,Partner
ORD-103439,2025-12-19,Laptop,Computing,West,Surat,7,74900,524300,Retail Store
ORD-100846,2025-12-19,Headphones,Audio,West,Ahmedabad,7,14000,98000,Retail Store
ORD-102249,2025-12-19,Speaker,Audio,South,Hyderabad,12,20400,244800,Retail Store
ORD-100179,2025-12-19,Router,Networking,West,Mumbai,8,11900,95200,Retail Store
ORD-102420,2025-12-19,Printer,Office,South,Chennai,8,16800,134400,Retail Store
ORD-102270,2025-12-19,Headphones,Audio,East,Patna,1,12000,12000,Online
ORD-100469,2025-12-19,Headphones,Audio,West,Mumbai,12,4500,54000,Partner
ORD-102309,2025-12-19,Keyboard,Peripherals,South,Bengaluru,10,800,8000,Retail Store
ORD-100149,2025-12-19,Monitor,Peripherals,West,Pune,2,17900,35800,Partner
ORD-101493,2025-12-19,Headphones,Audio,North,Jaipur,10,12300,123000,Online
ORD-103244,2025-12-20,Monitor,Peripherals,West,Surat,4,14100,56400,Retail Store
ORD-100403,2025-12-20,Tablet,Mobility,East,Bhubaneswar,10,40100,401000,Partner
ORD-101281,2025-12-20,Desktop PC,Computing,North,Delhi,2,48600,97200,Retail Store
ORD-103246,2025-12-20,Switch,Networking,South,Hyderabad,11,25500,280500,Online
ORD-103210,2025-12-20,Keyboard,Peripherals,West,Surat,8,1400,11200,Online
ORD-102016,2025-12-20,Laptop,Computing,West,Mumbai,7,53200,372400,Retail Store
ORD-101782,2025-12-20,Router,Networking,South,Hyderabad,3,9100,27300,Online
ORD-104030,2025-12-20,Webcam,Peripherals,South,Kochi,10,6700,67000,Online
ORD-101635,2025-12-20,Tablet,Mobility,East,Kolkata,12,16300,195600,Online
ORD-102412,2025-12-21,Laptop,Computing,South,Bengaluru,4,71000,284000,Retail Store
ORD-103037,2025-12-21,Speaker,Audio,North,Lucknow,1,19800,19800,Online
ORD-104115,2025-12-21,Tablet,Mobility,South,Kochi,3,13000,39000,Partner
ORD-101986,2025-12-21,Keyboard,Peripherals,South,Chennai,9,4000,36000,Partner
ORD-103644,2025-12-21,Headphones,Audio,West,Mumbai,6,1800,10800,Retail Store
ORD-100204,2025-12-21,Smartphone,Mobility,East,Guwahati,10,20800,208000,Partner
ORD-103249,2025-12-21,Scanner,Office,West,Surat,7,18500,129500,Online
ORD-104092,2025-12-21,Printer,Office,West,Surat,3,16600,49800,Online
ORD-101640,2025-12-21,Monitor,Peripherals,West,Pune,11,17400,191400,Online
ORD-101479,2025-12-21,Keyboard,Peripherals,West,Pune,5,4100,20500,Retail Store
ORD-104059,2025-12-21,Printer,Office,North,Chandigarh,7,28600,200200,Retail Store
ORD-103453,2025-12-21,Smartphone,Mobility,West,Mumbai,5,48700,243500,Retail Store
ORD-103384,2025-12-21,Keyboard,Peripherals,South,Chennai,12,3700,44400,Online
ORD-100319,2025-12-21,Smartwatch,Mobility,West,Ahmedabad,7,25100,175700,Online
ORD-101727,2025-12-22,Router,Networking,North,Lucknow,2,4700,9400,Partner
ORD-101397,2025-12-22,Monitor,Peripherals,South,Chennai,1,9800,9800,Retail Store
ORD-100853,2025-12-22,Smartwatch,Mobility,North,Delhi,8,13800,110400,Retail Store
ORD-102322,2025-12-22,Mouse,Peripherals,North,Chandigarh,2,1200,2400,Online
ORD-103238,2025-12-22,Router,Networking,North,Lucknow,9,8400,75600,Retail Store
ORD-101703,2025-12-22,Keyboard,Peripherals,West,Pune,6,1800,10800,Partner
ORD-103268,2025-12-22,Laptop,Computing,South,Bengaluru,2,55000,110000,Retail Store
ORD-102451,2025-12-22,Switch,Networking,South,Kochi,7,30800,215600,Online
ORD-101377,2025-12-22,Webcam,Peripherals,North,Delhi,1,8800,8800,Partner
ORD-102085,2025-12-22,Smartphone,Mobility,North,Chandigarh,11,42900,471900,Online
ORD-100241,2025-12-22,Keyboard,Peripherals,South,Kochi,4,1900,7600,Online
ORD-103522,2025-12-22,Headphones,Audio,North,Delhi,12,2900,34800,Retail Store
ORD-104136,2025-12-23,Headphones,Audio,East,Kolkata,11,12900,141900,Partner
ORD-101875,2025-12-23,Tablet,Mobility,East,Kolkata,9,35800,322200,Online
ORD-102955,2025-12-23,Smartphone,Mobility,West,Surat,6,44300,265800,Partner
ORD-102279,2025-12-23,Laptop,Computing,South,Bengaluru,2,53800,107600,Online
ORD-103216,2025-12-23,Laptop,Computing,North,Delhi,11,73500,808500,Retail Store
ORD-104156,2025-12-23,Smartphone,Mobility,North,Lucknow,9,47300,425700,Retail Store
ORD-102112,2025-12-23,Mouse,Peripherals,North,Lucknow,6,2700,16200,Online
ORD-103787,2025-12-23,Desktop PC,Computing,West,Pune,3,59700,179100,Partner
ORD-103504,2025-12-23,Headphones,Audio,East,Guwahati,10,7500,75000,Partner
ORD-102527,2025-12-23,Laptop,Computing,East,Patna,6,58900,353400,Retail Store
ORD-100274,2025-12-23,Keyboard,Peripherals,East,Kolkata,3,2300,6900,Online
ORD-102885,2025-12-23,Keyboard,Peripherals,North,Jaipur,8,900,7200,Partner
ORD-102811,2025-12-23,Keyboard,Peripherals,East,Guwahati,9,3600,32400,Partner
ORD-102687,2025-12-23,Headphones,Audio,North,Lucknow,8,17400,139200,Retail Store
ORD-103701,2025-12-24,Mouse,Peripherals,West,Surat,5,1400,7000,Online
ORD-102488,2025-12-24,Mouse,Peripherals,North,Lucknow,9,3000,27000,Partner
ORD-100928,2025-12-24,Laptop,Computing,West,Mumbai,2,69500,139000,Retail Store
ORD-102887,2025-12-24,Smartwatch,Mobility,South,Bengaluru,12,15600,187200,Retail Store
ORD-101019,2025-12-24,Mouse,Peripherals,East,Kolkata,6,1800,10800,Partner
ORD-101854,2025-12-24,Switch,Networking,South,Hyderabad,9,7100,63900,Online
ORD-103845,2025-12-24,Headphones,Audio,South,Chennai,5,13000,65000,Online
ORD-103526,2025-12-24,Monitor,Peripherals,South,Chennai,6,22900,137400,Retail Store
ORD-102555,2025-12-24,Desktop PC,Computing,North,Delhi,6,59200,355200,Online
ORD-102772,2025-12-24,Laptop,Computing,South,Bengaluru,3,74900,224700,Online
ORD-100708,2025-12-24,Smartwatch,Mobility,North,Jaipur,3,15700,47100,Online
ORD-100685,2025-12-25,Desktop PC,Computing,South,Bengaluru,7,45400,317800,Partner
ORD-103914,2025-12-25,Mouse,Peripherals,West,Ahmedabad,11,2300,25300,Retail Store
ORD-101443,2025-12-25,Monitor,Peripherals,East,Kolkata,10,16500,165000,Online
ORD-104177,2025-12-25,Smartphone,Mobility,South,Chennai,6,92900,557400,Online
ORD-102656,2025-12-25,Desktop PC,Computing,South,Chennai,1,45400,45400,Retail Store
ORD-101547,2025-12-25,Scanner,Office,South,Hyderabad,11,11000,121000,Online
ORD-103846,2025-12-25,Smartphone,Mobility,North,Delhi,11,40700,447700,Retail Store
ORD-100342,2025-12-26,Desktop PC,Computing,North,Lucknow,6,41500,249000,Partner
ORD-103789,2025-12-26,Smartwatch,Mobility,West,Pune,6,13100,78600,Retail Store
ORD-101922,2025-12-26,Headphones,Audio,North,Delhi,6,3200,19200,Partner
ORD-104066,2025-12-26,Keyboard,Peripherals,South,Chennai,11,700,7700,Online
ORD-102988,2025-12-26,Laptop,Computing,West,Surat,8,60300,482400,Retail Store
ORD-100919,2025-12-26,Keyboard,Peripherals,North,Delhi,8,3700,29600,Online
ORD-102948,2025-12-26,Webcam,Peripherals,South,Bengaluru,1,4000,4000,Partner
ORD-102506,2025-12-26,Laptop,Computing,West,Pune,8,60800,486400,Online
ORD-102201,2025-12-26,Monitor,Peripherals,West,Pune,5,23600,118000,Retail Store
ORD-101280,2025-12-26,Keyboard,Peripherals,South,Bengaluru,5,3600,18000,Partner
ORD-101136,2025-12-26,Monitor,Peripherals,East,Guwahati,9,20400,183600,Partner
ORD-101214,2025-12-26,Headphones,Audio,North,Lucknow,10,15500,155000,Partner
ORD-100278,2025-12-27,Keyboard,Peripherals,North,Lucknow,9,1700,15300,Online
ORD-100320,2025-12-27,Tablet,Mobility,South,Chennai,12,21900,262800,Online
ORD-100396,2025-12-27,Speaker,Audio,North,Lucknow,11,7800,85800,Online
ORD-101287,2025-12-27,Webcam,Peripherals,East,Kolkata,6,8200,49200,Online
ORD-102545,2025-12-27,Keyboard,Peripherals,West,Pune,6,3100,18600,Online
ORD-102660,2025-12-27,Smartphone,Mobility,South,Bengaluru,8,16900,135200,Online
ORD-101528,2025-12-27,Mouse,Peripherals,North,Chandigarh,7,1900,13300,Retail Store
ORD-103213,2025-12-27,Router,Networking,North,Delhi,10,10000,100000,Partner
ORD-101387,2025-12-27,Mouse,Peripherals,West,Mumbai,1,800,800,Retail Store
ORD-100814,2025-12-27,Mouse,Peripherals,West,Pune,11,500,5500,Online
ORD-100795,2025-12-27,Headphones,Audio,South,Kochi,8,15200,121600,Online
ORD-102352,2025-12-27,Headphones,Audio,West,Mumbai,7,17000,119000,Partner
ORD-102173,2025-12-27,Headphones,Audio,West,Surat,7,3900,27300,Online
ORD-103728,2025-12-27,Headphones,Audio,North,Jaipur,9,8700,78300,Retail Store
ORD-100062,2025-12-27,Monitor,Peripherals,West,Ahmedabad,1,18600,18600,Partner
ORD-102157,2025-12-27,Webcam,Peripherals,South,Chennai,9,2100,18900,Retail Store
ORD-103552,2025-12-27,Printer,Office,North,Lucknow,12,22600,271200,Partner
ORD-100214,2025-12-28,Headphones,Audio,South,Bengaluru,10,3100,31000,Retail Store
ORD-100257,2025-12-28,Keyboard,Peripherals,East,Patna,12,1900,22800,Retail Store
ORD-102522,2025-12-28,Webcam,Peripherals,North,Delhi,11,5000,55000,Partner
ORD-101754,2025-12-28,Mouse,Peripherals,East,Kolkata,12,800,9600,Partner
ORD-102266,2025-12-28,Monitor,Peripherals,North,Chandigarh,6,18500,111000,Partner
ORD-102524,2025-12-28,Keyboard,Peripherals,East,Bhubaneswar,11,3100,34100,Partner
ORD-101617,2025-12-28,Mouse,Peripherals,North,Delhi,3,1200,3600,Partner
ORD-102849,2025-12-28,Switch,Networking,North,Lucknow,10,13500,135000,Partner
ORD-103895,2025-12-28,Smartwatch,Mobility,South,Hyderabad,8,21000,168000,Partner
ORD-102621,2025-12-28,Smartphone,Mobility,South,Chennai,8,88200,705600,Retail Store
ORD-100582,2025-12-28,Monitor,Peripherals,East,Bhubaneswar,3,16500,49500,Online
ORD-102969,2025-12-28,Speaker,Audio,South,Chennai,11,6000,66000,Retail Store
ORD-100792,2025-12-28,Switch,Networking,North,Delhi,12,17900,214800,Retail Store
ORD-102056,2025-12-29,Smartwatch,Mobility,North,Lucknow,7,5800,40600,Partner
ORD-103658,2025-12-29,Keyboard,Peripherals,West,Surat,3,3700,11100,Retail Store
ORD-100759,2025-12-29,Smartphone,Mobility,North,Lucknow,10,14400,144000,Retail Store
ORD-101359,2025-12-29,Tablet,Mobility,West,Mumbai,3,34100,102300,Partner
ORD-102374,2025-12-29,Smartwatch,Mobility,East,Kolkata,5,5100,25500,Partner
ORD-102126,2025-12-29,Printer,Office,East,Kolkata,8,21900,175200,Partner
ORD-100616,2025-12-29,Headphones,Audio,South,Bengaluru,9,14900,134100,Retail Store
ORD-101061,2025-12-29,Laptop,Computing,South,Hyderabad,7,70600,494200,Retail Store
ORD-103280,2025-12-29,Webcam,Peripherals,North,Jaipur,9,5900,53100,Partner
ORD-101292,2025-12-29,Desktop PC,Computing,South,Bengaluru,6,42700,256200,Partner
ORD-100428,2025-12-29,Tablet,Mobility,West,Ahmedabad,11,26500,291500,Retail Store
ORD-102603,2025-12-30,Smartphone,Mobility,East,Guwahati,3,56300,168900,Partner
ORD-103402,2025-12-30,Scanner,Office,South,Hyderabad,4,14700,58800,Online
ORD-102180,2025-12-30,Monitor,Peripherals,North,Jaipur,11,20400,224400,Retail Store
ORD-102824,2025-12-30,Scanner,Office,North,Lucknow,10,15600,156000,Retail Store
ORD-103747,2025-12-30,Mouse,Peripherals,North,Jaipur,11,700,7700,Partner
ORD-101191,2025-12-30,Smartphone,Mobility,South,Chennai,10,94700,947000,Retail Store
ORD-102495,2025-12-30,Smartphone,Mobility,East,Kolkata,2,24200,48400,Retail Store
ORD-100454,2025-12-30,Smartphone,Mobility,North,Chandigarh,6,92600,555600,Retail Store
ORD-103032,2025-12-30,Mouse,Peripherals,South,Bengaluru,9,1800,16200,Online
ORD-102393,2025-12-30,Desktop PC,Computing,North,Lucknow,2,51700,103400,Partner
ORD-100738,2025-12-30,Laptop,Computing,South,Bengaluru,6,58900,353400,Online
ORD-102074,2025-12-31,Mouse,Peripherals,West,Pune,2,1800,3600,Partner
ORD-103230,2025-12-31,Headphones,Audio,East,Guwahati,2,1200,2400,Online
ORD-102158,2025-12-31,Smartphone,Mobility,North,Delhi,7,44600,312200,Online
ORD-101636,2025-12-31,Laptop,Computing,West,Mumbai,2,63300,126600,Online
ORD-100157,2025-12-31,Mouse,Peripherals,West,Ahmedabad,9,600,5400,Partner
ORD-102704,2025-12-31,Monitor,Peripherals,South,Hyderabad,5,16900,84500,Online
ORD-100551,2025-12-31,Smartwatch,Mobility,East,Bhubaneswar,10,14300,143000,Retail Store
ORD-103575,2025-12-31,Desktop PC,Computing,South,Kochi,3,44000,132000,Retail Store
ORD-103694,2025-12-31,Tablet,Mobility,North,Delhi,6,34000,204000,Partner
ORD-103687,2025-12-31,Mouse,Peripherals,West,Surat,12,2400,28800,Retail Store
